{"0": [-1.4705735621302752e-05, 4.11097279349429], "1": [-0.0009818402558493514, 4.090694595292807], "2": [-0.003541004556417621, 4.039508599478623], "3": [-0.007945487158210895, 3.9582142613524947], "4": [-0.014525865151162873, 3.8482546021550457], "5": [-0.023569760859325183, 3.711969162846355], "6": [-0.03515705761263681, 3.5529534418993043], "7": [-0.0489881705577671, 3.376430080705542], "8": [-0.06429170469528557, 3.189383303708584], "9": [-0.07991427976516068, 3.000140900045915], "10": [-0.09460785829435434, 2.8173487208002395], "11": [-0.10737253993072214, 2.648777320845788], "12": [-0.11766103957373368, 2.5005616219247004], "13": [-0.12537376930851302, 2.377081605254177], "14": [-0.1307155019818211, 2.2812545416203336], "15": [-0.1340185386569894, 2.2149249900678027], "16": [-0.13559618333117013, 2.1791790804507305], "17": [-0.13564600668407054, 2.1745422572266997], "18": [-0.13420090384165323, 2.201074842802221], "19": [-0.13112236275343758, 2.258383755249992], "20": [-0.12613490191914872, 2.345553613861916], "21": [-0.1189061602345608, 2.460983434340313], "22": [-0.10917710820413935, 2.602110437433871], "23": [-0.096932472867197, 2.76503687722384], "24": [-0.0825644932353258, 2.9441827158478207], "25": [-0.06693542375928305, 3.1322408107408735], "26": [-0.05124416880234197, 3.320728408487386], "27": [-0.03671248453049039, 3.5010941989392412], "28": [-0.02425720882560048, 3.665863971157134], "29": [-0.01432834765598072, 3.809269406413944], "30": [-0.006950390760438319, 3.927257910669366], "31": [-0.001879737847850153, 4.017159445537162], "32": [0.0012214633977136158, 4.077303995961699], "33": [0.002648519441904863, 4.106730867753667], "34": [0.0025676920127448467, 4.105013601650728], "35": [0.0009762233718451261, 4.072182606606636], "36": [-0.002296134319071061, 4.008729510687618], "37": [-0.007543885037786694, 3.9156936959291553], "38": [-0.015095709566020176, 3.7948473139937544], "39": [-0.02517455552583325, 3.6489944381977315], "40": [-0.03772345436946418, 3.4823530811784322], "41": [-0.05225390916829558, 3.3008664542085304], "42": [-0.06781779663104527, 3.1121439256593386], "43": [-0.08318407818922766, 2.9247762867095513], "44": [-0.0971717275906787, 2.7471699976050092], "45": [-0.10895430884135264, 2.5864745274790537], "46": [-0.11817767925212322, 2.4480895559111495], "47": [-0.12488611363313865, 2.3357524250682964], "48": [-0.12935498412741342, 2.251899942931956], "49": [-0.13192207242250492, 2.198037871193373], "50": [-0.13286101710285042, 2.175007225572049], "51": [-0.13230492276985661, 2.1831374172509292], "52": [-0.13021520837030034, 2.2223059592587964], "53": [-0.1263914919774688, 2.2919178572896293], "54": [-0.12052394374408297, 2.3908005310244143], "55": [-0.1122936131419494, 2.5169961133589704], "56": [-0.10152151727442468, 2.66744027497406], "57": [-0.08834419545618401, 2.8375777756027776], "58": [-0.07334856515178552, 3.0211009811293263], "59": [-0.05756149303195459, 3.210125747988153], "60": [-0.04223150737490026, 3.396004222681365], "61": [-0.028485152790520808, 3.57052305642399], "62": [-0.01705294351950169, 3.726880488042423], "63": [-0.008196039022198306, 3.8600433218549606], "64": [-0.0018083041951764249, 3.966575851633577], "65": [0.002410398427122242, 4.044260709454985], "66": [0.004792447269302412, 4.09174682755774], "67": [0.005586472689260919, 4.108307835267839], "68": [0.004890901010840179, 4.093710080628347], "69": [0.002631516228157964, 4.048170165756092], "70": [-0.0014201488596146386, 3.972392168934142], "71": [-0.0075849924997593325, 3.86769228090933], "72": [-0.01616559737650764, 3.736229996482679], "73": [-0.02728879757426191, 3.581349520253683], "74": [-0.040731688712009585, 3.407958529288496], "75": [-0.05580848317263227, 3.22272495125506], "76": [-0.07142285075117658, 3.0337734193363315], "77": [-0.08632431612217653, 2.8497549408251595], "78": [-0.09945348105183553, 2.6786447435869225], "79": [-0.1101793690340379, 2.5268795698035467], "80": [-0.1183296021670375, 2.3991320224836987], "81": [-0.12406485481928617, 2.2985508278505082], "82": [-0.1277031556134877, 2.2271472897963007], "83": [-0.12956646698737043, 2.1861265600802877], "84": [-0.12987541200041755, 2.1761046678866194], "85": [-0.12869255770693455, 2.1972201289512516], "86": [-0.12590862507847, 2.2491594477389247], "87": [-0.12126959370713442, 2.3311027597571945], "88": [-0.11444834755142612, 2.4415785450556537], "89": [-0.10516588410277995, 2.5782084232767777], "90": [-0.09335587815215765, 2.7373483848252786], "91": [-0.0793335925218276, 2.9137256598302606], "92": [-0.06388216860060876, 3.100322334441747], "93": [-0.048156034317706806, 3.2888142056927676], "94": [-0.03339158963994188, 3.4706026436071156], "95": [-0.02056986170318498, 3.6379912182298866], "96": [-0.01022059535522995, 3.7849198454441884], "97": [-0.0024327430885209907, 3.907067408374114], "98": [0.0030013178240731724, 4.001556874895005], "99": [0.006410837386782662, 4.0665702097706475], "100": [0.008102693947707545, 4.101040215093832], "101": [0.008266855755409856, 4.104457634153809], "102": [0.006929204964418873, 4.076779153654587], "103": [0.003946383113876552, 4.018418741901264], "104": [-0.0009581299886185846, 3.9303198309376524], "105": [-0.008112196801987083, 3.8141223784651874], "106": [-0.017763484932135195, 3.6724421825932128], "107": [-0.029909436768383178, 3.509242838367971], "108": [-0.044137532288843005, 3.3301714160617277], "109": [-0.05957097431321499, 3.142578641990163], "110": [-0.07501052326430264, 2.9549412435556235], "111": [-0.08924989465831895, 2.7757497649100524], "112": [-0.10139591911957949, 2.6123863935900475], "113": [-0.11101990025361315, 2.470528411697549], "114": [-0.11810998335857856, 2.3541572141770963], "115": [-0.12291301529903555, 2.265893684645222], "116": [-0.1257630630277452, 2.2073746724559222], "117": [-0.12694761700125717, 2.179536546638322], "118": [-0.12662370478290652, 2.1827846206390515], "119": [-0.12478007115516089, 2.217066219418604], "120": [-0.1212407050133508, 2.2818624516278843], "121": [-0.11571020038417654, 2.3760973564139123], "122": [-0.10786606077382777, 2.4979479726825966], "123": [-0.09750019381753992, 2.644541417892405], "124": [-0.08469222564868004, 2.8115754649953772], "125": [-0.06995542503580411, 2.993023947095878], "126": [-0.05425420743927883, 3.181227877246747], "127": [-0.038817684222717586, 3.3676103460387004], "128": [-0.02480644923940205, 3.543843275642008], "129": [-0.013018294383601697, 3.7028882566862107], "130": [-0.0037828263262094357, 3.8394518049077195], "131": [0.0029580894509740664, 3.949878393582278], "132": [0.00748279024604696, 4.0317878070407644], "133": [0.010124071330906502, 4.083713112200978], "134": [0.011146111406909904, 4.104842492821137], "135": [0.010671083757989724, 4.094872497104165], "136": [0.008650537349852404, 4.053953332758626], "137": [0.0048777133635632885, 3.982714215510777], "138": [-0.0009574662482458611, 3.882373880582816], "139": [-0.009165369233317639, 3.7549543569283017], "140": [-0.01990587341686169, 3.6036061865604685], "141": [-0.03301453037963165, 3.432987824249499], "142": [-0.047875556824531845, 3.249503927328188], "143": [-0.06344537580503695, 3.0610895447799282], "144": [-0.07848123422814254, 2.8763652648111715], "145": [-0.09188286141373077, 2.7034451289007055], "146": [-0.10295324542122235, 2.549000566569539], "147": [-0.11145828429159567, 2.417944930809926], "148": [-0.11751840270114709, 2.313623267982315], "149": [-0.12143579482177469, 2.2381902649931065], "150": [-0.12353625226396085, 2.192953322195001], "151": [-0.12405711066960258, 2.178605125138552], "152": [-0.12308415968762264, 2.1953485858641395], "153": [-0.12053211240673918, 2.2429336129962563], "154": [-0.11616588346821717, 2.3206142236339944], "155": [-0.10966557347804481, 2.4270172743365297], "156": [-0.10074035097729955, 2.5599041011900674], "157": [-0.08928746883337002, 2.7158253504552983], "158": [-0.07556323520818957, 2.8897510437697673], "159": [-0.06028568062726268, 3.074905007226752],