{"0": [9.469804146108367e-06, 2.7828517630253087], "1": [0.0006237708900201102, 2.790598349000795], "2": [0.0021724139861723697, 2.810035258959143], "3": [0.0046256334100802194, 2.840570068694103], "4": [0.007929785037184231, 2.881254708614983], "5": [0.012000845605308688, 2.9307946753277707], "6": [0.016719091216420328, 2.9875703221762713], "7": [0.02192758111103664, 3.0496762049024926], "8": [0.027436438717136944, 3.114982505989956], "9": [0.033033419936673, 3.181218241067826], "10": [0.03849926994737591, 3.2460703001978954], "11": [0.04362467715344178, 3.3072875895663016], "12": [0.04822503785106275, 3.3627778818024603], "13": [0.052150051955255926, 3.4106873083038565], "14": [0.05528697033020857, 3.449457556059087], "15": [0.057558272747347164, 3.4778613953338104], "16": [0.05891593422690013, 3.495021112082277], "17": [0.0593349291145035, 3.500415942804862], "18": [0.05880832736133389, 3.493884037745996], "19": [0.05734553920052688, 3.475622609736311], "20": [0.05497422681779491, 3.4461874685004954], "21": [0.051745301208044985, 3.4064905380486614], "22": [0.04773939441997883, 3.3577915328477492], "23": [0.043072422216387435, 3.301678183686016], "24": [0.03789759687938448, 3.2400289739871404], "25": [0.03240179217617689, 3.1749540515436094], "26": [0.026795584751521388, 3.1087140820689494], "27": [0.021298265596147243, 3.0436224102526706], "28": [0.01612087829906516, 2.981940882977857], "29": [0.011451073463209994, 2.9257817384538796], "30": [0.007442897937955946, 2.8770260255037408], "31": [0.0042129042111742785, 2.8372640757780228], "32": [0.0018419843144743616, 2.807757923690546], "33": [0.0003808727466124154, 2.789421397048356], "34": [-0.00014331997002105622, 2.782811830620574], "35": [0.0002780447721382126, 2.7881277464985805], "36": [0.0016372521612003674, 2.8052086172878563], "37": [0.003908689193657753, 2.83353524925051], "38": [0.007044106877510585, 2.872231924210003], "39": [0.010966201679208734, 2.9200738956443963], "40": [0.015562840138779762, 2.9755057123277457], "41": [0.02068457264168441, 3.036676449161117], "42": [0.026147630659161283, 3.1014964653500305], "43": [0.03174326265095807, 3.167716436404166], "44": [0.03725232188841689, 3.233023881217179], "45": [0.04246219516004391, 3.295147240806294], "46": [0.04718229535994251, 3.3519551365554694], "47": [0.0512548719981802, 3.4015399791326066], "48": [0.05455955115946778, 3.4422798276419884], "49": [0.057012011530726464, 3.472878067231196], "50": [0.05855874028057645, 3.4923848594499427], "51": [0.05917048758293327, 3.500206340118393], "52": [0.0588368839536873, 3.496107336618151], "53": [0.05756396560941096, 3.4802117084863347], "54": [0.05537534779411434, 3.4530020352682107], "55": [0.052316687867207175, 3.415317777559441], "56": [0.048462025633896656, 3.368348550231554], "57": [0.04391974303417314, 3.3136171831469836], "58": [0.03883549967424435, 3.2529464711869744], "59": [0.03338986325736976, 3.188404734719668], "60": [0.027789607149769576, 3.1222289500999216], "61": [0.022253554056127205, 3.0567296392990913], "62": [0.016995720982031167, 2.994187021751455], "63": [0.012209514880261242, 2.9367507256789454], "64": [0.008056339870427255, 2.8863542173141132], "65": [0.004660403898587179, 2.844650615750087], "66": [0.0021095121994844563, 2.812970876114364], "67": [0.0004600247825639759, 2.792300735016472], "68": [-0.0002566124091189777, 2.7832705402058653], "69": [-2.827293426823575e-05, 2.786152092147792], "70": [0.0011406727588117922, 2.8008581811010873], "71": [0.003228558811511554, 2.826942837020454], "72": [0.006192250140373983, 2.8636029007689223], "73": [0.009960904101553826, 2.9096840382614637], "74": [0.014429854814722209, 2.963696361526246], "75": [0.0194572533034905, 3.0238457523969737], "76": [0.024865821336330238, 3.0880860000733503], "77": [0.030450911891145103, 3.1541934665156517], "78": [0.03599420494473302, 3.2198606802411827], "79": [0.04128044859523195, 3.2827998224100496], "80": [0.04611353875652116, 3.340843925608418], "81": [0.05032847460550217, 3.392034334103763], "82": [0.05379720724262528, 3.434687203709679], "83": [0.05642839600037462, 3.4674374957511644], "84": [0.05816276509316473, 3.489263697938488], "85": [0.05896661347421247, 3.499499029229552], "86": [0.05882602799793098, 3.497835085061605], "87": [0.0577437221482954, 3.484322443836356], "88": [0.055739457579312666, 3.459370473317769], "89": [0.05285391519328111, 3.4237459945605933], "90": [0.04915480851397316, 3.378567925556877], "91": [0.0447431272190338, 3.3252929124912622], "92": [0.03975689560370528, 3.2656858754568527], "93": [0.034370020791866476, 3.201770151201474], "94": [0.02878488048836751, 3.1357550670236094], "95": [0.023219114911896904, 3.0699439581607337], "96": [0.0178890392931297, 3.006631173728191], "97": [0.012993326305386774, 2.948000091122977], "98": [0.008700509628105537, 2.896033844553966], "99": [0.005142480162460627, 2.8524465277787203], "100": [0.0024141621041919095, 2.8186369890997343], "101": [0.0005778150824422326, 2.795662383374667], "102": [-0.00033054380535914166, 2.784225869750039], "103": [-0.000295181403776788, 2.784672431842113], "104": [0.0006828409984059174, 2.7969881037950852], "105": [0.0025856240968371897, 2.8208001107254694], "106": [0.005374874576074711, 2.855377999623103], "107": [0.008985938819376685, 2.8996383907997054], "108": [0.013321459385691107, 2.9521581597887803], "109": [0.018247244309086825, 3.0112020810983444], "110": [0.023592832153991362, 3.07477043156113], "111": [0.02915825203257523, 3.1406691483321083], "112": [0.03472671869658382, 3.2066001112010176], "113": [0.04008102741390105, 3.2702635166502483], "114": [0.045020071056151155, 3.3294605244236126], "115": [0.04937185383833234, 3.3821842562495816], "116": [0.05300064786242234, 3.426690867057236], "117": [0.055807901005941886, 3.4615479906417552], "118": [0.05772830254613446, 3.4856629739684863], "119": [0.05872345664995537, 3.498296340382156], "120": [0.05877577340756231, 3.499066553804262], "121": [0.05788466264766659, 3.4879509866468896], "122": [0.05606619973373962, 3.465285832181281], "123": [0.05335635525943552, 3.431765151501793], "124": [0.04981679302082655, 3.388436676151881], "125": [0.04554128600447764, 3.3366897482315943], "126": [0.04066019241820372, 3.2782294265764813], "127": [0.03534046050463977, 3.2150311064319013], "128": [0.029779522562572026, 3.1492726520884453], "129": [0.024193136074506384, 3.083245898272797], "130": [0.01879921960469941, 3.0192550216529943], "131": [0.01380117528595553, 2.9595133612435816], "132": [0.009374383395055563, 2.906050781873272], "133": [0.005658397607450365, 2.8606403586616245], "134": [0.002755438398969287, 2.824747665591229], "135": [0.000733933729315427, 2.799500697553407], "136": [-0.00036527764030738785, 2.7856751821930477], "137": [-0.0005227089927808663, 2.783689179632991], "138": [0.0002638845889749952, 2.7936018914931378], "139": [0.001980216827790258, 2.8151136932645713], "140": [0.00459257693445696, 2.847566934094836], "141": [0.008042220267439967, 2.889949628772601], "142": [0.012238906994057545, 2.940906459627918], "143": [0.017056108073548175, 2.99876298246796], "144": [0.022330448887796516, 3.061568818961949], "145": [0.027867161539597517, 3.1271632170311183], "146": [0.03345168633419532, 3.1932616882430773], "147": [0.03886556796190877, 3.257556768027291], "148": [0.04390325376706774, 3.3178215986939015], "149": [0.04838606339382858, 3.3720041090902053], "150": [0.05217063496760827, 3.4183025385418633], "151": [0.055151043472144015, 3.4552184343855004], "152": [0.05725567896542016, 3.481588628776847], "153": [0.05844119429634563, 3.496601216058682], "154": [0.05868616272104886, 3.4998016426138823], "155": [0.05798667729558364, 3.491094152541938], "156": [0.056355266415527835, 3.4707418157645704], "157": [0.053823441827334284, 3.439365859590131], "158": [0.05044709997596156, 3.397942435660209], "159": [0.04631300205848057, 3.3477926130256677], "160": [0.041543858345493664, 3.290559796872978],