{"0": [1.834711594740941e-07, 1.5780644349206703], "1": [2.9629195158802283e-05, 1.6003953437500156], "2": [0.00026995140703603903, 1.657072716981529], "3": [0.0011592375167625143, 1.7480455419272114], "4": [0.0033890950471801946, 1.8731427222176111], "5": [0.007851142645516682, 2.0319228435093657], "6": [0.015509244320699537, 2.223383573834934], "7": [0.027153683293689085, 2.445404904281776], "8": [0.043019029940782376, 2.6938193063612905], "9": [0.062363333416477144, 2.96131716539627], "10": [0.08332384049493657, 3.237103046668601], "11": [0.10340649880013034, 3.5084434465880894], "12": [0.12044702899357072, 3.763653291982783], "13": [0.13331951696157968, 3.994285488492657], "14": [0.1419798544327405, 4.195306970926161], "15": [0.14708976284492792, 4.364097433065211], "16": [0.1495989514972713, 4.499405288219345], "17": [0.1504516554867902, 4.600672375008433], "18": [0.15042412726339005, 4.667674285021329], "19": [0.15005123083676092, 4.700337824595275], "20": [0.14960106499247422, 4.698647166468801], "21": [0.14906930068727467, 4.662603129074491], "22": [0.14817931829593686, 4.59222661570719], "23": [0.14638869678885535, 4.487606445889811], "24": [0.1429170463785736, 4.349001700201868], "25": [0.13682440937009294, 4.177036987809689], "26": [0.1271815212623194, 3.973082697698851], "27": [0.11337171643183176, 3.7399565399224293], "28": [0.09551044927333778, 3.482976090066521], "29": [0.07480312768661285, 3.2108989664447147], "30": [0.05346079277650103, 2.9355952828501457], "31": [0.03395872276009075, 2.6697305018682886], "32": [0.01808812859960036, 2.4238256243505125], "33": [0.00651021345629673, 2.2048735730477973], "34": [-0.0010681018147937235, 2.0167968478421296], "35": [-0.00546716840740855, 1.8615616186304775], "36": [-0.007659650396374422, 1.7400837042562662], "37": [-0.008533850409821173, 1.6527593328992476], "38": [-0.008772623702399725, 1.599738616427209], "39": [-0.008803534806211108, 1.581065194998078], "40": [-0.008783917835396764, 1.5967463522028391], "41": [-0.008598363785177036, 1.6467754182978365], "42": [-0.007860616208146059, 1.731110603563886], "43": [-0.005926310670222504, 1.8496071172442292], "44": [-0.001937394810516695, 2.001883834005756], "45": [0.005067123721607717, 2.187066690902011], "46": [0.015930569586596277, 2.403292969359851], "47": [0.03102081905839049, 2.64685327474047], "48": [0.04980207088880778, 2.911088463483014], "49": [0.07060921370456236, 3.1858136980114504], "50": [0.09100791773453726, 3.458474271623967], "51": [0.1087101986479802, 3.7169954663783606], "52": [0.12237839978983148, 3.9522695382758672], "53": [0.1317882604419814, 4.158686918233171], "54": [0.13750068479874383, 4.333258906618808], "55": [0.14043421535614872, 4.474533841985278], "56": [0.14154600310438772, 4.581852088379076], "57": [0.14164793329892844, 4.6549391308056185], "58": [0.1413199505896243, 4.693698742598055], "59": [0.1408780915212942, 4.698106699909383], "60": [0.14036646039763342, 4.668161607015483], "61": [0.13955667384467427, 4.603880634274805], "62": [0.13795276034994794, 4.505339233779484], "63": [0.13481393997448762, 4.372762491042761], "64": [0.12922199977826648, 4.206699891584566], "65": [0.12023271976818939, 4.008364947321237], "66": [0.1071531805074516, 3.780272316879627], "67": [0.08994611058380558, 3.527239652646617], "68": [0.0696186300983692, 3.2574061461416757], "69": [0.048239599469360434, 2.982205117941582], "70": [0.02830101744438997, 2.7143603498617295], "71": [0.011754314854048391, 2.4648941155746513], "72": [-0.0005480226755430995, 2.2413987981243437], "73": [-0.008762913359802216, 2.0482473322024592], "74": [-0.01364701946168674, 1.8876719932764428], "75": [-0.016163507160117448, 1.76072829168617], "76": [-0.017222606072011846, 1.6678827432472672], "77": [-0.017544068853314262, 1.6093197559944206], "78": [-0.01759795297080471, 1.585097855227112], "79": [-0.017585507230385173, 1.595229067490579], "80": [-0.01743538954204679, 1.6397085634875859], "81": [-0.016804864850098647, 1.7185005323966298], "82": [-0.015090083396601114, 1.831478333826345], "83": [-0.011463946513520553, 1.978303750574028], "84": [-0.00497404050094161, 2.158195375597226], "85": [0.0052566410766697845, 2.369479453753674], "86": [0.01969343366095951, 2.6087929387550775], "87": [0.037963028186077635, 2.869993864160832], "88": [0.058572631135611564, 3.1434311000037023], "89": [0.07916396324568903, 3.416780676238065], "90": [0.09737128040716717, 3.6777210344548474], "91": [0.11168751955299704, 3.9166156165151143], "92": [0.1217306602502239, 4.12735424772219], "93": [0.12796637896674307, 4.306613520995675], "94": [0.13127836051179925, 4.45275527936091], "95": [0.1326289394322294, 4.565023947463886], "96": [0.13285662476237803, 4.643096933869345], "97": [0.13257735157533201, 4.686855108055667], "98": [0.13214622311675997, 4.696265123003746], "99": [0.13164704081137615, 4.671322981447306], "100": [0.13089105583421745, 4.612043421802365], "101": [0.12942082521537776, 4.518493102920745], "102": [0.12652949231938937, 4.390873581268196], "103": [0.12132012959968859, 4.229681116960504], "104": [0.1128429120546447, 4.036016398781097], "105": [0.10035274429955553, 3.8121716594998425], "106": [0.08369842647493092, 3.5625848629448362], "107": [0.06372804398760422, 3.294896938553112], "108": [0.042380625445567664, 3.020141392024396], "109": [0.022137915889610817, 2.75101565600795], "110": [0.0050667772346465936, 2.498904307400665], "111": [-0.007823859652065938, 2.2718891186606216], "112": [-0.016571274475885765, 2.0747327555192747], "113": [-0.021871327397630334, 1.9099056370345975], "114": [-0.024673168130385954, 1.7785907268367411], "115": [-0.025901187188487725, 1.6813195141798218], "116": [-0.02630324216544101, 1.618308772935027], "117": [-0.02638300599250186, 1.58963180014948], "118": [-0.02637688882851526, 1.5953058597267409], "119": [-0.026248942072730933, 1.6353277721572448], "120": [-0.025691523825835574, 1.7096654277906844], "121": [-0.02413395111335081, 1.8182041644338165], "122": [-0.020775771937824112, 1.960635255445813], "123": [-0.014675351347947707, 2.1362422764757873], "124": [-0.004935530164440058, 2.343486283943787], "125": [0.008977739934402151, 2.579257451058321], "126": [0.026813611702030612, 2.8378072930438205], "127": [0.04721969921803874, 3.109920629026599], "128": [0.06791464588140707, 3.383508108323593], "129": [0.08648900078401392, 3.64610759124986], "130": [0.1013077387545614, 3.887682554673249], "131": [0.11185921898910413, 4.1017136471337174], "132": [0.1185257183768918, 4.284591938377511], "133": [0.12215669215634242, 4.434516049669821], "134": [0.12371432317835605, 4.550645094128692], "135": [0.12405584049342899, 4.63261307302764], "136": [0.12382448575044741, 4.680279545946062], "137": [0.12340567947588237, 4.693602085749417], "138": [0.12291423876442108, 4.67257387901857], "139": [0.12219245427158838, 4.6172081000418235], "140": [0.12081326580342307, 4.527566047123072], "141": [0.11809720903866344, 4.403833919371327], "142": [0.11316613561679784, 4.246472004892315], "143": [0.10507006255590597, 4.056503167044634], "144": [0.09302991094823641, 3.8360630494945025], "145": [0.07681349385168651, 3.589314481586257], "146": [0.05714876839192351, 3.323520186862396], "147": [0.03586689587463253, 3.04938094045639], "148": [0.015426283445601723, 2.779526206748205], "149": [-0.0020285671291095306, 2.525585301852254], "150": [-0.015369194763286307, 2.2960136891639573], "151": [-0.024535427873872057, 2.09588819470866], "152": [-0.030170184775064387, 1.9278775379543662], "153": [-0.03320723662398948, 1.793273031363273], "154": [-0.03457901888509428, 1.6926622682746792], "155": [-0.035053415545148715, 1.6262905619085526], "156": [-0.035159084547766555, 1.5942448005609453], "157": [-0.03515892695102193, 1.5965474794171481], "158": [-0.035043760912838624, 1.6331969069676218], "159": [-0.03453257015090599, 1.704162984218277], "160": [-0.033080134599467, 1.809338173970601], "161": [-0.029907256257484867, 1.9484324851675723],