{"0": [3.9925335017379345e-05, 5.652825012700533], "1": [0.0026238379088425893, 5.631981160779356], "2": [0.009058917401396319, 5.578616409456791], "3": [0.018939055362324618, 5.491683774846889], "4": [0.03140122667161997, 5.369824231881754], "5": [0.04488981634661396, 5.2116201978445735], "6": [0.05693177786072547, 5.015595286215426], "7": [0.06398917464338053, 4.779741513645379], "8": [0.06141682321999075, 4.500553231160797], "9": [0.04360612786103204, 4.171965643299356], "10": [0.00495619582170964, 3.786054407866989], "11": [-0.055781797960251255, 3.3426706244506597], "12": [-0.1261527214591904, 2.8743919319680753], "13": [-0.18387598344153522, 2.4386069564773116], "14": [-0.2185920853162096, 2.0622865992671118], "15": [-0.2327250819941368, 1.7426378863034364], "16": [-0.232142126234183, 1.4715067488476419], "17": [-0.22242100614285026, 1.243124397195882], "18": [-0.20810084521581834, 1.054243255718553], "19": [-0.19260273771063935, 0.9030062899844994], "20": [-0.17829904910773436, 0.788034060888799], "21": [-0.16667468690662385, 0.7080171615624614], "22": [-0.15855290332703695, 0.6617509958595348], "23": [-0.15431999800010252, 0.6483862515329082], "24": [-0.15408198175340773, 0.6676641341172012], "25": [-0.15771441784656634, 0.7199973884439442], "26": [-0.1647948904028342, 0.8063580546760409], "27": [-0.1744317331836276, 0.9280239360823408], "28": [-0.18503276385516293, 1.0863398183497843], "29": [-0.19408556003040722, 1.2827360924030142], "30": [-0.19801475609034414, 1.5192177002792415], "31": [-0.1921445059299332, 1.7993333898920043], "32": [-0.1708587074869696, 2.129199737658625], "33": [-0.1286477606785505, 2.516601932730925], "34": [-0.06466840570115694, 2.9607351620843225], "35": [0.007995760931244787, 3.4273551931865973], "36": [0.0673200932717155, 3.859641964253429], "37": [0.10369464791073439, 4.23238889168723], "38": [0.11980970404704282, 4.548855672817973], "39": [0.1215275997617737, 4.817056259333269], "40": [0.11436745133392894, 5.042576334530367], "41": [0.1028071653207859, 5.228538223720523], "42": [0.0902132238052061, 5.376719555629992], "43": [0.07891415457581029, 5.48843570285526], "44": [0.07036426319966706, 5.5649214928955955], "45": [0.06536729103529247, 5.60728617425317], "46": [0.06429329281939149, 5.61627030926365], "47": [0.06722273483935445, 5.59203109592888], "48": [0.07398044881376076, 5.534088540302468], "49": [0.08405143867896345, 5.441461185245378], "50": [0.0963978518805562, 5.312920323787531], "51": [0.10922855341180357, 5.14718343439394], "52": [0.119795403236673, 4.942798838145406], "53": [0.12427413810946773, 4.697541499277243], "54": [0.11775689179411815, 4.407381347283935], "55": [0.09451740849816576, 4.065641628916641], "56": [0.04955012665539051, 3.6651452084254585], "57": [-0.015519234760503691, 3.2123363081243608], "58": [-0.0840379052324574, 2.750563189324872], "59": [-0.13551040682302978, 2.3327384309738743], "60": [-0.16410058968179653, 1.9749520145543353], "61": [-0.17382882122707896, 1.6714791081511242], "62": [-0.17059630636264508, 1.4147606325926356], "63": [-0.15968060880375218, 1.1999278115974605], "64": [-0.14528413882693283, 1.0243167616170414], "65": [-0.13051196149297695, 0.8863653661145235], "66": [-0.1174674707558862, 0.7848511960290964], "67": [-0.1074327651517227, 0.718627003901502], "68": [-0.1010930485280892, 0.6867290178939094], "69": [-0.09873456383012341, 0.6886183288498645], "70": [-0.1003556994523959, 0.7243485429302093], "71": [-0.10566184167770039, 0.7945560133843927], "72": [-0.11394477664498956, 0.900276364569541], "73": [-0.12387843002967455, 1.0427001182545117], "74": [-0.13329464247532977, 1.2230837066043796], "75": [-0.13901183621867927, 1.443054777525779], "76": [-0.1367588685884364, 1.7054122096377475], "77": [-0.1212405192204419, 2.0151959345001584], "78": [-0.08672037394994567, 2.379854765713241], "79": [-0.029898622449195993, 2.80356683946376], "80": [0.041850494851027334, 3.266086210670309], "81": [0.10747606629436557, 3.7127866967797107], "82": [0.15184486181566886, 4.104433872825393], "83": [0.1745404115992902, 4.437501196912148], "84": [0.18091684510248301, 4.719647683188657], "85": [0.17671098148766515, 4.9573209689899755], "86": [0.1667498253719181, 5.154287632623076], "87": [0.1547606044078619, 5.312587727134522], "88": [0.143407415770275, 5.4335293413668495], "89": [0.1344238020560551, 5.5182350813957175], "90": [0.12881600371591095, 5.567727151960594], "91": [0.12707953684690362, 5.5827428834087085], "92": [0.12935849254555615, 5.563519322514019], "93": [0.1354997733606636, 5.509710989113192], "94": [0.14498739381793835, 5.4204925743785335], "95": [0.15677410098241054, 5.294785022075939], "96": [0.1690615109132926, 5.131429661845338], "97": [0.17910245685869264, 4.929066516224617], "98": [0.18308399162827638, 4.685539436869992], "99": [0.17612202159161117, 4.396889848748152], "100": [0.15253742585826996, 4.056566370971515], "101": [0.10742537138764743, 3.657679360163126], "102": [0.042562106829958125, 3.207168030399586], "103": [-0.025469530721328668, 2.7483911818711877], "104": [-0.07655203989700461, 2.3334915562578153], "105": [-0.1050218867463564, 1.9783062250883847], "106": [-0.11486841850765418, 1.6773054015451072], "107": [-0.11193296909564078, 1.423127441761093], "108": [-0.10144407179591841, 1.2110362492094033], "109": [-0.0875667463941483, 1.0384645710744533], "110": [-0.07338001857453144, 0.9039431694654982], "111": [-0.0609728564319766, 0.8063618619844759], "112": [-0.05162124182875223, 0.7447122913944227], "113": [-0.04600342329423271, 0.7181851826902221], "114": [-0.0443829873130725, 0.7263856976980723], "115": [-0.046700370176430375, 0.7694661425006246], "116": [-0.05254571842273319, 0.8480829405437628], "117": [-0.06102031642345445, 0.9632038266006009], "118": [-0.07052895392338428, 1.1159104537598847], "119": [-0.07857376354014067, 1.3074302556023467], "120": [-0.08161564692023028, 1.539605562934637], "121": [-0.0750376994520811, 1.8158138538245039], "122": [-0.05331459378010714, 2.141914288578322], "123": [-0.01108026777982831, 2.525237243077887], "124": [0.05236532517482522, 2.964383386861402], "125": [0.12417685246271462, 3.4253489282904943], "126": [0.18297598549440458, 3.852567437502699], "127": [0.21936640814314343, 4.221011443386638], "128": [0.23591194608863914, 4.533409244753892], "129": [0.2383440468198925, 4.7973665745835525], "130": [0.23209279467993377, 5.018225077456889], "131": [0.22157494530594662, 5.198935527914059], "132": [0.21011791604549582, 5.341107541610184], "133": [0.200032568862189, 5.445847578326482], "134": [0.1927713478620106, 5.514125928874657], "135": [0.18913613048806746, 5.546750507276293], "136": [0.18946884574282813, 5.544170518127507], "137": [0.19376023856943692, 5.506326453426171], "138": [0.20164242574078806, 5.4326629717791475], "139": [0.2122670197847053, 5.3222977582019455], "140": [0.2241072646947964, 5.174215407831509], "141": [0.23475274817617597, 4.987259742310053], "142": [0.24076490210792822, 4.759709591540332], "143": [0.237630903147777, 4.488400329076125], "144": [0.21990562490915125, 4.167758729995614], "145": [0.1821451469835546, 3.790500999715041], "146": [0.12296381693685565, 3.356598967095358], "147": [0.05381397488987058, 2.8966492763468032], "148": [-0.0039454644519719435, 2.4662965814831024], "149": [-0.039619295601904095, 2.093878893571551], "150": [-0.05512740119885811, 1.778059774740971], "151": [-0.056100330651085085, 1.5112962811602835], "152": [-0.04801515811011339, 1.2880740818482124], "153": [-0.03536460188911275, 1.1053211067903703], "154": [-0.02155602219763601, 0.9613917386041587], "155": [-0.00897538983063553, 0.8552048023551028], "156": [0.0008624555544354104, 0.7858400584064356], "157": [0.007111894022309228, 0.7525339679614342], "158": [0.009408254128867565, 0.7548592845807923], "159": [0.007758883002011804, 0.7928698286889521], "160": [0.0025496467297329126, 0.8670891880407303], "161": [-0.00533474501881792, 0.9783495802861426],