{"0": [5.414526350233567e-06, 4.926110439401112], "1": [0.00034376732400422105, 4.9075202261709405], "2": [0.0010729783078725263, 4.8602655314179515], "3": [0.0018421939099242555, 4.784199174577174], "4": [0.0020718598178607124, 4.679138758694258], "5": [0.0009538955798046883, 4.544936868343146], "6": [-0.002515736633152228, 4.381588451028521], "7": [-0.009439387782985616, 4.189423362978012], "8": [-0.02081352579803035, 3.9694860002178287], "9": [-0.037183476003096766, 3.7242321377411876], "10": [-0.05819166059122288, 3.458532192822237], "11": [-0.08224256126694324, 3.180464970008774], "12": [-0.10669594703856108, 2.900808953256343], "13": [-0.1287450666444995, 2.630753823768233], "14": [-0.1464233669899976, 2.379287229905536], "15": [-0.15902281562902257, 2.152135849648116], "16": [-0.16687333094549903, 1.9523094332214086], "17": [-0.1708881623214859, 1.7811396832430189], "18": [-0.172174749104698, 1.6390876793504148], "19": [-0.17178979856076596, 1.5262043837295007], "20": [-0.17061433127942371, 1.4423631975529683], "21": [-0.169305670078836, 1.3873828747906307], "22": [-0.16829043452509845, 1.3611038696399178], "23": [-0.1677729689711177, 1.3634387518982363], "24": [-0.16774305028411013, 1.3943974575493778], "25": [-0.1679752803695792, 1.4540842437225594], "26": [-0.1680207330669942, 1.5426666113029848], "27": [-0.16719962983948122, 1.6603193264153358], "28": [-0.16461247294473652, 1.8071410820262912], "29": [-0.15919654974940112, 1.9830186267602916], "30": [-0.14986479425590812, 2.187368089036103], "31": [-0.1357690348167738, 2.4186309490405873], "32": [-0.1167035052527815, 2.6734230788313496], "33": [-0.09354675685904351, 2.9455197072113815], "34": [-0.06841611237078186, 3.2254916254335506], "35": [-0.04415526504759321, 3.50203785858793], "36": [-0.023299193206692284, 3.764684201985383], "37": [-0.00726868693876442, 4.005858574815717], "38": [0.0037324557532494138, 4.221142658887543], "39": [0.010343581234182636, 4.408379044880479], "40": [0.013600322069657179, 4.5666897877240675], "41": [0.014608222382634877, 4.6958293898488375], "42": [0.014355592027857784, 4.795841404858718], "43": [0.0136272299768245, 4.866885117640978], "44": [0.01297801830186472, 4.909137705676061], "45": [0.01273507852514988, 4.922730238180837], "46": [0.013007210642521394, 4.907708045487723], "47": [0.013689318219025354, 4.864017771288239], "48": [0.01445786156835852, 4.791523127204708], "49": [0.014761521598129991, 4.690047326031317], "50": [0.013819621303458395, 4.559440076982826], "51": [0.010649834958471608, 4.399679235826248], "52": [0.004156602086562433, 4.211049836530055], "53": [-0.006679139849463566, 3.9944957049810768], "54": [-0.022472037854412676, 3.7522742006176313], "55": [-0.042987910266774176, 3.4889335784942133], "56": [-0.06677878314834323, 3.2121731955039268], "57": [-0.09129791741531054, 2.9325334009705477], "58": [-0.11371158536591963, 2.6612803163645116], "59": [-0.13192898317340457, 2.407728095596652], "60": [-0.1451027010890399, 2.1779655242827145], "61": [-0.1534644015701824, 1.9752647991579544], "62": [-0.15787933823912043, 1.8011090949111472], "63": [-0.15944402863156645, 1.6560375350018601], "64": [-0.15922583078581273, 1.5401398548927414], "65": [-0.15812660467098452, 1.4533080784244097], "66": [-0.1568277799212035, 1.3953678183696205], "67": [-0.15577987887130504, 1.3661581948727894], "68": [-0.1552098656229721, 1.365584662951016], "69": [-0.1551292216735701, 1.3936469184849323], "70": [-0.15533428710563874, 1.4504387906090115], "71": [-0.15539861162351667, 1.5361199401843957], "72": [-0.1546652619144055, 1.6508623443476949], "73": [-0.15225563607031167, 1.794770065587169], "74": [-0.14712072210500957, 1.9677500426959293], "75": [-0.1381707900262075, 2.1692686945462207], "76": [-0.12452549375639552, 2.3978761365378194], "77": [-0.1059049040654341, 2.6503885724198715], "78": [-0.083075456748742, 2.920870674539554], "79": [-0.0580465634957301, 3.2001697354279264], "80": [-0.03362562154588105, 3.4770739919557125], "81": [-0.012408549363158751, 3.7409455602877597], "82": [0.004072730830600397, 3.983922002201975], "83": [0.015515310422133983, 4.201326188070223], "84": [0.022498433144046797, 4.390832919590985], "85": [0.026033631608097386, 4.5514723846447795], "86": [0.02722607335812757, 4.682952143371128], "87": [0.027076431264504135, 4.785292036269329], "88": [0.026387221771705317, 4.85864010407564], "89": [0.025732192873114, 4.9031702820151235], "90": [0.02545661275648554, 4.919016246897018], "91": [0.02568639633887615, 4.906229906328874], "92": [0.026333068689988266, 4.864766283500993], "93": [0.027089954512975033, 4.7944970165981635], "94": [0.02742314490362025, 4.695250769020901], "95": [0.026569142885813617, 4.5668782787975655], "96": [0.023560017828351258, 4.409350858522988], "97": [0.017306705493857676, 4.222932117236534], "98": [0.006780435694602375, 4.008513972291256], "99": [-0.008669889643936338, 3.768246568087306], "100": [-0.02887940492580738, 3.506496556049554], "101": [-0.0524883383230549, 3.2307370359124263], "102": [-0.07701324762805195, 2.9513478138882094], "103": [-0.09961545731746956, 2.6796129275290377], "104": [-0.11813728067392333, 2.425023962726477], "105": [-0.13164896847820592, 2.1938843665114214], "106": [-0.14032066638983454, 1.9896296468846821], "107": [-0.14498533423131674, 1.8138408467240246], "108": [-0.14672986811436803, 1.6671094197277538], "109": [-0.14662569186081303, 1.5495523725748268], "110": [-0.1455855005206748, 1.461075988573486], "111": [-0.14430396681710442, 1.4015125521841365], "112": [-0.14324494706679014, 1.370702497847932], "113": [-0.14264796584259584, 1.3685485640154889], "114": [-0.14253634660446662, 1.3950450926448947], "115": [-0.1427180441828322, 1.450279504036205], "116": [-0.14277847293456308, 1.534405539671768], "117": [-0.14207283634550838, 1.6475911028625405], "118": [-0.13973404954519195, 1.78993954772549], "119": [-0.13472168106458615, 1.9613634628647236], "120": [-0.12594735183118402, 2.16134822524818], "121": [-0.11251835721363379, 2.3884896902154673], "122": [-0.09412184132727364, 2.639694125088669], "123": [-0.07147066824177305, 2.9091641584253227], "124": [-0.046518019722328594, 3.1878900755915036], "125": [-0.022045572619755732, 3.464722892975181], "126": [-0.0006712610913497783, 3.728963222507872], "127": [0.01602200880062332, 3.972614005767958], "128": [0.02768199125613062, 4.19086902406734], "129": [0.03485577267664241, 4.381314836945193], "130": [0.03854014652486881, 4.542930710721525], "131": [0.039837627089667586, 4.675396450205298], "132": [0.03975305477456037, 4.778716507779771], "133": [0.03909620503355835, 4.853030301760486], "134": [0.038448923840869655, 4.898507579869806], "135": [0.03816429193024239, 4.915281277453017], "136": [0.038375411973831014, 4.903405271933641], "137": [0.039000510955821376, 4.86283841549143], "138": [0.039739471579693715, 4.793457096301822], "139": [0.04006509035043863, 4.695094780951145], "140": [0.03922071575383509, 4.567606314001958], "141": [0.036244832137301765, 4.410965479234352], "142": [0.03005291985421587, 4.225434681826342], "143": [0.019616254261881755, 4.011896285333744], "144": [0.004275502499470703, 3.7724741492980325], "145": [-0.015824235221177853, 3.5114831314277404], "146": [-0.03935223414250802, 3.2363229937947717], "147": [-0.0638508098168905, 2.9573098279776526], "148": [-0.08648781569848076, 2.685714524297026], "149": [-0.10509039312675321, 2.4310712580544895], "150": [-0.11870446369645987, 2.1997480416049813], "151": [-0.12747924114314757, 1.9952356320808156], "152": [-0.13223469917521347, 1.8191518807935714], "153": [-0.13405183159089137, 1.6721104613132138], "154": [-0.13400088755743536, 1.5542418712097321], "155": [-0.13299600390117577, 1.4654610426057186], "156": [-0.13173441545189304, 1.405605905830527], "157": [-0.13068272794440178, 1.3745202039694493], "158": [-0.13008291077194226, 1.3721078702888767], "159": [-0.1299602613456561, 1.3983624999104907], "160": [-0.13012430017820437, 1.4533690726747088],