{"0": [3.7981198557530675e-05, 2.488721053066635], "1": [0.002514721670054921, 2.50337186429857], "2": [0.008876290570004176, 2.5403261010963925], "3": [0.01928963874111648, 2.5989303774412393], "4": [0.03391954225815892, 2.6779979231347704], "5": [0.05277803272858507, 2.7756001180729015], "6": [0.07553728488036725, 2.888799176259881], "7": [0.10136578106399778, 3.0134253213557365], "8": [0.12889167283051642, 3.1440944506460764], "9": [0.1563828682970113, 3.2746431371438325], "10": [0.18210930322441074, 3.398917448760998], "11": [0.20470509112325205, 3.511559356002367], "12": [0.2233478918837666, 3.6084356477826116], "13": [0.23772079563426218, 3.686648760507819], "14": [0.24784694983453612, 3.7443091536699393], "15": [0.2539015790582514, 3.7802660940750057], "16": [0.2560613511540395, 3.793899446925943], "17": [0.2544106672816272, 3.7849966471432044], "18": [0.2489063074586876, 3.753708243436196], "19": [0.2393989267339938, 3.700575474637991], "20": [0.22571220030443054, 3.62663367874967], "21": [0.2077795970246496, 3.533599418275246], "22": [0.18582548422851808, 3.4241280144446096], "23": [0.1605427706465618, 3.302062182114846], "24": [0.13317227082086408, 3.1724957295445093], "25": [0.10538122227217386, 3.041451974054899], "26": [0.0789354019904109, 2.9151616729650325], "27": [0.05531725175651401, 2.7992374146453205], "28": [0.03549045750696359, 2.6981356076133607], "29": [0.019888120740222913, 2.615050488045864], "30": [0.008556260040400065, 2.552101396224886], "31": [0.0013432201102932726, 2.510604342017912], "32": [-0.0019374982180599362, 2.49129970938633], "33": [-0.0013987630204084648, 2.4944965454068453], "34": [0.00297007609988386, 2.520135923158113], "35": [0.011296062755520265, 2.56778153738309], "36": [0.023758314110821407, 2.636536408507679], "37": [0.04046559657948151, 2.7248774070989814], "38": [0.061284051117501806, 2.8304120897090796], "39": [0.08565205451255031, 2.9496159298973774], "40": [0.11246578538224734, 3.0777021863350345], "41": [0.14014371764222475, 3.208833528559911], "42": [0.16691030626736655, 3.3367582092015007], "43": [0.19118348784949699, 3.4556473030749775], "44": [0.2118603420447268, 3.5607309180750315], "45": [0.22838318844131955, 3.6485082511423386], "46": [0.2406251096600327, 3.716614372070733], "47": [0.2487038192826789, 3.763554616751642], "48": [0.2528084655352076, 3.7884599615335577], "49": [0.2530767474274623, 3.7909213989370705], "50": [0.24953050600677731, 3.7709072656429834], "51": [0.24206863179387691, 3.7287547160304566], "52": [0.23051681654270625, 3.6652337264123167], "53": [0.21473538787244542, 3.5816911305158072], "54": [0.19478069825101443, 3.4802762996232937], "55": [0.1710924208489927, 3.364208371273765], "56": [0.14463535991016246, 3.2379579696792895], "57": [0.11688806855219114, 3.1071376814106575], "58": [0.08961026730382274, 2.977965162841176], "59": [0.06446376304352508, 2.8564417957889647], "60": [0.04268504330051023, 2.7476345455440363], "61": [0.02496266210106291, 2.6553569172271754], "62": [0.011515682835384589, 2.5822344740182444], "63": [0.0022711176016229845, 2.529954663438394], "64": [-0.0029549144857240494, 2.4995246637324517], "65": [-0.0043204860060759714, 2.4914580201811036], "66": [-0.0018789642262816415, 2.505877069104879], "67": [0.004442197212031411, 2.5425393451240437], "68": [0.014806016635795678, 2.6007921466496167], "69": [0.029372762248334527, 2.67944940152803], "70": [0.048150872348999854, 2.776585396644821], "71": [0.07081187214772629, 2.8892708044491124], "72": [0.09652851571932286, 3.0133533478069348], "73": [0.12393859206295976, 3.1434762481982363], "74": [0.15132249834428702, 3.273508406143528], "75": [0.17696080852312646, 3.397324179774725], "76": [0.19949270974170152, 3.509582720306155], "77": [0.2180949576652281, 3.6061562058804797], "78": [0.23244591275410337, 3.6841447479224696], "79": [0.2425628108963419, 3.7416534960442847], "80": [0.24861568208221285, 3.777526541173623], "81": [0.25077772885779076, 3.7911401384800034], "82": [0.24913203374744866, 3.782280127392028], "83": [0.24363629463209358, 3.751097523003596], "84": [0.23414418978999654, 3.6981359596947407], "85": [0.22048410569997084, 3.624434641775854], "86": [0.2025949876690381, 3.531714198375507], "87": [0.1807057476535502, 3.4226314923163774], "88": [0.15551048217522517, 3.301023991194402], "89": [0.12824565441928307, 3.1719694195657375], "90": [0.10056857979380153, 3.041464089447022], "91": [0.07423274802260241, 2.91570697114325], "92": [0.05071062837418659, 2.8002830720013567], "93": [0.03096116461115363, 2.699630959728291], "94": [0.01541783134638559, 2.6169365298550797], "95": [0.0041302127252177655, 2.554316817057559], "96": [-0.003048702548656218, 2.5130880045043935], "97": [-0.006301254849323715, 2.493990765522335], "98": [-0.005737622552543845, 2.497333270961479], "99": [-0.0013465328767863311, 2.5230538568197307], "100": [0.006997255092796518, 2.570711160038092], "101": [0.019468517226621785, 2.6394005714461843], "102": [0.036169475382294314, 2.7275891207898866], "103": [0.05695871734361398, 2.8328741552005168], "104": [0.081268502411996, 2.9517248199922257], "105": [0.10799368329283611, 3.079358135336189], "106": [0.13555862231509425, 3.2099552841863477], "107": [0.1621998758299833, 3.337295922193682], "108": [0.1863490971223478, 3.455586562847908], "109": [0.2069136881365052, 3.5600871621039007], "110": [0.22334061540787578, 3.6473168393928037], "111": [0.23550259747355298, 3.7149218296466775], "112": [0.24351397704540712, 3.761413298337708], "113": [0.24755953439029585, 3.7859258726291265], "114": [0.24777315030611874, 3.78805417508363], "115": [0.24417451767886506, 3.7677715476296], "116": [0.23666289197291612, 3.7254225725406616], "117": [0.2250674657784929, 3.661787973002346], "118": [0.20925545057164682, 3.578229141380577], "119": [0.18929287292138494, 3.476912989413719], "120": [0.16562973660158867, 3.361075527317027], "121": [0.13923785954395934, 3.2351962836778276], "122": [0.11159505220598429, 3.104880297942649], "123": [0.08445092766952982, 2.976318035633685], "124": [0.05945129661625021, 2.8554707276412135], "125": [0.03781717305372792, 2.7473646172339516], "126": [0.020226980721257545, 2.655781151899587], "127": [0.0068961227243354035, 2.583324673928346], "128": [-0.002247067421118097, 2.531669701792731], "129": [-0.00738245655988704, 2.501815081987506], "130": [-0.00866349344370787, 2.494267586480859], "131": [-0.006139966849908985, 2.5091421808669834], "132": [0.0002618712244585762, 2.546186779891659], "133": [0.01070274996091771, 2.6047353198179777], "134": [0.025336347804619908, 2.6835833541384675], "135": [0.04416015790352565, 2.7807815705886303], "136": [0.06683199359987882, 2.8933744730242794], "137": [0.09251222097548407, 3.017188495165982], "138": [0.11983350566177846, 3.146861731315882], "139": [0.14708269943828786, 3.276282525305624], "140": [0.1725569662818091, 3.39936652142271], "141": [0.19491531922982244, 3.510822624241993], "142": [0.21335033612394924, 3.606567287471586], "143": [0.2275488083633632, 3.683732967140062], "144": [0.23752950964153433, 3.740446002941247], "145": [0.2434594455172089, 3.775564356234471], "146": [0.24550679038883488, 3.7884746974998667], "147": [0.24374979151878864, 3.778972797169246], "148": [0.23814333299674711, 3.7472214086171114], "149": [0.22854189354749116, 3.6937797731756277], "150": [0.21477962067894388, 3.6197085382055705], "151": [0.1968068910152271, 3.5267568290527325], "152": [0.17486882444010277, 3.4176156240497373], "153": [0.1496767103637013, 3.296155293163997], "154": [0.12247832704463844, 3.167472300820737], "155": [0.09492959467477051, 3.037554303011916], "156": [0.06876861764809289, 2.912561646847677], "157": [0.04544483630528265, 2.798023074486359], "158": [0.025895772896402474, 2.698321141558147], "159": [0.010541079502553013, 2.6165974270698746], "160": [-0.0005748739696771113, 2.55493833110225], "161": [-0.007597763356357439, 2.5146396624976415], "162": [-0.010704973812302393, 2.4964274278337126],