{"0": [-2.4786707118726518e-05, 3.558407920902037], "1": [-0.0016335208718241527, 3.5461588788028227], "2": [-0.00569629199724311, 3.5154923110896488], "3": [-0.012144039796692778, 3.4675422212527236], "4": [-0.020820473183291412, 3.404188622051291], "5": [-0.031432896136779, 3.3281072478884357], "6": [-0.043516445065140415, 3.242766684832282], "7": [-0.05643712954640584, 3.152313903910083], "8": [-0.06944822095996335, 3.061315449905203], "9": [-0.08178890050794219, 2.974386532426127], "10": [-0.09278876075886325, 2.8958053097509144], "11": [-0.10193792263942981, 2.829219183290665], "12": [-0.10890375195166589, 2.7774948383199605], "13": [-0.11350293472309449, 2.7426930712118653], "14": [-0.11565311646603452, 2.72611175545403], "15": [-0.11532830971263588, 2.7283418003369757], "16": [-0.11253432950077288, 2.7493007637248636], "17": [-0.10731150226095819, 2.7882291571357904], "18": [-0.09976382943348375, 2.843651247178073], "19": [-0.09010560215875413, 2.9133193840768072], "20": [-0.07870743274585543, 2.994181674459731], "21": [-0.06611670477924612, 3.08243040443136], "22": [-0.05303006063948947, 3.17368324770029], "23": [-0.04021409248522359, 3.2633030423744613], "24": [-0.02839861629401734, 3.346789780159847], "25": [-0.018184198598082832, 3.4201340537390026], "26": [-0.009996521234794425, 3.480045122008402], "27": [-0.004092973139007462, 3.5240367720114314], "28": [-0.0006033895464718439, 3.5504130286120534], "29": [0.00042079943908384, 3.558213409801859], "30": [-0.0010300580607077287, 3.5471644508353206], "31": [-0.00493600820526824, 3.5176628030104453], "32": [-0.011231829083913746, 3.4707967253371494], "33": [-0.019768075805729198, 3.4083964762559242], "34": [-0.030262014485766816, 3.3330852032809584], "35": [-0.04226035281823348, 3.2482809669946606], "36": [-0.0551392410716559, 3.158090756876522], "37": [-0.06815722524104365, 3.0670609204456527], "38": [-0.08055192311206076, 2.979811497107088], "39": [-0.09164525004702843, 2.9006485796170445], "40": [-0.10091646130743497, 2.8332628344636706], "41": [-0.10802224875710191, 2.7805704208301254], "42": [-0.11277109705207393, 2.744681250631085], "43": [-0.11507556774252028, 2.7269391806778933], "44": [-0.1149069945601018, 2.727978220103546], "45": [-0.1122694071388539, 2.747758078490844], "46": [-0.10720046132889893, 2.785562940231554], "47": [-0.09979905270858805, 2.8399642555588356], "48": [-0.09027116238138998, 2.908765376668269], "49": [-0.07897648960352426, 2.988966448071501], "50": [-0.06645117413574672, 3.076806152953542], "51": [-0.05338368458348295, 3.167933643711187], "52": [-0.04053846330454081, 3.257720427713061], "53": [-0.028649962081436667, 3.341650337086983], "54": [-0.018328264647586235, 3.4156780270121736], "55": [-0.010010106535553889, 3.4764659699838156], "56": [-0.003962492012895566, 3.521478502414732], "57": [-0.0003219269822136052, 3.5489722808696254], "58": [0.0008563805592581693, 3.5579427290764913], "59": [-0.0004392526984286079, 3.5480743755350717], "60": [-0.0041908408635129195, 3.519721661627416], "61": [-0.010336785456524108, 3.4739280805797015], "62": [-0.018734167590536734, 3.412475211630532], "63": [-0.02910987469860451, 3.337934573263122], "64": [-0.04102195883933092, 3.2536742050285055], "65": [-0.05385672764714176, 3.163760841541651], "66": [-0.06687829804141236, 3.0727194985295188], "67": [-0.0793231948517828, 2.9851733336570834], "68": [-0.09050611332023208, 2.905454583342362], "69": [-0.09989573874439292, 2.8372957051490757], "70": [-0.10713818598261811, 2.783661291287023], "71": [-0.1120336909249869, 2.746709654696979], "72": [-0.11448962900805727, 2.727830065008124], "73": [-0.11447458188027135, 2.7276990449631913], "74": [-0.11199081124928581, 2.746317746313254], "75": [-0.10707344543800913, 2.783013142342245], "76": [-0.09981654170079922, 2.836402831626896], "77": [-0.09041811135096159, 2.9043401180725996], "78": [-0.07922724387245103, 2.9838763935271833], "79": [-0.06676896117053026, 3.0712965587893497], "80": [-0.05372341089024222, 3.1622819145640824], "81": [-0.04085249424411981, 3.2522140711469456], "82": [-0.028894817999080565, 3.336562486645534], "83": [-0.018469593527906808, 3.411247536140093], "84": [-0.01002441002744861, 3.4728861658186934], "85": [-0.0038358656756110137, 3.5188941271377483], "86": [-4.72182355839359e-05, 3.5474813349187047], "87": [0.0012824512126900236, 3.5575996817913977], "88": [0.0001393921517010445, 3.5488923236000933], "89": [-0.003460304370229722, 3.521672277966365], "90": [-0.009458461647201093, 3.476939230887526], "91": [-0.01771837883319426, 3.416427144079821], "92": [-0.027976228440531572, 3.342656873550085], "93": [-0.03980117099564801, 3.258946987335327], "94": [-0.05258966539252716, 3.1693237734344915], "95": [-0.06561166761162325, 3.0782898770856293], "96": [-0.0781030591903671, 2.9904699392120007], "97": [-0.08937176671874203, 2.910220585755066], "98": [-0.0988762090322384, 2.841314592312764], "99": [-0.1062520346277138, 2.7867639268297326], "100": [-0.11129119568199806, 2.7487745717443333], "101": [-0.11389578641921458, 2.7287806301956747], "102": [-0.11403156331480373, 2.727500554272501], "103": [-0.11169903115307876, 2.7449762403633358], "104": [-0.1069309221983377, 2.7805765854926614], "105": [-0.09981670960456335, 2.832964319715712], "106": [-0.09054676570393261, 2.9000416536222415], "107": [-0.07945987461077045, 2.9789104119809595], "108": [-0.06707008190831391, 3.0659014714695094], "109": [-0.054049093432491854, 3.156728859993249], "110": [-0.041155903769355164, 3.2467856348584805], "111": [-0.029132807870813543, 3.331528607161936], "112": [-0.018607754013376148, 3.4068455107715914], "113": [-0.01003897374765277, 3.4693090346636155], "114": [-0.003712624153512637, 3.5162872287876503], "115": [0.00022121407564616014, 3.5459439063085796], "116": [0.0016994955066070548, 3.557187995737571], "117": [0.000706363730388728, 3.549621907634294], "118": [-0.002743920902237135, 3.523518006499177], "119": [-0.00859641453466466, 3.4798331100907425], "120": [-0.016720338558814347, 3.42025461024836], "121": [-0.02686081960501514, 3.34725367327158], "122": [-0.03859788323512783, 3.2640999859411988], "123": [-0.05133811231113381, 3.1747792747742736], "124": [-0.06435754269846311, 3.08377086894039], "125": [-0.07689184116275255, 2.9956993346244887], "126": [-0.08824261031604304, 2.9149439725026354], "127": [-0.09785831261150132, 2.8453164069952233], "128": [-0.10536425380169356, 2.7898749098614872], "129": [-0.11054407969394713, 2.750872385023468], "130": [-0.11329451554836004, 2.7297871806631746], "131": [-0.11357842035055603, 2.727379095068623], "132": [-0.11139454720511437, 2.743730082710593], "133": [-0.10677335287291982, 2.778250117153052], "134": [-0.09979996768383781, 2.82964606134515], "135": [-0.09065744610692918, 2.8958679941454264], "136": [-0.07967457135917048, 2.9740673383136054], "137": [-0.06735456821555626, 3.0606206470759156], "138": [-0.054360604853586125, 3.151275167683221], "139": [-0.04144842930422716, 3.241436660216526], "140": [-0.029363572720382078, 3.326550955568413], "141": [-0.01874232963330567, 3.4024747638457407], "142": [-0.010053352373349745, 3.46573779251051], "143": [-0.0035923087850054927, 3.513661290072903], "144": [0.00048383662918390633, 3.544363621585642], "145": [0.002107987164360212, 3.5567113228433853], "146": [0.001262139575562501, 3.550266680719342], "147": [-0.0020412205894467152, 3.5252621627197764], "148": [-0.00775020557249302, 3.4826126384041167], "149": [-0.015739675241807423, 3.4239599628900277], "150": [-0.025763385267576266, 3.351726589517916], "151": [-0.037411976618044185, 3.2691339507501778], "152": [-0.05010210920256851, 3.1801271690693507], "153": [-0.06311611319899645, 3.0891614022520826], "154": [-0.07568984774759746, 3.0008596609208023], "155": [-0.08711902828145146, 2.919622247466755], "156": [-0.09684247633968138, 2.8492981725265203], "157": [-0.10447529076292487, 2.7929909269371764], "158": [-0.10979280042389684, 2.7529995722115013],