{"0": [-1.6085003761174107e-05, 1.0657346211706178], "1": [-0.0010388381008626445, 1.093781256961051], "2": [-0.0034115704143550933, 1.1653103761424344], "3": [-0.006498507739069192, 1.2811069857928634], "4": [-0.009169094081195964, 1.4422541910053623], "5": [-0.009723267830173464, 1.650027584636182], "6": [-0.005923521502457258, 1.9058244465268126], "7": [0.00470073895352972, 2.210714682767759], "8": [0.02396678272057791, 2.563318507409303], "9": [0.05124767346963799, 2.9542000204889196], "10": [0.08178686001485773, 3.3597342023305488], "11": [0.10853112231390981, 3.748267024982384], "12": [0.12694124604389917, 4.097137052246802], "13": [0.13660280618120219, 4.397795332526884], "14": [0.13944185568206446, 4.649290818344005], "15": [0.13796112291697066, 4.852839821860316], "16": [0.1343950155481413, 5.009873970098619], "17": [0.13043027903628063, 5.121657764831463], "18": [0.12718522393561107, 5.189234395879194], "19": [0.1252871807111377, 5.213327090751942], "20": [0.12495616279737966, 5.194209213646151], "21": [0.1260420345084253, 5.131641771493505], "22": [0.12799645281423055, 5.02492766829776], "23": [0.1297937497421485, 4.873045668769456], "24": [0.12984912355940179, 4.674767941371802], "25": [0.12602100469190736, 4.42872524525336], "26": [0.11584487413068313, 4.133719319901547], "27": [0.09727472697275319, 3.7903731555248537], "28": [0.07029883421367163, 3.406000055694051], "29": [0.03885445913080576, 3.0013807458280017], "30": [0.009896090701647878, 2.6078604695882732], "31": [-0.011283171481816616, 2.2507763041175335], "32": [-0.023564510087416116, 1.9410380080466298], "33": [-0.028582174252714775, 1.6805397109861167], "34": [-0.028811387546619067, 1.4682716917169962], "35": [-0.026566843207933476, 1.3028073986225637], "36": [-0.023644089189340706, 1.1828600028929732], "37": [-0.021263894595097213, 1.1073533163475708], "38": [-0.020138384282329367, 1.0755059803124267], "39": [-0.02055751453085591, 1.0869610934251412], "40": [-0.022436487876352256, 1.141865633165128], "41": [-0.025299306423834298, 1.2408370206014936], "42": [-0.028206818763113737, 1.3848386100494157], "43": [-0.02967164398248883, 1.5750543880262586], "44": [-0.027639765455262973, 1.8128214532951807], "45": [-0.019672803269131265, 2.0994022724302197], "46": [-0.00357995686498446, 2.4346699366151583], "47": [0.021123591405572344, 2.812868994288555], "48": [0.0512121861193954, 3.2156747525153433], "49": [0.07997344058955541, 3.6125672051251216], "50": [0.10155872688428721, 3.976216968392116], "51": [0.1142039082426585, 4.293524270238691], "52": [0.11923839463008881, 4.561610926010982], "53": [0.1190848980511521, 4.781240628062968], "54": [0.11611515224649314, 4.9538191920119115], "55": [0.1122145922767247, 5.080648725978683], "56": [0.10869225710651619, 5.162828585798698], "57": [0.10633442349479227, 5.201182751437823], "58": [0.10549161791989123, 5.196133534006521], "59": [0.10613378078400275, 5.147610142954538], "60": [0.10784359877976554, 5.055064511562723], "61": [0.1097514768103286, 4.917585626412063], "62": [0.11044960234409007, 4.73402902665777], "63": [0.10795932290743739, 4.503089414451398], "64": [0.09987620615152103, 4.223476809132689], "65": [0.08392095746709025, 3.894997473948562], "66": [0.059268192922957944, 3.5222932741599116], "67": [0.028564411643327077, 3.1217024882537356], "68": [-0.0017770133113946228, 2.72271290623408], "69": [-0.025527943889696387, 2.3540298016253707], "70": [-0.04037116577893241, 2.030650048083001], "71": [-0.047343867722632604, 1.7563995752723922], "72": [-0.0488022815418455, 1.5307774419690197], "73": [-0.04715547050885785, 1.3524111583467198], "74": [-0.04436001038992661, 1.2199901918947023], "75": [-0.041797850049504204, 1.1324002294628843], "76": [-0.040317490768307644, 1.0887878014642411], "77": [-0.0403199925620088, 1.0886817907194464], "78": [-0.04181967444642003, 1.1320927826394973], "79": [-0.04444525749566329, 1.219511249745478], "80": [-0.04738096128252723, 1.3518028154767359], "81": [-0.049281091982963, 1.5300771827080455], "82": [-0.04822806659419698, 1.7556103268657377], "83": [-0.04185135177018157, 2.0296990011517244], "84": [-0.027820308319589756, 2.3527382154721583], "85": [-0.005073259417985021, 2.720854760048854], "86": [0.0241859132144523, 3.1192189276889595], "87": [0.053835435787044264, 3.519351978849797], "88": [0.07740858762018639, 3.891671810514486], "89": [0.09214766073577692, 4.219656543468296], "90": [0.09883361793044693, 4.4986435627736965], "91": [0.09975365654231835, 4.728881335835875], "92": [0.09733856829712031, 4.911701638203664], "93": [0.09359804925146756, 5.048416958809744], "94": [0.08997088025706493, 5.140149397564173], "95": [0.08735481660514621, 5.18777067654298], "96": [0.08619073634392868, 5.191785637740254], "97": [0.08652698265988734, 5.152228213721084], "98": [0.08802632537279362, 5.068652904531358], "99": [0.08991201971227977, 4.940231408947282], "100": [0.09088358048019837, 4.765883556392155], "101": [0.08906912164678836, 4.544359191495849], "102": [0.08212704219990315, 4.274366404458531], "103": [0.06769966699958048, 3.955392511327225], "104": [0.044571588085646874, 3.5908128846990617], "105": [0.014635092396885832, 3.1944022326325197], "106": [-0.016229290664371888, 2.7938064305234747], "107": [-0.04142057172055242, 2.4191117739267547], "108": [-0.05786268286130446, 2.087952163857506], "109": [-0.06613542405166192, 1.8056522624382472], "110": [-0.06846489214359713, 1.5721787703239376], "111": [-0.06729209958451447, 1.3862417199786918], "112": [-0.06466285825617354, 1.2465324811550993], "113": [-0.06205635151976214, 1.1519276808785537], "114": [-0.06040584773591621, 1.1015471623232636], "115": [-0.06018072918385852, 1.0948660832770498], "116": [-0.06145288663106497, 1.131821143087578], "117": [-0.0639075464103228, 1.2128258781016583], "118": [-0.06679291475899866, 1.3386800883544283], "119": [-0.06883732155658763, 1.5104400202695603], "120": [-0.06819873856900557, 1.7293339869508637], "121": [-0.06255661423942477, 1.99664246595299], "122": [-0.049542387192722845, 2.3129339839971683], "123": [-0.027854284285686967, 2.6751107574359865], "124": [0.0008041774437120381, 3.0700314527247383], "125": [0.030717673881224934, 3.4706158612448488], "126": [0.055224667235128394, 3.846538972873372], "127": [0.07105519035101089, 4.179481732801396], "128": [0.07865660678229178, 4.463679112917834], "129": [0.08021026550235537, 4.699009494061556], "130": [0.07815940204082034, 4.886726007701804], "131": [0.07456998325931244, 5.02812840981697], "132": [0.0709450765582513, 5.1243352528792485], "133": [0.06823922248837334, 5.176226307158257], "134": [0.06693853448619744, 5.184333791998041], "135": [0.06712780568888774, 5.148735855628225], "136": [0.06850331467340412, 5.069037898472142], "137": [0.0703245727546138, 4.944459425648278], "138": [0.07133274109208497, 4.773962272693931], "139": [0.06969970548214698, 4.5563358153461895], "140": [0.06311658783197065, 4.2903151458999025], "141": [0.04921550771431572, 3.9753259198749884], "142": [0.026666432331804376, 3.6143784515712762], "143": [-0.0029001379326007827, 3.220375970335844], "144": [-0.033845175674658355, 2.820145590917971], "145": [-0.0594998356349009, 2.444057809836039], "146": [-0.07652340325458198, 2.110690877020327], "147": [-0.08530746405504473, 1.8260003629215975], "148": [-0.088010474768596, 1.5901869605153234], "149": [-0.08707236036066712, 1.4020248273078493], "150": [-0.08456413295261385, 1.2602273628244065], "151": [-0.08199630214768928, 1.1636866580102532], "152": [-0.08033019072910018, 1.111531514385145], "153": [-0.08005657937857484, 1.103234148338075], "154": [-0.08126235523942596, 1.1387154587336592], "155": [-0.0836434768129178, 1.2183638680747857], "156": [-0.08645731904998584, 1.342949773777375], "157": [-0.08844215866466862, 1.5134991439482501], "158": [-0.0877679766159103, 1.7312090374686835], "159": [-0.0821277971215095, 1.997325301013924], "160": [-0.06916431611210126, 2.3123822253245208],