{"0": [-1.2593883138034381e-05, 0.9831735185341084], "1": [-0.00081588270025827, 1.0138507546365825], "2": [-0.0027015465234271154, 1.0923480560045664], "3": [-0.00521667163803225, 1.2201367551346527], "4": [-0.007513419505180332, 1.3991811647868129], "5": [-0.008255759003820697, 1.6315315693997747], "6": [-0.005644528698371514, 1.9188474379563665], "7": [0.002242156399486203, 2.2613119213842006], "8": [0.01650515531566309, 2.6543704173618456], "9": [0.035852810344335906, 3.0822520712819284], "10": [0.055922307350665446, 3.514843202926615], "11": [0.07178036783750627, 3.919468783400025], "12": [0.08118543066710882, 4.276188559639144], "13": [0.08472804638472457, 4.578172216436623], "14": [0.08424609770969223, 4.824869412250839], "15": [0.08165264062610414, 5.017753928524996], "16": [0.07845007324302566, 5.158835028822324], "17": [0.07563861949780741, 5.250120769292568], "18": [0.0737900058416519, 5.293220267442671], "19": [0.07315173475031729, 5.288990109127447], "20": [0.07371075370112391, 5.237330646730667], "21": [0.07518825465016568, 5.137208187745177], "22": [0.07696771113152891, 4.986897730855929], "23": [0.07799003835936638, 4.784361684193577], "24": [0.07669598654638646, 4.527669830306403], "25": [0.07116317831438337, 4.2156300784001], "26": [0.05968086262992942, 3.849605716277253], "27": [0.04202587778695495, 3.4383261990140648], "28": [0.02095105147738017, 3.004377866143834], "29": [0.0015492471416403409, 2.581286660285242], "30": [-0.012221590601624397, 2.1970745039142683], "31": [-0.019556461153850572, 1.865026697221182], "32": [-0.021799568045660855, 1.5883868750522057], "33": [-0.020917107677173228, 1.3664987576246825], "34": [-0.01866430732839007, 1.1975682843207258], "35": [-0.01631306495152557, 1.0795526451318629], "36": [-0.01465622883524098, 1.0105922302823582], "37": [-0.01410666295642381, 0.9893962592258283], "38": [-0.014788221871363747, 1.0155403605886038], "39": [-0.016569012731523915, 1.0895704343232055], "40": [-0.01902341961242271, 1.2128726925413098], "41": [-0.021338746619143166, 1.387354244103092], "42": [-0.022219936822966965, 1.6150403275326102], "43": [-0.019901208417839492, 1.8976096799747924], "44": [-0.012453779142569088, 2.2353916116659205], "45": [0.0013273830302161873, 2.6243403229219524], "46": [0.02038246531022901, 3.0497484303685036], "47": [0.0405508492633412, 3.482429146003529], "48": [0.05682597941134384, 3.8893258937955912], "49": [0.06672538151991642, 4.249355375373767], "50": [0.07067382866605991, 4.554907581968893], "51": [0.07045825395638003, 4.805115869081435], "52": [0.06800359240492068, 5.001340647924671], "53": [0.06484568995367448, 5.145541290536257], "54": [0.062018829697509895, 5.239706420061135], "55": [0.06012135399451217, 5.285454796036588], "56": [0.0594192120879913, 5.283678597587612], "57": [0.059912386750800184, 5.2343299528560365], "58": [0.06133347448791397, 5.1364308124243045], "59": [0.06307906714347031, 4.988305215061119], "60": [0.06410654744475323, 4.787952434410079], "61": [0.06287466029669776, 4.533465248232603], "62": [0.05747261283699979, 4.223649019112208], "63": [0.04617685632013725, 3.859782093323265], "64": [0.028701332971370577, 3.4503084862798166], "65": [0.007694921916513086, 3.0173465113332427], "66": [-0.01179696295201191, 2.59422400635345], "67": [-0.025752298143487427, 2.209289201236366], "68": [-0.03327837310550581, 1.8762463860975642], "69": [-0.03567307301413119, 1.598570903041311], "70": [-0.03489243047757863, 1.375704756220332], "71": [-0.03269876250280579, 1.205903249876076], "72": [-0.03037610639489505, 1.0871570270737585], "73": [-0.02872836665522326, 1.0176291150294665], "74": [-0.028175933587718905, 0.9960393755730039], "75": [-0.028846180421877275, 1.0219620171624804], "76": [-0.030607047461409603, 1.0959307130477274], "77": [-0.03302967780642086, 1.2193102922556047], "78": [-0.03529611033465665, 1.3939792513409428], "79": [-0.03610610208848761, 1.6219284234353073], "80": [-0.033692788153176646, 1.9047922408200832], "81": [-0.026137376448173932, 2.2428242715320654], "82": [-0.012265007770654287, 2.6318259414307263], "83": [0.006816670650907689, 3.056853791060021], "84": [0.026923332174911968, 3.488589676449899], "85": [0.043088258323744126, 3.894145300384264], "86": [0.05288863012877441, 4.252698212840441], "87": [0.05677873696534736, 4.556766675622566], "88": [0.05654726685581252, 4.805504860344856], "89": [0.05410942126521915, 5.0002558959627486], "90": [0.05098944672445999, 5.142950520460287], "91": [0.04821178922260077, 5.2355413403496485], "92": [0.046366914991729194, 5.279604925188634], "93": [0.045713156947441484, 5.2759899152510386], "94": [0.04624051190483526, 5.224611707636795], "95": [0.047666451290996205, 5.124471517256336], "96": [0.04936555638578867, 4.973895485911437], "97": [0.05026771195212543, 4.770909509004687], "98": [0.0488064838499344, 4.5136601089245625], "99": [0.04306702499212833, 4.201068253581835], "100": [0.031377898979573174, 3.834717185000069], "101": [0.013599158197264195, 3.4237447105399865], "102": [-0.007432134179869891, 2.991166463065858], "103": [-0.02664392244425236, 2.5704507859662016], "104": [-0.04019627174452889, 2.1891029799958877], "105": [-0.0473752218818083, 1.8600146420264159], "106": [-0.04954977350864807, 1.5863102617992846], "107": [-0.04867398944970469, 1.3673448198434914], "108": [-0.04648027052125342, 1.2013735422033727], "109": [-0.044218964168424, 1.0864188561367083], "110": [-0.042665706864666156, 1.020700354391103], "111": [-0.042218558136160045, 1.0030145713555763], "112": [-0.04298439504834384, 1.0330189679957273], "113": [-0.044806573895386205, 1.1113177364801712], "114": [-0.04722213691870134, 1.2393150840000224], "115": [-0.04936765569723187, 1.4188874950918249], "116": [-0.04989261934516208, 1.6519804735242885], "117": [-0.04699700858720819, 1.9401166928447247], "118": [-0.03879300015335605, 2.2832405308988135], "119": [-0.024274773074108236, 2.6763206286460637], "120": [-0.0048745424570043215, 3.1028890124151634], "121": [0.014991619999315435, 3.53252104489954], "122": [0.030522265387805413, 3.9331045893311547], "123": [0.039646526025739696, 4.285443436932274], "124": [0.04303182816036549, 4.583042564498659], "125": [0.04251582459750078, 4.825393145837085], "126": [0.03998131698062756, 5.013911292588819], "127": [0.03689669491859622, 5.150518060430354], "128": [0.03423382526377464, 5.237111763968385], "129": [0.03254156383730203, 5.275174489562668], "130": [0.03204458920253889, 5.265433947172872], "131": [0.032699116867997036, 5.207684613347891], "132": [0.03417957637306214, 5.100837031818501], "133": [0.035802013234846546, 4.943179684885749], "134": [0.03642472562242646, 4.732761477778264], "135": [0.0344162830999283, 4.467822877849343], "136": [0.027852453293375, 4.147547302212701], "137": [0.015199709784506913, 3.774290046613213], "138": [-0.003304562640970683, 3.358961855439689], "139": [-0.024362942542827455, 2.9267518319317194], "140": [-0.0428700727693438, 2.511287084256336], "141": [-0.05543755356789191, 2.1379562576252047], "142": [-0.06176761464117503, 1.8177397548598182], "143": [-0.0633904945902077, 1.5529368149766591], "144": [-0.06225449548945927, 1.3426699872657561], "145": [-0.06002251074458338, 1.1851570313063253], "146": [-0.057866776705577445, 1.0784573025514719], "147": [-0.05649761120733881, 1.0208867065492793], "148": [-0.05626234221692261, 1.0113873206824295], "149": [-0.057223247134943686, 1.0497823863939293], "150": [-0.05917298783772809, 1.1368218992205814], "151": [-0.06158097285367882, 1.2739990914897343], "152": [-0.06349611400628978, 1.4632032899342045], "153": [-0.0634744099800243, 1.7063110142079765], "154": [-0.05966159110910192, 2.004635770676338], "155": [-0.05024955224237619, 2.357486190688687], "156": [-0.03458521598668615, 2.758130759171894], "157": [-0.014715436886124963, 3.1872209415495503], "158": [0.004593998830451701, 3.612675829879975], "159": [0.018925048265733074, 4.004202468766442], "160": [0.02683381795784784, 4.345506657693952],