{"0": [-6.414678054252753e-06, 1.3707016437132507], "1": [-0.00039002965182001584, 1.40657148848344], "2": [-0.0010445697643266902, 1.497803727160309], "3": [-0.001103693008857701, 1.6447787013412403], "4": [0.0008425758766870599, 1.8478877895987185], "5": [0.006618421951028877, 2.107113328048518], "6": [0.017994715240130677, 2.420677520191219], "7": [0.03561462704032226, 2.7812935537713335], "8": [0.05750644589202155, 3.1701521940163304], "9": [0.07901578721299558, 3.5566023856278424], "10": [0.09570361438549012, 3.911075107625363], "11": [0.10598095597120107, 4.216658621700804], "12": [0.11073085721548785, 4.467274909970472], "13": [0.11179845263078111, 4.661642985165253], "14": [0.11099421910811064, 4.7999064820948725], "15": [0.10968355601668481, 4.882488186635832], "16": [0.10868372913703253, 4.909740372161307], "17": [0.10827199203828755, 4.881792058600601], "18": [0.10819975896832255, 4.798498369503281], "19": [0.10767901680311753, 4.659505708406958], "20": [0.10537449901790542, 4.46442023783761], "21": [0.0995061384206179, 4.21317367387009], "22": [0.08825458414930701, 3.9071755970291253], "23": [0.07074040971406674, 3.552645907069104], "24": [0.048512252675278505, 3.1665382946727485], "25": [0.025961054479965058, 2.7783511564729677], "26": [0.007754463164698839, 2.4186996279346857], "27": [-0.0040970850176028145, 2.1063536875417803], "28": [-0.010225783016462292, 1.8485054483599805], "29": [-0.012414225485802437, 1.6468427348642034], "30": [-0.012506615015527757, 1.5013338369683513], "31": [-0.011935451405756746, 1.4115775272480968], "32": [-0.011589916629296187, 1.377209554480118], "33": [-0.011815942127286122, 1.3980700411223699], "34": [-0.01243245099998332, 1.4742678593065535], "35": [-0.012721150984073481, 1.6061302086181162], "36": [-0.011414749145153006, 1.7940476284698186], "37": [-0.006778557855219842, 2.0381482034952927], "38": [0.003034250822106117, 2.3372982954193486], "39": [0.019086578643993407, 2.686121552313381], "40": [0.04019322768273474, 3.069257534660681], "41": [0.06224109706659496, 3.458426941441682], "42": [0.08041392411734648, 3.8223252404187846], "43": [0.09232600292629077, 4.140520764958189], "44": [0.09836132241267509, 4.404726808020458], "45": [0.10022926176255635, 4.6128331680993995], "46": [0.09979617283051838, 4.764750230233956], "47": [0.0985517509972224, 4.860852419116379], "48": [0.09744883392691293, 4.901510421788895], "49": [0.09689445486171366, 4.886908973123961], "50": [0.09676710839642483, 4.816970790946899], "51": [0.09640973485249997, 4.691393818187278], "52": [0.09461566469508448, 4.509794552752089], "53": [0.08969425707296115, 4.27200408853563], "54": [0.07978578625019114, 3.9789501668319645], "55": [0.0636867589093956, 3.6353482875071066], "56": [0.04227739400785761, 3.25522178959241], "57": [0.019398954596735185, 2.865655972836734], "58": [-4.790487985425096e-05, 2.4983568025269314], "59": [-0.013353821169593398, 2.175195300024056], "60": [-0.020666357262132035, 1.9054972465977071], "61": [-0.02361588824310106, 1.6917954680847416], "62": [-0.024081144735314194, 1.5343059438728512], "63": [-0.023599480363934798, 1.432684874843897], "64": [-0.023179011416562964, 1.3865597650727501], "65": [-0.023280210109454844, 1.3957265429584955], "66": [-0.023833316107366, 1.4602354766845802], "67": [-0.02423415172549515, 1.5803654118789419], "68": [-0.023328958108767225, 1.756490532521248], "69": [-0.019467963460365723, 1.9888066028802247], "70": [-0.010788246428040363, 2.276538041735353], "71": [0.004019728858572713, 2.615480923335671], "72": [0.024325780262950552, 2.9927088504304065], "73": [0.04653983556530015, 3.382239899282585], "74": [0.0657248438335507, 3.7521830179538918], "75": [0.07890127452573063, 4.079460470733234], "76": [0.08600000200074068, 4.35379530261963], "77": [0.08857151622607515, 4.572248068110837], "78": [0.08849914389998892, 4.734476471799426], "79": [0.08735887412883177, 4.840791427274486], "80": [0.08620568436755939, 4.891563491984289], "81": [0.08554573640121906, 4.887011077683486], "82": [0.08535325761407654, 4.827106342813506], "83": [0.08506873499217468, 4.7115912392135115], "84": [0.08358340994617305, 4.5401021235937655], "85": [0.07928390560114086, 4.312426820935772], "86": [0.07031014974920648, 4.029230625021213], "87": [0.05527433029650867, 3.69432858536228], "88": [0.03460703483254711, 3.3197704766006497], "89": [0.011677674260835196, 2.930569544686096], "90": [-0.008573188977549807, 2.5586527486545645], "91": [-0.022948546627834507, 2.2280736078110133], "92": [-0.031188862908883234, 1.9499450540656313], "93": [-0.034768520875401075, 1.727581043274402], "94": [-0.03556969776586358, 1.5614446603315069], "95": [-0.035198603978995775, 1.4512584830510853], "96": [-0.03474868756436912, 1.3966568101622734], "97": [-0.03476397649841472, 1.397411356794818], "98": [-0.0352549677175122, 1.4535320282971886], "99": [-0.035698713352229614, 1.5652588087386263], "100": [-0.03502345193838626, 1.732944336200516], "101": [-0.03164683297711641, 1.9568092024918402], "102": [-0.0237149792683073, 2.236265061934604], "103": [-0.009784217168100979, 2.5677835842482795], "104": [0.009868617293614101, 2.9399912081386304], "105": [0.03205801214775799, 3.328680970221485], "106": [0.051859737927156785, 3.701980959493337], "107": [0.06590947938391159, 4.035083160764466], "108": [0.07378862330798458, 4.316175426364218], "109": [0.07690340269388538, 4.541616326835811], "110": [0.07713105404830149, 4.710832986426497], "111": [0.07610023957181411, 4.824070392660312], "112": [0.07493456615911108, 4.881687237200633], "113": [0.07420805015561842, 4.883917717346212], "114": [0.07395976000595378, 4.830765542937103], "115": [0.07369531168338454, 4.722005878044902], "116": [0.07237190996936038, 4.5572970319849695], "117": [0.0684322644294252, 4.336416307826217], "118": [0.06003009724598585, 4.05990242570103], "119": [0.045684209606918026, 3.7310837834383133], "120": [0.025559363758730337, 3.360840360787101], "121": [0.0026975408335174174, 2.972751210370908], "122": [-0.018002701881841447, 2.598589281150571], "123": [-0.03305658189420584, 2.2637094001724396], "124": [-0.041921377565031566, 1.9804703264763401], "125": [-0.045946643754216074, 1.752781043739148], "126": [-0.04700263394558802, 1.5813081632493822], "127": [-0.046733316012385014, 1.4658365076257704], "128": [-0.04628425594869687, 1.4060158672280054], "129": [-0.046251548249081065, 1.4016096304615204], "130": [-0.046695144714530006, 1.452604580593017], "131": [-0.04714130236775485, 1.5592133902805188], "132": [-0.046568172772430604, 1.721767189704222], "133": [-0.043437183965263415, 1.940485571973786], "134": [-0.03590972785929252, 2.2148561991460767], "135": [-0.022482457695530308, 2.5416748014682273], "136": [-0.00324630724120867, 2.9103868229425482], "137": [0.018858090575068702, 3.297854707855039], "138": [0.03895935639876794, 3.6724132332711843], "139": [0.053495695722696024, 4.008354269189061], "140": [0.06183761868339669, 4.292935618438383], "141": [0.06529219538001124, 4.522050839833252], "142": [0.06572209322001805, 4.6949599049386554], "143": [0.06477998941796265, 4.811852169269904], "144": [0.06362533514238482, 4.873068466432763], "145": [0.06286838187812512, 4.878844728686706], "146": [0.06258228282943776, 4.829199805272412], "147": [0.06230607389384687, 4.723930227406627], "148": [0.061030868757997, 4.56271487432146], "149": [0.05723026924749221, 4.3453418195256415], "150": [0.049072573541910906, 4.072317724344284], "151": [0.035045692943707935, 3.74679130951102], "152": [0.015202427435474185, 3.379149232623356], "153": [-0.0075751118037808655, 2.9922768663434223], "154": [-0.02843901829789051, 2.617746369026467], "155": [-0.043791069927187634, 2.2814378414513214], "156": [-0.05295363683139529, 1.9963078088354183], "157": [-0.0572073453789845, 1.7665830452083184], "158": [-0.05840772280368946, 1.5930535189010875], "159": [-0.05820999264772762, 1.4755506478456963], "160": [-0.05777953944988728, 1.4137434111654268],