{"0": [7.457330691091414e-06, 6.038048041364122], "1": [0.0004940805599635399, 6.030798494367807], "2": [0.0017456652978365135, 6.01209198561153], "3": [0.0038031133247471184, 5.981130125595729], "4": [0.006726804614750654, 5.936614514804098], "5": [0.010586446291086933, 5.87673227706051], "6": [0.015441034466251974, 5.7991535691222085], "7": [0.02130229549316469, 5.701060071144277], "8": [0.028073315400965342, 5.5792271632555845], "9": [0.03545561389901645, 5.430175110972502], "10": [0.04282691491316603, 5.2503754542654155], "11": [0.04911178951862164, 5.036450354842974], "12": [0.052696573660528934, 4.785279892996884], "13": [0.051474947626631656, 4.494039827420119], "14": [0.04316672831472809, 4.160568123545212], "15": [0.02616046227578382, 3.78516767330897], "16": [0.001105038330137257, 3.3752377701344196], "17": [-0.02761124822416838, 2.950361721101509], "18": [-0.05327113140646951, 2.5378723028553396], "19": [-0.07103490511342408, 2.158678596941195], "20": [-0.07986723006499444, 1.8212411360269298], "21": [-0.08123592799787241, 1.5262386489449105], "22": [-0.0774279455350276, 1.2715687384117094], "23": [-0.07061758502118302, 1.0544132614990653], "24": [-0.06250230627769938, 0.8716815839993718], "25": [-0.0542349504595779, 0.7200424078577474], "26": [-0.046498756702311024, 0.5960080528050189], "27": [-0.0396347326406325, 0.4961205617531988], "28": [-0.03376669258432409, 0.417158130914452], "29": [-0.028898669828002137, 0.3562936297861227], "30": [-0.024980451304993743, 0.3111854035626111], "31": [-0.021947226170246706, 0.28001275238746604], "32": [-0.019741636650500195, 0.26147825803886243], "33": [-0.018325121551520933, 0.2547964412810788], "34": [-0.017683147911471866, 0.2596819121916192], "35": [-0.01782686575595499, 0.27634424221565707], "36": [-0.01879206497040588, 0.30549202886383403], "37": [-0.020634844472925157, 0.3483444322685808], "38": [-0.023421804666027106, 0.4066438510587607], "39": [-0.027210590880803926, 0.48265763128749883], "40": [-0.03201430741701387, 0.579150174337209], "41": [-0.03774158012540614, 0.6993027994465416], "42": [-0.044105336552889354, 0.8465652542700137], "43": [-0.050501870558606596, 1.0244505629257334], "44": [-0.05588107827704606, 1.2363327842066447], "45": [-0.05865759036514525, 1.485333147521457], "46": [-0.056747106609861715, 1.7742823456934336], "47": [-0.04786642164926893, 2.1053881941892794], "48": [-0.03034131407688473, 2.478542968496734], "49": [-0.004661960081745075, 2.886845073352328], "50": [0.02497907970340256, 3.3113519067449917], "51": [0.051896289721733296, 3.7248225619571347], "52": [0.07107982373500944, 4.105766686840281], "53": [0.0813186788219774, 4.44515752173524], "54": [0.08399716654487835, 4.742054697933871], "55": [0.08138657491055971, 4.998478049188085], "56": [0.07567706740802428, 5.217216069816823], "57": [0.06859257003280717, 5.401334934946171], "58": [0.06131240058060293, 5.554140481051015], "59": [0.05454141639234464, 5.679098991775669], "60": [0.048636119023357384, 5.7796541466607625], "61": [0.04373048459812953, 5.859019159360267], "62": [0.03983493034521387, 5.920014273400863], "63": [0.036903358379229, 5.964971599192191], "64": [0.03487395019809236, 5.995695953285788], "65": [0.033691970242737616, 6.013459685455093], "66": [0.03332153562502551, 6.019011807483337], "67": [0.033751001235743955, 6.012588063812557], "68": [0.03499448438315287, 5.993914706358077], "69": [0.03709030090116015, 5.962203794197669], "70": [0.040095485188771825, 5.916142443929386], "71": [0.04407380131169245, 5.853883584845128], "72": [0.04907250728954779, 5.773052006975337], "73": [0.05508082186922121, 5.67078587612695], "74": [0.06196180721453829, 5.54383601308218], "75": [0.06935220314792856, 5.388733803394266], "76": [0.07653600186686665, 5.2020040712607685], "77": [0.08231988338491975, 4.980350968092421], "78": [0.08496916359303297, 4.720740978082908], "79": [0.08230013223655662, 4.420463090815775], "80": [0.07209093854760168, 4.077698457314491], "81": [0.05308490277808636, 3.6938735519084442], "82": [0.026702598764528046, 3.278871020800925], "83": [-0.0018748669368766182, 2.85493093810547], "84": [-0.026006359809205723, 2.4491207627172518], "85": [-0.04171150401193627, 2.079498027132775], "86": [-0.04869000802973247, 1.7522167081995657], "87": [-0.04871275262054036, 1.4670237810169844], "88": [-0.04409174257008433, 1.2215820597497526], "89": [-0.0369075447514231, 1.0130231318372083], "90": [-0.028731544858025843, 0.8382252947930359], "91": [-0.02060077362970005, 0.6938399547943878], "92": [-0.013110924327299515, 0.5764042740980672], "93": [-0.0065464672896369085, 0.4825406861127956], "94": [-0.0010004391215107898, 0.4091576622282181], "95": [0.0035356533319131356, 0.3535946341893537], "96": [0.007112862115755444, 0.31370080788118215], "97": [0.009789774607271368, 0.2878640899184811], "98": [0.011613347475203246, 0.27501226000805923], "99": [0.012609307870312243, 0.27460435428426344], "100": [0.01277818056352978, 0.28662363106687144], "101": [0.01209507257737607, 0.3115774881988884], "102": [0.010513125766356386, 0.35050454558120975], "103": [0.007972311301276501, 0.40498398178945977], "104": [0.004417279661747891, 0.47713625791105113], "105": [-0.0001696711763943758, 0.5695976598501883], "106": [-0.0057124992747816326, 0.6854463093613807], "107": [-0.011954825864961766, 0.8280616750476335], "108": [-0.01834267878657428, 1.0009238669782647], "109": [-0.02389408668393687, 1.2074050166063188], "110": [-0.027100763477469043, 1.4506383214622884], "111": [-0.025940733793313367, 1.7334776262538054], "112": [-0.018130117905174426, 2.0582469480637693], "113": [-0.0018407560806557718, 2.425327018407256], "114": [0.022848052381508836, 2.8291037221088113], "115": [0.05228722316519097, 3.252415590361306], "116": [0.07993217534142681, 3.6684643035055484], "117": [0.1003342086084617, 4.054259023784334], "118": [0.1117827506627931, 4.3991585455023445], "119": [0.11541164419808105, 4.701443554909578], "120": [0.1134384165085533, 4.962888020587688], "121": [0.10809293184665136, 5.186201892025231], "122": [0.10117112063676807, 5.374393750818427], "123": [0.09392560227429249, 5.530710402224373], "124": [0.08712141567853367, 5.658571338483822], "125": [0.08115804365349656, 5.761395489313779], "126": [0.07619715078996105, 5.8423908089949785], "127": [0.07226577383846484, 5.904381816166475], "128": [0.06932755772948417, 5.949703284832386], "129": [0.06732674926837888, 5.980151932403507], "130": [0.06621309428248395, 5.996974668741895], "131": [0.0659547892864224, 6.000873189528794], "132": [0.06654432324625326, 5.99201095153979], "133": [0.06799977437414358, 5.970015110642691], "134": [0.07036216351441874, 5.933971720227342], "135": [0.07368760191989353, 5.8824179254075935], "136": [0.07803090592432736, 5.813340933096106], "137": [0.08341498536452124, 5.724200334960483], "138": [0.08977821114958671, 5.61199573684947], "139": [0.09689207481646071, 5.47339906866954], "140": [0.10424753071354426, 5.30494985289644], "141": [0.11092459080650502, 5.103267821879511], "142": [0.1154863627141512, 4.8651985764168115], "143": [0.11597156060284228, 4.587859832081299], "144": [0.11010514511221892, 4.268829825922551], "145": [0.09593787229344176, 3.907328732689359], "146": [0.073197511098749, 3.5078703122146573], "147": [0.045021909035123445, 3.0859403510400387], "148": [0.01775421183982553, 2.6676780362469095], "149": [-0.002790944612321075, 2.2773265786703245], "150": [-0.014415322427370777, 1.9271095824883677], "151": [-0.017988520115074198, 1.6195632497363002], "152": [-0.015661855812242734, 1.3531752802925212], "153": [-0.009696505743075564, 1.1253086090288065], "154": [-0.0019546990712635388, 0.9329980299217854], "155": [0.0062414561430339955, 0.7730398979460411], "156": [0.01406924345699623, 0.6420456342886974], "157": [0.021088009068529215, 0.536604035022306], "158": [0.027110036829384548, 0.45349229199529734], "159": [0.032093471689298325, 0.3898566011407726], "160": [0.03606707694444127, 0.34332805739158573],