{"0": [-2.3911305954009017e-05, 0.7733190491161954], "1": [-0.0015695564827439778, 0.7897600013764874], "2": [-0.005405449783419314, 0.8317480650913096], "3": [-0.011270807064873779, 0.8999022473844865], "4": [-0.018667497362902602, 0.9951138385883211], "5": [-0.026766044787824635, 1.1184416981030512], "6": [-0.034302564754508866, 1.2710353969458525], "7": [-0.03949707570289065, 1.4541395295102755], "8": [-0.04003317849914289, 1.6691968258721588], "9": [-0.033158489479744174, 1.9179560792809833], "10": [-0.0160327281661118, 2.2022419115821616], "11": [0.013385705459932054, 2.522556185992974], "12": [0.05452747024662505, 2.8742884254519367], "13": [0.10211612228932607, 3.242656483119639], "14": [0.14712362100971618, 3.6044314074557913], "15": [0.18202837488393742, 3.939904446143535], "16": [0.20422267824192297, 4.2402866429733415], "17": [0.2148392471398631, 4.504457399064931], "18": [0.21654098584067186, 4.734005093386369], "19": [0.2122178441875243, 4.930833889601852], "20": [0.2044360419549696, 5.096542708285917], "21": [0.1952484805609759, 5.232450379574331], "22": [0.18617048116101229, 5.33972880091046], "23": [0.1782388418821935, 5.419459805972711], "24": [0.1721087640762512, 5.472594346473572], "25": [0.16815455462209306, 5.499857401985832], "26": [0.16654950608723326, 5.501651865681732], "27": [0.16731069172864266, 5.477999237004474], "28": [0.17030264470123302, 5.428535231969279], "29": [0.17519944662080672, 5.3525618011335325], "30": [0.18141008198647618, 5.2491407477690535], "31": [0.18797978548222763, 5.1171945397477145], "32": [0.1934906086261099, 4.955562426413815], "33": [0.1959946356453908, 4.762964084694705], "34": [0.19302373427493344, 4.53787822721881], "35": [0.18174867072566497, 4.278488938116967], "36": [0.15945461364830515, 3.9831658158516774], "37": [0.12468432116814751, 3.652492738429647], "38": [0.07931360755027136, 3.2938363749058284], "39": [0.030135020845586342, 2.9253897626304903], "40": [-0.013690164751015109, 2.5706770247191626], "41": [-0.0460873152987805, 2.2461404534483096], "42": [-0.06587303935738298, 1.9575635198375725], "43": [-0.07485644051934565, 1.704817036749531], "44": [-0.075859602250017, 1.4860863980652244], "45": [-0.07170163800077882, 1.299556773127398], "46": [-0.06479400813278263, 1.1437428188702465], "47": [-0.05701614328444116, 1.0173959736210454], "48": [-0.04972319538028547, 0.9193870640675796], "49": [-0.04382069967661748, 0.8486826089070588], "50": [-0.039865265009421336, 0.8044080674932615], "51": [-0.038160012370821075, 0.785947373373314], "52": [-0.0388234496649028, 0.7930290200011267], "53": [-0.04182040946530707, 0.8257673246209182], "54": [-0.04695101672256589, 0.8846465569100829], "55": [-0.05379898406526906, 0.9704520078983757], "56": [-0.061646719959054165, 1.0841697754755364], "57": [-0.06937381949444368, 1.2268972315865667], "58": [-0.07536625487417677, 1.39981827873316], "59": [-0.07747322797256383, 1.6042776327968122], "60": [-0.07306259599010978, 1.8419045968636383], "61": [-0.0592727889651284, 2.114540262908623], "62": [-0.033691261199844585, 2.423316366587838], "63": [0.004142334181098573, 2.7656970085592825], "64": [0.05052012875239695, 3.1303398932804614], "65": [0.09717669120725275, 3.495707979905883], "66": [0.135595780116955, 3.839772106701992], "67": [0.16165743720109177, 4.150427846308573], "68": [0.1756027538863738, 4.424792441957015], "69": [0.17979853414647612, 4.6639609062381275], "70": [0.17713578365526605, 4.869828557574801], "71": [0.17030049401510547, 5.044074214291472], "72": [0.16150305224886816, 5.188064257866431], "73": [0.1524151094736718, 5.302979826782083], "74": [0.14420823885993844, 5.389902303354319], "75": [0.1376422324390817, 5.4497993106203175], "76": [0.13316620651800462, 5.483441810261187], "77": [0.13100486720874235, 5.491306029261632], "78": [0.13121259785004813, 5.4735036376593476], "79": [0.13368714805210694, 5.429763757276787], "80": [0.13814113904718986, 5.359472288286856], "81": [0.1440351273347841, 5.261757214560042], "82": [0.15048344200367422, 5.135589174457854], "83": [0.1561541907662068, 4.979847880285246], "84": [0.15919523776230451, 4.7933037310191535], "85": [0.1572278590031473, 4.5745081477984755], "86": [0.14747323526318343, 4.321712005225312], "87": [0.1271557231195949, 4.033207271811684], "88": [0.09449970273489458, 3.7090007402395444], "89": [0.05065825638993673, 3.3549524263091497], "90": [0.0015944627666433873, 2.9874206006174098], "91": [-0.04359808427964565, 2.629821467154652], "92": [-0.07808488951479686, 2.3003458778194825], "93": [-0.09994578333077961, 2.006351326256621], "94": [-0.11063586937307138, 1.74837768739879], "95": [-0.11288618226980199, 1.5247574935247532], "96": [-0.10954407928125628, 1.3336595482961464], "97": [-0.10309508596205938, 1.173568355692973], "98": [-0.09550504166533505, 1.043228541191799], "99": [-0.0882108205759229, 0.9415212520126331], "100": [-0.08218601913940715, 0.8674239216416147], "101": [-0.07803837917462902, 0.8200610843031405], "102": [-0.07610618014874088, 0.7987994970841797], "103": [-0.07653052653441747, 0.8033361892901801], "104": [-0.0792905917683365, 0.8337448895918823], "105": [-0.08419681823202829, 0.8904660164530396], "106": [-0.09084291530798576, 0.974242819845223], "107": [-0.0985238710435865, 1.0860244366432925], "108": [-0.10613621761945419, 1.2268768858481423], "109": [-0.11208747862855678, 1.3979556036257208], "110": [-0.11425141798616287, 1.600574812590576], "111": [-0.11001933420441859, 1.8363284102260362], "112": [-0.09654266285133824, 2.1070265327884754], "113": [-0.07138961653963653, 2.4138177283591844], "114": [-0.03400740464859882, 2.7543310228256925], "115": [0.01208179317077039, 3.117605151543073], "116": [0.058772190242623756, 3.4824342521770792], "117": [0.0975098962398053, 3.826667879926085], "118": [0.12401412578721004, 4.137820074110712], "119": [0.13840139721245726, 4.412738286304967], "120": [0.14298174984072998, 4.652405614041119], "121": [0.14063034305862138, 4.858682414713503], "122": [0.13403649286939978, 5.033234369537973], "123": [0.12542229132065846, 5.177414267423893], "124": [0.11647409009649913, 5.292383595862245], "125": [0.10837791858527608, 5.379199320221571], "126": [0.10190559941534505, 5.438803201691808], "127": [0.09751439085381516, 5.4719420162727], "128": [0.09543219679412017, 5.479071854508659], "129": [0.09571063133443879, 5.4602902485293905], "130": [0.09823745255488839, 5.415320062804015], "131": [0.10270662711370873, 5.343550371486779], "132": [0.10855026064974102, 5.244121808183126], "133": [0.11484452045176274, 5.11602394670226], "134": [0.12021199520332193, 4.958154407111594], "135": [0.12275318046812272, 4.769291345528638], "136": [0.12005009497854817, 4.547981137136061], "137": [0.10931165307861779, 4.29247902300292], "138": [0.08781712023442657, 4.001175075591785], "139": [0.05399025104288776, 3.674464204841755], "140": [0.00939388172115485, 3.3190937185137814], "141": [-0.03957873253459443, 2.9524161758415737], "142": [-0.08386421840192863, 2.59780256927795], "143": [-0.11710967215791114, 2.2723830550257595], "144": [-0.13782327488026458, 1.9826332669199105], "145": [-0.14764727407948774, 1.7287638408076833], "146": [-0.14934521996990469, 1.509074924391875], "147": [-0.1457315681673644, 1.3217867058880421], "148": [-0.13923711131278882, 1.1654374459616972], "149": [-0.13177026478282491, 1.0388125329093414], "150": [-0.12471686675000354, 0.940828345930991], "151": [-0.11900965742650688, 0.8705025731327054], "152": [-0.11522551328238709, 0.8270106480212637], "153": [-0.11367856993210101, 0.8097799391935756], "154": [-0.1144871764741533, 0.8185717787455283], "155": [-0.11760262092690871, 0.8535190421976073], "156": [-0.1227953822123183, 0.9151068430575747], "157": [-0.12960080620488765, 1.0041019977236123], "158": [-0.13723319995587752, 1.1214562140341837], "159": [-0.14448697592075913, 1.2682278639825226], "160": [-0.14965406521964508, 1.4455750348825354], "161": [-0.15049644980915075, 1.654843139962731],