{"0": [-5.865334923581605e-06, 4.447976191880382], "1": [-0.0003979601303261634, 4.430729921272793], "2": [-0.0014950245659010241, 4.38703398688534], "3": [-0.0035605506702249524, 4.317122983537062], "4": [-0.006994576027537442, 4.221435336624419], "5": [-0.012286018681271929, 4.100713588741191], "6": [-0.019929984405943176, 3.9561690492195503], "7": [-0.030301861035010858, 3.7897308117507995], "8": [-0.04349478284957606, 3.6043728781778297], "9": [-0.05916072163123601, 3.4044333221423857], "10": [-0.07643995866038075, 3.195718419340781], "11": [-0.09407262669544815, 2.9851459094467927], "12": [-0.1106997635560585, 2.77989884817385], "13": [-0.12521742384777917, 2.5864444737293586], "14": [-0.13700047617957903, 2.4098963457898948], "15": [-0.14592252365732142, 2.2538998639598167], "16": [-0.15223173099743198, 2.1208735277396413], "17": [-0.15638171080346525, 2.012353265540986], "18": [-0.15888287803636045, 1.9292889286270811], "19": [-0.16019665819577764, 1.8722521599795463], "20": [-0.16067021137636825, 1.8415674060041196], "21": [-0.16050107788646467, 1.8373878373463826], "22": [-0.1597215488952466, 1.8597317732294047], "23": [-0.15819656190370035, 1.9084870774346927], "24": [-0.15563418100623455, 1.98338456541743], "25": [-0.1516131208340389, 2.083935441740515], "26": [-0.14563633470909074, 2.209320261013033], "27": [-0.13722165358384938, 2.358209310428841], "28": [-0.126035942298914, 2.5284966200232737], "29": [-0.11206121079612501, 2.71696467384196], "30": [-0.09574386226710715, 2.918988050315364], "31": [-0.07803583084144587, 3.1285026314083635], "32": [-0.06024250795176328, 3.338466546595394], "33": [-0.04369745948083562, 3.5417691204328743], "34": [-0.02942158024379788, 3.732176540659464], "35": [-0.01793839672303567, 3.904868205894017], "36": [-0.009289461496744585, 4.056462522796848], "37": [-0.003174237544167858, 4.184738455099964], "38": [0.0008814341420212539, 4.288293402168362], "39": [0.0033844946432478986, 4.366263558450931], "40": [0.0047774415711627615, 4.418132785617774], "41": [0.005379781743457361, 4.443613991615577], "42": [0.005357210377544173, 4.442581883511088], "43": [0.004708942253409046, 4.415043177940299], "44": [0.0032679803617573504, 4.361138192973695], "45": [0.0007144587583675197, 4.281173922040114], "46": [-0.003392490385803342, 4.175694902788366], "47": [-0.009554671954455805, 4.045606018596941], "48": [-0.018235816232039515, 3.892368130937497], "49": [-0.029719430674236096, 3.718280821844677], "50": [-0.043940946225928534, 3.5268218336344717], "51": [-0.06035201478637325, 3.322910990440288], "52": [-0.07791292111483161, 3.1128566313942136], "53": [-0.09528519440067552, 2.9037900769940848], "54": [-0.1111748992494083, 2.702710166890127], "55": [-0.1246528231660587, 2.515592327222493], "56": [-0.1352978497138859, 2.3469589505873514], "57": [-0.14314898781929097, 2.1999346935925375], "58": [-0.14855339087985742, 2.0765530497218267], "59": [-0.15200066891090344, 1.9780915440215419], "60": [-0.1539905145469267, 1.9053334833932785], "61": [-0.15494394515518475, 1.8587428007327333], "62": [-0.15515115691025613, 1.838570911440788], "63": [-0.1547449457180786, 1.844915655774095], "64": [-0.1536908593533889, 1.8777445475829266], "65": [-0.15178990434695064, 1.936887064571317], "66": [-0.14869503794712763, 2.0219947126361015], "67": [-0.14394786192318726, 2.132461117302378], "68": [-0.13704573486830574, 2.267286364229068], "69": [-0.12754950952897318, 2.4248643911435055], "70": [-0.11523315119251047, 2.602684282527613], "71": [-0.10025100332910133, 2.7969919627866724], "72": [-0.08325561313522692, 3.002569622746462], "73": [-0.06536793973353126, 3.212883920676177], "74": [-0.04794555682611403, 3.4207528959984415], "75": [-0.03222867809650508, 3.619328720513251], "76": [-0.01904758155146576, 3.802915885346421], "77": [-0.00872157219847157, 3.9672921191978023], "78": [-0.0011361514118008575, 4.10958112280554], "79": [0.004096456485198559, 4.227926609655525], "80": [0.007476260289805305, 4.3211680086629345], "81": [0.009492060179633537, 4.388597200136311], "82": [0.010540969363193833, 4.429799363453566], "83": [0.010882317668597296, 4.444557264714482], "84": [0.010615032921570074, 4.432800290755817], "85": [0.009670506425633989, 4.39458768740732], "86": [0.00781784929278645, 4.33012256378291], "87": [0.004683873118696241, 4.239799143987663], "88": [-0.00020486008007509148, 4.124292552907786], "89": [-0.007347302835923847, 3.984708499984906], "90": [-0.01715121568953208, 3.8228136583184367], "91": [-0.029776928824292986, 3.6413487976682357], "92": [-0.04497354555387273, 3.4443592361520246], "93": [-0.061983690869338345, 3.2373600647033562], "94": [-0.07961391609810684, 3.0270844991189434], "95": [-0.09650280089887336, 2.8207228651844702], "96": [-0.11147741418994364, 2.6249340918851374], "97": [-0.12381209276994162, 2.4451161325379394], "98": [-0.13328737263555612, 2.285192446483989], "99": [-0.14008748701539628, 2.1478009969196843], "100": [-0.14463468489859452, 2.034631435192417], "101": [-0.147434410191439, 1.9467352913693352], "102": [-0.148961076994699, 1.8847505460236242], "103": [-0.14958560590281106, 1.8490457804026363], "104": [-0.1495350094849011, 1.839805343330922], "105": [-0.1488734701738416, 1.8570726244443159], "106": [-0.14749784911682612, 1.900760339842447], "107": [-0.1451456540042867, 1.9706300032214419], "108": [-0.1414189035836209, 2.066236819152028], "109": [-0.13583210543397245, 2.186829072319478], "110": [-0.12789517590543853, 2.331183208431895], "111": [-0.1172392053043127, 2.4973551586873275], "112": [-0.10377806523093237, 2.682355259843169], "113": [-0.0878652658546969, 2.881833953988232], "114": [-0.07036170324201818, 3.089984678225731], "115": [-0.05252230697701615, 3.2999054904738343], "116": [-0.03569614361086064, 3.504442554118987], "117": [-0.020976221432475073, 3.6971614314557244], "118": [-0.008979622138156338, 3.8729751441097395], "119": [0.0001707581879040194, 4.028254720681559], "120": [0.006722564400299063, 4.160589354068558], "121": [0.011126295472562973, 4.268445386674672], "122": [0.01388799600765592, 4.350872691218168], "123": [0.015464367145332947, 4.407298663740146], "124": [0.016197988977440073, 4.437398322974758], "125": [0.016282213532568444, 4.441019124799363], "126": [0.015745699434340506, 4.4181451464016295], "127": [0.014450537613211419, 4.368893312020189], "128": [0.012103148045612333, 4.293540737891532], "129": [0.008282480298396153, 4.192588329349284], "130": [0.002494527192250806, 4.06687327672486], "131": [-0.005736044791667638, 3.9177504245120973], "132": [-0.01673119095713582, 3.747359364883637], "133": [-0.030494241366701695, 3.558957817281179], "134": [-0.04656405574577331, 3.357209831668051], "135": [-0.06397975063433803, 3.148201748826336], "136": [-0.08143812081581123, 2.9389672131604643], "137": [-0.09761918723933787, 2.7365772211723156], "138": [-0.11152121071524052, 2.5472093759020713], "139": [-0.12263785938200084, 2.3756306539059127], "140": [-0.13093833143056463, 2.225182592789928], "141": [-0.13672691331884634, 2.0980608951980906], "142": [-0.14047613224063954, 1.995653786145634], "143": [-0.14268796392704924, 1.9188172996124744], "144": [-0.14379824928981755, 1.8680631222953363], "145": [-0.14411922402529587, 1.8436750284700658], "146": [-0.14380934691289268, 1.8457746030222018], "147": [-0.14286108264840044, 1.8743497842292693], "148": [-0.1411016671735898, 1.9292520409841853], "149": [-0.13820721026653116, 2.010161849097121], "150": [-0.13373574170819535, 2.1165158602349536], "151": [-0.1271888958948635, 2.24738135220737], "152": [-0.11811271066946084, 2.4012572517819923], "153": [-0.1062408778976805, 2.575789072407744], "154": [-0.09166134427087078, 2.7674322802337037], "155": [-0.07494649121833984, 2.9712017632596037], "156": [-0.057151179226716316, 3.180749653867562], "157": [-0.03961165401896514, 3.3889530714583502], "158": [-0.023602011071177757, 3.5888704696025924], "159": [-0.01002300380716422, 3.77460933039572],