{"0": [-3.730664030159113e-05, 4.344860807330969], "1": [-0.002530369219869391, 4.321689001602739], "2": [-0.009503187828902136, 4.262684729572815], "3": [-0.02265995450449056, 4.167258311482293], "4": [-0.04470285925618061, 4.0342149447535505], "5": [-0.07913999131808938, 3.8616558635505656], "6": [-0.1295796724510371, 3.6477021393890445], "7": [-0.19749145148116662, 3.3940660945807584], "8": [-0.277592319606091, 3.114445694831179], "9": [-0.356196113818854, 2.837947313009824], "10": [-0.42064629352421934, 2.5916927688493665], "11": [-0.4672070506361036, 2.3864840577312636], "12": [-0.4980891295482982, 2.2227293101561183], "13": [-0.5170609646986564, 2.0982728009821745], "14": [-0.527563601315522, 2.011250764965933], "15": [-0.5321567280441271, 1.9605439538930434], "16": [-0.5323779229848276, 1.9456147099103223], "17": [-0.5287087734167533, 1.966311087138667], "18": [-0.5205703263828816, 2.0227955237717725], "19": [-0.5063361542516788, 2.115626272704118], "20": [-0.4833826748667931, 2.2459470643986186], "21": [-0.448272231248234, 2.415590252728757], "22": [-0.3974191683319336, 2.6264152086106467], "23": [-0.32920601434701613, 2.8769638489263127], "24": [-0.24845031906819592, 3.1543669469790934], "25": [-0.16840533886998504, 3.4302913369698733], "26": [-0.10192486621342489, 3.6772193354393825], "27": [-0.053179274823078646, 3.883554676390378], "28": [-0.020188781199853983, 4.0485018107971475], "29": [0.0007469558176887846, 4.174120667894781], "30": [0.013065754090983723, 4.262276552126999], "31": [0.019346466986286937, 4.314109516808246], "32": [0.021154501686043305, 4.330175187728932], "33": [0.019003877560874315, 4.310637511679423], "34": [0.012351571393725697, 4.255343551115078], "35": [-0.0003894282532137408, 4.163748390535263], "36": [-0.02179917901782802, 4.034733324173188], "37": [-0.05526771531183752, 3.8665095828954597], "38": [-0.1043367093782061, 3.6572730997856766], "39": [-0.17062332062870852, 3.408481121240055], "40": [-0.24944218269029253, 3.132776765755517], "41": [-0.3277678954588581, 2.858096984934706], "42": [-0.39280165662471084, 2.6118850034007397], "43": [-0.4402571771636893, 2.4059593041816516], "44": [-0.4720085557590675, 2.24129288403269], "45": [-0.4916990730824456, 2.115902611223718], "46": [-0.5027373025107157, 2.02794800807222], "47": [-0.5076855759255146, 1.9762940750385847], "48": [-0.5080991354105571, 1.9603847027033443], "49": [-0.5044859621617144, 1.9800558829400208], "50": [-0.496300674856379, 2.0354628988840373], "51": [-0.48195835804077813, 2.1271542861388646], "52": [-0.45888844774741383, 2.256247631192488], "53": [-0.4237263726982146, 2.4245084552406966], "54": [-0.3729936986291864, 2.633651091072354], "55": [-0.3052100695961608, 2.8819843927677615], "56": [-0.22523874380373066, 3.1565301053210293], "57": [-0.14608333386961117, 3.429368035130057], "58": [-0.08026627808998837, 3.673543294105766], "59": [-0.03188274286551295, 3.8775691895718016], "60": [0.0009644940251449076, 4.040514121695179], "61": [0.021876695270568545, 4.164311285234442], "62": [0.03420955685964315, 4.250753773509548], "63": [0.04047469517290768, 4.300947218146737], "64": [0.04218032946725701, 4.31543118544925], "65": [0.039790958243763365, 4.294357792642632], "66": [0.032721593488861646, 4.237557505731002], "67": [0.019353287850189804, 4.14446156848686], "68": [-0.0029073921577353994, 4.013931167751798], "69": [-0.03741877300999475, 3.8442081601444067], "70": [-0.08757119244026546, 3.6337128519058286], "71": [-0.1545651266824539, 3.3846193785540386], "72": [-0.23306029825554145, 3.110785266476188], "73": [-0.30990623005451823, 2.840424581361277], "74": [-0.37308326884993986, 2.599580821691902], "75": [-0.41896903663448587, 2.398900606623052], "76": [-0.4495986484908708, 2.2390779072989613], "77": [-0.46854335128272606, 2.1182053915954926], "78": [-0.47908265373450587, 2.034557759276745], "79": [-0.4836442075311134, 1.987080923598943], "80": [-0.48365334017979006, 1.9752677026769836], "81": [-0.47949461894279244, 1.9989895493692915], "82": [-0.47050728807823133, 2.0584424710823823], "83": [-0.45500364058577725, 2.1542323112443613], "84": [-0.4303374141457098, 2.2875401324594837], "85": [-0.39314282129640643, 2.4601254149120027], "86": [-0.3401560792482849, 2.6733650845270485], "87": [-0.27062321126997946, 2.9243076696221944], "88": [-0.19065597686078384, 3.1976764082862146], "89": [-0.11364554557266829, 3.4647913249063516], "90": [-0.05085126572200481, 3.700999847001335], "91": [-0.005180000575019594, 3.8969312502062845], "92": [0.025627562863812802, 4.052277211559124], "93": [0.04511581057720954, 4.168931862946827], "94": [0.05646330296438534, 4.248533047950128], "95": [0.06198091740158758, 4.292063707238941], "96": [0.0629760645204538, 4.299984517694981], "97": [0.05971790601957591, 4.272389194208749], "98": [0.05143492282029935, 4.209042410725186], "99": [0.036337621887567194, 4.109283613861349], "100": [0.0117003873174774, 3.971870124598083], "101": [-0.02585480013602311, 3.7950439638358993], "102": [-0.07940337343827565, 3.577738749895378], "103": [-0.14904627404051504, 3.324053529421004], "104": [-0.22761618241975173, 3.0512104365830175], "105": [-0.301502824206312, 2.788312604785731], "106": [-0.3605044756221633, 2.558071027252408], "107": [-0.4026175993754306, 2.3682474208297095], "108": [-0.4303736614063864, 2.218681455693507], "109": [-0.4472808825672758, 2.107495766099388], "110": [-0.45638951343447454, 2.0331594712088115], "111": [-0.4598609254244875, 1.99477741273196], "112": [-0.45885032063560477, 1.9919475108582498], "113": [-0.4534769584942861, 2.0246217951579935], "114": [-0.44282486007034927, 2.093088782324752], "115": [-0.4249718920777291, 2.198082423132816], "116": [-0.3970915717703252, 2.340923433357492], "117": [-0.3558028360198823, 2.523346418510604], "118": [-0.29831663335346414, 2.745936836984347], "119": [-0.22544615468195028, 3.002973363567785], "120": [-0.14566257948924072, 3.274823121424674], "121": [-0.07261726264030137, 3.5322945724738064], "122": [-0.015132134913251192, 3.7552101778144724], "123": [0.025808185899800957, 3.937616320343974], "124": [0.05301265713792055, 4.080154055201071], "125": [0.06993053815903168, 4.184663859097053], "126": [0.07945341947749711, 4.252550721980762], "127": [0.08356034465938886, 4.284608705565281], "128": [0.08322069613384507, 4.28117126709411], "129": [0.07837036033925383, 4.2422297427411335], "130": [0.06791673144815887, 4.167427018827157], "131": [0.04977712140248929, 4.055936032056642], "132": [0.021010210003243206, 3.906347512349157], "133": [-0.021737237452849185, 3.717003811701444], "134": [-0.08081622228474429, 3.4880657367441747], "135": [-0.15417561974899638, 3.227473805744432], "136": [-0.23188131417939564, 2.9575756323844935], "137": [-0.30060415976437765, 2.706970586193967], "138": [-0.3532080325069666, 2.4927480774682573], "139": [-0.38975665081608846, 2.3190118837708678], "140": [-0.4133010168290086, 2.1846934057208123], "141": [-0.42719648145370137, 2.088022045076049], "142": [-0.4341429395178588, 2.0277358106634384], "143": [-0.4359042148937249, 2.003151482340083], "144": [-0.43323095653973276, 2.0140124690234353], "145": [-0.4258433517027796, 2.060395548585637], "146": [-0.412441925668129, 2.1427439169763414], "147": [-0.39075974736461305, 2.261997747303826], "148": [-0.3577384063548803, 2.4196535847681426], "149": [-0.3101171191436318, 2.6171856991068667], "150": [-0.2462106614849944, 2.8532833667075956], "151": [-0.16968520092414402, 3.1170818235383195], "152": [-0.09192236393017503, 3.383538189621483], "153": [-0.02538662749996659, 3.62565832643097], "154": [0.024700797710819827, 3.829844544501075], "155": [0.05939088056996195, 3.993723625619852], "156": [0.08190779145654614, 4.1186890924953365], "157": [0.09546891066797873, 4.206402142418175], "158": [0.10254749535527026, 4.257968087486439], "159": [0.10465935340975578, 4.273953120798743], "160": [0.10230427742747566, 4.254529844135408], "161": [0.0949558002890533, 4.199540415053369],