{"0": [-7.990913736312741e-06, 4.570685311834301], "1": [-0.0005696119456743835, 4.545247990198362], "2": [-0.0023927556282496505, 4.480685577764757], "3": [-0.006519610226929784, 4.376987825138565], "4": [-0.014568345835153693, 4.234076720783517], "5": [-0.02856509175202503, 4.051875716803005], "6": [-0.05053654958869936, 3.8308514303807417], "7": [-0.08162689634703084, 3.5737340352055416], "8": [-0.12062419347430849, 3.2889394844948194], "9": [-0.16286934252071897, 2.993390751781633], "10": [-0.20182190152739227, 2.7086977388689717], "11": [-0.2327501355732856, 2.4518722711955574], "12": [-0.254393660244649, 2.231353785534313], "13": [-0.26789688912618825, 2.049822117282468], "14": [-0.27530953510548034, 1.9076805681055398], "15": [-0.27868602175207724, 1.8048039269122125], "16": [-0.2796732972530651, 1.7410826807778645], "17": [-0.2793425579832803, 1.7164876834343747], "18": [-0.2781271356644085, 1.7310174299884584], "19": [-0.2758057358883715, 1.784662202690731], "20": [-0.2715118713659103, 1.8774195905934272], "21": [-0.26378056994940324, 2.009342556064245], "22": [-0.2506791861008578, 2.180522015007841], "23": [-0.23013125618510258, 2.390724514295686], "24": [-0.200643468347492, 2.6380755580652293], "25": [-0.16263838198662256, 2.916074180389205], "26": [-0.11983899491926595, 3.2101211449481], "27": [-0.07858801545586802, 3.499081832724313], "28": [-0.04438807086025516, 3.7639935814061394], "29": [-0.019400638772435082, 3.9942163577371494], "30": [-0.002976224380330495, 4.185895647441632], "31": [0.006793377668308171, 4.338235896960513], "32": [0.0120056897447995, 4.451293472628143], "33": [0.01443156710021561, 4.52519205569427], "34": [0.015298658825501675, 4.559975455082331], "35": [0.015208531844818613, 4.555646463508665], "36": [0.014110745435828879, 4.512212230969081], "37": [0.011305641904153462, 4.429682453721777], "38": [0.005479176444161874, 4.30802576296888], "39": [-0.005194088212171093, 4.147156054174736], "40": [-0.022790737592813318, 3.947168185124009], "41": [-0.04903894692197332, 3.709337621985852], "42": [-0.08414307287793875, 3.438650912597227], "43": [-0.12528074604547176, 3.1474813002968807], "44": [-0.1665453557701224, 2.8558836334252766], "45": [-0.20190126466116143, 2.5841835492020464], "46": [-0.22830521961664993, 2.3451974144696015], "47": [-0.24583818461300377, 2.1441351586807174], "48": [-0.25620584734740576, 1.9823043737106365], "49": [-0.26151197142256216, 1.8597645767364939], "50": [-0.2636282865098676, 1.7763893780379227], "51": [-0.26392236114982626, 1.7321196193999693], "52": [-0.2631504377559808, 1.7269489461552854], "53": [-0.26142099509224315, 1.7608731388195826], "54": [-0.25819128872577235, 1.8338792273612736], "55": [-0.25229298289451907, 1.9459814698582798], "56": [-0.24201414246218436, 2.0972523524104045], "57": [-0.22531089072846486, 2.287675406715405], "58": [-0.20030500530689155, 2.5163891772511082], "59": [-0.16630806917305768, 2.7795761277253996], "60": [-0.12532910442586392, 3.066863280206964], "61": [-0.08268938713753515, 3.3596527804006726], "62": [-0.04471608986888115, 3.6368610873913583], "63": [-0.015264954813538333, 3.883647539988785], "64": [0.005126028276316941, 4.0933151884985435], "65": [0.01790374507382038, 4.2639268441961935], "66": [0.025141724453107278, 4.395254517999815], "67": [0.028789366052773397, 4.487411808781224], "68": [0.03033744973302835, 4.540472010620994], "69": [0.030683201338349855, 4.554447002697314], "70": [0.03008187880756897, 4.529338487584127], "71": [0.028137071721123934, 4.465159949410739], "72": [0.023818960653849815, 4.361909815015968], "73": [0.015530275737149551, 4.219532144472683], "74": [0.0012806510283527694, 4.038002524398742], "75": [-0.020896602558674673, 3.8178992728993886], "76": [-0.05205543122098745, 3.562152078888259], "77": [-0.0908898937959511, 3.2794132165614065], "78": [-0.132734020474622, 2.9866486629175584], "79": [-0.17118614069911, 2.7051515749331405], "80": [-0.20168577630316387, 2.4515332070032203], "81": [-0.22305260603191093, 2.234047024716401], "82": [-0.2364265048700113, 2.055365836476778], "83": [-0.243816066304839, 1.9159409384046344], "84": [-0.24722553785834273, 1.8156902126230785], "85": [-0.24825226192338964, 1.7545293493450698], "86": [-0.24792072958723166, 1.7324395813562372], "87": [-0.24662073481019114, 1.7494208880639937], "88": [-0.2440912119193335, 1.8054609952326954], "89": [-0.23943234548760886, 1.9005526555116348], "90": [-0.23115913951080216, 2.0347354722386166], "91": [-0.21734695572599144, 2.208051978562977], "92": [-0.19598446024384295, 2.4201156173617493], "93": [-0.16574692677590833, 2.6686638052129728], "94": [-0.1273512230814572, 2.946480117728622], "95": [-0.08479918084404799, 3.2382499343638345], "96": [-0.04439173894494523, 3.5229152598293703], "97": [-0.011263421134735423, 3.7824114172182486], "98": [0.012767457992930432, 4.006925830256723], "99": [0.028496574784086265, 4.192964324144828], "100": [0.037836150008468745, 4.339799088324723], "101": [0.04282346493650684, 4.447460124785581], "102": [0.04514610486328855, 4.516037946174126], "103": [0.0459422024488955, 4.545558810034164], "104": [0.04572382690941914, 4.536022025849332], "105": [0.04435402913211202, 4.487437725471887], "106": [0.04105360948381722, 4.399818851912832], "107": [0.03444498557846494, 4.273140425094432], "108": [0.022675333209354755, 4.107355123996504], "109": [0.003719160611869813, 3.902720958738081], "110": [-0.02394518874609236, 3.661002798884781], "111": [-0.06008320369901502, 3.38824443489451], "112": [-0.1013243823809207, 3.098194513083064], "113": [-0.14159528557503268, 2.811353256610193], "114": [-0.1753249942146363, 2.5468988623591806], "115": [-0.2000867730308482, 2.3161424424934856], "116": [-0.21630806348505993, 2.123458049258022], "117": [-0.22577798256150863, 1.9698975347219263], "118": [-0.2305466958444486, 1.8555040565402028], "119": [-0.2323763311168913, 1.7801869991311543], "120": [-0.23250526440448738, 1.743912816938013], "121": [-0.2315556384125875, 1.7466820155856577], "122": [-0.2295032730621426, 1.7884869780536508], "123": [-0.22567962378974382, 1.8693114469010994], "124": [-0.21880794554014035, 1.9891680541538332], "125": [-0.20710892823693536, 2.148101503835583], "126": [-0.18856349016173077, 2.3459388972113286], "127": [-0.16150956742767153, 2.58128488610647], "128": [-0.125793568489865, 2.849038541267551], "129": [-0.08421223401639027, 3.1368704715747424], "130": [-0.042531617398775555, 3.4250418320391236], "131": [-0.006627980419222733, 3.6935881631965306], "132": [0.020513400304967642, 3.92981287307704], "133": [0.03894189269245771, 4.12843504986575], "134": [0.0503027348893119, 4.28804074711648], "135": [0.05664112983561055, 4.408493875185733], "136": [0.05977895775184099, 4.489878315143075], "137": [0.06104179919237861, 4.532233954218951], "138": [0.0611497990533926, 4.535561154510439], "139": [0.06018016638405926, 4.499865007115476], "140": [0.05756468795548667, 4.425163366079862], "141": [0.052119689630018104, 4.3114536271476185], "142": [0.042137931067319424, 4.158697461927174], "143": [0.025619965571854465, 3.967012351384095], "144": [0.000805969341211246, 3.7375204151824786], "145": [-0.03276546317696406, 3.4745734676506954], "146": [-0.07280176138344943, 3.18925716588404], "147": [-0.11388377809948622, 2.9004480298158217], "148": [-0.14994479463622082, 2.6286076533707976], "149": [-0.177504908968688, 2.3876674364613555], "150": [-0.19623966248926583, 2.1838093419641997], "151": [-0.20763652203485336, 2.0188348596455294], "152": [-0.21372074777445615, 1.892989853553175], "153": [-0.21636036335999767, 1.8062041203059187], "154": [-0.21695560217613344, 1.7584329789985282], "155": [-0.21631273657488884, 1.7496748029283846], "156": [-0.21459901811641943, 1.7799268345201096], "157": [-0.21133602462849693, 1.8491707902021357], "158": [-0.20542456680194005, 1.9574013511820234], "159": [-0.19522577371968933, 2.1046488901245874], "160": [-0.17876763640915902, 2.2908311182820507],