{"0": [-9.18163372401635e-06, 0.42890182151510264], "1": [-0.0006067688183175646, 0.4385866448174867], "2": [-0.0021292426770303467, 0.4634555003538256], "3": [-0.004586318469140692, 0.5042457490537424], "4": [-0.007979954670024882, 0.5621277797622468], "5": [-0.012282791197862988, 0.6386778344702624], "6": [-0.01740325378242533, 0.7358260969953917], "7": [-0.02313420929450958, 0.8557711631089351], "8": [-0.029085137457160862, 1.000859086372252], "9": [-0.034605392240261414, 1.1734394878037684], "10": [-0.03871907226453343, 1.375724159874713], "11": [-0.040109401273691996, 1.6096593301442246], "12": [-0.0372119784858311, 1.8767396330765072], "13": [-0.028504817741198826, 2.1775068582984147], "14": [-0.013104040895808529, 2.5102560141015418], "15": [0.00833863294554193, 2.8686804615920907], "16": [0.03296476141972646, 3.239873310508609], "17": [0.05639004434860605, 3.6063199913037467], "18": [0.07479632302227804, 3.952290840096828], "19": [0.08647038737893713, 4.268430205698844], "20": [0.09167163385409957, 4.551219437895024], "21": [0.09172147349481295, 4.800408897817427], "22": [0.08823233318563019, 5.0171722241873775], "23": [0.08267819616968307, 5.203289745577982], "24": [0.07621775134645489, 5.360862820224047], "25": [0.06966567733562565, 5.492181681647027], "26": [0.0635394093133282, 5.599597077930245], "27": [0.05813378393173726, 5.685377541333854], "28": [0.053595076782704386, 5.7515765254750875], "29": [0.04998110029172384, 5.799929813381837], "30": [0.04730422010913396, 5.831788080665878], "31": [0.04555928209441786, 5.848078577994565], "32": [0.04473991731133649, 5.84928636540731], "33": [0.04484619827330724, 5.835446908699454], "34": [0.04588532604433852, 5.806145418730393], "35": [0.047865501568131026, 5.760522565471601], "36": [0.05078159269897335, 5.697290503538265], "37": [0.05458983654581587, 5.61476695838255], "38": [0.05916809115925908, 5.510937139243549], "39": [0.06425912281325379, 5.38355092100398], "40": [0.06939873551308562, 5.23025325107889], "41": [0.0738398133403482, 5.048730304548745], "42": [0.07649782229937392, 4.836845848902194], "43": [0.0759618454273033, 4.592773294227981], "44": [0.07063852566270645, 4.315242060230607], "45": [0.059126510299319, 4.004229776592638], "46": [0.040920630798450146, 3.6625990945779803], "47": [0.01733222960174892, 3.298621513910559], "48": [-0.008143664015501444, 2.927130120341811], "49": [-0.031058579179507922, 2.5658222499525194], "50": [-0.048172809685160564, 2.228660560461657], "51": [-0.05846909222590932, 1.9229340196537783], "52": [-0.06264055829422752, 1.6508725488388292], "53": [-0.062164680009276746, 1.4121431722817994], "54": [-0.058641207411385614, 1.2053348817973815], "55": [-0.05345480323683339, 1.0285538598700283], "56": [-0.047654364997938806, 0.8796329575713858], "57": [-0.041954367293490974, 0.7562552549219427], "58": [-0.03679441618371707, 0.6560885275657763], "59": [-0.03241587711775294, 0.5769279409580537], "60": [-0.02893231708859617, 0.5168210215556432], "61": [-0.02638419887287197, 0.4741592683918414], "62": [-0.024776779780616248, 0.4477357434422296], "63": [-0.02410395706806913, 0.43677645585915703], "64": [-0.024361486947575377, 0.4409549828029105], "65": [-0.025552154157001978, 0.46039743018274526], "66": [-0.027684048832002015, 0.49568089958268086], "67": [-0.030761544008547206, 0.547824263865521], "68": [-0.03476704516615794, 0.6182658067524406], "69": [-0.039630373058488266, 0.708818926267174], "70": [-0.04518242233984884, 0.8215964263590804], "71": [-0.051091825393511994, 0.9588988300299324], "72": [-0.05678949497256858, 1.1230745936642739], "73": [-0.06139733327941385, 1.316375098774089], "74": [-0.0636936202844974, 1.540824481750263], "75": [-0.06216767364862204, 1.79806554261907], "76": [-0.055242622260194676, 2.0889881687847818], "77": [-0.04177338598981565, 2.412716101141978], "78": [-0.021876999664848205, 2.764525903089877], "79": [0.002232444830331849, 3.1334428278305135], "80": [0.026438552755345512, 3.502750501202661], "81": [0.04654613528531374, 3.855546178938897], "82": [0.060190306379216275, 4.180513785272502], "83": [0.06714832203605685, 4.472708067055448], "84": [0.0685284496130739, 4.731173850965099], "85": [0.06591497358742689, 4.956786384950277], "86": [0.06084632205658117, 5.151184662621847], "87": [0.05457805815692653, 5.316382476713785], "88": [0.04802046746596491, 5.454615253648788], "89": [0.041769361751473146, 5.568215692632333], "90": [0.03617622654972645, 5.659473033231466], "91": [0.03142420308956168, 5.73049446777269], "92": [0.02759271179577909, 5.783092431031611], "93": [0.02470519471586421, 5.818706982390926], "94": [0.02276091731171023, 5.838359632149115], "95": [0.02175409497976261, 5.8426295299893525], "96": [0.021683513006440065, 5.8316432819072075], "97": [0.022554637450135626, 5.80507289210421], "98": [0.024374690080154613, 5.762140570281159], "99": [0.027139580606653516, 5.70163356004028], "100": [0.0308101520420517, 5.6219361473612866], "101": [0.035274334235345664, 5.52108840009011], "102": [0.04029249077886698, 5.396879569499886], "103": [0.04542707744713611, 5.246975550891266], "104": [0.0499663598028212, 5.069064776178684], "105": [0.0528658358402719, 4.860996884958425], "106": [0.052749086575055344, 4.620913009535366], "107": [0.04803232082476492, 4.3474681822738965], "108": [0.03726655392099807, 4.040449252583968], "109": [0.019801351917176822, 3.702282837853058], "110": [-0.0032987078101257665, 3.3405108275721442], "111": [-0.028764891842973914, 2.9692888551824677], "112": [-0.05215609113262526, 2.606305930579531], "113": [-0.07001604800803529, 2.266193052124472], "114": [-0.0810820946240869, 1.9569728086816411], "115": [-0.08589880456533888, 1.6813234932795709], "116": [-0.08589163966673444, 1.439118731077535], "117": [-0.08266615613284964, 1.229039385534301], "118": [-0.07763905914784071, 1.049243425689154], "119": [-0.07189831734633273, 0.8976005130449519], "120": [-0.06619420278961899, 0.7718183026589776], "121": [-0.06099447327686038, 0.6695751424940959], "122": [-0.056560343384912413, 0.5886633480389722], "123": [-0.05301817413631368, 0.5271175201343027], "124": [-0.05041601282657513, 0.4833105709571692], "125": [-0.048763203422708415, 0.4560153190876028], "126": [-0.04805552640120241, 0.4444388032488395], "127": [-0.04828926152253738, 0.44823868343289613], "128": [-0.04946680975133363, 0.46752900097765343], "129": [-0.05159509620097748, 0.5028786460313516], "130": [-0.05467638571291248, 0.5553014386991154], "131": [-0.05868959617434846, 0.6262324106590723], "132": [-0.06355899106373593, 0.7174815319253687], "133": [-0.06910698455933029, 0.8311556239486646], "134": [-0.07499004443854379, 0.9695444518017403], "135": [-0.08062307643611104, 1.1349797311009102], "136": [-0.08510935562788297, 1.3296903867184011], "137": [-0.08720948903574699, 1.5556725110601872], "138": [-0.08540318685493327, 1.8145292794885193], "139": [-0.07812425488392664, 2.107075814783165], "140": [-0.06427633010991302, 2.4322746055978723], "141": [-0.0440762863755925, 2.7851009120530055], "142": [-0.01986145720220858, 3.1542036106788442], "143": [0.004196315794736183, 3.522691869079509], "144": [0.02397312602577462, 3.873876329403203], "145": [0.03723477978264889, 4.196827738264737], "146": [0.043857097493832715, 4.486886722581471], "147": [0.04499177627303733, 4.743234865175227], "148": [0.04222832070474247, 4.966797889899674], "149": [0.03709156883536417, 5.159231241842102], "150": [0.030817269223174033, 5.32255273250977], "151": [0.024296613924687457, 5.458993523331679], "152": [0.018110259108406686, 5.570872571225023], "153": [0.01259931176850107, 5.660455061355337], "154": [0.007940829579645483, 5.729814537995455], "155": [0.004211439253382985, 5.780721762166302], "156": [0.0014340281917806378, 5.814568625275784], "157": [-0.00039136376619512486, 5.832323035955102], "158": [-0.001269195669964457, 5.834505718439933], "159": [-0.001199567145585573, 5.821180500083824], "160": [-0.0001770284996813925, 5.791953069174672],