{"0": [2.635873660371612e-05, 1.9856309947707385], "1": [0.0017805455036900325, 2.0089133328013675], "2": [0.00661644547613208, 2.067997228270047], "3": [0.015518162752052787, 2.162850235558908], "4": [0.02994418503296111, 2.2933717898297035], "5": [0.051549510689253196, 2.459093527662069], "6": [0.08160437773928664, 2.65825118735228], "7": [0.11996058416946846, 2.885775640859504], "8": [0.1638664008052252, 3.130745350753098], "9": [0.20802626414937328, 3.3764973246449554], "10": [0.24696858292211282, 3.606003546227422], "11": [0.27761527659876273, 3.807677543247387], "12": [0.29960177812820726, 3.976017545600745], "13": [0.31412964294579365, 4.109105677828399], "14": [0.3228735039763057, 4.206459180394082], "15": [0.32735245550214054, 4.268005485195582], "16": [0.3286291028242409, 4.293744245073746], "17": [0.3271785830137938, 4.283682757972135], "18": [0.3228451762865472, 4.237838682491596], "19": [0.31485848335500793, 4.156241448351995], "20": [0.3019190912062906, 4.038956766412761], "21": [0.2824068662083654, 3.886267179901534], "22": [0.25483053723790133, 3.699315542824304], "23": [0.218688634994251, 3.4816870629325773], "24": [0.17568892060632021, 3.2419540891483205], "25": [0.13034448472213958, 2.9950130250355986], "26": [0.08839605635069887, 2.7585209084500453], "27": [0.053939787449355577, 2.5463688515421126], "28": [0.028227477739607112, 2.3660404392660253], "29": [0.0104876527237606, 2.2204612562712804], "30": [-0.0008663871027785296, 2.110478522132275], "31": [-0.007447244011868304, 2.0362593507177715], "32": [-0.010495991519111555, 1.9978196281383345], "33": [-0.010702705190526919, 1.995155966238037], "34": [-0.00813683846696094, 2.0282550168090294], "35": [-0.002242895363798465, 2.0970899758637356], "36": [0.008101643913151066, 2.201611634896171], "37": [0.024430255281776773, 2.3416448074173544], "38": [0.04834051309585997, 2.516453499012741], "39": [0.08079553723719371, 2.723541552290693], "40": [0.12098909578231032, 2.956366455677523], "41": [0.16535353079909404, 3.202167331997869], "42": [0.20828361358952707, 3.4435804111871424], "43": [0.2448651558331378, 3.664849216557727], "44": [0.27288083436358745, 3.8563261434214198], "45": [0.29253441319287915, 4.0137975828713435], "46": [0.3052303201142774, 4.135892340326137], "47": [0.3126219756663956, 4.222287164009643], "48": [0.316099404109735, 4.272934390885606], "49": [0.3165499585824424, 4.2878317390774106], "50": [0.3142579574506255, 4.266987805364717], "51": [0.3088799550079078, 4.210425864478964], "52": [0.2994797506758894, 4.118187084765653], "53": [0.2846446638540095, 3.9903864187908127], "54": [0.26275345679778606, 3.8274992125601273], "55": [0.23253558901388394, 3.63124632997969], "56": [0.19406836465681596, 3.4065199012765355], "57": [0.14994550267610063, 3.1638831792274864], "58": [0.10530085528286975, 2.919639255595605], "59": [0.06557916641994992, 2.6907648313268884], "60": [0.033963354773971985, 2.4890839024664153], "61": [0.010941877701545992, 2.3203627667284925], "62": [-0.004604632467129331, 2.1866842500747428], "63": [-0.01431020571373141, 2.0886098875630648], "64": [-0.019680173910623166, 2.026244643869343], "65": [-0.021779178961827503, 1.99960091943908], "66": [-0.021094115159934892, 2.008675122751348], "67": [-0.01748778856906175, 2.0534485402921265], "68": [-0.010213866908718065, 2.1338848705909603], "69": [0.0019978960346393767, 2.24990218974736], "70": [0.020734228537559175, 2.401188960642099], "71": [0.0474529662382748, 2.586563910601535], "72": [0.0826360771745209, 2.8024200598492564], "73": [0.12459810680138458, 3.0402420344343506], "74": [0.16890609459011235, 3.2853111700242383], "75": [0.20991096012408797, 3.5201707202609454], "76": [0.24355076656864313, 3.7310030478093323], "77": [0.2685494626192956, 3.9102782483818004], "78": [0.2856349385240499, 4.054995782659048], "79": [0.2963545059222063, 4.164252603038163], "80": [0.3022908409313872, 4.2378499248738235], "81": [0.30466353863454876, 4.2757568428463895], "82": [0.30414806831544194, 4.277971260249803], "83": [0.30080548474931984, 4.24450659850803], "84": [0.2940787051662578, 4.175394908543665], "85": [0.2828527148846532, 4.070700019469447], "86": [0.26561535729171243, 3.9306322395689524], "87": [0.24081191882266537, 3.7560037080687536], "88": [0.20755088904254662, 3.549451101845396], "89": [0.16672740750884815, 3.3177057276082373], "90": [0.12195604700181722, 3.073635110798293], "91": [0.07877699858917578, 2.8344611879251627], "92": [0.04196595160466555, 2.6156307767289393], "93": [0.01363764003750947, 2.426556961099913], "94": [-0.00644132285527761, 2.271367017302631], "95": [-0.019658320170631568, 2.1514282328030343], "96": [-0.02763107236489294, 2.067081900344024], "97": [-0.031709422697895805, 2.0183908910892243], "98": [-0.03274187700620234, 2.00536480907271], "99": [-0.030978034516893092, 2.027995956296502], "100": [-0.02604644376972427, 2.086256937411318], "101": [-0.016993837287092688, 2.1800943816311857], "102": [-0.0024094850669790185, 2.309359719728833], "103": [0.019291793595423504, 2.4734899724218113], "104": [0.049287192456253986, 2.670565012486995], "105": [0.08733474908656155, 2.8953356985007743], "106": [0.13066092555722356, 3.1368358419798112], "107": [0.17409422249259215, 3.3786727048802976], "108": [0.21236628729928891, 3.604266719591048], "109": [0.24252738425177844, 3.8023212203009806], "110": [0.26422542014941297, 3.9673903645885047], "111": [0.27861100496199426, 4.097504587467207], "112": [0.2872905278945405, 4.19211882407388], "113": [0.29171702406629746, 4.251118777497223], "114": [0.29289508454963414, 4.274483679627994], "115": [0.2912517976649967, 4.262215136139368], "116": [0.28659553326544895, 4.214335245048044], "117": [0.278136793005213, 4.130890409593674], "118": [0.26458355406504586, 4.011991752837885], "119": [0.2443679746255976, 3.8580358188960533], "120": [0.2161254242710374, 3.670421886169303], "121": [0.17957951471480646, 3.453208790052348], "122": [0.13670751219287575, 3.215563270645446], "123": [0.09212749962088083, 2.972626290264547], "124": [0.05135501695323789, 2.7415533774552108], "125": [0.018113603069824444, 2.5353958770137237], "126": [-0.006589355578340681, 2.361070732939176], "127": [-0.023590516971481713, 2.221296158888951], "128": [-0.03443511767917414, 2.116894236561688], "129": [-0.04065007897069086, 2.0480567599144464], "130": [-0.04337782160428353, 2.0148217790506435], "131": [-0.04321077013288927, 2.017194432383492], "132": [-0.04012968105415031, 2.0551584723889413], "133": [-0.03350760598197928, 2.1286731799224974], "134": [-0.022181572087305597, 2.2376503672274297], "135": [-0.004634797957789329, 2.3818038284827354], "136": [0.020609069873692296, 2.560108663260124], "137": [0.05422377018676034, 2.769439129503095], "138": [0.09494375616921091, 3.002238263192869], "139": [0.13881085536150478, 3.2448599333971324], "140": [0.18030050515797214, 3.480116108423831], "141": [0.2150279705075122, 3.6934480413000403], "142": [0.24128986891580517, 3.876374622289177], "143": [0.2595355845788226, 4.0252837614545545], "144": [0.2711969988898129, 4.138992909648497], "145": [0.2778435900415125, 4.217199887012396], "146": [0.28073616836625764, 4.259840294834574], "147": [0.2806194404040804, 4.266900947238747], "148": [0.2776378971845272, 4.238391833118464], "149": [0.27132356504641203, 4.174348208925675], "150": [0.26064782283133636, 4.074843688126382], "151": [0.24416813995794195, 3.940091624668056], "152": [0.22035354961402948, 3.7708498891763753], "153": [0.18823557727332788, 3.5695251089572677], "154": [0.14847010538087047, 3.3422907105768527], "155": [0.1043170985027215, 3.101211023853501], "156": [0.061104286190645306, 2.8630352740765397], "157": [0.023727225397713894, 2.6434933842266224], "158": [-0.005408249352464708, 2.452650078086501], "159": [-0.02629947414200574, 2.2951442920187626], "160": [-0.04021190821729877, 2.1726096742230423], "161": [-0.048724616934698164, 2.0854982163625704], "162": [-0.05319632817945895, 2.033912985192425],