{"0": [1.3425678138864915e-05, 6.220649432771748], "1": [0.0008945478247946866, 6.216958171965538], "2": [0.0032066736272752827, 6.207267808929257], "3": [0.007151155912195266, 6.190719546278746], "4": [0.013064097730786798, 6.165865068935999], "5": [0.021428448651632268, 6.130580534563258], "6": [0.03287465929179309, 6.081980232298743], "7": [0.04814171283391104, 6.0163909602502645], "8": [0.06794629568049546, 5.929501598069123], "9": [0.09269156544820775, 5.816830115841281], "10": [0.1219904458865096, 5.674519652437486], "11": [0.15412884580515201, 5.500076123219934], "12": [0.18573264219384247, 5.292304631705054], "13": [0.21175423192383686, 5.050027234056541], "14": [0.22550803987218, 4.769874835634411], "15": [0.2182745211239828, 4.443332349835476], "16": [0.1781168562967459, 4.05220651838896], "17": [0.08959807660249429, 3.564547637120718], "18": [-0.044141407138364, 2.9807624850685657], "19": [-0.15673815338918887, 2.442360695341173], "20": [-0.21488463902801913, 2.015209823285515], "21": [-0.23250585267166127, 1.6667795735134925], "22": [-0.22397451061449375, 1.3720522445372607], "23": [-0.199478617842945, 1.118872725206074], "24": [-0.1666064668837826, 0.902137931366297], "25": [-0.13117823849131632, 0.7202295412076996], "26": [-0.09742244008220276, 0.5726067241648677], "27": [-0.06797206197657046, 0.4581934667994263], "28": [-0.04405981433402131, 0.37483889793413383], "29": [-0.025975817579555076, 0.3197773673553301], "30": [-0.013582620931892372, 0.290481788955845], "31": [-0.006695749256151767, 0.28536185582165313], "32": [-0.0052802955435353, 0.30413174722919345], "33": [-0.009486237300298383, 0.3478762654364001], "34": [-0.019530478728184388, 0.41883034387131607], "35": [-0.03540055349153613, 0.5198266669106598], "36": [-0.056380304259465865, 0.6534556891825026], "37": [-0.08052450267452209, 0.8213225383444511], "38": [-0.10432304329321446, 1.0240809129958774], "39": [-0.12265421876687169, 1.2626247088200813], "40": [-0.1287743616205737, 1.5401997374097376], "41": [-0.11388947986289653, 1.8653231451999497], "42": [-0.06598170493663941, 2.2563004352938307], "43": [0.03013549283242306, 2.744590645207305], "44": [0.16910947721964997, 3.324526087808057], "45": [0.28458499506975754, 3.853883152661209], "46": [0.34667233169928646, 4.2737753417543045], "47": [0.3694431715394166, 4.616286144853276], "48": [0.36694058151051046, 4.905290921526486], "49": [0.3491713572392851, 5.1522741810795925], "50": [0.3236178872496788, 5.361904094467986], "51": [0.2960231051354294, 5.535464468597629], "52": [0.27057207123679633, 5.6731411440896125], "53": [0.24992621363932832, 5.775482890203421], "54": [0.23544724694240993, 5.843823583796583], "55": [0.2276427887244683, 5.879804932110615], "56": [0.22663045110976465, 5.884596375555598], "57": [0.23243003536912757, 5.858348693767387], "58": [0.2450076310137377, 5.800109826476778], "59": [0.2640624078730168, 5.708231008294569], "60": [0.28859936875564574, 5.581124429538441], "61": [0.31644080994561546, 5.417932011801858], "62": [0.34390951120451496, 5.218448021603615], "63": [0.36576522410638457, 4.981950300790401], "64": [0.3751485336648092, 4.705134372194561], "65": [0.3631005699920913, 4.379176317427215], "66": [0.3173844807190076, 3.985165995245612], "67": [0.22318383549127285, 3.4920576808848547], "68": [0.09017916769177146, 2.9153789682558036], "69": [-0.014764522429279892, 2.399209005315043], "70": [-0.06765202209180908, 1.9899472412380719], "71": [-0.08299957517331442, 1.6556436279458682], "72": [-0.07436151159790028, 1.37407640262263], "73": [-0.051447599135808444, 1.134730685274379], "74": [-0.0215559204497998, 0.9335165283253156], "75": [0.00971487700265659, 0.7695250069391062], "76": [0.03829294327183268, 0.6428842122804095], "77": [0.06156736420753529, 0.5534596035008306], "78": [0.07814331409650056, 0.5005435661566457], "79": [0.08742852092460278, 0.48330983347975043], "80": [0.08926122793811216, 0.5014276346931503], "81": [0.08376536190409299, 0.5553236140943951], "82": [0.07149729053904796, 0.6459134679339205], "83": [0.053824230835058724, 0.7739745255380802], "84": [0.033347213601957165, 0.9396784861172904], "85": [0.014148560169694178, 1.1429112110012867], "86": [0.0018442552336276957, 1.3846108304517675], "87": [0.00372501128421522, 1.6689474608965005], "88": [0.029398286109562223, 2.00652223908605], "89": [0.09198243419281628, 2.419201078701812], "90": [0.20452222786494825, 2.936107464871841], "91": [0.3416061953145552, 3.5064742234867414], "92": [0.43809261970400787, 3.98967991399281], "93": [0.4859832753867253, 4.373667165788472], "94": [0.5006651896303308, 4.689633982145294], "95": [0.4944786167505971, 4.955862333858013], "96": [0.4763598987149669, 5.180600772857385], "97": [0.45310158004812545, 5.366699434262946], "98": [0.42988320867878077, 5.514440541364502], "99": [0.4103956377384906, 5.6234051451293245], "100": [0.3969483393225048, 5.6934756031721365], "101": [0.3907478250516816, 5.724935143405239], "102": [0.39225586384685746, 5.718040726175157], "103": [0.401411600896798, 5.672669085227237], "104": [0.4175810369853795, 5.588403739775114], "105": [0.4392602956152412, 5.4649879647949495], "106": [0.46371246915668024, 5.302653351311397], "107": [0.48674759518817434, 5.101725771614374], "108": [0.5026587540044485, 4.8612814073718855], "109": [0.5040431957285119, 4.576970636496149], "110": [0.4811205279752608, 4.237765734287273], "111": [0.4206202710143113, 3.821219371135322], "112": [0.31074040180448376, 3.3005816846411773], "113": [0.1817970969068894, 2.738203880607402], "114": [0.09559739494529766, 2.267677786323149], "115": [0.05621728554969545, 1.8932430347639222], "116": [0.04848625110950069, 1.5850648148649973], "117": [0.06048767500922587, 1.3262116629989573], "118": [0.08354022759186129, 1.109200959917148], "119": [0.1110305021582135, 0.9316272601017301], "120": [0.13793274396884864, 0.7934795568693236], "121": [0.1606855176003518, 0.6953965505418431], "122": [0.1770713736827236, 0.637766953593448], "123": [0.18595920594021237, 0.6206369047744521], "124": [0.18702285017898254, 0.6440095221436836], "125": [0.18063258435868013, 0.7079974337195217], "126": [0.16800135837034283, 0.8126124406140895], "127": [0.15148360663168076, 0.9574687581321901], "128": [0.1348217292620201, 1.1419654466123321], "129": [0.12324383225307854, 1.3663271507543315], "130": [0.12358294895303067, 1.6334886611758728], "131": [0.14477323091808575, 1.9519152270537228], "132": [0.19891071868465895, 2.3399247762929463], "133": [0.29983003650534706, 2.826002100635743], "134": [0.435177368519163, 3.3871955931159627], "135": [0.5415899143897417, 3.8854013073212936], "136": [0.5987673410931259, 4.280687361383454], "137": [0.6205814843760444, 4.60232307866922], "138": [0.6199846332328092, 4.870576250880875], "139": [0.6063729313174948, 5.094876689446125], "140": [0.5868296526137502, 5.278612052106891], "141": [0.5667698350126921, 5.422142263360475], "142": [0.5501312907925245, 5.524733925116412], "143": [0.5394722070599277, 5.585680762243566], "144": [0.5361652319892241, 5.604639914774677], "145": [0.5406310661126398, 5.581500636666536], "146": [0.5524364367612281, 5.516278181973973], "147": [0.5701722405547895, 5.409254771617264], "148": [0.5912081667944957, 5.2611078770894295], "149": [0.6115044369322691, 5.072516669842649], "150": [0.625529643311666, 4.842951148225706], "151": [0.626082196984596, 4.568649069321313], "152": [0.6036733762790033, 4.23955256173488], "153": [0.5455200354955133, 3.8348857567116412], "154": [0.4397734697519176, 3.328898219502163], "155": [0.3123437093991671, 2.7751651090320206], "156": [0.22390765527542492, 2.3060785148025706], "157": [0.18163096233769252, 1.9334307968687225], "158": [0.1709518353397484, 1.6286460414790354], "159": [0.17994911916851075, 1.374770793572444], "160": [0.19991301802361344, 1.164297367685572], "161": [0.2242305853888193, 0.9948688981693206], "162": [0.24788693567969022, 0.8666163607332548], "163": [0.26731943401477526, 0.7804524978589],