{"0": [4.3442094663562195e-05, 2.2693990198055958], "1": [0.00289482790767448, 2.2886908663597763], "2": [0.010390936740956662, 2.337569093851902], "3": [0.02317013703920195, 2.4157552493073062], "4": [0.04209101637536485, 2.522614385069837], "5": [0.06792221892937632, 2.6567313472046794], "6": [0.10082374520842897, 2.8150912212193373], "7": [0.139680288304052, 2.9919290391146314], "8": [0.18169354346396172, 3.1780239076666517], "9": [0.22290533717431665, 3.361806195461275], "10": [0.25964252121528625, 3.5323011558480304], "11": [0.28972358956663913, 3.681581597982026], "12": [0.31258626549179724, 3.805075740713804], "13": [0.32870562332668607, 3.90053385218068], "14": [0.33895151909153753, 3.9669478842576686], "15": [0.3441470689467571, 4.003888186423753], "16": [0.344822338340204, 4.011191007014888], "17": [0.34110118275685963, 3.98884111942751], "18": [0.3326804702934672, 3.9369539293502025], "19": [0.318893140782069, 3.8558376437851973], "20": [0.29887825705702076, 3.7461901893866023], "21": [0.27191072181776044, 3.6095583730744623], "22": [0.23794068287491738, 3.4492006609277923], "23": [0.19825569039775795, 3.2712359001696214], "24": [0.15581537091327624, 3.0852105387560265], "25": [0.11460818351436779, 2.902752440780451], "26": [0.07817483750875018, 2.734563841122504], "27": [0.048506384003169326, 2.5881785366375727], "28": [0.026024199983064794, 2.467862764386396], "29": [0.010189593507538853, 2.3756945527009123], "30": [0.00012721636017999703, 2.3126018606358825], "31": [-0.004958136803164202, 2.278979412000659], "32": [-0.005552749360947362, 2.274973440229153], "33": [-0.0017322962223011236, 2.3005854271789112], "34": [0.006849819465519794, 2.3556816029023144], "35": [0.020889108682495282, 2.439919382831253], "36": [0.04124504718173549, 2.5525279016976943], "37": [0.06858989894961441, 2.6918093466989848], "38": [0.10284833133957372, 2.8542316273877373], "39": [0.14254589741388565, 3.0332926909069955], "40": [0.18456074912740336, 3.2191188354941986], "41": [0.2248918473597837, 3.400060070621842], "42": [0.26015177658796973, 3.565729347806671], "43": [0.2885496191159728, 3.709007242701409], "44": [0.3098048713767402, 3.8259364231530935], "45": [0.32451621707504524, 3.9146087625911212], "46": [0.33356032095320615, 3.974174933930404], "47": [0.33770054950587525, 4.004274841759633], "48": [0.3373759328831531, 4.004780307572314], "49": [0.33261122680804367, 3.9757048405396747], "50": [0.32301492802976967, 3.91720307799299], "51": [0.30786397250044084, 3.8296574120727525], "52": [0.2863052683267, 3.7139232625458787], "53": [0.25773025090970936, 3.5718714691528155], "54": [0.22235585443970302, 3.4073402961478356], "55": [0.18185743154429063, 3.2272429260181887], "56": [0.13951617929863022, 3.0417743266600668], "57": [0.0993240779720443, 2.862562491479738], "58": [0.06449387785152573, 2.6996354705348162], "59": [0.03660856036196348, 2.559680804747894], "60": [0.015809669151468204, 2.446346828740874], "61": [0.0014433149602643735, 2.361375346898887], "62": [-0.007363718860708633, 2.3055392658040277], "63": [-0.011338789418528847, 2.279164606753924], "64": [-0.010870184862018677, 2.2823609849757047], "65": [-0.005929178961766242, 2.3150985172846075], "66": [0.003921667138627478, 2.3771987834423416], "67": [0.01943130766415133, 2.4682331774712587], "68": [0.04144025659173922, 2.5872481623443977], "69": [0.07048078217037042, 2.732174877091296], "70": [0.10617664337234826, 2.8988340116526685], "71": [0.14663881374683738, 3.0798759154737034], "72": [0.188434067986683, 3.264799402916033], "73": [0.22760491886406797, 3.4420503425165085], "74": [0.26113451217570904, 3.6020033332817105], "75": [0.2876533765339591, 3.7384161172454946], "76": [0.30715511459238776, 3.8479462130250788], "77": [0.3203429548564013, 3.929012963436545], "78": [0.32808138077286064, 3.980917045355586], "79": [0.3310573746456245, 4.003365767961196], "80": [0.3296050168558604, 3.9962685976688226], "81": [0.32363976207396006, 3.9596733589067314], "82": [0.3126776962275281, 3.8937856827104897], "83": [0.2959465287960333, 3.799087975549142], "84": [0.2726259672960348, 3.6766477322210234], "85": [0.24227450712526444, 3.5287600938873775], "86": [0.20544650218474622, 3.3599822709983553], "87": [0.16425543840109777, 3.1781216556325145], "88": [0.12227415168534365, 2.9939602218347594], "89": [0.08339674748573359, 2.8189193194547597], "90": [0.05042383320408719, 2.6621796650121627], "91": [0.024508332079385516, 2.5295294859345456], "92": [0.005527175608739865, 2.424011669871279], "93": [-0.007265357700854097, 2.347052282568681], "94": [-0.01471928886275799, 2.299280390283464], "95": [-0.01747671769975069, 2.2809562181581935], "96": [-0.015814120280339787, 2.292150647910724], "97": [-0.009589078814192733, 2.33279610434352], "98": [0.001728755055221851, 2.4026556820054257], "99": [0.01893141759463826, 2.501184162667732], "100": [0.04280969192582255, 2.6271816042719505], "101": [0.07369786739846743, 2.778094810015661], "102": [0.11084388394115686, 2.9489504182902473], "103": [0.15190188202190455, 3.13146786891833], "104": [0.19317749132477618, 3.314621355464163], "105": [0.23087176123400172, 3.487187134908453], "106": [0.2624190127784892, 3.6404680556694706], "107": [0.28688313483866634, 3.769133620250452], "108": [0.3045091951115125, 3.8704313718963714], "109": [0.3160776989826142, 3.943082139313478], "110": [0.32241811407522786, 3.9865234357710007], "111": [0.3241230647454382, 4.0005265839480195], "112": [0.3214081475288699, 3.985041021921277], "113": [0.3140713703936288, 3.9401561987318123], "114": [0.301536678942598, 3.866145145534434], "115": [0.2829970861922542, 3.763626618576901], "116": [0.2577024594704915, 3.6339545539589984], "117": [0.22544422990541765, 3.479975670948703], "118": [0.18719207229624793, 3.307118227887849], "119": [0.14552823810594243, 3.1241434705715916], "120": [0.10424449458980652, 2.942271731517674], "121": [0.0670107921852109, 2.7724600506018215], "122": [0.03614166492614805, 2.622887826724778], "123": [0.012359074501262371, 2.498429394631683], "124": [-0.004694919391208528, 2.401558550382442], "125": [-0.015827164583228637, 2.333416153061186], "126": [-0.02184020921575004, 2.294502000724792], "127": [-0.023272584701346986, 2.285014127015047], "128": [-0.020275912663431483, 2.304981957533248], "129": [-0.012587355599879719, 2.354291644818064], "130": [0.0004133061817813083, 2.4326282063810947], "131": [0.019541818842870283, 2.5392865642038895], "132": [0.04549445265416457, 2.6727337471748425], "133": [0.07833349852901708, 2.8297903089549075], "134": [0.11685210777166706, 3.0045351425343285], "135": [0.15823264215720292, 3.1877289878198347], "136": [0.1986162986503252, 3.368018978335663], "137": [0.23449699864953824, 3.534786044913921], "138": [0.2638243503632001, 3.6803966009078533], "139": [0.2860848983859162, 3.8004256222886723], "140": [0.30173883656570544, 3.892663964612712], "141": [0.31161032124328186, 3.9560998766739846], "142": [0.31646842894815375, 3.9902922765162643], "143": [0.31679302061222436, 3.995072948502358], "144": [0.31266889314511004, 3.9704346261749555], "145": [0.3037716149940382, 3.916518590604757], "146": [0.2894393009816295, 3.833688804139989], "147": [0.2688552515638958, 3.7227519076417073], "148": [0.2413925586184809, 3.585448891546999], "149": [0.20715771289469842, 3.425334721149176], "150": [0.16761305809565433, 3.248858767316242], "151": [0.12580441665782952, 3.065723061981], "152": [0.08562120311980762, 2.887338648912591], "153": [0.05037097375145934, 2.7239156822398436], "154": [0.021830860630850494, 2.582521234157559], "155": [0.00031438539813850863, 2.467142964882102], "156": [-0.014728989671933427, 2.379741190410135], "157": [-0.024131248099119353, 2.321208119389725], "158": [-0.0286213468181276, 2.2919300488957424], "159": [-0.028616006764725428, 2.2920460610455247], "160": [-0.02413067001929927, 2.3215399669669456], "161": [-0.014779192657972728, 2.380239370345762], "162": [0.00013834590877086477, 2.4677228190060543],