{"0": [6.480576674958779e-06, 6.074793265834068], "1": [0.0004292099649673171, 6.069617300823263], "2": [0.001515284163932211, 6.056293310852598], "3": [0.003298013899196475, 6.034334607089631], "4": [0.00582909131932772, 6.002947526706462], "5": [0.009175039426130413, 5.96101707282563], "6": [0.013409944980767825, 5.9070926008107785], "7": [0.018601665971633735, 5.839380188415837], "8": [0.02478736612665553, 5.755751511814278], "9": [0.03193305319421232, 5.65378148526351], "10": [0.039871887503440645, 5.530825499281666], "11": [0.04821936909623146, 5.3841370074419075], "12": [0.05627234607823816, 5.21100462022666], "13": [0.06291367710172047, 5.008863257796236], "14": [0.0665628865996398, 4.775336826992916], "15": [0.06523459493685405, 4.508252317977957], "16": [0.056803892180470716, 4.205885618174205], "17": [0.039650215187669875, 3.8680811174506746], "18": [0.013860724402284636, 3.4991049254402187], "19": [-0.017397258926496326, 3.111491853646461], "20": [-0.04814867856858661, 2.7255655134918593], "21": [-0.07265611479264744, 2.360903732397466], "22": [-0.08820898861617911, 2.0286512187017447], "23": [-0.0950569379606059, 1.7321008801911677], "24": [-0.09497199583629712, 1.4706619919215387], "25": [-0.09011042382229978, 1.2424576717075895], "26": [-0.0824312069627878, 1.0452605812279696], "27": [-0.0734681283759807, 0.8766682795092511], "28": [-0.06429148952003083, 0.7341051229833394], "29": [-0.055566887026659274, 0.6148694716806997], "30": [-0.04765319167242077, 0.5162475608116546], "31": [-0.04070239298474497, 0.43564787252841114], "32": [-0.03474180918679268, 0.3707130900236357], "33": [-0.029733154467545927, 0.31939185424291816], "34": [-0.025610964616952954, 0.27997268591237545], "35": [-0.02230570883358159, 0.251091209849541], "36": [-0.019756783660521166, 0.2317226036793062], "37": [-0.017919358997137577, 0.22116860801602065], "38": [-0.01676772365860702, 0.21904530917305345], "39": [-0.01629670801125095, 0.225275335293294], "40": [-0.01652196541371042, 0.240086233136493], "41": [-0.01747927108771987, 0.2640153726597008], "42": [-0.019222411887206504, 0.2979204038866412], "43": [-0.021818554284519454, 0.3429926933242724], "44": [-0.025339064571413702, 0.4007689695952155], "45": [-0.029842551258042072, 0.47313348977744524], "46": [-0.03534554030349381, 0.5622998857499947], "47": [-0.04177528119348957, 0.6707602757719654], "48": [-0.048900117358303984, 0.8011930263799596], "49": [-0.056237840864024835, 0.956334519033064], "50": [-0.06295341839705869, 1.1388447011035012], "51": [-0.06777394821326131, 1.3512160348314548], "52": [-0.0689678571245053, 1.59575199967706], "53": [-0.06445979058416833, 1.8745183923308804], "54": [-0.05220107199748683, 2.1888931695011262], "55": [-0.030991361843254527, 2.537938171745836], "56": [-0.0018431772094081892, 2.9149408847801497], "57": [0.030943719486701812, 3.30423663300856], "58": [0.06105809861072816, 3.6845688305827964], "59": [0.08362281360292152, 4.0387869378628825], "60": [0.09706354857434905, 4.358808246040175], "61": [0.10230993842119654, 4.6430711142737495], "62": [0.10135884162531739, 4.892784654184361], "63": [0.09634045168597435, 5.109986381893413], "64": [0.0890813909758788, 5.296958273145131], "65": [0.08095525362955332, 5.456153198292674], "66": [0.07288535095129439, 5.590188143178741], "67": [0.06542205773828542, 5.701770831322103], "68": [0.058844543088789565, 5.793572712606932], "69": [0.05325589019832859, 5.868098297278242], "70": [0.04865747673576828, 5.927585674846231], "71": [0.04500051500363378, 5.973947895640564], "72": [0.04221867682668694, 6.008748672287331], "73": [0.04024729120552708, 6.033200370525613], "74": [0.039033933261208166, 6.048173065664042], "75": [0.03854388884540654, 6.0542064293115745], "76": [0.038762715509978285, 6.0515192290038895], "77": [0.03969712951327085, 6.04001359544465], "78": [0.041374688051613415, 6.01927299136272], "79": [0.04384207914120951, 5.988554324482695], "80": [0.047161131631338046, 5.9467762755303415], "81": [0.05140077463335175, 5.892508027379099], "82": [0.05662201798471774, 5.823965389068966], "83": [0.06285166394184571, 5.739024514460014], "84": [0.07003936543628757, 5.635265571721064], "85": [0.07799302318113017, 5.51005647987819], "86": [0.08629143033572699, 5.360675368664748], "87": [0.09418267374550107, 5.184447737286611], "88": [0.10049228189244791, 4.978851153700594], "89": [0.10358383340060032, 4.741550248444296], "90": [0.10143708987661332, 4.470421312362755], "91": [0.09194984635171921, 4.163866516614875], "92": [0.07364443301937258, 3.8221104253065663], "93": [0.04693466102317715, 3.450285601915226], "94": [0.015412044627235316, 3.062105036247573], "95": [-0.014787368973513066, 2.6783527148975357], "96": [-0.03822386439476151, 2.3177745443519013], "97": [-0.05262208342885609, 1.9903447907082243], "98": [-0.05850325225354318, 1.6986689205985446], "99": [-0.05773289705415603, 1.4419114154017034], "100": [-0.05246064149228529, 1.218140092920294], "101": [-0.044596263679853934, 1.025119134523454], "102": [-0.035613038145728304, 0.8604416246590267], "103": [-0.0265257246817063, 0.7215324829260276], "104": [-0.01795677245147278, 0.6057062434492545], "105": [-0.010235927986571068, 0.5102869365213157], "106": [-0.0034983638290377967, 0.4327420301996155], "107": [0.0022360758734001913, 0.37079056936110893], "108": [0.007006669235309597, 0.32247095156182937], "109": [0.01087557467654634, 0.2861724160130935], "110": [0.013906158254514888, 0.2606417864132411], "111": [0.01615085083237347, 0.24497714052839473], "112": [0.017644777573986588, 0.23861730632287068], "113": [0.018402721255473122, 0.24133295592636164], "114": [0.018418053114947906, 0.2532224948757254], "115": [0.017663103746577688, 0.27471396177144036], "116": [0.016091176093853854, 0.30657245392021365], "117": [0.013641175981020989, 0.3499107737307136], "118": [0.010246796217892611, 0.4061986772814932], "119": [0.005853416410672418, 0.4772631391046394], "120": [0.00044725099597566127, 0.5652688712434979], "121": [-0.005897791043181812, 0.6726667089229067], "122": [-0.012950955892461528, 0.8021011287086942], "123": [-0.020233505622233836, 0.9562818602765698], "124": [-0.026916708698885496, 1.1378487056270428], "125": [-0.031736425233273344, 1.3492786631338245], "126": [-0.032970839643649025, 1.5928621612617124], "127": [-0.028552140243169752, 1.8706548791217763], "128": [-0.016430618911844604, 2.1840381157231032], "129": [0.0046150023095701655, 2.532120491401117], "130": [0.03362424641669711, 2.9083179155504792], "131": [0.06636446642120229, 3.297139139162413], "132": [0.09654964769534974, 3.677383261315775], "133": [0.11926375513044465, 4.031776592141976], "134": [0.13287675582368433, 4.352076539093905], "135": [0.13828257998867965, 4.636622928856292], "136": [0.13746380895935548, 4.886579154848902], "137": [0.1325491639086052, 5.103959204113541], "138": [0.12537014184325376, 5.2910258711630505], "139": [0.11730784472290094, 5.450210853926223], "140": [0.1092936134854983, 5.584107085466407], "141": [0.10188526640293083, 5.695395903176348], "142": [0.09536844270443293, 5.786720115070633], "143": [0.0898518095443406, 5.860552469303935], "144": [0.08534176760556297, 5.919094576074151], "145": [0.08179438158380686, 5.9642162878766865], "146": [0.07914836713261061, 5.99742919991743], "147": [0.07734458482597922, 6.019882306351096], "148": [0.07633684407798816, 6.032368584973487], "149": [0.0760974789899947, 6.0353342752974894], "150": [0.076619863664587, 6.028885702966268], "151": [0.0779189865812343, 6.012791018460462], "152": [0.08003035018552532, 5.986476239495412], "153": [0.0830066613108719, 5.949016874632095], "154": [0.08691087242326914, 5.899128574041992], "155": [0.09180299922875278, 5.835163004203805], "156": [0.09771678330960538, 5.755118374448723], "157": [0.10462103105667858, 5.65667666962129], "158": [0.11236034216692838, 5.537278822439264], "159": [0.12057282228881533, 5.394240161213999], "160": [0.12859051143205388, 5.2248881984878555],