{"0": [2.7481203683466137e-05, 5.771194573785262], "1": [0.001813141266721291, 5.759116840290937], "2": [0.006333517821946237, 5.728170696892812], "3": [0.013533349400078136, 5.677636017103762], "4": [0.023261289942069687, 5.606437080203274], "5": [0.03518264753998204, 5.513250635596056], "6": [0.048660825196293715, 5.396637361642337], "7": [0.0626210384866626, 5.255155656273832], "8": [0.07542196458981706, 5.087393095190913], "9": [0.08476653397935725, 4.891852886158851], "10": [0.08768020230146711, 4.66668256315936], "11": [0.08059662152675783, 4.409345612033156], "12": [0.05968360722157916, 4.116586524916812], "13": [0.021838935569291985, 3.785688791004692], "14": [-0.03276798302670088, 3.4191379005105604], "15": [-0.09689571714195244, 3.032687674571636], "16": [-0.15703464067838094, 2.654524379292573], "17": [-0.20234690971126532, 2.307350865515145], "18": [-0.22986782109438975, 1.9985803485870102], "19": [-0.24172001905866766, 1.72681735743114], "20": [-0.24165839032070105, 1.4886524864294035], "21": [-0.23347580642314136, 1.2811432530250386], "22": [-0.22046143889094622, 1.102151990026623], "23": [-0.20524232303390458, 0.9500699430240601], "24": [-0.18976885914552954, 0.8234938723699325], "25": [-0.17537830221877024, 0.721035390841357], "26": [-0.1629085648773418, 0.6412897214615509], "27": [-0.1528334514272716, 0.5829175992617729], "28": [-0.14539074254360024, 0.5447728555023713], "29": [-0.1406839028304931, 0.5260227327940027], "30": [-0.13874974022178277, 0.5262337720623061], "31": [-0.13959164563516374, 0.5454151134740906], "32": [-0.14317985031652142, 0.5840186582181983], "33": [-0.1494186618272585, 0.6428959530913018], "34": [-0.15807913950077607, 0.7232120605310918], "35": [-0.16869744275948367, 0.8263242995168646], "36": [-0.18044644735481727, 0.953652948479291], "37": [-0.19200009608338914, 1.1065972490317082], "38": [-0.20141989614631392, 1.2865648277268285], "39": [-0.2060938753345796, 1.495160414097084], "40": [-0.20275734473176843, 1.7345032861940355], "41": [-0.18766273083690238, 2.0074836342704843], "42": [-0.15713594579229495, 2.3173790767117515], "43": [-0.10917077410014847, 2.6653175053133857], "44": [-0.04682525426520692, 3.043538831487528], "45": [0.019069934898788925, 3.4291760591277947], "46": [0.07506519591568438, 3.7941912577616157], "47": [0.11400054816972287, 4.123141953861571], "48": [0.1358063540915061, 4.413806391570804], "49": [0.14366111874618315, 4.669030706674639], "50": [0.14143879226818348, 4.892107829688597], "51": [0.13272479140643142, 5.085570849498002], "52": [0.12050300253489953, 5.25125080030968], "53": [0.10707881711773587, 5.390609043906347], "54": [0.09410516289402114, 5.505006572190303], "55": [0.0826725113049572, 5.595816549748231], "56": [0.07343592396469364, 5.664394478825513], "57": [0.0667492626600492, 5.711967484049224], "58": [0.062781575589913, 5.739506089190064], "59": [0.061601967986978284, 5.747619421539142], "60": [0.0632291543326048, 5.736491109118343], "61": [0.06764640241050544, 5.705859753287], "62": [0.07478252819732026, 5.6550442118194715], "63": [0.08445801519328701, 5.583013626285927], "64": [0.09629570467951017, 5.488497479050355], "65": [0.10960078547655695, 5.370115902707735], "66": [0.1232254613293426, 5.226485589665193], "67": [0.13544508798705682, 5.056235572685908], "68": [0.1438767962185412, 4.857874579464532], "69": [0.1454689946296947, 4.629508418251373], "70": [0.13660798743029118, 4.368530050171175], "71": [0.11349973308733549, 4.071687338321238], "72": [0.07331362696736729, 3.7366581081602446], "73": [0.016966511732119646, 3.367294141334485], "74": [-0.047256981111414145, 2.9814442049815844], "75": [-0.10571441716249756, 2.6076054735856924], "76": [-0.14861385778293973, 2.2664421479783834], "77": [-0.1739125992207731, 1.963713653807225], "78": [-0.1840830623350198, 1.6975429867122407], "79": [-0.18292111637190173, 1.4645665774105354], "80": [-0.17415408307129016, 1.2619926040958613], "81": [-0.1609759048344628, 1.0878065029105475], "82": [-0.1459153467065868, 0.9404768217580037], "83": [-0.1308341081440832, 0.8186497923399684], "84": [-0.1169982875734947, 0.720984133657038], "85": [-0.10519589590899346, 0.6461395948268239], "86": [-0.09587112147343425, 0.592868043209663], "87": [-0.08924774841069809, 0.5601407828464805], "88": [-0.08542404457105511, 0.5472626880504995], "89": [-0.08443233966073448, 0.5539486115120377], "90": [-0.08626279382600338, 0.5803545198542034], "91": [-0.09085206073095638, 0.6270622597228472], "92": [-0.09803635132548788, 0.6950181127756475], "93": [-0.10746838927965444, 0.7854291821421335], "94": [-0.11850214982214848, 0.89963493917424], "95": [-0.13005915312189115, 1.0389948887421483], "96": [-0.14050171181598697, 1.2048559194889337], "97": [-0.14754410074504068, 1.3986609010083897], "98": [-0.14823030951807645, 1.6222113057005676], "99": [-0.13901909574516033, 1.8779845357760925], "100": [-0.11610892005143032, 2.169158707778228], "101": [-0.07642609341220051, 2.4983583781840437], "102": [-0.020132153326762124, 2.863052828186218], "103": [0.04564001525870309, 3.2476271929549005], "104": [0.10755511768480362, 3.624162193715674], "105": [0.15484733146046178, 3.9700164155589217], "106": [0.1845114879982094, 4.277635343515256], "107": [0.1986129635544479, 4.548271556003935], "108": [0.20086693864083768, 4.785244333251144], "109": [0.19504185191571213, 4.99143967552778], "110": [0.18441248286427567, 5.168950973924125], "111": [0.17159925802889364, 5.319340629990712], "112": [0.1585531127049238, 5.443954428940622], "113": [0.14661829578338342, 5.544107475257779], "114": [0.1366446794533006, 5.621114386946199], "115": [0.12912072039135306, 5.6762088421107135], "116": [0.12429871870958961, 5.710418748743534], "117": [0.12229303696116242, 5.7244496823078395], "118": [0.12314299454920727, 5.7186045797806955], "119": [0.1268390931553338, 5.692749386131087], "120": [0.13331304072711628, 5.646326523323599], "121": [0.14239123344831367, 5.578415839684417], "122": [0.15371158881596372, 5.4878381823210205], "123": [0.16660820413276373, 5.373283041440966], "124": [0.17997823660798068, 5.233418115808039], "125": [0.1921567858253618, 5.066916919721903], "126": [0.20083069700663791, 4.87234432055481], "127": [0.20301999452515473, 4.647890841458907], "128": [0.1951697087439742, 4.391062025548999], "129": [0.17349260216634596, 4.098687204765347], "130": [0.1350040361017969, 3.768274776762404], "131": [0.08010633152197064, 3.4027994375899744], "132": [0.0162718123195226, 3.018564319611738], "133": [-0.04311469705255079, 2.64361240227974], "134": [-0.08763446021220998, 2.2999157689391017], "135": [-0.11459641464062835, 1.994468330583986], "136": [-0.1261857045717492, 1.725854399747951], "137": [-0.1261305374237752, 1.4907741936896488], "138": [-0.11817578775456784, 1.2863977144715606], "139": [-0.10556291267149637, 1.1106783959490925], "140": [-0.09087850753900995, 0.9620856082546735], "141": [-0.0760434660279433, 0.8392968251676338], "142": [-0.06237841144794989, 0.7410205916783148], "143": [-0.05071709794366047, 0.6659730676772879], "144": [-0.04153878526485254, 0.6129614046749676], "145": [-0.035091551257573864, 0.5810080836446538], "146": [-0.03148768418077272, 0.5694647235357858], "147": [-0.030763099512147254, 0.5780881614007366], "148": [-0.03289931960350897, 0.6070692368957812], "149": [-0.037808232994623193, 0.6570123363722982], "150": [-0.04527932919459982, 0.7288666975279242], "151": [-0.05489015383187174, 0.8238168349650814], "152": [-0.06588646528819445, 0.9431554901563278], "153": [-0.07704919727080196, 1.0881868873309035], "154": [-0.08657587507603713, 1.2602261033708062], "155": [-0.09200720250687569, 1.4607476126903667], "156": [-0.09022786737856095, 1.6916730391527586], "157": [-0.07759567537302492, 1.9556526565007544], "158": [-0.05038417754462223, 2.255877843511987], "159": [-0.006079369621378178, 2.5941692105136553], "160": [0.05363040069064624, 2.9652165059149], "161": [0.11955312978624526, 3.3493043734395367],