{"0": [-1.5447188786198876e-05, 4.123218036911113], "1": [-0.0010323265543401448, 4.102076413491915], "2": [-0.003732049447839829, 4.048704045036086], "3": [-0.008402760895392743, 3.9639191492026877], "4": [-0.015420444219368641, 3.849215010646825], "5": [-0.025110073726512402, 3.7070533649737225], "6": [-0.03755293721598693, 3.5412920973290176], "7": [-0.052385893683556554, 3.357632321817749], "8": [-0.06870175501025559, 3.16376637348342], "9": [-0.08517811714874868, 2.96882918921935], "10": [-0.10043827787246189, 2.7821305798011293], "11": [-0.1134465035486982, 2.611785826485271], "12": [-0.12370555509085593, 2.463967261981111], "13": [-0.13120561306847142, 2.3429168157997093], "14": [-0.13623588828210387, 2.251362463047943], "15": [-0.13918238760672366, 2.190971945533272], "16": [-0.14037342456720975, 2.1626824856207034], "17": [-0.13998493340638857, 2.1668906675715225], "18": [-0.13799890906122114, 2.2035312510193346], "19": [-0.13420854712855476, 2.2720658141847165], "20": [-0.1282709523452789, 2.3713786702236397], "21": [-0.1198146994270589, 2.499555889731301], "22": [-0.10860663469482182, 2.653523676276122], "23": [-0.09475750022825345, 2.828586532442332], "24": [-0.07889072138771576, 3.0180734389920674], "25": [-0.062144257739391036, 3.2134857690697776], "26": [-0.0459179971391757, 3.405428865344693], "27": [-0.03146407226451935, 3.5850300670812607], "28": [-0.01956665538391282, 3.7450706861807523], "29": [-0.010470861025072204, 3.8803444156152076], "30": [-0.004017174274311108, 3.987396994934908], "31": [0.0001519940128466999, 4.064059463381029], "32": [0.0024094478355172755, 4.109046324369301], "33": [0.0030178722333114995, 4.121695961505079], "34": [0.002061846116766464, 4.101838027301219], "35": [-0.0005708096038031969, 4.0497593280998], "36": [-0.005161583877438644, 3.966258003003502], "37": [-0.012083235837836647, 3.8528000310696062], "38": [-0.0216634997686843, 3.711806606793964], "39": [-0.033994575180975914, 3.5470762350011658], "40": [-0.04873208257124056, 3.3642327833707832], "41": [-0.064990049856963, 3.1708896596448013], "42": [-0.08145983086003868, 2.9761316399458453], "43": [-0.09676336395200585, 2.789270744400764], "44": [-0.10984999679424438, 2.618471473139271], "45": [-0.12020277283563663, 2.4699749572403547], "46": [-0.12779555833287512, 2.3480867562831578], "47": [-0.13290818253630568, 2.2555832672168354], "48": [-0.1359239964949311, 2.1941661506878303], "49": [-0.13717365726043132, 2.1647964004976443], "50": [-0.1368385411812126, 2.167888484376455], "51": [-0.13490750518156094, 2.2033925305894027], "52": [-0.13118046178022233, 2.270785956856766], "53": [-0.12531935494197782, 2.368972848894736], "54": [-0.11695361435904757, 2.4960676597471867], "55": [-0.10584469370174922, 2.649039174280075], "56": [-0.0920904481076787, 2.8232519806747622], "57": [-0.07629598361247895, 3.0121065370285303], "58": [-0.05958243577218755, 3.207166030963964], "59": [-0.04334312048600372, 3.399060937002609], "60": [-0.028837261624155303, 3.578896766917162], "61": [-0.01686486602184372, 3.739401799018635], "62": [-0.007687481335287697, 3.875310593642029], "63": [-0.0011572379483702103, 3.9831195301126336], "64": [0.0030779722366310516, 4.0606237769104565], "65": [0.005390690625115381, 4.106512889357072], "66": [0.006046939252901539, 4.1201073587734625], "67": [0.005136686671295873, 4.101222716578358], "68": [0.0025538236004803215, 4.0501327562334675], "69": [-0.001977774964172991, 3.967621040621093], "70": [-0.008827853669330721, 3.8551339691019417], "71": [-0.018325448163838683, 3.715063553740951], "72": [-0.03057016385952955, 3.551164913776123], "73": [-0.04523123389525559, 3.369004141856329], "74": [-0.06143886023065074, 3.1761334126778813], "75": [-0.07789581982939862, 2.981595238903984], "76": [-0.093224519329404, 2.794697444679402], "77": [-0.10636424129636134, 2.6236366661358206], "78": [-0.11678359977562217, 2.474703107603791], "79": [-0.12444393086287553, 2.3522493883369058], "80": [-0.12961740406371713, 2.259088467858721], "81": [-0.13268469587869364, 2.196947883292903], "82": [-0.13397763256680245, 2.1668067327996687], "83": [-0.13368125191126237, 2.1690928725422776], "84": [-0.13178934835649722, 2.2037675640434116], "85": [-0.12810691707386354, 2.270319262749197], "86": [-0.12229988219322818, 2.367665476137431], "87": [-0.11399901296534182, 2.493939853847053], "88": [-0.102962734434865, 2.646140391780819], "89": [-0.0892803604419142, 2.819673934475607], "90": [-0.0735440253632601, 3.007993007636263], "91": [-0.056862109118954035, 3.202708575790351], "92": [-0.04062181148823672, 3.3944748164819183], "93": [-0.02608599328611654, 3.574387463779464], "94": [-0.01406517842893916, 3.7351408558001467], "95": [-0.004832635064557564, 3.871429011167434], "96": [0.0017506829388775694, 3.9797132819860077], "97": [0.006032261693649722, 4.05776287791243], "98": [0.008383769299131026, 4.1042491867783815], "99": [0.009073065870827927, 4.118479814987643], "100": [0.0081936264411309, 4.1002604548118375], "101": [0.005643582360978087, 4.049856283928685], "102": [0.0011508448862414707, 3.968041669475336], "103": [-0.005651619598703836, 3.8562509072262223], "104": [-0.015092850580198923, 3.7168577719585874], "105": [-0.027276562008485758, 3.553589456088011], "106": [-0.04188062387326004, 3.3719733244953893], "107": [-0.05804637244874571, 3.1795181157334422], "108": [-0.07448543580343495, 2.985232826685346], "109": [-0.08982216361847896, 2.7984158888616073], "110": [-0.10299037856042915, 2.627279869555648], "111": [-0.11344950600627059, 2.478144586442807], "112": [-0.12115223037314506, 2.355393004586394], "113": [-0.12636492288750814, 2.2618625276864184], "114": [-0.1294656936559751, 2.1992983088370055], "115": [-0.1307864587088379, 2.168691744243609], "116": [-0.1305141983282625, 2.1704795151569463], "117": [-0.1286457503164314, 2.2046297735057774], "118": [-0.12498955435398787, 2.270637268764491], "119": [-0.119214608351032, 2.3674267275525165], "120": [-0.11095340271589871, 2.493142086633113], "121": [-0.0999635378039834, 2.6447976026775724], "122": [-0.0863299513199823, 2.817825016933134], "123": [-0.07063704890589655, 3.0057097481795516], "124": [-0.05398460330566182, 3.200096160598633], "125": [-0.03775441354008925, 3.3916598052883984], "126": [-0.023209802015807326, 3.571497731554302], "127": [-0.011166634065356113, 3.7322888995524663], "128": [-0.0019051721558665305, 3.8687053082383], "129": [0.004707725022766032, 3.977187776632072], "130": [0.009015892878814836, 4.055489660912693], "131": [0.011389610392966612, 4.102271106891722], "132": [0.012097146029669771, 4.116831928600719], "133": [0.011233641901625334, 4.098972294611571], "134": [0.008699658737729168, 4.048953148257992], "135": [0.004225803185208551, 3.967544964397205], "136": [-0.002552605430803802, 3.8561772443085496], "137": [-0.011963418584614622, 3.7172161811072897], "138": [-0.02411131037669605, 3.5543760986841164], "139": [-0.03867795356092563, 3.37316431064945], "140": [-0.05481081837672348, 3.1810638636915973], "141": [-0.07122768309900412, 2.987059460161821], "142": [-0.08655607955072812, 2.8004357486643143], "143": [-0.0997287814906843, 2.629405696892625], "144": [-0.11020119931393255, 2.4802995630394746], "145": [-0.11792128202741702, 2.3575139292518186], "146": [-0.12315154629288193, 2.263898395130055], "147": [-0.12626772839286612, 2.2012073409784914], "148": [-0.1276008240652687, 2.1704385658424474], "149": [-0.12733808781266703, 2.1720329648782113], "150": [-0.1254775383147363, 2.2059613268134783], "151": [-0.1218294318798005, 2.27171998161755], "152": [-0.11606491571987364, 2.368234760670264], "153": [-0.10781852627189369, 2.4936511542533277], "154": [-0.0968491417895181, 2.6449870160197952], "155": [-0.08324135923528427, 2.8176819830336632], "156": [-0.06757699774128437, 3.005235456530258], "157": [-0.050951379613110165, 3.199310745931072], "158": [-0.0347417577957639, 3.390601958522365], "159": [-0.020208927086209742, 3.5702179194435044],