{"0": [-2.783757289090841e-06, 3.235413440373152], "1": [-0.00018295769564341782, 3.232985492019256], "2": [-0.0006335506687492223, 3.2269157323779796], "3": [-0.0013370994702699356, 3.2174445920416423], "4": [-0.0022661593249428654, 3.204947807849063], "5": [-0.0033841843653938095, 3.189922114879361], "6": [-0.004646808301781676, 3.172965993957726], "7": [-0.006003536244422701, 3.154756047316383], "8": [-0.00739980790752112, 3.1360198581444365], "9": [-0.008779332979563553, 3.1175064709469984], "10": [-0.010086549493800934, 3.0999558476524736], "11": [-0.011269031819352234, 3.0840687555552004], "12": [-0.012279684535053287, 3.0704785010238753], "13": [-0.013078598727403867, 3.059725748401159], "14": [-0.01363450489453934, 3.0522374008106734], "15": [-0.013925813450967396, 3.0483102294545223], "16": [-0.013941273405820354, 3.048099676467471], "17": [-0.013680293012768472, 3.051614057327453], "18": [-0.013152953730448681, 3.058714255978107], "19": [-0.012379720247223516, 3.0691189156973553], "20": [-0.011390819520545301, 3.0824150415440665], "21": [-0.010225246059019541, 3.0980738050823735], "22": [-0.008929359674221172, 3.1154711526272667], "23": [-0.007555077793610257, 3.1339125642781736], "24": [-0.0061577194460189525, 3.1526610225504266], "25": [-0.004793616617332004, 3.1709669803515896], "26": [-0.003517652486408562, 3.1880989296957387], "27": [-0.0023809006768792753, 3.2033731123585634], "28": [-0.0014285201699875889, 3.216180997544185], "29": [-0.0006980134248566382, 3.226013357767081], "30": [-0.00021789592196985535, 3.2324800514121], "31": [-6.7721381209065685e-06, 3.2353249072400776], "32": [-7.278060081512189e-05, 3.23443535149094], "33": [-0.0004133655021006939, 3.2298465968786134], "34": [-0.0010153508639987165, 3.2217403296354394], "35": [-0.001855323854281906, 3.2104379155445177], "36": [-0.002900360986672383, 3.1963882403755823], "37": [-0.00410914017829165, 3.1801504424326104], "38": [-0.005433464526068266, 3.1623720046708956], "39": [-0.006820180951740271, 3.1437629423464433], "40": [-0.008213418937798974, 3.1250671112210426], "41": [-0.009557018476224517, 3.107031912845744], "42": [-0.010796979961727656, 3.0903778279160883], "43": [-0.011883764161624651, 3.0757692265113232], "44": [-0.012774299153656944, 3.063787780391731], "45": [-0.013433603672807463, 3.054909569315083], "46": [-0.013835995698724186, 3.049486686984678], "47": [-0.013965903414549976, 3.0477338732661208], "48": [-0.01381832025361971, 3.049720472272796], "49": [-0.01339894317725841, 3.0553678572325507], "50": [-0.012724009790127607, 3.0644523595147315], "51": [-0.01181981864977336, 3.076613656043841], "52": [-0.010721893937719223, 3.091368464183288], "53": [-0.009473753655701503, 3.108129231957381], "54": [-0.008125265672371028, 3.1262272821792463], "55": [-0.006730624588838586, 3.144939589381364], "56": [-0.00534604171480529, 3.163518083925419], "57": [-0.004027292472174975, 3.181220149012151], "58": [-0.002827293435617228, 3.1973388592479948], "59": [-0.0017938756538725996, 3.2112315344040288], "60": [-0.0009678837202687145, 3.222345342572593], "61": [-0.00038167356801396314, 3.2302389422055504], "62": [-5.802410646426423e-05, 3.2345994425950186], "63": [-9.435539084967586e-06, 3.235254229575097], "64": [-0.00023777069239260662, 3.2321774104897187], "65": [-0.0007342054464998346, 3.225490772400301], "66": [-0.0014794817444478976, 3.2154592408076477], "67": [-0.0024444871539844133, 3.202480911452379], "68": [-0.0035912030354279534, 3.1870718466017647], "69": [-0.004874057604660738, 3.1698460084580837], "70": [-0.0062416872895777395, 3.151490949633571], "71": [-0.007639056336201583, 3.1327401674584636], "72": [-0.009009825496745805, 3.1143433034884165], "73": [-0.010298814179295061, 3.097035570439403], "74": [-0.011454381873965656, 3.0815078657270987], "75": [-0.012430570236192358, 3.068378963587226], "76": [-0.013188891704433709, 3.058170983889624], "77": [-0.013699709369795216, 3.0512890637342824], "78": [-0.013943207640688782, 3.0480058692145513], "79": [-0.01390998859960204, 3.0484513325343348], "80": [-0.01360133734680521, 3.05260781279367], "81": [-0.013029183445805887, 3.0603107557284814], "82": [-0.012215755635075437, 3.071254841186767], "83": [-0.011192898602155372, 3.0850055160029353], "84": [-0.010001008659435989, 3.1010156748151103], "85": [-0.008687558988811404, 3.118647049776297], "86": [-0.007305225164051764, 3.1371956071186724], "87": [-0.005909678584370885, 3.155919959129258], "88": [-0.004557172747175344, 3.174071540871537], "89": [-0.003302086814167124, 3.1909251323795864], "90": [-0.0021945996063109686, 3.2058082720172028], "91": [-0.0012786420609650808, 3.2181282145587757], "92": [-0.0005902256651376231, 3.22739531039269], "93": [-0.0001561848221893065, 3.2332419655638622], "94": [6.679313928402796e-06, 3.23543662500159], "95": [-0.00010790622284527952, 3.2338924559324322], "96": [-0.0004955117591916578, 3.2286705751173104], "97": [-0.0011411319165548772, 3.219977772122], "98": [-0.002019625983980048, 3.208158764193626], "99": [-0.0030965087096688675, 3.1936831187684205], "100": [-0.004329133492206173, 3.1771271330391695], "101": [-0.005668288018492123, 3.1591511815494893], "102": [-0.007060176025801192, 3.140473318379019], "103": [-0.008448699921869994, 3.1218402074577978], "104": [-0.009777905143773209, 3.1039966930312413], "105": [-0.010994415700443226, 3.087655454831579], "106": [-0.012049691807186064, 3.073468184802396], "107": [-0.012901974413554397, 3.0619995761808796], "108": [-0.013517836510524399, 3.053705168762798], "109": [-0.013873319763094657, 3.048913804988725], "110": [-0.013954679840181545, 3.0478151791057675], "111": [-0.013758783604154287, 3.050452746295578], "112": [-0.013293194384211974, 3.0567221113438934], "113": [-0.012575955579618138, 3.066374919386069], "114": [-0.011635051874127602, 3.0790281872814367], "115": [-0.010507507071257999, 3.094178901192727], "116": [-0.009238080139166284, 3.111223532888147], "117": [-0.007877550877228056, 3.1294818870190384], "118": [-0.006480638265788001, 3.1482244071857695], "119": [-0.005103653955844049, 3.1667017893598306], "120": [-0.0038020422265024633, 3.1841755385907855], "121": [-0.002627980150532476, 3.199948011516002], "122": [-0.001628200142340126, 3.2133905374718643], "123": [-0.0008421553799856235, 3.2239683918968596], "124": [-0.00030059050952190063, 3.2312616616154948], "125": [-2.4523820182267055e-05, 3.2349813314249056], "126": [-2.4608839360509048e-05, 3.2349801800045155], "127": [-0.00030083163409102604, 3.231258268296383], "128": [-0.0008425137971808721, 3.22396293309556], "129": [-0.0016286201681375153, 3.2133832874134267], "130": [-0.0026283997257381016, 3.1999393175137887], "131": [-0.003802402627363637, 3.1841657947933406], "132": [-0.005103905817853853, 3.1666914140497493], "133": [-0.006480742393297436, 3.1482138266578583], "134": [-0.007877474222083508, 3.129471526098695], "135": [-0.009237789100617969, 3.111213809356584], "136": [-0.010506961249641263, 3.0941702198186953], "137": [-0.011634201237444729, 3.079020929422656], "138": [-0.01257474274029547, 3.0663694261113434], "139": [-0.013291561801447891, 3.056718660969466], "140": [-0.013756683709202964, 3.0504515300191124], "141": [-0.013952084966079751, 3.047816280050179], "142": [-0.01387022871758666, 3.048917185878249], "143": [-0.01351427565692643, 3.0537106716838505], "144": [-0.012897992863490814, 3.0620069350026493], "145": [-0.012045352201644413, 3.073477047747999], "146": [-0.01098978344033132, 3.087665412362118], "147": [-0.009773039358504418, 3.10400730537557], "148": [-0.008443648772795553, 3.1218510270745914], "149": [-0.0070549773492695625, 3.140483905066154], "150": [-0.00566297436884701, 3.1591611109684123], "151": [-0.004323739045025253, 3.1771360019790627], "152": [-0.003091074818623567, 3.193690551570012], "153": [-0.002014202699145548, 3.2081644239708975], "154": [-0.0011357742747105546, 3.219981378076567], "155": [-0.0004902715920277217, 3.228671924242545],