{"0": [-2.9330235102226016e-06, 3.175454594712273], "1": [-0.0001928093007842538, 3.174643935620545], "2": [-0.0006680280081169436, 3.1726151239940323], "3": [-0.0014111530844710587, 3.1694428097389666], "4": [-0.002394891989537874, 3.1652437637913162], "5": [-0.003583068702518922, 3.160172629411984], "6": [-0.0049319285628550875, 3.1544162699084066], "7": [-0.006391736164016524, 3.148186905445237], "8": [-0.007908612297209306, 3.1417142837143386], "9": [-0.009426541111668187, 3.135237175020201], "10": [-0.010889466710723763, 3.1289945168138806], "11": [-0.01224339163255512, 3.1232165514746995], "12": [-0.013438389461725406, 3.1181163015814417], "13": [-0.014430450233680664, 3.1138817089532966], "14": [-0.015183089025171388, 3.1106687298524673], "15": [-0.015668662916211155, 3.10859563325669], "16": [-0.015869356850418806, 3.107738697030565], "17": [-0.015777812771037188, 3.1081294425495156], "18": [-0.015397387746023783, 3.1097534947128342], "19": [-0.014742035796816651, 3.1125511022790593], "20": [-0.013835815985553902, 3.1164193024370386], "21": [-0.012712037638903079, 3.1212156621078604], "22": [-0.011412063837675788, 3.1267634756011233], "23": [-0.009983807116626997, 3.1328582441674544], "24": [-0.00847996617276356, 3.1392752097878893], "25": [-0.006956067607292199, 3.145777667074457], "26": [-0.0054683899286129154, 3.1521257383163674], "27": [-0.004071855773265152, 3.158085272238034], "28": [-0.0028179807970586954, 3.1634365202685966], "29": [-0.001752963422351091, 3.1679822560335684], "30": [-0.000915989472508308, 3.171555032708141], "31": [-0.0003378116810485663, 3.1740233149967145], "32": [-3.964864131737182e-05, 3.1752962729033904], "33": [-3.243323652420198e-05, 3.175327078402172], "34": [-0.0003164283664905421, 3.1741146001558134], "35": [-0.0008812180886927754, 3.1717034439752654], "36": [-0.0017060742330230903, 3.1681823379246676], "37": [-0.0027606905747903977, 3.16368091210373], "38": [-0.004006267171598284, 3.1583649754665135], "39": [-0.005396915522152416, 3.152430445845613], "40": [-0.006881340904547968, 3.146096143200939], "41": [-0.008404742906910989, 3.1395957066919675], "42": [-0.009910860991261853, 3.1331689388241606], "43": [-0.011344081448003942, 3.127052909703197], "44": [-0.012651517372113273, 3.1214731674077365], "45": [-0.013784975306856823, 3.1166353948239434], "46": [-0.014702730546957643, 3.112717829759645], "47": [-0.015371046095331686, 3.109864726960881], "48": [-0.015765385505352034, 3.108181092480445], "49": [-0.01587128487931902, 3.1077288676324453], "50": [-0.015684862380081536, 3.108524685484202], "51": [-0.015212954113463352, 3.110539269729124], "52": [-0.014472873698122706, 3.1136984942273735], "53": [-0.013491800652218855, 3.117886070510024], "54": [-0.012305811546816816, 3.122947778721263], "55": [-0.010958578943760065, 3.128697104097546], "56": [-0.009499776731450207, 3.1349220869647825], "57": [-0.007983245676957304, 3.1413931420806933], "58": [-0.006464987861795723, 3.1478715572593807], "59": [-0.00500107066512709, 3.154118346574999], "60": [-0.0036455278007736466, 3.1599031144677983], "61": [-0.002448345198912629, 3.165012586408397], "62": [-0.001453613181237734, 3.1692584795273335], "63": [-0.000697914699325524, 3.1724844203372795], "64": [-0.0002090046350703745, 3.1745716620492694], "65": [-4.819813970568708e-06, 3.1754434060124592], "66": [-9.28455055266949e-05, 3.1750675860757447], "67": [-0.00046985281763899046, 3.173458028303752], "68": [-0.0011220123681287535, 3.1706739505006913], "69": [-0.002025381771821413, 3.1668178170192083], "70": [-0.0031467561735872146, 3.1620316157365886], "71": [-0.0044448608356417755, 3.156491676932694], "72": [-0.0058718520023111715, 3.1504022078790777], "73": [-0.007375077428291079, 3.1439877701796894], "74": [-0.008899032721035077, 3.1374849754536553], "75": [-0.010387436406560502, 3.1311337139347373], "76": [-0.011785337832726934, 3.1251682552252555], "77": [-0.013041169448328841, 3.119808567431379], "78": [-0.014108659184166922, 3.115252189214474], "79": [-0.014948528756671894, 3.111666960549013], "80": [-0.015529917725996897, 3.1091848759827188], "81": [-0.015831488560037646, 3.107897273864486], "82": [-0.015842182502876063, 3.107851521080793], "83": [-0.015561608300805215, 3.109049298789498], "84": [-0.015000055564704316, 3.1114465420773003], "85": [-0.014178132616904255, 3.1149550352446522], "86": [-0.013126036636629316, 3.119445613302887], "87": [-0.011882473371499723, 3.124752867960399], "88": [-0.010493255598826155, 3.130681202578231], "89": [-0.00900962379810061, 3.1370120267102157], "90": [-0.00748634783982194, 3.143511830198951], "91": [-0.005979682696555221, 3.1499408340230417], "92": [-0.004545261723311407, 3.1560618851282074], "93": [-0.003236015857830863, 3.1616492492812176], "94": [-0.0021002051576347086, 3.1664969614295106], "95": [-0.0011796408127096928, 3.1704264163755234], "96": [-0.0005081628128916981, 3.173292920619902], "97": [-0.0001104232230645739, 3.174990974310897], "98": [-1.0099661194496518e-06, 3.175458105418367], "99": [-0.00018393289795371585, 3.174677132537301], "100": [-0.0006524834282603787, 3.17267678585281], "101": [-0.001389470464503077, 3.1695306673696737], "102": [-0.002367827645877846, 3.165354582498632], "103": [-0.0035515780343083362, 3.1603023268959323], "104": [-0.004897131392597203, 3.1545600658103656], "105": [-0.0063548756114920795, 3.1483394973127643], "106": [-0.007871008651998608, 3.14187004298254], "107": [-0.009389542502003103, 3.1353903556195233], "108": [-0.01085439860123491, 3.1291394683519274], "109": [-0.012211507273842289, 3.123347928692071], "110": [-0.013410823341708908, 3.118229261983692], "111": [-0.014408176359538848, 3.1139720911442224], "112": [-0.015166885539728238, 3.1107332060536192], "113": [-0.015659084183767203, 3.1086318306778304], "114": [-0.015866713791544643, 3.107745284038683], "115": [-0.01578216192237174, 3.1081061768797595], "116": [-0.015408529280210326, 3.109701232227035], "117": [-0.014759520542078193, 3.1124717660042065], "118": [-0.013858961298046672, 3.1163158128349777], "119": [-0.012739951764166616, 3.121091830772192], "120": [-0.011443678122927296, 3.1266238658613745], "121": [-0.010017915100753085, 3.132708003377932], "122": [-0.008515268212228701, 3.139119879317241], "123": [-0.006991219344376953, 3.145622977083613], "124": [-0.0055020526343695746, 3.1519773951966292], "125": [-0.004102746454753218, 3.1579487469755483], "126": [-0.0028449199762912206, 3.1633168459510297], "127": [-0.0017749186692674597, 3.1678838422266535], "128": [-0.0009321130704943094, 3.1714815035716164], "129": [-0.0003474711644855256, 3.1739773768898796], "130": [-4.244931015528048e-05, 3.175279615970517], "131": [-2.8232076558196608e-05, 3.175340315329045], "132": [-0.00030533906537744517, 3.1741572440128403], "133": [-0.0008636070452839652, 3.1717739258259248], "134": [-0.0016825476424784478, 3.1682780636605887], "135": [-0.0027320728745017396, 3.1637983567346915], "136": [-0.003973571386339509, 3.1584998118222005], "137": [-0.005361306362948765, 3.1525777033473084], "138": [-0.006844091837675528, 3.1462503910922295], "139": [-0.008367188773563855, 3.139751254976124], "140": [-0.009874348065410363, 3.1333200492617905], "141": [-0.011309917011816484, 3.1271940086888557], "142": [-0.012620920925974735, 3.1215990524421193], "143": [-0.013759033406558976, 3.116741426643549], "144": [-0.014682356999754441, 3.112800102929817], "145": [-0.015356948900504819, 3.109920212782867], "146": [-0.01575804155476259, 3.1082077492885234], "147": [-0.01587092309188944, 3.1077257148521378], "148": [-0.015691455661322778, 3.10849183911029], "149": [-0.015226220308050386, 3.1104779381312277], "150": [-0.014492285515375767, 3.1136109344111373], "151": [-0.013516604352144993, 3.117775506186019], "152": [-0.012335053940743754, 3.1228182827913593], "153": [-0.010991141968270512, 3.128553449462024], "154": [-0.009534418504182489, 3.1347695708416383], "155": [-0.008018646573294253, 3.1412373902259536],