{"0": [3.5483808342264644e-05, 2.066778976018613], "1": [0.002380806069266152, 2.086881605368313], "2": [0.008699391756484738, 2.137924405337964], "3": [0.01993178167053041, 2.219953012343278], "4": [0.03748140549175902, 2.3330036240807], "5": [0.06297236969231976, 2.4768837711806313], "6": [0.09774450621881067, 2.6505042845436577], "7": [0.14192833230360072, 2.850395161180599], "8": [0.19323775341110908, 3.068564718468327], "9": [0.24657240471511926, 3.2917441157116927], "10": [0.29582430269120746, 3.5047842978231416], "11": [0.33672077770718356, 3.696020318444016], "12": [0.36789128087191975, 3.8592186340822385], "13": [0.3900166240330765, 3.9919831546627], "14": [0.40463679272819547, 4.093697421734281], "15": [0.4133673291125783, 4.164334378829337], "16": [0.4174984915621092, 4.203979689524437], "17": [0.4178099000800633, 4.212697175060024], "18": [0.4144938834911139, 4.190511454034467], "19": [0.40714105840086606, 4.137410682814457], "20": [0.39477922832625056, 4.053350801282524], "21": [0.375987951738572, 3.9383087193787096], "22": [0.34915519593357974, 3.7925251784674123], "23": [0.313007757737907, 3.6172212594218944], "24": [0.26756494652333107, 3.4161439802126194], "25": [0.21532666516912047, 3.1976834565511503], "26": [0.16153307341459336, 2.9753724696114614], "27": [0.1122096989225379, 2.764204228019208], "28": [0.07139899952674501, 2.5754107913582183], "29": [0.04027841069170539, 2.4148634720887703], "30": [0.01807770357452343, 2.2847788414421286], "31": [0.0032435035048152157, 2.185714131602887], "32": [-0.0058140215382461585, 2.1176871698987276], "33": [-0.010342226479541037, 2.080616772344285], "34": [-0.011071398472971884, 2.0744442896788766], "35": [-0.008143750337279012, 2.0991484060894425], "36": [-0.0011032048877437888, 2.154742685336868], "37": [0.011060435325737934, 2.241269185876521], "38": [0.029787612983890224, 2.358734391582628], "39": [0.056674325323735654, 2.5068365903063987], "40": [0.092910349015004, 2.684189467727576], "41": [0.13829240915633317, 2.8867047573777547], "42": [0.190066304494424, 3.105517430957203], "43": [0.24283903048204747, 3.326806163189488], "44": [0.2906972419596545, 3.535790336676001], "45": [0.32987045540211024, 3.7217493814020584], "46": [0.3594007899533832, 3.8792241222259225], "47": [0.3801577647539209, 4.006199019381572], "48": [0.3937082235418066, 4.102183109954276], "49": [0.4016114926265315, 4.167169359906175], "50": [0.40506494323629794, 4.2012345009796865], "51": [0.4047415036827444, 4.204431800649604], "52": [0.4007251291377974, 4.176779045508047], "53": [0.3925055668587422, 4.118260811367553], "54": [0.37902893710780294, 4.028837869765499], "55": [0.3588330539077891, 3.908525149168002], "56": [0.33034423992581236, 3.7577013459369395], "57": [0.2924767309444437, 3.5779577045368924], "58": [0.24565573516005532, 3.3737950593045425], "59": [0.19292857792635984, 3.15462694587033], "60": [0.13984362112693025, 2.9345679121259693], "61": [0.09216289937032385, 2.7281114928539147], "62": [0.05334370611728205, 2.545389355047077], "63": [0.024103282621804292, 2.3914082922481517], "64": [0.0034672536998366335, 2.2679683869068388], "65": [-0.010142487488267626, 2.1754904673513398], "66": [-0.018248960696622653, 2.113970205972067], "67": [-0.021992111975925106, 2.083335441898119], "68": [-0.021979452850509756, 2.0835384309597487], "69": [-0.018228726670732127, 2.114565069168345], "70": [-0.010168449007537972, 2.176432642293663], "71": [0.003303808877178049, 2.2691761725523056], "72": [0.02367216091713064, 2.3927527779372775], "73": [0.0524787792189746, 2.546686491852301], "74": [0.09068024440312322, 2.7291336011053184], "75": [0.1375873810729592, 2.935101780753914], "76": [0.1898242618004978, 3.1545614534460267], "77": [0.2416975881680537, 3.373124701533247], "78": [0.2876450846851718, 3.5766771057224926], "79": [0.3245618414350654, 3.7557493543067286], "80": [0.35198620836892014, 3.905816325787068], "81": [0.37099849927307954, 4.025300587703609], "82": [0.3831835713560675, 4.113852225778664], "83": [0.39002132875751044, 4.171486572802644], "84": [0.3925864917970437, 4.198270982658949], "85": [0.39141308070247094, 4.1942476044336265], "86": [0.3864449015727718, 4.15942677919992], "87": [0.37704269880824826, 4.093789546821768], "88": [0.36205163360221804, 3.9973072211867686], "89": [0.3399674230851437, 3.870059481855264], "90": [0.309292178223449, 3.7126453170316096], "91": [0.2692290965229718, 3.527217884203781], "92": [0.22077728581054765, 3.319347379612908], "93": [0.16767093559285468, 3.0997362061293416], "94": [0.11572252677146844, 2.8829966500352495], "95": [0.07023778251885031, 2.6827563654712985], "96": [0.03393394211438487, 2.507756313083877], "97": [0.007008907221849471, 2.3620226278453917], "98": [-0.011720168223115647, 2.246909952202469], "99": [-0.023838151697968244, 2.162699331268667], "100": [-0.030774061297576986, 2.1093655723914253], "101": [-0.033529259861548116, 2.086846436981856], "102": [-0.03255621765504733, 2.0951053709808725], "103": [-0.027717365847704734, 2.134135799019453], "104": [-0.018299773730978613, 2.2039579022757456], "105": [-0.003093580772956981, 2.3045908576597567], "106": [0.019421478661005586, 2.435906289387312], "107": [0.05068181591013795, 2.5971494979024006], "108": [0.09128760566161313, 2.785789824661403], "109": [0.13988061358739684, 2.9955865505109607], "110": [0.19234789012832634, 3.2151248002716146], "111": [0.2428009279573106, 3.4296500431306054], "112": [0.2862536639289932, 3.6261407172629556], "113": [0.32040577423333594, 3.796638850642216], "114": [0.3453240145216751, 3.9376220489186013], "115": [0.3622860372035393, 4.047952054309798], "116": [0.3728679212405756, 4.127412226029028], "117": [0.37843915668250383, 4.176035866681798], "118": [0.3799193372062443, 4.193879773726471], "119": [0.3776713903116474, 4.180974979354524], "120": [0.37146930242098325, 4.137324381251516], "121": [0.3605213539910839, 4.062907416830986], "122": [0.34356161298595383, 3.957719039686678], "123": [0.31906105086554254, 3.821952265563626], "124": [0.28566731579373505, 3.6565589251453248], "125": [0.24302069876160035, 3.4645278450577037], "126": [0.19288945702230312, 3.2528664577978064], "127": [0.13977242916465055, 3.0337165450837738], "128": [0.08957231921937372, 2.8218572106350868], "129": [0.046889257938724394, 2.6295789779358545], "130": [0.013585615486089268, 2.464017417582448], "131": [-0.010663516385613919, 2.328198993307722], "132": [-0.027218887840398193, 2.223057720546708], "133": [-0.03763717410639344, 2.148752209360415], "134": [-0.04321894798029947, 2.105243188858959], "135": [-0.04479341426786795, 2.092479590147514], "136": [-0.042626099260528925, 2.110435756847995], "137": [-0.03639594836776419, 2.159112260956153], "138": [-0.025228330574876594, 2.238528638109798], "139": [-0.007802156292026012, 2.348669172458036], "140": [0.01740935265224719, 2.4892549247295324], "141": [0.05164540300888585, 2.659084656463162], "142": [0.0949739367312232, 2.8546169756647517], "143": [0.14516673165104663, 3.0679828944560734], "144": [0.19735018410066643, 3.2863339188084217], "145": [0.24568780931601109, 3.495019372872334], "146": [0.2860306661719215, 3.6826023635442726], "147": [0.3169652445874398, 3.842790597940193], "148": [0.33906086549111164, 3.973033833249216], "149": [0.35374616937705977, 4.072585474329703], "150": [0.3625462927887656, 4.141337234962939], "151": [0.36668290474507487, 4.179332041466674], "152": [0.3668860833677946, 4.186615034647987], "153": [0.36331631816129106, 4.163206713359442], "154": [0.3555515282425558, 4.109103419861144], "155": [0.3426313006695206, 4.024288894804346], "156": [0.32318278384888327, 3.9088090334347414], "157": [0.29569720268604877, 3.7630569965496194], "158": [0.2590853202495118, 3.588548994177869], "159": [0.2136296916626467, 3.389487343037053], "160": [0.16206338729816788, 3.1746883950119607], "161": [0.1096002861130087, 2.957642642246564], "162": [0.06191366818628585, 2.7526879654674503],