{"0": [-1.6645955621699364e-05, 0.7953410666751375], "1": [-0.0010882517001521417, 0.8229248411739181], "2": [-0.003699474790576302, 0.8937267772078895], "3": [-0.00750657230440289, 1.0096259441345785], "4": [-0.011803806381752265, 1.1732252460135284], "5": [-0.015356373037846486, 1.387438676295465], "6": [-0.01628098573192364, 1.655196700110979], "7": [-0.012133900628745933, 1.9791871154191525], "8": [-0.0004991316259986432, 2.360516324206592], "9": [0.019437213306718222, 2.793408655958851], "10": [0.04450313840446769, 3.2552671924066936], "11": [0.06774690475390394, 3.7070825980868403], "12": [0.08357785224781837, 4.116026672986339], "13": [0.09096752669861452, 4.468908217568196], "14": [0.09179440913571137, 4.764492036474189], "15": [0.08864345498158427, 5.005090417486503], "16": [0.08375439685497403, 5.19360029725278], "17": [0.07872103390285828, 5.332953101054108], "18": [0.07452798247293793, 5.425913310204558], "19": [0.07170704626208349, 5.4747264799112045], "20": [0.07049305200023302, 5.480725556532029], "21": [0.07091930964718542, 5.444071882640137], "22": [0.07283120873737774, 5.363720224599744], "23": [0.07581566816871395, 5.237619387159882], "24": [0.0790603256978042, 5.063088295683858], "25": [0.0811884874650755, 4.837214756098926], "26": [0.08017063798455644, 4.557113932776245], "27": [0.0734948026437224, 4.220282057844806], "28": [0.05893388181804657, 3.8265384284168547], "29": [0.03639111425933148, 3.3846463299373295], "30": [0.010120785756266985, 2.9218923740280567], "31": [-0.012717908150189873, 2.478179240848606], "32": [-0.027532080805417934, 2.0819710752256997], "33": [-0.03419174447018126, 1.7427363149099997], "34": [-0.034885260133707865, 1.460406237128773], "35": [-0.032170484848899464, 1.2324361433921023], "36": [-0.028145550885896726, 1.0559259125167375], "37": [-0.02425295600064676, 0.9279847164338825], "38": [-0.021357798556626426, 0.8459592974903477], "39": [-0.019911194706907973, 0.807811697486207], "40": [-0.020094621190412842, 0.8124922897020478], "41": [-0.021896078362387526, 0.8601478597932368], "42": [-0.02510225179559072, 0.9520959355452564], "43": [-0.029207952097077935, 1.0905706566672884], "44": [-0.033263370499221984, 1.2783241091666222], "45": [-0.03571795986734734, 1.5182559595807572], "46": [-0.03438031762359467, 1.813184403506113], "47": [-0.026707970069950775, 2.1652823402218218], "48": [-0.0108233947393441, 2.573190692261823], "49": [0.012350778112291605, 3.023864259490919], "50": [0.037381021974184934, 3.484871585339382], "51": [0.057295470950356094, 3.9171752241434112], "52": [0.06878737342508792, 4.297874996653603], "53": [0.0726081076395112, 4.621111618954195], "54": [0.07118007105013754, 4.888030726093997], "55": [0.06697866853575139, 5.101337063239233], "56": [0.061925112851418496, 5.263921767025273], "57": [0.05729051465423241, 5.378615678905356], "58": [0.053810753476668735, 5.447917393938822], "59": [0.05185134475142891, 5.473598734048065], "60": [0.05153510134912735, 5.456367528478866], "61": [0.05279461197980283, 5.395724080075303], "62": [0.055339366424885024, 5.290057447419582], "63": [0.05854350168988845, 5.136954971648913], "64": [0.06128429491743956, 4.933611429770831], "65": [0.06180688614713527, 4.677154466675868], "66": [0.05775855943965909, 4.364878863570822], "67": [0.04665176939351766, 3.995232672420759], "68": [0.027213302270065527, 3.5721150244224513], "69": [0.0017292947434401646, 3.1143702826651656], "70": [-0.023310530997307104, 2.659055815572011], "71": [-0.04168963268807746, 2.241835314602664], "72": [-0.05156971517375712, 1.8793503744112259], "73": [-0.054470021252970804, 1.5743353928193005], "74": [-0.05293971850997021, 1.3248647237867825], "75": [-0.04931040413038805, 1.1281445252364186], "76": [-0.0452945307114855, 0.9813068720305799], "77": [-0.04197831499296067, 0.8816132246688148], "78": [-0.03996456195264335, 0.826777709895691], "79": [-0.03953146438541439, 0.815361694506814], "80": [-0.04073780809882742, 0.8470569549792253], "81": [-0.04344737158626588, 0.9227508720796479], "82": [-0.04726794823027992, 1.0443520457863777], "83": [-0.05141759921719027, 1.214430317447837], "84": [-0.05456176569897406, 1.4358179672511504], "85": [-0.05471793833617089, 1.7113394680371559], "86": [-0.049403284230263585, 2.0434781521597563], "87": [-0.03634879509842504, 2.4326029898865316], "88": [-0.015259983188082724, 2.870741657100025], "89": [0.009923755324080545, 3.331922252483768], "90": [0.03212476418801572, 3.7765308884196567], "91": [0.04649972275726464, 4.17495294440532], "92": [0.052680468421953466, 4.516697762955084], "93": [0.0527631467241721, 4.801421643005655], "94": [0.04930200554696843, 5.031536488666617], "95": [0.04442553931324325, 5.209870191766886], "96": [0.03961308861582163, 5.339246772451482], "97": [0.03576055794827882, 5.422262338655001], "98": [0.03333943300537782, 5.460916963600125], "99": [0.032540781987134115, 5.456243821018219], "100": [0.03335207354836025, 5.408099800829348], "101": [0.03554937644008655, 5.315191199795935], "102": [0.03860636877634632, 5.175328731485795], "103": [0.04154256544812158, 4.985822805909173], "104": [0.04277275707942543, 4.743844133715273], "105": [0.040081170942145514, 4.446655008042679], "106": [0.03094149595431309, 4.092249187171651], "107": [0.013589017405511515, 3.682483876903576], "108": [-0.010806992488247019, 3.2314833891915535], "109": [-0.03661756885539687, 2.7725848312008994], "110": [-0.057020468945942114, 2.344211414390569], "111": [-0.06900718908091291, 1.9680280084613884], "112": [-0.07348259776328595, 1.6492961706791451], "113": [-0.07288809765537015, 1.386767214684304], "114": [-0.06966403894287887, 1.1777776702021472], "115": [-0.06568614679860668, 1.0195030063559087], "116": [-0.062187169662238015, 0.909198530508299], "117": [-0.05987592412399138, 0.8444821119727668], "118": [-0.0590987291539706, 0.823725164252684], "119": [-0.059959519320617674, 0.8463714985851564], "120": [-0.06236261796918493, 0.9130536766535651], "121": [-0.06596933035989937, 1.0254672697567722], "122": [-0.07007732228816223, 1.186041540380213], "123": [-0.07345966304120165, 1.3975370436415544], "124": [-0.0742495339562522, 1.6627482014163746], "125": [-0.07002918809773695, 1.9842266025210968], "126": [-0.058412487160665785, 2.3629292612186164], "127": [-0.038595412488936116, 2.7929823095761903], "128": [-0.01369268198867739, 3.2519429989444135], "129": [0.009456488311379671, 3.7011812955978587], "130": [0.025314449779938835, 4.107988161453095], "131": [0.03282529096473381, 4.458978098455188], "132": [0.03382407085139128, 4.752695857412751], "133": [0.030865508097141614, 4.991292937159948], "134": [0.02617382668639125, 5.177531638083429], "135": [0.021338039222728523, 5.31420214264176], "136": [0.0173436843386443, 5.403910340618884], "137": [0.014723505494926027, 5.448731234644846], "138": [0.013706840439424247, 5.449829719185013], "139": [0.014307229345846731, 5.407223066840318], "140": [0.016326178700215223, 5.319774067675523], "141": [0.0192722841722434, 5.1854191294921765], "142": [0.022215598457711955, 5.001551639872817], "143": [0.023634684606310866, 4.765391743125437], "144": [0.021372993324647645, 4.474226003536262], "145": [0.012913159520830421, 4.125959213712149], "146": [-0.00364628929701389, 3.7218766212738936], "147": [-0.027515694889651967, 3.2745251409590197], "148": [-0.05346027601243207, 2.8155571712042877], "149": [-0.07454848687273223, 2.383938054186555], "150": [-0.08733891103598787, 2.0032307989471603], "151": [-0.09246137856983334, 1.6798428834172299], "152": [-0.09228632262113669, 1.4128875953558593], "153": [-0.08928074112364429, 1.1997946089362026], "154": [-0.08537689460542236, 1.0377856485235406], "155": [-0.08186271178449495, 0.9241486052261494], "156": [-0.07948868896326855, 0.8565060794427741], "157": [-0.07862777265646465, 0.8331999018865995], "158": [-0.07939897308984688, 0.853617447953083], "159": [-0.08171497625707712, 0.9183211590069362], "160": [-0.08524319853566847, 1.0289352583852305],