{"0": [-6.4289758597020645e-06, 4.606444196747457], "1": [-0.0004624875051244694, 4.585164416308052], "2": [-0.0019803835147729496, 4.531144235190237], "3": [-0.005510812068451668, 4.444348356659069], "4": [-0.012556445039037231, 4.324649013696349], "5": [-0.025083285922762225, 4.171787999478115], "6": [-0.04530378893082947, 3.985507868041571], "7": [-0.07517961813560266, 3.7661983181689087], "8": [-0.11540885528804186, 3.516642361471171], "9": [-0.16391241165027404, 3.2450062756316185], "10": [-0.2150706144965502, 2.9665503258453327], "11": [-0.26180377693156526, 2.6994783523904617], "12": [-0.2992588555892095, 2.45742419756564], "13": [-0.32616314269982255, 2.246897021387289], "14": [-0.34367122861844057, 2.0697779994858623], "15": [-0.35390324271214324, 1.9261275239943692], "16": [-0.35906768908243625, 1.8156143212894498], "17": [-0.3610515853027558, 1.7379842881205438], "18": [-0.36124689611293914, 1.6931224789431099], "19": [-0.3604816329316274, 1.6809972378096991], "20": [-0.3589955350663658, 1.7016030269029792], "21": [-0.3564352170514348, 1.7549409604780783], "22": [-0.35186300827641775, 1.841044431732575], "23": [-0.3437897993295066, 1.9600366097441138], "24": [-0.3302633852181431, 2.1121673850565474], "25": [-0.30908399458995844, 2.297682891317075], "26": [-0.2782973473511822, 2.516185629185341], "27": [-0.23719763292459756, 2.7649075495398026], "28": [-0.18782825802836767, 3.0357485951059946], "29": [-0.1357521845472003, 3.313555634254903], "30": [-0.08801426735395451, 3.5801862850621298], "31": [-0.04947960386890609, 3.821974414885843], "32": [-0.021454440052636428, 4.032341949592875], "33": [-0.00281266591173724, 4.209355768952714], "34": [0.008548079525780352, 4.35292793037157], "35": [0.014826283937916017, 4.463377512096447], "36": [0.01790345859291607, 4.540953904136977], "37": [0.019168545698518898, 4.585770501180307], "38": [0.01944789097366973, 4.597858589420115], "39": [0.01898036162908525, 4.57722373792877], "40": [0.01741235747052879, 4.523865061652844], "41": [0.013806924352417635, 4.437749815810888], "42": [0.006677352782819831, 4.3187568606751245], "43": [-0.0059230248772038025, 4.166642273046019], "44": [-0.026182680437037687, 3.9811754509043564], "45": [-0.05603470870246678, 3.762789010776399], "46": [-0.09615067468674891, 3.5143157003325736], "47": [-0.1444490143156704, 3.243935086556931], "48": [-0.19535822988560259, 2.9668252052201436], "49": [-0.24187783348068218, 2.701046289859614], "50": [-0.27920428636186395, 2.460147330433449], "51": [-0.30606649418631837, 2.250641339078764], "52": [-0.32359682078912577, 2.0744484700720793], "53": [-0.3338891608721921, 1.9316647891853895], "54": [-0.3391284336069582, 1.821982040414949], "55": [-0.3411814623747878, 1.745158496087279], "56": [-0.3414226777740426, 1.701084759645658], "57": [-0.3406644018625135, 1.6897309594464258], "58": [-0.3391320180904946, 1.7110916731996197], "59": [-0.3364591596424798, 1.7651678077130215], "60": [-0.3316974591334111, 1.8519926567360172], "61": [-0.3233516804470301, 1.9716877296852289], "62": [-0.30947276882156993, 2.1244929195649807], "63": [-0.2878826661512982, 2.310618223769308], "64": [-0.25668392678274515, 2.5295671750098414], "65": [-0.21528162049771854, 2.778361437727747], "66": [-0.16586808598235425, 3.0485981792135606], "67": [-0.11408492864085944, 3.324949715266769], "68": [-0.0668760545422998, 3.5894641248291212], "69": [-0.028911146077368742, 3.8288563128010673], "70": [-0.0013601468332733227, 4.0368071501707385], "71": [0.016948637521027054, 4.211471576026285], "72": [0.028109315338523275, 4.352764104204725], "73": [0.03428956228489717, 4.460983637733555], "74": [0.037332395166033434, 4.536361563378121], "75": [0.03858636496538197, 4.57900105610657], "76": [0.038837546868864085, 4.588929657264511], "77": [0.03828536990062839, 4.566152506200212], "78": [0.036538312082599195, 4.510668405221856], "79": [0.03262468734785831, 4.422442294427088], "80": [0.025030163091775626, 4.301350016174821], "81": [0.011796000642678965, 4.147154358141165], "82": [-0.00924516917615083, 3.9596727148319393], "83": [-0.03993865459166492, 3.7394979046904675], "84": [-0.0807578581400728, 3.4898401105021666], "85": [-0.12932718031936125, 3.219469668993428], "86": [-0.17988007236233222, 2.9439751993946444], "87": [-0.22554928821668763, 2.68115804907952], "88": [-0.2618714403004003, 2.4438926913313774], "89": [-0.28783924809612144, 2.2381845643876854], "90": [-0.30469325503338235, 2.0657479104911403], "91": [-0.3145347652007642, 1.926641369851259], "92": [-0.31950991663673217, 1.820574362744642], "93": [-0.32142865165637163, 1.7473283103564987], "94": [-0.32160230907964377, 1.7068081859855513], "95": [-0.320778598612772, 1.698989497524558], "96": [-0.3191186612807564, 1.7238674653932171], "97": [-0.31619361205775476, 1.7814439041509167], "98": [-0.310996819969729, 1.8717569476255569], "99": [-0.30198478176000787, 1.9949355794699792], "100": [-0.2871827332492657, 2.151214840980397], "101": [-0.26443616054751773, 2.3407404257760898], "102": [-0.23197184445268476, 2.562784334170707], "103": [-0.18948730648696782, 2.81380887114443], "104": [-0.13961427549751856, 3.0845301991588028], "105": [-0.08828871787508204, 3.359008328289408], "106": [-0.04226869174937228, 3.6196602188764815], "107": [-0.005738087220115533, 3.854169677243401], "108": [0.02051363806994165, 4.056951838247005], "109": [0.037820170111396524, 4.226469501672573], "110": [0.04829438567555407, 4.362703319231024], "111": [0.05405555454906428, 4.465935725916602], "112": [0.056870947403684126, 4.53637020618648], "113": [0.058003320488469005, 4.574092075431173], "114": [0.058149978638741905, 4.579122307400908], "115": [0.0574215779786924, 4.551465307840654], "116": [0.055339867261170274, 4.491118215670695], "117": [0.05085199355168449, 4.398038361169165], "118": [0.042375875328144, 4.27208988252113], "119": [0.027915730188560608, 4.1130406198348535], "120": [0.005334812656073714, 3.920795342443141], "121": [-0.027042996578182904, 3.6962653538853205], "122": [-0.06929346844194537, 3.443424844654018], "123": [-0.1184559140555591, 3.1722182731463815], "124": [-0.1683953579163021, 2.8989972559951904], "125": [-0.2125116014458951, 2.641025831967476], "126": [-0.24697363877588627, 2.4099148313282406], "127": [-0.2712566623094589, 2.2107386024316202], "128": [-0.28680520931332865, 2.0448229852180795], "129": [-0.29574482056342155, 1.9121403440989049], "130": [-0.30016122215233454, 1.8124172949250383], "131": [-0.3017689528206997, 1.7454675389779335], "132": [-0.3017707233616718, 1.711216609153787], "133": [-0.30080145609182374, 1.7096472349999006], "134": [-0.29890926744151236, 1.7407553516277368], "135": [-0.29555477594481677, 1.804545458136865], "136": [-0.2896280714387459, 1.9010664286978358], "137": [-0.2794999725775185, 2.030462836744813], "138": [-0.26315053097579244, 2.1929614541995783], "139": [-0.2384694778893747, 2.3885877429960094], "140": [-0.2039096852991579, 2.6161861463890532], "141": [-0.1596859113457343, 2.87122009290719], "142": [-0.10915878869105773, 3.1429397684999087], "143": [-0.058671461198448877, 3.414563399628765], "144": [-0.01459914602770366, 3.669284134231188], "145": [0.019651595812050858, 3.8963386127128854], "146": [0.043857078424903315, 4.091232083289667], "147": [0.05958283864707384, 4.252870940673432], "148": [0.0689644713405693, 4.3813323321189], "149": [0.0740459568602435, 4.4768785704041445], "150": [0.07647849898987784, 4.539676937834406], "151": [0.07739317575800542, 4.569790398447549], "152": [0.07735060384765738, 4.567232629838419], "153": [0.0763244612015879, 4.532007396812314], "154": [0.07370276101458434, 4.464107738327147], "155": [0.0683082679128225, 4.363476669018345], "156": [0.05845735560366106, 4.229959486638968], "157": [0.042105251938930804, 4.063339976046481], "158": [0.01718198860303102, 3.8636898320402184], "159": [-0.017689708825028735, 3.6324868787461124], "160": [-0.06193153377285277, 3.3749756032903075], "161": [-0.11171752835400141, 3.102845939717762],