{"0": [-5.390054275026495e-06, 4.549138019699292], "1": [-0.00039052732579561433, 4.513089306708981], "2": [-0.0016932931837949504, 4.421752361123826], "3": [-0.004744613851671342, 4.275666497985341], "4": [-0.01073994663177502, 4.076100480850335], "5": [-0.020891512234193756, 3.8260770356867995], "6": [-0.035737799499108214, 3.5327222443154453], "7": [-0.054227759004376735, 3.210742357447299], "8": [-0.0734567928107423, 2.8833090660078513], "9": [-0.0900504602793958, 2.5756679588325366], "10": [-0.10207585935064181, 2.306428090610937], "11": [-0.10948020981246863, 2.0854980721499192], "12": [-0.11330084793457106, 1.917194620184402], "13": [-0.11481944532336771, 1.8032845855645385], "14": [-0.11507254356261656, 1.7445076376657895], "15": [-0.11463910082310223, 1.7411486865448755], "16": [-0.11356992985239553, 1.7932153981092553], "17": [-0.11138385455331959, 1.9004405475541344], "18": [-0.10712558737853668, 2.0621216304042176], "19": [-0.09954988027317045, 2.2766174572258198], "20": [-0.08755848360795991, 2.5400057528248685], "21": [-0.07099146175504818, 2.843285434231911], "22": [-0.05147825931378966, 3.1690937603505587], "23": [-0.03226436252950988, 3.492719065907771], "24": [-0.016448079569118815, 3.790196208688907], "25": [-0.00537450507475149, 4.04561486224269], "26": [0.0013214783627160144, 4.251087445313682], "27": [0.0048167133764488515, 4.403277077189124], "28": [0.006352050516927473, 4.5008101102909555], "29": [0.006839893653699633, 4.54310961419629], "30": [0.006705108037113325, 4.529979107348825], "31": [0.005838573815992681, 4.461487655798306], "32": [0.003609185872040764, 4.338010173946362], "33": [-0.0010499949222901382, 4.160460705320784], "34": [-0.009396741697840364, 3.9309800438858393], "35": [-0.022340296960224878, 3.6546683105546105], "36": [-0.039569602071833535, 3.342774831690496], "37": [-0.05887460351629873, 3.0153143474285127], "38": [-0.07683566237071006, 2.69777367732336], "39": [-0.09079101875608162, 2.412107631695815], "40": [-0.0999818180295, 2.171519909059091], "41": [-0.10511255703854533, 1.9821709326641967], "42": [-0.10743586223666522, 1.8466213991168499], "43": [-0.10811731556971238, 1.7659370128989915], "44": [-0.10792908309853436, 1.740559363063799], "45": [-0.10713447987400938, 1.7706013580867785], "46": [-0.10546162834425776, 1.8559094445150688], "47": [-0.10213348898702788, 1.9959757890641199], "48": [-0.09599113689371687, 2.189606427145667], "49": [-0.08581447850101782, 2.4339872720958944], "50": [-0.07097293511344167, 2.7224986294212687], "51": [-0.05233212901352933, 3.041301578632781], "52": [-0.032629206184056694, 3.3679830129327804], "53": [-0.015255900140319582, 3.6772060507856787], "54": [-0.002317349638743505, 3.949572408382273], "55": [0.005972481418058861, 4.1744269592491525], "56": [0.010573682795510821, 4.347033578900967], "57": [0.012757445499856244, 4.465435797561909], "58": [0.01358509143839739, 4.528809921494526], "59": [0.013675335537771205, 4.536830078348975], "60": [0.01312395134830837, 4.4894659744900025], "61": [0.011495231654684721, 4.38696806647019], "62": [0.00787440082294417, 4.2300131067316595], "63": [0.0010394329595669151, 4.020171849975851], "64": [-0.010126458344030038, 3.761164435685093], "65": [-0.02587377182420198, 3.4615268538930475], "66": [-0.04472414662146054, 3.1379233749420226], "67": [-0.06353210650387267, 2.8146167942930984], "68": [-0.07914649778161696, 2.5158224801754137], "69": [-0.09008505848724535, 2.258076624169769], "70": [-0.09660716710453855, 2.0497625217938222], "71": [-0.0998459045501032, 1.8944776179382463], "72": [-0.10104131284428094, 1.793713487285838], "73": [-0.10112654587676653, 1.7481013482990009], "74": [-0.10055617556709003, 1.7578644723566088], "75": [-0.09925392254447844, 1.822947440220753], "76": [-0.09662161023596734, 1.9429842594566178], "77": [-0.09162078181752667, 2.117077550269826], "78": [-0.08300713647562051, 2.3431431917992747], "79": [-0.06985008033519281, 2.616251979857806], "80": [-0.05238498688130532, 2.92552857341836], "81": [-0.03271537454763179, 3.251446609535327], "82": [-0.014213005113775956, 3.5687300418096917], "83": [0.0004046944684382534, 3.8551651772474127], "84": [0.010287157046095832, 4.0971327241560545], "85": [0.01607694935796175, 4.288179773561296], "86": [0.01900337479060245, 4.4255959573106205], "87": [0.02023335417757782, 4.50824575055147], "88": [0.020552521598868636, 4.53565432425778], "89": [0.020242808719435436, 4.507693515560676], "90": [0.019053049679082373, 4.424512151088741], "91": [0.01622742034684659, 4.286619106273117], "92": [0.010625862695955682, 4.095207055725904], "93": [0.0010376233895470102, 3.8530636618348693], "94": [-0.013181500923228145, 3.5667052114806292], "95": [-0.03121371297371256, 3.249737978648581], "96": [-0.050383670159342794, 2.9242943222187843], "97": [-0.06732143152241002, 2.6156179394993986], "98": [-0.07988888290359375, 2.343257916641359], "99": [-0.08782462523151678, 2.1180782212957907], "100": [-0.09205680612655094, 1.944958385090442], "101": [-0.09384284430854033, 1.8259313545383382], "102": [-0.09424199642909044, 1.761858868588204], "103": [-0.09387698131990346, 1.7530846224161447], "104": [-0.092850561629223, 1.7996439988169768], "105": [-0.09073598940547906, 1.9012814018480964], "106": [-0.08662955124905082, 2.0573050708313465], "107": [-0.07932243804719127, 2.266119153293998], "108": [-0.06771126694880629, 2.523973343958127], "109": [-0.05155222547655494, 2.8223213621823557], "110": [-0.03231232953937714, 3.144557235695116], "111": [-0.013107089206799498, 3.466552336129248], "112": [0.0029380083368538788, 3.764204920861718], "113": [0.014343777389092267, 4.020997670138468], "114": [0.02135709188060843, 4.228507900464697], "115": [0.025095660601283508, 4.383093897562341], "116": [0.02678685571549732, 4.4832334460148235], "117": [0.02735449252839454, 4.528278330017483], "118": [0.027246339567807754, 4.5179994793396245], "119": [0.026381377914355485, 4.452457138427987], "120": [0.024159533882022577, 4.332034573963838], "121": [0.01954592498384587, 4.157665165967184], "122": [0.011309918507636036, 3.931502790382577], "123": [-0.001450568011873828, 3.658601733017157], "124": [-0.01846057354631953, 3.350009469636749], "125": [-0.03759227961557313, 3.0253607183488773], "126": [-0.05549711529473342, 2.709827757440325], "127": [-0.06951228595089555, 2.4253748736871104], "128": [-0.07882671837781513, 2.1854285739751798], "129": [-0.08409204473557558, 1.9963636059998746], "130": [-0.08652733122644016, 1.8608754371646172], "131": [-0.08728181940407946, 1.7801028086468078], "132": [-0.08712201881155454, 1.7545231308766638], "133": [-0.08631155827280339, 1.7842600590912847], "134": [-0.08458314893856801, 1.869149128844546], "135": [-0.08116987391736878, 2.0086478400197705], "136": [-0.07493204008048673, 2.2014946616587836], "137": [-0.06468186647650494, 2.4447589001797185], "138": [-0.049832246929978875, 2.7316544839203436], "139": [-0.03128211989607344, 3.048208112340084], "140": [-0.011752136755487268, 3.3720815994684976], "141": [0.005435301463001022, 3.6782481334377577], "142": [0.018238667792515678, 3.947604074292302], "143": [0.026462717036995174, 4.169613707270015], "144": [0.031052468019838315, 4.339542341189112], "145": [0.03325145962374451, 4.455402689309291], "146": [0.03409216757144178, 4.516345769625508], "147": [0.0341669317411983, 4.5220359792436176], "148": [0.03354854866469403, 4.472452391597937], "149": [0.03178366492502613, 4.367879350150709], "150": [0.027951083796087028, 4.2090658624367085], "151": [0.020845685815896037, 3.997728856701517], "152": [0.00940841780300926, 3.7378768231562423], "153": [-0.0065047236462481735, 3.4385252570812552], "154": [-0.02530502754794344, 3.1168339612438887], "155": [-0.04383978502181227, 2.797100076045356], "156": [-0.05908262585308022, 2.5029702088079833], "157": [-0.06969104683059422, 2.2503258771608947], "158": [-0.0759896658149489, 2.047184551280883], "159": [-0.0791090839627159, 1.8970169682195437],