{"0": [-1.1197498599335028e-05, 4.333470170599092], "1": [-0.0007680232263722759, 4.2972479357290965], "2": [-0.0029558725312016244, 4.205767029438085], "3": [-0.007222691224004376, 4.060424841092], "4": [-0.014390014737403306, 3.8641732161800917], "5": [-0.025041696228383217, 3.622936353724928], "6": [-0.038919615170017144, 3.3478793804446005], "7": [-0.05448508868018324, 3.0569974443706927], "8": [-0.06932753947468068, 2.7727307043328864], "9": [-0.08139956755651254, 2.5156044728608524], "10": [-0.08989248986354988, 2.299665619543095], "11": [-0.09510292097769321, 2.132733828346924], "12": [-0.09782518987867636, 2.0187410353985524], "13": [-0.09883594308290218, 1.95958142655161], "14": [-0.09860520931880679, 1.9560426484022448], "15": [-0.09717711465504968, 2.0081545685879303], "16": [-0.0941621055632558, 2.1152037301558484], "17": [-0.08883592436678411, 2.275432426074253], "18": [-0.08039599600724792, 2.485212943894585], "19": [-0.06843838215601998, 2.7373565224375414], "20": [-0.05357077277760047, 3.0187830603265335], "21": [-0.03767122577366522, 3.3097544448119627], "22": [-0.023176666922812852, 3.5877148769978464], "23": [-0.011817455618472132, 3.8337857385444405], "24": [-0.004034092465492168, 4.035912216408242], "25": [0.000675745173113789, 4.1876366115848676], "26": [0.003140865674514358, 4.285754449562147], "27": [0.004067575423082406, 4.328750304492808], "28": [0.0038078385391693047, 4.316072926307733], "29": [0.002276266329175507, 4.247898636286602], "30": [-0.0010287385872121892, 4.125200653275525], "31": [-0.006887181849553117, 3.9501719170012892], "32": [-0.016041352146469567, 3.7272712081735966], "33": [-0.028657782346371133, 3.4651813558154188], "34": [-0.04374854480570682, 3.179009797437076], "35": [-0.059156687753824044, 2.8899139164610053], "36": [-0.0725367177501952, 2.61996271868044], "37": [-0.08252851093693664, 2.3861023856828076], "38": [-0.08902811686898504, 2.198506261705863], "39": [-0.09269080408924166, 2.0624627407503255], "40": [-0.09434232120503337, 1.980568787686668], "41": [-0.09459882105822447, 1.954012587618031], "42": [-0.09368614495972893, 1.9831225173706755], "43": [-0.0913897206014218, 2.067505245174444], "44": [-0.08710633162119373, 2.2058868219508065], "45": [-0.08002706741382919, 2.395541740119057], "46": [-0.06951894742055478, 2.6309927621949525], "47": [-0.05571055362209419, 2.901831127168834], "48": [-0.03997897380348822, 3.1909128739937516], "49": [-0.02466977884181363, 3.4761313236905518], "50": [-0.011924250731841265, 3.7364820530922174], "51": [-0.002707776812414342, 3.9571007898390858], "52": [0.003166559859651819, 4.129525385615037], "53": [0.006455511912490716, 4.249454245546476], "54": [0.00794898581997409, 4.314798189064112], "55": [0.0081567804273963, 4.324657159341122], "56": [0.0071730566605375246, 4.278919503589175], "57": [0.004657119828283352, 4.178214263488167], "58": [-8.088577291921967e-05, 4.024171639680967], "59": [-0.007844636279638544, 3.8201744159171183], "60": [-0.019101669562181366, 3.5729367976318813], "61": [-0.03337600172414292, 3.2948017926132787], "62": [-0.048921545597231546, 3.004819046119159], "63": [-0.0633182057504865, 2.7254573079811215], "64": [-0.07472448049990234, 2.4761627640025976], "65": [-0.0825661917762122, 2.2696988370827875], "66": [-0.08726689995128506, 2.1130198768977753], "67": [-0.0896368588292584, 2.0096047200620775], "68": [-0.09040218217532395, 1.961115291395977], "69": [-0.08995346653035108, 1.96819173697784], "70": [-0.08825016123839854, 2.0307278403206417], "71": [-0.08483175851153538, 2.147830588661886], "72": [-0.07894230971495608, 2.317439374005237], "73": [-0.06982566347108947, 2.535357318264522], "74": [-0.05724110096558457, 2.79339053258172], "75": [-0.04205127409748969, 3.0771131755949974], "76": [-0.026317050869216096, 3.3658664428404994], "77": [-0.012406020751744923, 3.637470350372804], "78": [-0.0017911970977048386, 3.874400515922997], "79": [0.005316814376858843, 4.065904087093699], "80": [0.00952048925403183, 4.206321178095194], "81": [0.011640436341055776, 4.292854390072517], "82": [0.012315693783620515, 4.324205908156964], "83": [0.011807927787892173, 4.299976944414129], "84": [0.009941533248629614, 4.220500427222536], "85": [0.006146456120048962, 4.086973618117246], "86": [-0.0003720966231972391, 3.901985280149331], "87": [-0.010271892328222608, 3.6707386075255757], "88": [-0.023503910569576875, 3.403158399701283], "89": [-0.03880153370258268, 3.1157984482981615], "90": [-0.05387792462901947, 2.8304607453446877], "91": [-0.066543745499762, 2.5683921771609035], "92": [-0.07573098081847252, 2.344985665021934], "93": [-0.08154682676036278, 2.169152550779369], "94": [-0.08471552239781571, 2.045463848286647], "95": [-0.0860303991133523, 1.9761529706375813], "96": [-0.0860245043825256, 1.9622014836608668], "97": [-0.08482381048604135, 2.003776533853527], "98": [-0.08212033423480221, 2.1003009515718523], "99": [-0.0772496128322411, 2.2502175504885633], "100": [-0.06941312446027399, 2.4502825017986534], "101": [-0.05811048256992844, 2.694058821805694], "102": [-0.04373893330755975, 2.9696581697076168], "103": [-0.027955524747930293, 3.258501457331481], "104": [-0.013155101193201747, 3.538252772053476], "105": [-0.001239106365389129, 3.789163651114889], "106": [0.00713334716847616, 3.9980292625164355], "107": [0.012330045828498512, 4.157564568830834], "108": [0.015143357849106767, 4.264101208788877], "109": [0.01630738595903294, 4.315875222781669], "110": [0.016234291682675848, 4.312186701628805], "111": [0.01491051787702505, 4.253098924718165], "112": [0.011901929467441546, 4.139461231021484], "113": [0.00647077268542667, 3.973266233955203], "114": [-0.002141206686929354, 3.758574396192092], "115": [-0.014211721599416348, 3.503312747903818], "116": [-0.028949607301045177, 3.2215076893099317], "117": [-0.04435829882341861, 2.933479639402416], "118": [-0.0580704409943565, 2.661402996415702], "119": [-0.06855372701956478, 2.4231004981894086], "120": [-0.07553317753249662, 2.2296634076649195], "121": [-0.07957479437852591, 2.0869825479426773], "122": [-0.0814908044699774, 1.9979842915543515], "123": [-0.08192963767032002, 1.9640368932870234], "124": [-0.0811713707608692, 1.9855816156784494], "125": [-0.07906213409214638, 2.0623172157975977], "126": [-0.0750521726569018, 2.1930812557958723], "127": [-0.06835880273363654, 2.3753448981122176], "128": [-0.05831746799190447, 2.6040307696415455], "129": [-0.04494081421305606, 2.8694530490191448], "130": [-0.02943668162949582, 3.1553802436552796], "131": [-0.014051237588590271, 3.44022526622706], "132": [-0.000987461513069503, 3.7026772057537145], "133": [0.008637021060812575, 3.9270950494681114], "134": [0.0148847235292568, 4.104330365177946], "135": [0.018457464751121238, 4.229660176789115], "136": [0.020145356142254014, 4.30076694308419], "137": [0.020489848698341126, 4.316622547753408], "138": [0.01963119594660008, 4.277031755479699], "139": [0.01727780924851458, 4.18255101671392], "140": [0.012780146887826005, 4.034713473921655], "141": [0.005347509493237547, 3.8367165086259933], "142": [-0.005528483465375561, 3.594893693471405], "143": [-0.019481290884255285, 3.3209414267347674], "144": [-0.03489688593548662, 3.0332044546451975], "145": [-0.049403042015598024, 2.7538967394763385], "146": [-0.061082036234510556, 2.502842462187798], "147": [-0.06923950954642047, 2.2934191329062976], "148": [-0.07421488244020795, 2.133060434325935], "149": [-0.07678707442627196, 2.0255271907807724], "150": [-0.07768865491457365, 1.972634668693309], "151": [-0.07733748601646513, 1.9751107775027672], "152": [-0.07572962556105645, 2.032907534890532], "153": [-0.07244229605539969, 2.145184526850137], "154": [-0.06674852995655206, 2.3099587371964088], "155": [-0.05789622725684619, 2.5231941983279995], "156": [-0.045602722088056276, 2.7770296555888376], "157": [-0.03063848645385763, 3.0575673622616915], "158": [-0.014972180255926563, 3.344640013745413], "159": [-0.0009577434836305033, 3.6161487107973174],