{"0": [1.5443822468966855e-05, 5.169634257877606], "1": [0.001001133676382821, 5.149207990402213], "2": [0.0033272999447600767, 5.0972076578845815], "3": [0.006504750883361423, 5.01327507759898], "4": [0.009688428315252514, 4.896897683787002], "5": [0.01162937972104005, 4.747450537442949], "6": [0.010659483908291117, 4.564212856302729], "7": [0.004763041030567548, 4.346409496244914], "8": [-0.008173579823261999, 4.093491457444746], "9": [-0.0297746138183967, 3.806149982228549], "10": [-0.060078773396909, 3.4887184341065236], "11": [-0.09624197132416383, 3.15243794027057], "12": [-0.1326026138041853, 2.8155288713257685], "13": [-0.16334431545699346, 2.4965438096846135], "14": [-0.18534089088019123, 2.2073029172245526], "15": [-0.19844814528801932, 1.9524805664332372], "16": [-0.2042310703441856, 1.732863041056083], "17": [-0.20481333803304438, 1.5478925059084676], "18": [-0.20224973873473534, 1.3967665518810566], "19": [-0.1982569905246653, 1.278747473283476], "20": [-0.19413307990462944, 1.193206354162193], "21": [-0.1907682996874244, 1.1396338717666294], "22": [-0.18869199141974552, 1.1176764428873758], "23": [-0.188118637158835, 1.1271822825761553], "24": [-0.18897080288934626, 1.1682265245912167], "25": [-0.1908696051315616, 1.2410984894248753], "26": [-0.19309652787255263, 1.3462581273616736], "27": [-0.19454369845888594, 1.4842887192184773], "28": [-0.1936833048125358, 1.6558725587734968], "29": [-0.18860289985203818, 1.8617703659206908], "30": [-0.17718203573962216, 2.1026582204537974], "31": [-0.1575443034172241, 2.3784317762365506], "32": [-0.1289744104216911, 2.6863207441419488], "33": [-0.09324743807660012, 3.0176760725427667], "34": [-0.055248835775639965, 3.356204016347553], "35": [-0.021118585934527704, 3.6825056270565315], "36": [0.0049595715466704896, 3.982135050519836], "37": [0.021956632992203264, 4.248334029364039], "38": [0.031015257831782623, 4.479366182877752], "39": [0.03416076860730483, 4.6755100202297495], "40": [0.03350955977819944, 4.837535452522602], "41": [0.030903291215028713, 4.966204449493149], "42": [0.027778905609367265, 5.062175342583244], "43": [0.025156258470985984, 5.1259929940665945], "44": [0.023677204456592802, 5.158061706886858], "45": [0.023654441370931457, 5.1585996472645155], "46": [0.02510324723193924, 5.127604635055997], "47": [0.027742522467616847, 5.06485438626654], "48": [0.030964756424569206, 4.969942033867923], "49": [0.03378782907220903, 4.842325067550964], "50": [0.034815031525314795, 4.681357723890421], "51": [0.03224445169769823, 4.486305554858], "52": [0.02399194696575507, 4.256438566942254], "53": [0.008040083240765241, 3.991505223525428], "54": [-0.01680555578819206, 3.693182278498223], "55": [-0.04966548965882879, 3.367977704479376], "56": [-0.0865505406089425, 3.029967068789404], "57": [-0.12137316025525775, 2.6984446945275344], "58": [-0.1491018196010077, 2.3899908460272488], "59": [-0.16778872598191252, 2.1135693705473804], "60": [-0.17806095012613585, 1.8720877625483294], "61": [-0.18177762441400183, 1.665667875235778], "62": [-0.18107648937618048, 1.4936154213409156], "63": [-0.17790083831682502, 1.3551547162105722], "64": [-0.17381337320361998, 1.2496017007765914], "65": [-0.1699562608884586, 1.1763824728601542], "66": [-0.16707924228818427, 1.135052014717711], "67": [-0.16558836754126116, 1.125336284411717], "68": [-0.16558438025125652, 1.147172312818376], "69": [-0.16687324412525745, 1.2007190327931814], "70": [-0.1689445659155322, 1.2863309321444576], "71": [-0.17092698728224887, 1.4045104716257963], "72": [-0.17154307122706997, 1.5558691989442914], "73": [-0.16910032733157065, 1.7411118295020391], "74": [-0.16157450128570666, 1.9609829968075823], "75": [-0.14688055348275686, 2.2159444275433575], "76": [-0.12349535385485087, 2.505067509522994], "77": [-0.09158658142211223, 2.823521779248261], "78": [-0.05425566031089239, 3.1594137520765573], "79": [-0.017260254137626465, 3.4942577859042143], "80": [0.013775980269695915, 3.809963717018637], "81": [0.036019720404428884, 4.095407217286941], "82": [0.04951628964273109, 4.346339166021117], "83": [0.05589732073624708, 4.562117018080017], "84": [0.05728237148991263, 4.743309706434876], "85": [0.05569195729743673, 4.890692282943556], "86": [0.05279946748940647, 5.004970508904838], "87": [0.04986020195250189, 5.086742410600081], "88": [0.047725805636048765, 5.136485455640147], "89": [0.046890409816587555, 5.15451978441691], "90": [0.04753357784809772, 5.140965116029193], "91": [0.04953897249205957, 5.095720739954288], "92": [0.05248097617396808, 5.018482543070759], "93": [0.055584852679018436, 4.908787106204093], "94": [0.05767950478666307, 4.766054929926709], "95": [0.05717570182483305, 4.58961074203007], "96": [0.05211990415760438, 4.37871531339015], "97": [0.040406316776177696, 4.132786745828332], "98": [0.020292699126228657, 3.852248997483338], "99": [-0.008599497962558957, 3.540661895860996], "100": [-0.043972589604836285, 3.2079605395733277], "101": [-0.08056507848627852, 2.871401478637497], "102": [-0.11241458384694446, 2.5499527630855567], "103": [-0.13589217003926818, 2.256706116470584], "104": [-0.1504291484761495, 1.9973491946837272], "105": [-0.1573800915185576, 1.7731505741629665], "106": [-0.1588101905822118, 1.583717917647285], "107": [-0.15679307863081823, 1.4282940358141103], "108": [-0.15309669807672366, 1.3061563490768533], "109": [-0.1490787474475807, 1.2166866579505433], "110": [-0.1456854324725442, 1.1593817484939837], "111": [-0.14349300020776176, 1.1338841330376361], "112": [-0.14275335225186048, 1.1400257909132465], "113": [-0.14341941452771728, 1.1778553173572974], "114": [-0.14513931859102214, 1.2476296629298738], "115": [-0.14722185010070626, 1.3497747988212563], "116": [-0.14858911428810032, 1.4848402181263969], "117": [-0.14774606338986593, 1.6534735552149258], "118": [-0.14281243217065312, 1.8563992311861086], "119": [-0.1316901785453043, 2.0942645974424905], "120": [-0.11249547425174186, 2.3669828807589393], "121": [-0.08444067982538113, 2.6719359437315284], "122": [-0.04913715879983623, 3.000845155071343], "123": [-0.011280854686082468, 3.337855717819326], "124": [0.023042750980474754, 3.663665710868029], "125": [0.049536011991253265, 3.9635111505122986], "126": [0.06701960718048053, 4.230252920505572], "127": [0.07653756578240029, 4.461919357240168], "128": [0.08007042467172554, 4.6586795718319], "129": [0.07972253107922922, 4.82125456670298], "130": [0.07734001352467386, 4.950377949122927], "131": [0.0743711341587617, 5.046684600376201], "132": [0.07184808754781549, 5.110698038080397], "133": [0.0704224428397386, 5.142805461711926], "134": [0.07041181238464383, 5.143215074739857], "135": [0.07183051021622204, 5.111923741157711], "136": [0.07439042922744207, 5.048717468815687], "137": [0.07747181019749783, 4.953205428135604], "138": [0.08007710699254587, 4.824866047106369], "139": [0.0807948096653669, 4.663076993715344], "140": [0.07781518165007453, 4.4671323121953295], "141": [0.06906390891192025, 4.236351940449514], "142": [0.052569128559786286, 3.9705991281535487], "143": [0.02724239573355566, 3.6718043946187033], "144": [-0.005867379549199863, 3.346901671074302], "145": [-0.04262786515688857, 3.0103525585784072], "146": [-0.0769903055983689, 2.681386928019978], "147": [-0.10412994808164874, 2.376099811168246], "148": [-0.12229253974429961, 2.1030142540299854], "149": [-0.13219687562546956, 1.8648439162596102], "150": [-0.13571663027937203, 1.6616788015338941], "151": [-0.1349674273002339, 1.4928512064468356], "152": [-0.13185775489173784, 1.3576228297848598], "153": [-0.1279139774281608, 1.2553454659793593], "154": [-0.1242446941420105, 1.1854798041495944], "155": [-0.12156915812051636, 1.1476155068788787], "156": [-0.12026372434953571, 1.1415117536525785], "157": [-0.12039649158925204, 1.1671330773843047], "158": [-0.12173389392104693, 1.2246554478078697], "159": [-0.12371648395243533, 1.3144375652456557], "160": [-0.12541472321478686, 1.4369753638392408],