{"0": [-1.422695084108673e-05, 3.9709226668197855], "1": [-0.0009472847339374003, 3.946846732111137], "2": [-0.003391061279183917, 3.886352730815699], "3": [-0.00751216772428562, 3.7911546503747444], "4": [-0.01347369353987153, 3.664302921939565], "5": [-0.021294469977022196, 3.5105741973580775], "6": [-0.030702355581721425, 3.3368394168780493], "7": [-0.041064436971601656, 3.1520839576915023], "8": [-0.05148002263719715, 2.9667272477948377], "9": [-0.061028240129532375, 2.791280799186033], "10": [-0.06902886842389683, 2.634955563140188], "11": [-0.07516208094836829, 2.5048804395188964], "12": [-0.07941782402661418, 2.4060513857946395], "13": [-0.08195375264316036, 2.3416812255426915], "14": [-0.08294967841229241, 2.313601883773474], "15": [-0.08250546369063842, 2.3225476809405188], "16": [-0.08059585152352838, 2.3682781440847673], "17": [-0.07708335667965169, 2.449540382298099], "18": [-0.07178911152478264, 2.563870987647794], "19": [-0.0646170620246852, 2.7072494778838965], "20": [-0.055705729808001994, 2.8736928800267294], "21": [-0.04554116572737833, 3.0550459261954046], "22": [-0.034937065709883544, 3.241347651220452], "23": [-0.02484004844378604, 3.4219475534230477], "24": [-0.016052639326813226, 3.5869706940285093], "25": [-0.009044046889954147, 3.728398918111184], "26": [-0.003936758962345107, 3.840395966773765], "27": [-0.0006231377918545114, 3.9190728759925824], "28": [0.0010824472527860348, 3.9620767335945817], "29": [0.001320910371985993, 3.9682492412204264], "30": [0.00011968273869119561, 3.937437839366233], "31": [-0.002618034651258387, 3.870468234603866], "32": [-0.007066028189951563, 3.7692768332999087], "33": [-0.013371312163012515, 3.6372007870534775], "34": [-0.021508375199533355, 3.479378549826578], "35": [-0.031139864609539075, 3.3030812014368465], "36": [-0.04157200845969582, 3.117623541593073], "37": [-0.051880777020029016, 2.9335416109042156], "38": [-0.06117450657520922, 2.7611870326384453], "39": [-0.06883694364652233, 2.6094121172726426], "40": [-0.07461317646162664, 2.4849337720002542], "41": [-0.07853503746126393, 2.3923858240471985], "42": [-0.08077327977773625, 2.3346982244214347], "43": [-0.08149817042772782, 2.3134837364699474], "44": [-0.08078771207468803, 2.329291823273489], "45": [-0.07859331317405749, 2.3817013011929844], "46": [-0.07476341918859432, 2.4692531536580082], "47": [-0.06912481928085726, 2.589223294279119], "48": [-0.06161461827244966, 2.7372554869050645], "49": [-0.0524306679595978, 2.906969090611046], "50": [-0.04212634678655007, 3.089829403785654], "51": [-0.031557866814336095, 3.275655004844349], "52": [-0.021663640156203506, 3.4538446398236773], "53": [-0.013192033734906107, 3.614820516475914], "54": [-0.006543172702189239, 3.7509754588612654], "55": [-0.001786061210121443, 3.8568671590613266], "56": [0.0012117612804816136, 3.9289250555671], "57": [0.002634476206602602, 3.965040843612634], "58": [0.0026046785382729505, 3.9642536274024063], "59": [0.0011255446755655506, 3.9265917900050242], "60": [-0.001919033861770399, 3.853075485211568], "61": [-0.00670641424546061, 3.745878971102317], "62": [-0.01336194898873811, 3.6086468772649853], "63": [-0.02180982193439272, 3.446899444281177], "64": [-0.03164453651476416, 3.268313384645198], "65": [-0.042114979696305926, 3.08250959942917], "66": [-0.05228311346775155, 2.9000913844846203], "67": [-0.06129588298832644, 2.7311999200146313], "68": [-0.06860502277349523, 2.584300464581337], "69": [-0.07401874485637525, 2.4656933020641403], "70": [-0.07760613313975241, 2.379657069671804], "71": [-0.07954636407754237, 2.328846612401216], "72": [-0.07999683522503369, 2.314659395282398], "73": [-0.0790121757947463, 2.337458768103672], "74": [-0.07652096347931987, 2.3966360246429375], "75": [-0.07236031724232078, 2.4905130131802413], "76": [-0.0663676613647591, 2.616085766850418], "77": [-0.058519495088210575, 2.768640498592934], "78": [-0.04907771921032799, 2.9413854406210302], "79": [-0.038662338023825, 3.1254174655978724], "80": [-0.028164469655419445, 3.3103764658636354], "81": [-0.018503901775541596, 3.485765230728857], "82": [-0.010368160304603614, 3.6423427378481277], "83": [-0.0040879991948825495, 3.7729260786381027], "84": [0.0003170701735281463, 3.8724627835505476], "85": [0.0029993107513608935, 3.9376920449975223], "86": [0.004137407325518813, 3.966744201929488], "87": [0.00383331849103859, 3.9588547598482915], "88": [0.0020656300637507626, 3.9142375361902624], "89": [-0.0012992169606602403, 3.8341176676060944], "90": [-0.0064379492089950245, 3.720924323186669], "91": [-0.01344819751884899, 3.5786314805877075], "92": [-0.022197959972523534, 3.4131600210952127], "93": [-0.03221167497032052, 3.2325927674935127], "94": [-0.04268599368905347, 3.046825925588506], "95": [-0.05267916795022889, 2.866475908440131], "96": [-0.061385755000302786, 2.701424020457225], "97": [-0.06832833491743877, 2.5597244252487377], "98": [-0.07337549077912178, 2.4472596894085217], "99": [-0.07662850491870946, 2.367961648865814], "100": [-0.0782702896843485, 2.3242178632449986], "101": [-0.07844225305391857, 2.3172137884250716], "102": [-0.07717447653772258, 2.347124491025594], "103": [-0.07437368057803315, 2.4131456667931417], "104": [-0.06986898882683772, 2.5133654121168303], "105": [-0.06351401314936217, 2.6444791765361426], "106": [-0.05533108471416167, 2.801393814431456], "107": [-0.04565022758546587, 2.9768964507998987], "108": [-0.03515586199107035, 3.1617336800876137], "109": [-0.024764998991470326, 3.3454151535644807], "110": [-0.015368238774199308, 3.517603716878346], "111": [-0.007586604685974381, 3.6694309646847927], "112": [-0.001682351769207681, 3.794147197888734], "113": [0.0023698602839618047, 3.887083351526042], "114": [0.004736929325379055, 3.94527922569646], "115": [0.005588139334441615, 3.9670982494460696], "116": [0.005002795854000999, 3.9519721477239957], "117": [0.0029349870721371066, 3.9003058139726114], "118": [-0.0007638770646279027, 3.813541427207517], "119": [-0.006265069781595713, 3.6943818102351558], "120": [-0.013632025937731194, 3.547153008834189], "121": [-0.022670948641625235, 3.378193460711648], "122": [-0.032835547022470546, 3.1959865036348116], "123": [-0.0432769930315966, 3.0106650943798132], "124": [-0.05306086497584731, 2.832800833675946], "125": [-0.06143765167918495, 2.6719680597408], "126": [-0.0680023722035592, 2.535790583121341], "127": [-0.07268032209992209, 2.4297354798984507], "128": [-0.07559960090856248, 2.357397307358425], "129": [-0.07694222688032067, 2.320904002173022], "130": [-0.07683075540444656, 2.3212315852486056], "131": [-0.07526993526247931, 2.3583636237889376], "132": [-0.07214612593357517, 2.4312907281133005], "133": [-0.06728441625886403, 2.5378509057226126], "134": [-0.06056071353232109, 2.674416923739979], "135": [-0.05204967831718182, 2.8354950611192526], "136": [-0.04215263460067724, 3.0134459153396214], "137": [-0.03161453063409338, 3.198691829728713], "138": [-0.021367983969496438, 3.3806667773856782], "139": [-0.012264014784074496, 3.54924953674931], "140": [-0.004852694911384183, 3.69597558823983], "141": [0.0006701984044987102, 3.814533083080521], "142": [0.004369658410844622, 3.900627944569073], "143": [0.006421986116134645, 3.9515912037497456], "144": [0.00698336302328103, 3.9660144015510914], "145": [0.0061087756302212436, 3.943526252295795], "146": [0.0037283892807010227, 3.8847296622682372], "147": [-0.00031838680909101737, 3.7912975789155845], "148": [-0.0061919157413038925, 3.6662269162386627], "149": [-0.013914638129998345, 3.5142189692595927], "150": [-0.023225852803421706, 3.342043741792924], "151": [-0.03350937483026803, 3.1585723704769575], "152": [-0.04387930198825984, 2.974128257465628], "153": [-0.05342002431611551, 2.799177719278538], "154": [-0.0614453202652, 2.642944556932084], "155": [-0.0676229172849006, 2.51260799866651], "156": [-0.07193033970736241, 2.4132248699213767], "157": [-0.07451689065059525, 2.3480627787954096], "158": [-0.07555919130963216, 2.3189973379083697],