{"0": [2.4796002193732688e-05, 2.848043029723389], "1": [0.0016317640917023796, 2.8562031312402794], "2": [0.005669089832916246, 2.876623208866659], "3": [0.01202145380637979, 2.9085328309825433], "4": [0.02048502157985225, 2.9506851571788975], "5": [0.03074913553310771, 3.0013579603249276], "6": [0.04238652358125033, 3.058382658352829], "7": [0.05486225819614172, 3.1192195714601687], "8": [0.06756666330501758, 3.181087493344057], "9": [0.07986800697356411, 3.241136688522776], "10": [0.09117157324310646, 3.2966355821617426], "11": [0.10096847921981325, 3.345134874795844], "12": [0.10886269017078949, 3.384583314707947], "13": [0.11457453787057419, 3.4133894702246317], "14": [0.11792766203037179, 3.4304412066374166], "15": [0.11883007288200433, 3.435102065263437], "16": [0.1172591462003607, 3.42720208763016], "17": [0.11325682036284403, 3.4070341253435266], "18": [0.10693678845445728, 3.3753587315590035], "19": [0.09850085588705941, 3.333412637064585], "20": [0.08825728967250424, 3.2829080701209383], "21": [0.07663088028314374, 3.2260044815287654], "22": [0.06415444315107817, 3.1652343789248696], "23": [0.051436411931213705, 3.103374878096137], "24": [0.03910847129562133, 3.0432754228916634], "25": [0.02776647828338381, 2.987671085662695], "26": [0.017921312646303495, 2.9390177310912904], "27": [0.009971367964048924, 2.899375148429373], "28": [0.004198588233895676, 2.870344235912058], "29": [0.000781271070728339, 2.85304681406721], "30": [-0.0001870268593950887, 2.8481289362411473], "31": [0.0013176605260639036, 2.8557700669581894], "32": [0.0052547513398465895, 2.875686937439835], "33": [0.01151216345652826, 2.9071288172352014], "34": [0.01989010147551257, 2.9488690312200165], "35": [0.03008267102727024, 2.999205307638127], "36": [0.04166755253975931, 3.0559873087344984], "37": [0.054114044566768486, 3.116689715530323], "38": [0.06681497187108816, 3.1785395564869283], "39": [0.07913872332099166, 3.2386877617398646], "40": [0.09048832978688244, 3.2943958559188835], "41": [0.10035093892671822, 3.343201499386823], "42": [0.10832581388704225, 3.3830364418524885], "43": [0.11412874208347036, 3.412290380109502], "44": [0.11757949062612774, 3.429831858972666], "45": [0.11858293713550667, 3.435005277439741], "46": [0.1171137777803053, 3.427621713114946], "47": [0.1132112473983133, 3.4079549041579624], "48": [0.10698583233842464, 3.376745813916049], "49": [0.09863533685731617, 3.335211115824083], "50": [0.08846330064978586, 3.2850431678638246], "51": [0.07688958330899051, 3.228383213793337], "52": [0.06444277080876132, 3.167749368689689], "53": [0.051728764456348046, 3.1059104075424626], "54": [0.03937907597656836, 3.045714945151362], "55": [0.02799175781438991, 2.9899047662599623], "56": [0.01808161063307498, 2.940948595578331], "57": [0.010051698841015307, 2.9009230679793125], "58": [0.004188496239388324, 2.8714478299409407], "59": [0.0006741688040838007, 2.8536639200453697], "60": [-0.0003945965969805912, 2.8482364399405706], "61": [0.0010088375760064444, 2.8553637218234496], "62": [0.004846574249884321, 2.8747815061270967], "63": [0.011009707859271908, 2.905758541166778], "64": [0.01930240656694235, 2.947088101212344], "65": [0.029423467388415527, 2.9970876989756277], "66": [0.04095547958639457, 3.05362516483895], "67": [0.05337197375041998, 3.114189601641652], "68": [0.06606833753267338, 3.176016481825592], "69": [0.07841318407003077, 3.23625772546598], "70": [0.08980740615806256, 3.292168331232328], "71": [0.09973427907660234, 3.3412732788331905], "72": [0.10778842672223592, 3.3814876252243393], "73": [0.11368112163068213, 3.4111824424595905], "74": [0.11722826706730524, 3.4292071599174885], "75": [0.11833161294384024, 3.4348872223190794], "76": [0.11696319198725329, 3.4280149356298217], "77": [0.11315957263839567, 3.4088451326697298], "78": [0.10702809448396211, 3.3780994087414573], "79": [0.09876263552233351, 3.3369745958590062], "80": [0.08866207998433058, 3.287143354034946], "81": [0.07714140106856295, 3.2307287993919838], "82": [0.06472495091881625, 3.1702345983693205], "83": [0.052016038371941145, 3.1084209816168764], "84": [0.03964590038644828, 3.0481354156419638], "85": [0.028214670593878614, 2.992126026441752], "86": [0.018240973517595946, 2.9428740407990377], "87": [0.010132480959868947, 2.902472633575937], "88": [0.004180166313307437, 2.872559952284713], "89": [0.0005700546053910983, 2.8542960481323307], "90": [-0.0005980421686883492, 2.8483648830076094], "91": [0.0007051690836199833, 2.854983464922982], "92": [0.004444439570677587, 2.8739063361372423], "93": [0.010513981065965438, 2.904421502610667], "94": [0.018721850974098925, 2.9453419720591065], "95": [0.028771465873440528, 2.9950048680035652], "96": [0.04025027860006412, 3.0512961064008453], "97": [0.05263605460022768, 3.111719263147962], "98": [0.06532680262657455, 3.1735184525875377], "99": [0.07769146025633128, 3.233846898907339], "100": [0.08912889553546839, 3.289953442490959], "101": [0.09911860837470614, 3.339350738742177], "102": [0.10725064740054915, 3.3799374572683467], "103": [0.11323180120557942, 3.410066292986373], "104": [0.11687411907427021, 3.4285677656524665], "105": [0.11807622846554015, 3.4347485537971663], "106": [0.11680751432277355, 3.4283823831891707], "107": [0.11310191462554607, 3.4097053879835992], "108": [0.10706368067430784, 3.3794200159145444], "109": [0.09888283795175247, 3.3387034735143706], "110": [0.08885368699834702, 3.2892088977816885], "111": [0.07738636062698902, 3.2330413628472185], "112": [0.06500097585023798, 3.1726900400340554], "113": [0.05229819271545102, 3.110906423301937], "114": [0.039908874890116554, 3.0505365217524116], "115": [0.028435124777872325, 2.99433443845272], "116": [0.018399293818782605, 2.944793547557109], "117": [0.010213596703268909, 2.904023258776821], "118": [0.004173474763680025, 2.8736799726827935], "119": [0.0004688016597112076, 2.854942546913401], "120": [-0.0007974909325019709, 2.848513615479792], "121": [0.0004065302072520266, 2.8546286711708375], "122": [0.004048229217001094, 2.8730608520977405], "123": [0.01002487747071641, 2.9031172020370155], "124": [0.01814834845432707, 2.943630246243988], "125": [0.028126606601126487, 2.9929565428485985], "126": [0.039551921592983076, 3.049000004732198], "127": [0.05190629354507161, 3.1092787226432677], "128": [0.06459040675756812, 3.1710456396589333], "129": [0.07697362012660734, 3.2314555881452165], "130": [0.08845288843622005, 3.2877516108674647], "131": [0.0985040330829051, 3.3374343919360947], "132": [0.10671259243551412, 3.378386518448528], "133": [0.11278090350056662, 3.4089425565112257], "134": [0.11651717255727155, 3.427914322825606], "135": [0.11781691025717937, 3.43458991788907], "136": [0.11664686896518099, 3.4287246779216667], "137": [0.11303839098064689, 3.4105362436951134], "138": [0.1070926963263494, 3.3807081345547054], "139": [0.09899603054496825, 3.3403981474020457], "140": [0.08903818211225875, 3.291240073616883], "141": [0.0776244908735484, 3.2353210369216776], "142": [0.06527084035638049, 3.1751156763377324], "143": [0.052575189223379844, 3.1133665677642233], "144": [0.04016793261715066, 3.0529179638658257], "145": [0.02865303116802955, 2.996529587651766], "146": [0.018556466488930674, 2.9467066093669603], "147": [0.01029493065839156, 2.905574369071931], "148": [0.004168299895783184, 2.87480727174083], "149": [0.00037028496068486187, 2.85560277450745], "150": [-0.0009930686428167538, 2.8486819953028704], "151": [0.00011279743520322712, 2.8542987214235676], "152": [0.0036578260392210243, 2.8722444822337474], "153": [0.009542291857033808, 2.901845140796727], "154": [0.017581812467466637, 2.941952524134127], "155": [0.027488828631368395, 2.9909424464437855], "156": [0.03886037879532768, 3.046736723085678], "157": [0.05118269466914714, 3.106867992313146], "158": [0.0638591868643548, 3.1685982018987233], "159": [0.07625972918719387, 3.2290840863974886], "160": [0.08777947274805348, 3.2855632445226055], "161": [0.09789065703986015, 3.3355247386013707],