{"0": [1.029195853197791e-05, 5.992423198085006], "1": [0.0006815336309554324, 5.983944283486124], "2": [0.0024044942870121567, 5.962081039247468], "3": [0.0052251784097880755, 5.925945223239162], "4": [0.009205947063274588, 5.8741074323734335], "5": [0.01440492785078276, 5.8046055366650515], "6": [0.020838234307580684, 5.714980969025113], "7": [0.02841647048157615, 5.6023635826418365], "8": [0.03684817782022755, 5.463618645040858], "9": [0.04551121602336178, 5.2955412886199404], "10": [0.053311574150939484, 5.095034696490626], "11": [0.05857510137830115, 4.859174825227948], "12": [0.059045360056473754, 4.585132714098415], "13": [0.05210459536720497, 4.270213082857339], "14": [0.035451229871987594, 3.912906505323416], "15": [0.008621707537216194, 3.516668749543201], "16": [-0.02485294576489546, 3.096482963245231], "17": [-0.057438925854706974, 2.679430607646741], "18": [-0.0821256411730528, 2.2908635944657085], "19": [-0.09628875736318045, 1.94288740437716], "20": [-0.10094805315525722, 1.6373237558627445], "21": [-0.09859000044248299, 1.3721295939633684], "22": [-0.09182444659291077, 1.1444990488337794], "23": [-0.0828247093345844, 0.9515805711613131], "24": [-0.07316602473080445, 0.7904333448257087], "25": [-0.06385660880408241, 0.6579607902076399], "26": [-0.05545705900541804, 0.5509971187737246], "27": [-0.04822170486044686, 0.46649143086301575], "28": [-0.0422221353109239, 0.40169433948990757], "29": [-0.03743763345337197, 0.3542930473101793], "30": [-0.03381364249232615, 0.32248680217772807], "31": [-0.03129609220760472, 0.30501835034548797], "32": [-0.029849791215738553, 0.3011814820379517], "33": [-0.0294668800697875, 0.31082021652681546], "34": [-0.030168638889046667, 0.3343283228618967], "35": [-0.032001396400257655, 0.37265111598292805], "36": [-0.03502481415993527, 0.4272848489179596], "37": [-0.0392881892796573, 0.500262085878613], "38": [-0.04478775378124527, 0.5941049213963367], "39": [-0.05139638380602349, 0.7117257657146387], "40": [-0.05875949889469399, 0.8562663195597282], "41": [-0.06616134808131613, 1.0308989141786764], "42": [-0.07238647052808349, 1.2386646272171924], "43": [-0.07562775632621221, 1.4824423415141998], "44": [-0.07352118165536649, 1.7650370713120072], "45": [-0.06344117793202286, 2.089022575703261], "46": [-0.04332900998672135, 2.455250327884427], "47": [-0.013428180671706782, 2.858280382142694], "48": [0.021691553767580207, 3.2800118450547235], "49": [0.054131593017532634, 3.6922476932591173], "50": [0.07769613078238183, 4.072138438539575], "51": [0.09074619025063389, 4.4104324169380025], "52": [0.09479056929509058, 4.706600364971021], "53": [0.09241987858830457, 4.962988941427137], "54": [0.08617419387987414, 5.182417006227198], "55": [0.07809824894146294, 5.367731373198517], "56": [0.06963483223390354, 5.521890447922967], "57": [0.06168234950981923, 5.647998597007793], "58": [0.05472359583443058, 5.749189176778284], "59": [0.04896543147532246, 5.828432162265616], "60": [0.04445543468995873, 5.888355483151072], "61": [0.0411647518987431, 5.931122602095345], "62": [0.03904046592052103, 5.958367123514261], "63": [0.038035722882421776, 5.971166672950032], "64": [0.03812536408451489, 5.970036707091473], "65": [0.03931232336332248, 5.954930510687774], "66": [0.04162727474509343, 5.92523881024101], "67": [0.04512136451116257, 5.879789514250151], "68": [0.049849194226066235, 5.816855218211395], "69": [0.05583642887993719, 5.7341833098506925], "70": [0.06302402229904659, 5.629068692381405], "71": [0.07118100948673946, 5.498486016627873], "72": [0.0797837793763629, 5.339276686597536], "73": [0.08787539919133946, 5.1483412224849205], "74": [0.09394309375730736, 4.92274401091842], "75": [0.0958792522902774, 4.659668135058095], "76": [0.09112704774931008, 4.356373969279429], "77": [0.07720226074211427, 4.010847118556505], "78": [0.05295287377211909, 3.624672668260028], "79": [0.020673286379450023, 3.20920346145279], "80": [-0.012911163362286157, 2.7890829316361105], "81": [-0.04013046311724365, 2.3917508874438784], "82": [-0.05711214114433438, 2.0330289878484553], "83": [-0.06412340625647421, 1.7168010785425911], "84": [-0.06342518138903877, 1.4416387981902001], "85": [-0.05766618135954903, 1.2048360390422044], "86": [-0.04915884004489126, 1.003572293371417], "87": [-0.039638621474244615, 0.8349716351434031], "88": [-0.03025613169688574, 0.6960127005677307], "89": [-0.021680149167419675, 0.5835765009932283], "90": [-0.014237607763520106, 0.49461527431472785], "91": [-0.00804388844802288, 0.42634688291602907], "92": [-0.003102245748035741, 0.376407610467177], "93": [0.0006299139716127778, 0.34294492135863147], "94": [0.0032011794695313883, 0.324661567998433], "95": [0.004644381439724195, 0.3208308587545374], "96": [0.004966488365630677, 0.3312996810221349], "97": [0.0041465216854551885, 0.3564888562200998], "98": [0.0021406936657179455, 0.3973928939962407], "99": [-0.0011032375035707255, 0.45557372954775255], "100": [-0.005617523562877445, 0.5331354980834307], "101": [-0.01136439239799366, 0.632661273099155], "102": [-0.01815609962231735, 0.757093186576428], "103": [-0.02554103742920145, 0.9095540995168551], "104": [-0.03266526080623707, 1.0931492006211134], "105": [-0.03814180116583385, 1.3108338169934253], "106": [-0.039987177749544925, 1.5654271632478276], "107": [-0.03571623381096439, 1.8596857992572662], "108": [-0.022759412103089502, 2.1958981524639953], "109": [0.00047104895756515516, 2.5736461524442973], "110": [0.0325951738814251, 2.984227029421654], "111": [0.06771971316124444, 3.4055165845285726], "112": [0.09791370793328871, 3.809228220719994], "113": [0.11830761310198852, 4.176530951981086], "114": [0.12844797120850918, 4.501527973232639], "115": [0.1303371107781143, 4.784967028137561], "116": [0.12662165861053024, 5.02943169771927], "117": [0.11971465571502, 5.237726769371623], "118": [0.11147954626086719, 5.412692250313254], "119": [0.10318546323762888, 5.55729986159452], "120": [0.09559364301650183, 5.674638174301726], "121": [0.08909408532566165, 5.767761410486587], "122": [0.08384027961700129, 5.8394927319480185], "123": [0.07985575924406443, 5.892258853078683], "124": [0.07710698442960888, 5.927983744446425], "125": [0.07554805916336525, 5.948034447756728], "126": [0.07514559348345044, 5.953199851898681], "127": [0.0758905760512935, 5.943684944935245], "128": [0.07780130969759873, 5.9191098781943285], "129": [0.08091849518789837, 5.878511006892166], "130": [0.08529061193266078, 5.82034894610145], "131": [0.09094476301151148, 5.742536482781423], "132": [0.09783549926267994, 5.64250532857345], "133": [0.10576342764125561, 5.517329800305789], "134": [0.11426001101327014, 5.363907887036281], "135": [0.12244878008866392, 5.179159176515679], "136": [0.12891646198504195, 4.960152205248455], "137": [0.1316545842990335, 4.704085232050236], "138": [0.12816457039754212, 4.408220228003564], "139": [0.11589571876736138, 4.07033761362639], "140": [0.09334964352782041, 3.6911023482814986], "141": [0.0620936032066429, 3.2797685393294933], "142": [0.028196647650869586, 2.8590066074122245], "143": [-0.0004622815044079704, 2.4569499168601467], "144": [-0.01923110370571234, 2.0917843478882796], "145": [-0.027816264134335432, 1.76896760494766], "146": [-0.02827642740770025, 1.487611767625656], "147": [-0.023257107810249547, 1.2451202742906837], "148": [-0.01514804697271096, 1.038700769718801], "149": [-0.005784292600021355, 0.8655233969934993], "150": [0.0035903471895030884, 0.7226267952225844], "151": [0.012233331260377216, 0.6069411742140488], "152": [0.01976614303807324, 0.5154441745457681], "153": [0.026040674962621455, 0.4453578770426505], "154": [0.03103433167574601, 0.39431246255052144], "155": [0.03477865445879783, 0.3604508746101517], "156": [0.03731574794657636, 0.3424823509082077], "157": [0.03867429138426904, 0.3397039005901571], "158": [0.038858516676107825, 0.3520066242955068], "159": [0.03784644641197379, 0.37987663335995375], "160": [0.0355967693335975, 0.42439215769504723],