{"0": [7.705827897292926e-07, 6.2591059475965825], "1": [5.1179848751255766e-05, 6.25818797978817], "2": [0.00018200958228082513, 6.255805435214804], "3": [0.000400903237463463, 6.251818810585042], "4": [0.0007206366785872579, 6.2459947356060965], "5": [0.0011598393175684583, 6.237992421062889], "6": [0.0017440281198016383, 6.227343946786282], "7": [0.0025069836971894064, 6.213427374082587], "8": [0.0034924844924602433, 6.195431394638933], "9": [0.004756368388220771, 6.17231003260887], "10": [0.006368773511025691, 6.142725940634141], "11": [0.008416147505341752, 6.104981371321194], "12": [0.011002067372002638, 6.0569375390105265], "13": [0.014244835681601944, 5.995926824571591], "14": [0.01826784465416992, 5.918669615941591], "15": [0.02317544775560758, 5.821219912489446], "16": [0.029002710620286754, 5.6989798956641335], "17": [0.03562410474213356, 5.546833360812859], "18": [0.04261040157824578, 5.359425002174124], "19": [0.049045332912057725, 5.131526387458291], "20": [0.0533603863849867, 4.8583132876386115], "21": [0.053310470430481344, 4.5354400692392005], "22": [0.0463042827446194, 4.1594304208934805], "23": [0.030486600226848955, 3.7304510253055243], "24": [0.006962936610981164, 3.2604378682253055], "25": [-0.018463715843507547, 2.7807034864701548], "26": [-0.03843717143754126, 2.3289692217301763], "27": [-0.049439333969229234, 1.9267195375029236], "28": [-0.052175336306866195, 1.5784820113247238], "29": [-0.049103079560994044, 1.2818243936889857], "30": [-0.042752114996068735, 1.032644656768893], "31": [-0.03507443259336249, 0.8263531427810065], "32": [-0.027324854835495335, 0.6579406506203253], "33": [-0.020174401302106963, 0.5221266958001045], "34": [-0.013895477176831632, 0.4136946784284414], "35": [-0.00853009245914221, 0.3278260086734994], "36": [-0.004008274122200449, 0.26030885838269646], "37": [-0.00021851102253534914, 0.20761087382809415], "38": [0.0029556050216822524, 0.16685895565377382], "39": [0.00561879356186502, 0.13577280936876038], "40": [0.007858052416474819, 0.11258455020966747], "41": [0.009741594058556754, 0.09596215258793415], "42": [0.011319777044356686, 0.08494489418621026], "43": [0.012626554028907937, 0.07889369751679755], "44": [0.013680744003378402, 0.07745685907384879], "45": [0.014486824999221451, 0.08055081559405407], "46": [0.015035128446575797, 0.08835554415493344], "47": [0.015301410151732232, 0.10132448313348143], "48": [0.015245846334587832, 0.12020922524882209], "49": [0.014811617451561026, 0.14609944328104854], "50": [0.013923478264155045, 0.18047825017541913], "51": [0.012487204252326758, 0.22529192451844432], "52": [0.010391781991186089, 0.28302970514767106], "53": [0.007518027958396675, 0.35680273990866335], "54": [0.003760371247388614, 0.45039977909199425], "55": [-0.0009272054300950935, 0.5682814568057483], "56": [-0.006446370075041208, 0.715463377278596], "57": [-0.012418677242440362, 0.8972545148906181], "58": [-0.018005858795968544, 1.118893972492327], "59": [-0.021736648839952234, 1.3852481100634062], "60": [-0.021452985446591077, 1.7007136654021504], "61": [-0.014572769836477291, 2.0689461962976954], "62": [0.0009652814380459193, 2.490611552569195], "63": [0.024624927143260048, 2.9560503650267433], "64": [0.051218752098029605, 3.4365132950174697], "65": [0.07324509216882473, 3.893614504761411], "66": [0.08650166651616599, 4.303015973659894], "67": [0.09124550009584735, 4.658432347569543], "68": [0.08981728623097548, 4.961761921019999], "69": [0.08479006946252399, 5.216980450259192], "70": [0.07820995391019836, 5.428599992520105], "71": [0.07142516754886494, 5.601551354835107], "72": [0.06517839645495194, 5.741065857074835], "73": [0.059788441747686806, 5.852355026193549], "74": [0.055323654489892335, 5.940264846459905], "75": [0.05172764156068615, 6.0090449453862], "76": [0.048895721279477874, 6.062256124897078], "77": [0.04671555606851236, 6.102776811796274], "78": [0.04508612565896988, 6.13286044204434], "79": [0.04392515974479228, 6.154209055187072], "80": [0.04317109070875749, 6.168043248569362], "81": [0.04278280144368996, 6.175158890310748], "82": [0.042738815917871376, 6.175966669428375], "83": [0.043036705717351256, 6.170513213988649], "84": [0.04369302525403154, 6.158483497169773], "85": [0.044743812592354576, 6.139184503593536], "86": [0.04624543922194, 6.111510297495155], "87": [0.04827520650739594, 6.073889339907986], "88": [0.05093036518324007, 6.024216974915013], "89": [0.054322871782566944, 5.959780692732778], "90": [0.058564787782392255, 5.877194679008824], "91": [0.06373549563496764, 5.772374123299832], "92": [0.06981753668283219, 5.640595134771139], "93": [0.07658638378333245, 5.476687338618083], "94": [0.08344915332063985, 5.275362074945109], "95": [0.0892586048671562, 5.0315713970001275], "96": [0.09218325787744024, 4.740708547358683], "97": [0.08978458965560236, 4.398684192874643], "98": [0.07956999174895056, 4.002870006659658], "99": [0.060490856550007875, 3.5566459307489415], "100": [0.03538515753988026, 3.079027209493084], "101": [0.011301561826169681, 2.606580881701625], "102": [-0.005428872558409518, 2.1726400826715255], "103": [-0.013111308181506454, 1.7912634140112644], "104": [-0.013383156440141132, 1.4633811313563256], "105": [-0.008851895459669825, 1.1856560185988374], "106": [-0.001864430968972393, 0.9538065835814648], "107": [0.005893717217538634, 0.7631250569953955], "108": [0.013405812621939581, 0.6085215453850311], "109": [0.02016961328987181, 0.4847610246594279], "110": [0.026012027228180447, 0.386822270284254], "111": [0.030938432512298917, 0.310195386990773], "112": [0.0350335305771451, 0.2510410814100614], "113": [0.038405122845613884, 0.20622920624921195], "114": [0.04115595367969539, 0.17330509313076725], "115": [0.0433713685983584, 0.1504259936568338], "116": [0.04511489434325487, 0.13629449966357124], "117": [0.04642728045701113, 0.13010318023938716], "118": [0.04732669236804732, 0.13149698821715056], "119": [0.047808963497443804, 0.14055604689983284], "120": [0.04784750361632356, 0.15779962435649886], "121": [0.04739293697093238, 0.18421116085504663], "122": [0.0463730609511208, 0.22128309616985897], "123": [0.04469454152046268, 0.2710778524473957], "124": [0.04224924178421969, 0.33629625086365594], "125": [0.03893063634383846, 0.42033522477306506], "126": [0.03466962827907933, 0.527302326719599], "127": [0.02950336610703321, 0.6619397778526335], "128": [0.023691375354015262, 0.8294130336762299], "129": [0.017881656357248945, 1.0349701277638645], "130": [0.013295267821980174, 1.2835902853737875], "131": [0.011841475684770182, 1.5798075257407136], "132": [0.01600307719435815, 1.9276102691321788], "133": [0.02820333838920838, 2.329255560316002], "134": [0.04917360307860196, 2.78010264971729], "135": [0.07552237265324668, 3.2588427078651527], "136": [0.09997564355004465, 3.727954122892515], "137": [0.11664981122699018, 4.155994560473743], "138": [0.12435762611745615, 4.53093564419564], "139": [0.12494423543137108, 4.85265077327048], "140": [0.12102554133331273, 5.1246489140589535], "141": [0.11488129636341932, 5.351246060137363], "142": [0.10811631760446667, 5.537176372880113], "143": [0.10168035986189582, 5.68753560133083], "144": [0.09603087762972497, 5.807519621868318], "145": [0.09131639727912988, 5.902063633251198], "146": [0.08752138853899354, 5.975557236513022], "147": [0.0845598905637731, 6.031698382667718], "148": [0.08232795328247253, 6.073462123836213], "149": [0.0807296888588871, 6.103135106264067], "150": [0.07968867694840007, 6.1223750121467715], "151": [0.0791521515157169, 6.132269548297441], "152": [0.07909210912752662, 6.1333816128197665], "153": [0.07950542935277649, 6.12577448328755], "154": [0.08041389609538978, 6.109014667123962], "155": [0.08186422460746806, 6.0821521552229], "156": [0.08392746592456367, 6.043679724210123], "157": [0.08669612275724568, 5.991476104963715], "158": [0.09027555619626355, 5.922743952873131], "159": [0.0947633556517215, 5.833964284585259], "160": [0.10020620820750543, 5.720904242970906],