{"0": [1.7991737903393307e-05, 2.6842192387442734], "1": [0.0011866275264861075, 2.6934325753279564], "2": [0.004146487696600884, 2.716595677750255], "3": [0.008874774413356126, 2.7531171177402007], "4": [0.015316253283534975, 2.802028831804677], "5": [0.02336029487912709, 2.861967065154441], "6": [0.032817814887367756, 2.9311616580481763], "7": [0.04340610702934067, 3.00744874674879], "8": [0.054749579373657216, 3.088322210228696], "9": [0.06640105173611442, 3.171032360856708], "10": [0.07788153556725613, 3.252726145735957], "11": [0.08872892550667565, 3.3306070678823185], "12": [0.09854203171887069, 3.402084458907361], "13": [0.10700848523183976, 3.464886378804611], "14": [0.11391186640349729, 3.5171251474228997], "15": [0.11912082528898302, 3.557320250166714], "16": [0.1225675509980038, 3.5843927653209127], "17": [0.12422390257270512, 3.597647115099503], "18": [0.12408201827204045, 3.596752688570277], "19": [0.12214382456333006, 3.5817331474561684], "20": [0.11842149767272563, 3.552966898174738], "21": [0.11294877685899447, 3.511198521349939], "22": [0.10580086599151538, 3.4575572297140598], "23": [0.09711828411838377, 3.3935740597613795], "24": [0.0871276769234364, 3.3211848496409124], "25": [0.0761512674792775, 3.242703170423708], "26": [0.06459786647130153, 3.1607497261367246], "27": [0.052933247740609535, 3.078134890749816], "28": [0.04163520346539719, 2.9977070333481475], "29": [0.03114514141133346, 2.922193349165386], "30": [0.021829670367433218, 2.854063255884089], "31": [0.013961180162131154, 2.7954347366681045], "32": [0.007718828438542378, 2.7480277117433207], "33": [0.0032048242440681106, 2.7131548363585702], "34": [0.0004678638067946068, 2.6917340768053815], "35": [-0.0004741721080562441, 2.6843082385795167], "36": [0.0003818790435368776, 2.6910608323354595], "37": [0.0030305453159394195, 2.7118223499286764], "38": [0.007452645774196321, 2.746065042085064], "39": [0.013600034038785845, 2.7928878936072543], "40": [0.02137337746550153, 2.8509974379622305], "41": [0.030598620557418816, 2.918694663830167], "42": [0.041009872946648374, 2.99388253840727], "43": [0.052246925371827735, 3.074109836680524], "44": [0.06387289455462923, 3.1566615254530577], "45": [0.07541124780459332, 3.238692799374991], "46": [0.0863938183625893, 3.317387518476796], "47": [0.09640654724455584, 3.3901113272062546], "48": [0.10512071066160082, 3.45453204287322], "49": [0.1123036391412736, 3.508693431255979], "50": [0.11781054060845751, 3.5510446851789266], "51": [0.12156424695822594, 3.580438684256653], "52": [0.12353124001495443, 3.596114982753021], "53": [0.12370112761447635, 3.5976808107472276], "54": [0.12207441601651071, 3.585098714022071], "55": [0.11866102310354078, 3.558685009001047], "56": [0.11348979698316457, 3.5191194628180784], "57": [0.10662716533692138, 3.467462951721441], "58": [0.09820070445298251, 3.4051756142416942], "59": [0.08842101921781331, 3.334123325848961], "60": [0.0775937168733927, 3.2565569153393215], "61": [0.06611394445754032, 3.175049735557308], "62": [0.05444020605213221, 3.0923879642359187], "63": [0.04305141419304041, 3.0114233748465704], "64": [0.0323981499936971, 2.9349133871174358], "65": [0.02286173699733148, 2.865378818037312], "66": [0.014731231799346106, 2.805002092420323], "67": [0.00820108853372142, 2.7555728605096323], "68": [0.0033853081177078665, 2.718473322957478], "69": [0.00034019937765087695, 2.694688120066789], "70": [-0.0009123448114836074, 2.6848234930166925], "71": [-0.00036732177277588385, 2.6891242914716798], "72": [0.0019713280943548374, 2.7074821310978456], "73": [0.0060875702816391005, 2.7394321464619864], "74": [0.011939634947329449, 2.7841394079758985], "75": [0.019438696615959844, 2.8403799094217876], "76": [0.028425098044534886, 2.906525547456851], "77": [0.03864955979509567, 2.9805469862041036], "78": [0.04976767392886705, 3.060050250865675], "79": [0.06135390697439568, 3.1423587916210924], "80": [0.07293563400752781, 3.224640813288093], "81": [0.08404007131727806, 3.3040653189289766], "82": [0.09424133402822057, 3.377958194997843], "83": [0.10319477635273681, 3.443929607920121], "84": [0.11065132823504423, 3.4999560458170285], "85": [0.11645221478593036, 3.5444167356124727], "86": [0.12051022848179872, 3.576096202718944], "87": [0.1227858693859885, 3.594168894072989], "88": [0.1232658421442127, 3.598179823829922], "89": [0.12194917729577072, 3.588030686035266], "90": [0.11884381829338472, 3.563976322236058], "91": [0.11397430359772794, 3.5266325732719968], "92": [0.10739904882548769, 3.4769929275282023], "93": [0.09923343940338034, 3.416447269702432], "94": [0.08967252263729754, 3.3467913577838937], "95": [0.07900525320745373, 3.27021183431888], "96": [0.06761242484168012, 3.1892317217997803], "97": [0.05594401936170606, 3.106608716033925], "98": [0.044478575728760524, 3.0251931294705674], "99": [0.03367453671342961, 2.9477681077296363], "100": [0.023927142219868438, 2.8769024789259525], "101": [0.015541939740547444, 2.814841097880849], "102": [0.008729018548181205, 2.7634425184403963], "103": [0.0036147965977554137, 2.724158412803703], "104": [0.0002638646826487901, 2.6980403234166688], "105": [-0.0012973518423970885, 2.68575811289004], "106": [-0.0010617633599966042, 2.6876179031990204], "107": [0.0009681359924487787, 2.7035720230970313], "108": [0.004779044348700939, 2.7332177497948025], "109": [0.010334896454441078, 2.775785296648837], "110": [0.017556591108341266, 2.83011924571826], "111": [0.026298199181348163, 2.894662025302425], "112": [0.036326758939860836, 2.9674526290219028], "113": [0.04731396369987924, 3.0461563933135305], "114": [0.0588465724813107, 3.128138811050779], "115": [0.07045726184648356, 3.2105857078833564], "116": [0.08167009213598998, 3.2906560308154336], "117": [0.09204847508190585, 3.365639992891588], "118": [0.10123238064581684, 3.433092917943283], "119": [0.10895627948097139, 3.4909254894715205], "120": [0.11504692935005696, 3.53744742587622], "121": [0.11940641640552212, 3.5713747998846697], "122": [0.12198863525250302, 3.5918167097153284], "123": [0.12277697135118965, 3.59825585621832], "124": [0.1217688672482309, 3.590533286019828], "125": [0.11897051604338878, 3.5688429192394144], "126": [0.11440267704115128, 3.5337375146920356], "127": [0.10811649021975904, 3.486144124172559], "128": [0.10021591311443057, 3.4273831015112837], "129": [0.090880978607087, 3.359180108716157], "130": [0.0803840556761582, 3.283656421787065], "131": [0.0690910148938998, 3.2032820468965393], "132": [0.05744215598702134, 3.120782141683388], "133": [0.04591417837496774, 3.039000776506785], "134": [0.03497202940254473, 2.960742244902302], "135": [0.025023972762175075, 2.888619808078223], "136": [0.016391768188482245, 2.8249385244891], "137": [0.009301400467886236, 2.771624854032066], "138": [0.003892291006893811, 2.7301997678738985], "139": [0.00023798197504159348, 2.701781908689624], "140": [-0.0016300182768985742, 2.6871049664443465], "141": [-0.0017022367165246417, 2.6865363189382143], "142": [2.0252377658236344e-05, 2.7000886596031073], "143": [0.003526523334912789, 2.7274207233775623], "144": [0.008785586487850194, 2.7678269513728138], "145": [0.015727295359797198, 2.820219611536041], "146": [0.024218748352869572, 2.883111170511931], "147": [0.03404292899873141, 2.954609369348744], "148": [0.04488781781027217, 3.0324406331949634], "149": [0.056353295719190295, 3.114015780136362], "150": [0.0679786657804702, 3.1965426919043813], "151": [0.07928629670296375, 3.2771750458629927], "152": [0.08983008870898358, 3.35317159954614], "153": [0.09923526705139961, 3.422035851124403], "154": [0.10721987933291646, 3.48161435369445], "155": [0.11359579366044092, 3.5301479158284845], "156": [0.11825374481261727, 3.5662841272147214], "157": [0.12114038463624466, 3.5890665027060993], "158": [0.12223532424701565, 3.5979152978607867], "159": [0.12153425164354086, 3.5926110593660976], "160": [0.11904177447273281, 3.573287277668333], "161": [0.11477535066681398, 3.540434426696532],