{"0": [-3.26935359149808e-06, 0.09633772719197785], "1": [-0.0002170785419229331, 0.09995652724394], "2": [-0.000771378616459818, 0.10934423851398814], "3": [-0.0016966972096357702, 0.1250370009917818], "4": [-0.0030431702598302125, 0.1479275807840865], "5": [-0.0048816664577522526, 0.17930945563801204], "6": [-0.007304244116222261, 0.220936176402812], "7": [-0.010422187638840986, 0.27509195821967736], "8": [-0.014358166225066011, 0.3446636189235491], "9": [-0.019226169802950877, 0.433193688771509], "10": [-0.02508874573674817, 0.5448800305093121], "11": [-0.03187711983814192, 0.684475461572414], "12": [-0.03926103906380364, 0.857052391590168], "13": [-0.046471084751163245, 1.0676638576506585], "14": [-0.052114732503070985, 1.3210495294047047], "15": [-0.0540835581632258, 1.6215665645767248], "16": [-0.04971963825813544, 1.973153165581717], "17": [-0.03655574659771049, 2.3779577255143516], "18": [-0.014158323277918258, 2.83052278114379], "19": [0.013315724655778667, 3.3076792166458815], "20": [0.03792935233512229, 3.771170796260426], "21": [0.053870202885695, 4.191513808491859], "22": [0.060339431284475185, 4.558853812813842], "23": [0.05945397940797237, 4.874059061918489], "24": [0.05396867728833941, 5.140889138059912], "25": [0.046235470807536434, 5.363619635778637], "26": [0.03790007024592542, 5.546841801215507], "27": [0.02993481996082624, 5.695482661901708], "28": [0.022806609885462632, 5.8145843727320425], "29": [0.016663860853607076, 5.908965740050745], "30": [0.011484696697790373, 5.982946431507684], "31": [0.007173204587185759, 6.040202593171581], "32": [0.003613575321096595, 6.083734938981797], "33": [0.0006969956291003658, 6.11590341157307], "34": [-0.0016667332426805873, 6.138489135571853], "35": [-0.003545197189375942, 6.152758905236981], "36": [-0.004982676320194154, 6.159519142287731], "37": [-0.006000519817468308, 6.159153340546585], "38": [-0.006597520352124794, 6.1516406309938425], "39": [-0.00674987109800879, 6.136554719411661], "40": [-0.006410716714944366, 6.113043209443559], "41": [-0.005509745183622012, 6.079788120168573], "42": [-0.00395394271721236, 6.034950145898954], "43": [-0.001631851199877441, 5.976103063168803], "44": [0.0015741768608290795, 5.900172166133575], "45": [0.005759794281324276, 5.803402801036769], "46": [0.010942252558203136, 5.68139981320041], "47": [0.016960823280084057, 5.529284279246298], "48": [0.02332510740047022, 5.34198324686642], "49": [0.029027074327684643, 5.114575475530778], "50": [0.03237983504183461, 4.842507731514469], "51": [0.031006505093391982, 4.521584993010765], "52": [0.02219205268990546, 4.148295118921986], "53": [0.004012679836150538, 3.7225839513149506], "54": [-0.022321439488259508, 3.25614260479105], "55": [-0.0506203529149225, 2.7802546079914032], "56": [-0.07308245893102931, 2.332557384746556], "57": [-0.0860145881794507, 1.9340978194926495], "58": [-0.09016909960057318, 1.5889720917037669], "59": [-0.088121552199502, 1.294566705034761], "60": [-0.08252859270255393, 1.0468331717329304], "61": [-0.07546021864378609, 0.8413967582258602], "62": [-0.06826873758969884, 0.673541245489342], "63": [-0.06169542700800028, 0.538284592596581], "64": [-0.05605657968556826, 0.430674900798105], "65": [-0.05141824434062669, 0.34612042373427077], "66": [-0.04772265167040429, 0.2806148382579751], "67": [-0.04486538971852164, 0.23083311865469325], "68": [-0.04273676358267797, 0.19413435052833464], "69": [-0.041241464717339804, 0.16851696176116102], "70": [-0.04030668588167558, 0.1525598585329232], "71": [-0.039884784554582546, 0.1453690687949763], "72": [-0.03995379416199219, 0.14653978270345488], "73": [-0.04051739596199981, 0.15613815922831525], "74": [-0.04160496990203941, 0.17470441365311837], "75": [-0.04327164572366187, 0.2032769964665062], "76": [-0.04559753831862466, 0.24343580002249735], "77": [-0.04868422653973092, 0.297358925643604], "78": [-0.052644609430019924, 0.3678810258435581], "79": [-0.05757914378189577, 0.4585302007795942], "80": [-0.06352721422991613, 0.5735058062387647], "81": [-0.07037890612539706, 0.7175500555536821], "82": [-0.07773554930565843, 0.8956853904839792], "83": [-0.08472693085215499, 1.1128672527037782], "84": [-0.08983537052382866, 1.3737180342218185], "85": [-0.0908347323595337, 1.6824943539658963], "86": [-0.08502949915475431, 2.0429546875769313], "87": [-0.07014879374583942, 2.4564550009390236], "88": [-0.046411700214283556, 2.9150641180372014], "89": [-0.018880102702109734, 3.3919901878947116], "90": [0.004441565478968293, 3.8487034328867797], "91": [0.01863567881681625, 4.2592814358926665], "92": [0.023629643386611106, 4.61656963559367], "93": [0.02177375347980868, 4.922286457564497], "94": [0.015791872431110736, 5.1803139089416295], "95": [0.007915601766077467, 5.394938809124343], "96": [-0.000337896136991483, 5.570770275100259], "97": [-0.008098035959235602, 5.712719401960659], "98": [-0.014963443369892448, 5.825740344913283], "99": [-0.020819674968766515, 5.914490386556163], "100": [-0.025700459337087783, 5.983072363331646], "101": [-0.029699832175681357, 6.034907659920223], "102": [-0.032923534222894756, 6.072712048927028], "103": [-0.03546505504692889, 6.098528064710584], "104": [-0.03739516591707864, 6.113776869643926], "105": [-0.038758008582395156, 6.119306866846709], "106": [-0.0395699365246507, 6.11542715014826], "107": [-0.0398192744335437, 6.1019204155377675], "108": [-0.039466400291041114, 6.078033687217689], "109": [-0.038444527685100184, 6.042447918996088], "110": [-0.03666271132074292, 5.993230930977593], "111": [-0.034014375002431846, 5.927784012775682], "112": [-0.030397528613496018, 5.842802540489971], "113": [-0.025756917330270294, 5.734285098433007], "114": [-0.020162315876502482, 5.597637550986595], "115": [-0.013936276662216364, 5.427908464133361], "116": [-0.007829633403800674, 5.220129191127001], "117": [-0.003205756954195532, 4.969616886339476], "118": [-0.002139204894352549, 4.672059899637256], "119": [-0.00726496983989605, 4.323550537560599], "120": [-0.02107384214152442, 3.9218574316219814], "121": [-0.04413230652715102, 3.4719737396547283], "122": [-0.07252225124195608, 2.9961682129110336], "123": [-0.09840568594293227, 2.5323540333661483], "124": [-0.11580084533001571, 2.1107493276278326], "125": [-0.12371908816525193, 1.7419634693033927], "126": [-0.12419586590176804, 1.4254502229242034], "127": [-0.11997646195736436, 1.157558772804107], "128": [-0.11343337090160305, 0.9340832563674939], "129": [-0.10624180037274689, 0.7505144567511753], "130": [-0.0994024957207092, 0.6020205782196938], "131": [-0.09340571959571732, 0.4836620286423877], "132": [-0.08841815662361685, 0.3907319300573452], "133": [-0.08443288617488105, 0.3190414965254223], "134": [-0.08136786291711132, 0.2650775813435836], "135": [-0.07912203087063753, 0.22604903045572688], "136": [-0.07760383387699678, 0.1998675453518413], "137": [-0.07674420177788348, 0.18510318110075932], "138": [-0.07650177364074086, 0.18094031273908504], "139": [-0.07686467837970139, 0.1871480148843645], "140": [-0.07785092527714903, 0.20407118551294404], "141": [-0.07950794524957135, 0.232644014544333], "142": [-0.08191053504558171, 0.27442351577829366], "143": [-0.08515485887420436, 0.33163573190680556], "144": [-0.08934372322148848, 0.4072188653797156], "145": [-0.09455469318873251, 0.5048348372535443], "146": [-0.1007782780382356, 0.6288065055072065], "147": [-0.10781145588813536, 0.7839354415806192], "148": [-0.11509975860398475, 0.9751931199359124], "149": [-0.12154887703663118, 1.207377732090358], "150": [-0.1253760598193491, 1.4849256156785142], "151": [-0.12413335076565461, 1.811924192084339], "152": [-0.11513391421119536, 2.1916113998623876], "153": [-0.0967276835352591, 2.6230010713022467], "154": [-0.07075548690343794, 3.0919359751162148], "155": [-0.04393359843023369, 3.564974192284753], "156": [-0.02372836613877473, 4.005815946936115], "157": [-0.013112552168560698, 4.396197636584083], "158": [-0.010945822212336042, 4.733408761103574],