{"0": [-1.3608258736831765e-05, 0.9657467568842882], "1": [-0.0008864943561829746, 0.9884073721968498], "2": [-0.0029865937576388038, 1.0462827406230277], "3": [-0.005978756310727985, 1.140223832018465], "4": [-0.009247122417143145, 1.2714247258541294], "5": [-0.01181867317220847, 1.4412413742886285], "6": [-0.012316198093883455, 1.6510162982186245], "7": [-0.009012354805948641, 1.9018663149817259], "8": [-9.916279287648503e-05, 2.194137172099972], "9": [0.01565887064711661, 2.52581525307415], "10": [0.0378025420493422, 2.8892133322394935], "11": [0.0632055453158743, 3.267702199926895], "12": [0.08691179034516755, 3.6384476134977004], "13": [0.10490046238403451, 3.981900691217063], "14": [0.11582137381303129, 4.287552557903878], "15": [0.12047021866451942, 4.551976216271168], "16": [0.12057186287523321, 4.775038739360886], "17": [0.11794701754701319, 4.9577294567662005], "18": [0.11412722745251042, 5.1013586308019105], "19": [0.11024102550557668, 5.20729064131756], "20": [0.10703534928023027, 5.276777143635674], "21": [0.10494769342707333, 5.31078121330256], "22": [0.1041771553412871, 5.309819233167114], "23": [0.10472573919013375, 5.2738692368915245], "24": [0.10639792320557628, 5.202373930547379], "25": [0.1087586172941825, 5.094338345010545], "26": [0.11106190881801394, 4.948493716785603], "27": [0.11218003567213299, 4.763479098046259], "28": [0.11058571630957299, 4.538016791942012], "29": [0.1044738128699934, 4.2711995518575625], "30": [0.09215836306455293, 3.963337299092086], "31": [0.07291582876531318, 3.6181890159247603], "32": [0.04818870419050515, 3.246722256070554], "33": [0.02205565542101865, 2.8688054062505612], "34": [-0.0005549586304623255, 2.507152897751427], "35": [-0.01660629539845574, 2.177954208762579], "36": [-0.02572584219984222, 1.8884854666031718], "37": [-0.029201276533494545, 1.6405197683789774], "38": [-0.028862391651605944, 1.433602053109211], "39": [-0.026441759318040905, 1.2665768237523352], "40": [-0.02331586343631107, 1.1381013920284833], "41": [-0.020456604764051797, 1.0468453521360817], "42": [-0.018480090077575183, 0.9916589390537155], "43": [-0.017722611451526957, 0.9717472904636761], "44": [-0.01830190579114654, 0.9868066221967654], "45": [-0.02014230124013088, 1.0370794776416963], "46": [-0.022956888692880265, 1.1233119637615077], "47": [-0.026191527916176963, 1.2466246418524791], "48": [-0.028949395948928675, 1.40833588083706], "49": [-0.02993449854126281, 1.6097846074052153], "50": [-0.027479396730822846, 1.8521363936777608], "51": [-0.019761404084418774, 2.135942231105943], "52": [-0.00536617656956386, 2.45982401893716], "53": [0.015671905657695877, 2.8174967097549235], "54": [0.04076576663433595, 3.1941417497792446], "55": [0.0651461320038844, 3.5675383806557965], "56": [0.08441659810462115, 3.916824837239075], "57": [0.09669987906930755, 4.229720377870859], "58": [0.1024683798675229, 4.501725032669147], "59": [0.1033414356964271, 4.732269939355226], "60": [0.10115695551563332, 4.922196800668445], "61": [0.09751362071396975, 5.072762702351042], "62": [0.09361681632859548, 5.1853151136242], "63": [0.09028104798368827, 5.261120548526917], "64": [0.08799628867981148, 5.301191160372263], "65": [0.08700110146319408, 5.30612085481278], "66": [0.08732998368266368, 5.275980031985599], "67": [0.08882023836549043, 5.210301943311669], "68": [0.09107655469760433, 5.108165490268644], "69": [0.09340362506927652, 4.9683504388512905], "70": [0.09473337343788722, 4.789518332503205], "71": [0.09359602763673304, 4.570386972944988], "72": [0.08821532115176046, 4.309985859300402], "73": [0.07685523535987049, 4.008380394723217], "74": [0.05858986412345469, 3.6686523682824537], "75": [0.034485069406662176, 3.3005211456127457], "76": [0.008280021333136461, 2.9227144392868296], "77": [-0.015054956292505072, 2.558118402128231], "78": [-0.03211515913820823, 2.224189903542067], "79": [-0.042186956946780596, 1.9293401507745043], "80": [-0.04639202690125438, 1.6759128002365389], "81": [-0.046526474304778756, 1.4636660307491778], "82": [-0.04435446430518638, 1.2915196197229006], "83": [-0.04130663238294559, 1.1581622156305424], "84": [-0.038409244011245285, 1.0622716275541961], "85": [-0.03632338746514159, 1.0026818605074759], "86": [-0.03541926159843275, 0.9785573660715943], "87": [-0.03584021448423149, 0.9895357245076833], "88": [-0.03753264519656647, 1.035793695745997], "89": [-0.04023324254681433, 1.118015972027726], "90": [-0.04341706382604112, 1.2372750287451064], "91": [-0.0462236028498872, 1.3948583151598677], "92": [-0.04739712087958062, 1.5920904404508098], "93": [-0.04530354158294398, 1.8301447687843204], "94": [-0.03812355385218775, 2.109642237027069], "95": [-0.024375395601938223, 2.429454173280517], "96": [-0.003909958336215311, 2.7838978698683063], "97": [0.020949120137450285, 3.1590315797178437], "98": [0.045568927125816554, 3.533082476533188], "99": [0.065414412351315, 3.8846914990492545], "100": [0.07835566208561803, 4.2007179553084955], "101": [0.08469161107078725, 4.476084258268821], "102": [0.08597541819682823, 4.709967612041656], "103": [0.0840441832247548, 4.903115610363117], "104": [0.08052445558256952, 5.056745956202765], "105": [0.0766569999307633, 5.172185891548743], "106": [0.07328866183709916, 5.25069631079419], "107": [0.07093478039527022, 5.293300006554836], "108": [0.06985238384028658, 5.30061649307206], "109": [0.070089680466619, 5.272751826001299], "110": [0.07149581738246978, 5.209278374544967], "111": [0.07368824274475552, 5.109311409610651], "112": [0.07598730841964836, 4.9716601366547355], "113": [0.07734383463451744, 4.795007391352315], "114": [0.07630770146200778, 4.578084183665317], "115": [0.07111604252286721, 4.319918379488051], "116": [0.060025703179954926, 4.020527438895109], "117": [0.0420602430464641, 3.6828254294622815], "118": [0.018177653944040684, 3.31618115515075], "119": [-0.00799807691109274, 2.9389440641706286], "120": [-0.031510939908821575, 2.5739697104335857], "121": [-0.048860605331636324, 2.239055806953302], "122": [-0.05922834765715785, 1.9429707276151578], "123": [-0.06367757891266723, 1.6882587816980585], "124": [-0.06398699367198421, 1.4747647282382257], "125": [-0.06192535972953825, 1.3014472630293143], "126": [-0.0589367377978176, 1.1670186293997635], "127": [-0.056062258839530525, 1.0701735210046595], "128": [-0.05397566557913366, 1.009756038702894], "129": [-0.05305627788162761, 0.9849329667090693], "130": [-0.05345303762652961, 0.995336810357362], "131": [-0.05511501258038991, 1.041133251360364], "132": [-0.05777941340920863, 1.1229916329295195], "133": [-0.06092049787690429, 1.2419664713957574], "134": [-0.06367656650625432, 1.3993260303625061], "135": [-0.06479144404279812, 1.596375100160677], "136": [-0.06263287759911149, 1.834265127191696], "137": [-0.0553876254887552, 2.1135876067118233], "138": [-0.04158642963182652, 2.4331671393921646], "139": [-0.021098760180536552, 2.7872525055409043], "140": [0.003737262015889619, 3.1618417921846285], "141": [0.028296838888852184, 3.535175951440162], "142": [0.048074557890663276, 3.8859834246899316], "143": [0.060966540741950126, 4.201199530956972], "144": [0.06728134148788421, 4.475771720976884], "145": [0.06857027678446778, 4.708871116599072], "146": [0.06666424859362992, 4.901229486604704], "147": [0.06318315652323465, 5.054046653283702], "148": [0.05936218362526769, 5.168630606005488], "149": [0.05604385557903099, 5.246221100649533], "150": [0.053739860386957265, 5.28781845276308], "151": [0.05270317390862987, 5.29402026528854], "152": [0.052976211136144084, 5.264914119940028], "153": [0.05439916740790592, 5.200060596515466], "154": [0.05657622030243731, 5.098572602047394], "155": [0.05880988700805043, 4.9592674826231296], "156": [0.0600303114007175, 4.780845807883989], "157": [0.058768959212729815, 4.562066450055927], "158": [0.05325726930344965, 4.3020086775262305], "159": [0.041777716276801956, 4.000812183765154], "160": [0.023436461393594003, 3.6616758135592558], "161": [-0.0006643243855622709, 3.294458833252906],