{"0": [3.498953795686539e-06, 1.61955169148146], "1": [0.0002881765368850528, 1.646288578402994], "2": [0.0015516498581705236, 1.7141844862475806], "3": [0.005226211555307445, 1.8234002354891448], "4": [0.013589764412159604, 1.9744536837913509], "5": [0.02963847618123463, 2.168438921635973], "6": [0.0566849107477699, 2.4067840748595533], "7": [0.09717612787955794, 2.689217346564278], "8": [0.14995119293809522, 3.0076774666823773], "9": [0.20728317011238334, 3.3389298686846356], "10": [0.25799391387281745, 3.651607764035407], "11": [0.2955104353202857, 3.9253442473216946], "12": [0.3196075364507418, 4.154271167586416], "13": [0.333092172970556, 4.338879257644349], "14": [0.3393209249464337, 4.480702074261377], "15": [0.3412109883149159, 4.58077600619614], "16": [0.34091865243615105, 4.63956305154717], "17": [0.3397415176278015, 4.657200241929993], "18": [0.3380913511807291, 4.633709345886512], "19": [0.3354893334061872, 4.5690692039215675], "20": [0.33057359263179803, 4.463134312206684], "21": [0.3211344704903567, 4.315423493842817], "22": [0.3042342573598612, 4.124898644496632], "23": [0.27658332925321316, 3.89016001285574], "24": [0.23564771156543315, 3.611305389449439], "25": [0.18226646986943687, 3.295687967347], "26": [0.12370313758580559, 2.9654748247441014], "27": [0.07107571599829365, 2.651925671900104], "28": [0.03134996085620286, 2.3763562566514174], "29": [0.005080239382904771, 2.145371190037026], "30": [-0.010412581189967712, 1.9587309160867565], "31": [-0.01846488577529725, 1.8149330952758496], "32": [-0.022014357185028234, 1.7129175860208405], "33": [-0.023252083456322917, 1.6521987216164222], "34": [-0.02351549535629906, 1.6326271309821654], "35": [-0.023257928166710292, 1.65417721977632], "36": [-0.0220428338428144, 1.7168681255601617], "37": [-0.018551076217079753, 1.8208375562056331], "38": [-0.010615627887062312, 1.9665460265143813], "39": [0.004661577207992195, 2.1549956398264105], "40": [0.03054477248425476, 2.3875523351955], "41": [0.06959277878436565, 2.664167760700501], "42": [0.12111261010271471, 2.977803436118556], "43": [0.17809354617604903, 3.3068642427050863], "44": [0.2295066615836349, 3.620270978961207], "45": [0.2682187219707278, 3.8962881456707925], "46": [0.2934997744112806, 4.127910405605919], "47": [0.30794657535793, 4.315213051226996], "48": [0.3148708876327878, 4.4596610379591475], "49": [0.3172097263217304, 4.562316957976349], "50": [0.31716273324585564, 4.6236753176944365], "51": [0.31607949699371773, 4.643891394611284], "52": [0.3144269569709262, 4.622992943696196], "53": [0.3117829630544924, 4.5609611163570065], "54": [0.30684378309113225, 4.457659489501359], "55": [0.2974596198573848, 4.312633854751319], "56": [0.28075284567867176, 4.124899488837614], "57": [0.2534845167912666, 3.893126989166999], "58": [0.2131244195550721, 3.617422775817463], "59": [0.16037897430206252, 3.3048662687221073], "60": [0.10221464361101441, 2.9769707489613393], "61": [0.049570794082868776, 2.664629803897356], "62": [0.009537960188465665, 2.389502348187356], "63": [-0.0171381565059447, 2.1586405304376215], "64": [-0.03302435278532075, 1.9720297914674099], "65": [-0.04140676637570288, 1.8282421571193699], "66": [-0.045202138802900055, 1.7262321386306552], "67": [-0.046593232529110316, 1.6655111240866025], "68": [-0.04691464422478909, 1.645924675080866], "69": [-0.04661936694655571, 1.6674448029632154], "70": [-0.04527217349644252, 1.7300918291628953], "71": [-0.04155784714288096, 1.8340070644419184], "72": [-0.033318941935189084, 1.9796518808220145], "73": [-0.01767966441342524, 2.1680106317528756], "74": [0.00857326062035457, 2.4003713806652343], "75": [0.047888774138209474, 2.676462188901036], "76": [0.09939270928050507, 2.9888173827458346], "77": [0.15596333625897832, 3.3155360512420677], "78": [0.20675103876971293, 3.625914470271626], "79": [0.24490892030755046, 3.8988455175870587], "80": [0.26983037930705467, 4.1275745009495575], "81": [0.2841040887548418, 4.312159220834626], "82": [0.2909901346286402, 4.453993305345528], "83": [0.293366015398871, 4.554087211545454], "84": [0.29337271400789644, 4.612909794276338], "85": [0.2923031321399238, 4.630608237306309], "86": [0.2905691693980884, 4.607208812044224], "87": [0.28769546962018994, 4.54268772635037], "88": [0.28232898300264686, 4.436892360135023], "89": [0.27228057452091925, 4.289340931498283], "90": [0.25465925965186026, 4.099034411966794], "91": [0.22628119193898413, 3.8647376218276794], "92": [0.18483785084097712, 3.587011239249471], "93": [0.13153019651617853, 3.274066717508784], "94": [0.07381917183857216, 2.948627005808143], "95": [0.022439300582259035, 2.6411415241315743], "96": [-0.01620354571946293, 2.3717000035534506], "97": [-0.04178164472799302, 2.146450043394862], "98": [-0.05694975160201676, 1.965201341765256], "99": [-0.06493930481969887, 1.8265940261556595], "100": [-0.06856931840051209, 1.729669219847222], "101": [-0.06991433943629888, 1.6739901538038158], "102": [-0.07019923325487946, 1.6594224205460124], "103": [-0.06976805009895938, 1.6859432495242896], "104": [-0.06807870946199752, 1.7535823600304965], "105": [-0.06371464419452458, 1.8625109025729882], "106": [-0.05443220931923229, 2.0132445952260682], "107": [-0.037310918647058725, 2.206809424414617], "108": [-0.00920673910503941, 2.4443637326864716], "109": [0.03197527066882513, 2.724902264948789], "110": [0.08453542815297946, 3.039073526865309], "111": [0.14051544824347606, 3.362956925441924], "112": [0.18936883346653835, 3.666535762511121], "113": [0.22532608499671725, 3.9311953224958747], "114": [0.24845374652495156, 4.1516474615374905], "115": [0.26150347256762907, 4.328277496112134], "116": [0.2676710690750888, 4.462406872997296], "117": [0.2696967988544801, 4.554927634464243], "118": [0.269564111045506, 4.606234248298608], "119": [0.26840377864766235, 4.616444160251057], "120": [0.2664656312306829, 4.585575107739853], "121": [0.26311477662028576, 4.513588234431979], "122": [0.2568462846679734, 4.40028529910858], "123": [0.24534091184747922, 4.245102575452461], "124": [0.2256385652513035, 4.04697925069711], "125": [0.1946561164940462, 3.804878083693141], "126": [0.15060779027974994, 3.5204570083867806], "127": [0.09588180914866871, 3.2046500182952484], "128": [0.03904872866933181, 2.8828504865039313], "129": [-0.00967118178626307, 2.584307997318272], "130": [-0.04533261942719096, 2.3257276101006368], "131": [-0.06847895318406245, 2.1113625338989572], "132": [-0.08197230438050623, 1.9406039904930017], "133": [-0.0889600709236773, 1.8121803672748438], "134": [-0.09208197997527715, 1.725280154427785], "135": [-0.09320554207024113, 1.6795587791545188], "136": [-0.09334161411855338, 1.6749183276430655], "137": [-0.0926198259924101, 1.7113474533565554], "138": [-0.09028697765511327, 1.7888985245817626], "139": [-0.0847260270951472, 1.9078072990698653], "140": [-0.07352351562423959, 2.0686999973034643], "141": [-0.05367595748767747, 2.2726725909746834], "142": [-0.02219844318252513, 2.5205649681372484], "143": [0.02225801428270371, 2.8097826343696948], "144": [0.07640983915485518, 3.127318715050274], "145": [0.1310292425434268, 3.4461976178210145], "146": [0.17643441591692482, 3.7384469930149766], "147": [0.20867106319821166, 3.9896493683274725], "148": [0.2288024610250181, 4.196670910376748], "149": [0.2397959301947318, 4.360336537809283], "150": [0.24473143211959789, 4.48185037532543], "151": [0.24612466898229313, 4.561931905995675], "152": [0.24570211577875525, 4.600871248344125], "153": [0.2443291011708397, 4.598745900016325], "154": [0.24198950049106147, 4.555559349235472], "155": [0.23778703547789928, 4.471239621602101], "156": [0.22997029370400895, 4.345500691916355], "157": [0.21601656929236507, 4.177639775320171], "158": [0.192884647692591, 3.9665385013637797], "159": [0.15774906145311782, 3.7116800268296406], "160": [0.10986762534293969, 3.416981792557158], "161": [0.053631500292493216, 3.0980358804960306], "162": [-0.0011347540275834754, 2.783256684550791],