{"0": [1.7859734786382045e-05, 5.796433369776119], "1": [0.0011791938508430844, 5.78299009896348], "2": [0.0041262432746884065, 5.74843766269849], "3": [0.008838626461734281, 5.691689762168363], "4": [0.015231672368424775, 5.611085632787699], "5": [0.023078601001539554, 5.504517184517848], "6": [0.03189668694160868, 5.369607720673268], "7": [0.04080621064724831, 5.2039041535031005], "8": [0.04839091315125561, 5.0049999950553685], "9": [0.052610773629356886, 4.770500556598418], "10": [0.05084030276866604, 4.49785589163279], "11": [0.0401611868658968, 4.184423751291012], "12": [0.018206338060280665, 3.828840741288937], "13": [-0.01495761480750368, 3.4356205705837737], "14": [-0.05439687630138988, 3.022243604723073], "15": [-0.09112868823579653, 2.617463871808918], "16": [-0.11792890551737784, 2.244950870867245], "17": [-0.13281762252125281, 1.9140124034897135], "18": [-0.13743054671489083, 1.62488494328571], "19": [-0.13463611997647112, 1.3750754168613677], "20": [-0.12727758422221339, 1.1618999130933723], "21": [-0.11769201391808648, 0.9829091483529184], "22": [-0.10758563465610395, 0.8357342140126193], "23": [-0.09807763104584596, 0.7179691999365685], "24": [-0.08982377901891213, 0.6272262525272702], "25": [-0.08316131995827933, 0.5613048695567049], "26": [-0.07823692942171241, 0.5183816069419974], "27": [-0.07510084481467645, 0.4971612849623308], "28": [-0.07376551944489448, 0.4969725640345579], "29": [-0.07423337512350904, 0.5178126398790375], "30": [-0.07649758502887048, 0.5603483570866752], "31": [-0.08051597819206985, 0.6258737707048769], "32": [-0.08615422952347832, 0.7162166733133228], "33": [-0.09309359229509094, 0.8335884484778985], "34": [-0.10070425924907081, 0.9803926029714563], "35": [-0.10790057772985374, 1.1590489445561272], "36": [-0.11301605494050296, 1.3719269104321408], "37": [-0.11375736787517997, 1.6214488959550275], "38": [-0.10732556079101, 1.910233825446758], "39": [-0.09088433995837675, 2.2406808552950976], "40": [-0.06277437601615343, 2.6125129163862826], "41": [-0.02482843006105334, 3.016618703402331], "42": [0.015917278610742568, 3.4296708421193176], "43": [0.05044655384463953, 3.8228550109121744], "44": [0.07364296180476883, 4.17837221735624], "45": [0.08534188709770929, 4.491590345919006], "46": [0.08790551020626011, 4.7639078243732325], "47": [0.08428181378158274, 4.9980171763476795], "48": [0.07713415809146372, 5.196486853062364], "49": [0.06854155719877196, 5.361693968572481], "50": [0.059957498770454955, 5.495999475731085], "51": [0.052294670226912636, 5.60179412829641], "52": [0.04606290691942744, 5.681384552905852], "53": [0.04151004791661338, 5.736805507761771], "54": [0.038736530519600146, 5.769641652921885], "55": [0.03777405430342504, 5.780899114971538], "56": [0.038630099035104094, 5.770932626963659], "57": [0.04130295535917694, 5.739421242562433], "58": [0.04576950723598973, 5.685388404368789], "59": [0.05194384665718961, 5.607270306616376], "60": [0.05960205846310593, 5.503040198304587], "61": [0.06827073908797911, 5.370385212104338], "62": [0.07708755116427402, 5.2068993098931875], "63": [0.08466153150695431, 5.010211807411162], "64": [0.08898290667317818, 4.777962448927085], "65": [0.08745433006970499, 4.507640811757726], "66": [0.07716833355198521, 4.196630975579634], "67": [0.05571693090432499, 3.8434955034313614], "68": [0.023016351077471367, 3.4523896413648627], "69": [-0.016248824640064052, 3.0401384612463302], "70": [-0.053212283185072484, 2.6352051270979846], "71": [-0.08049238385565867, 2.261738815607745], "72": [-0.0958990355741996, 1.9296290833368186], "73": [-0.1009575274807, 1.639390601475452], "74": [-0.09850515235416056, 1.3886124038100833], "75": [-0.09139109005784812, 1.1746337445200825], "76": [-0.08197316680352164, 0.9950274288062086], "77": [-0.07198278418269774, 0.8474589220118994], "78": [-0.06256325757160058, 0.7295660037245177], "79": [-0.054390669305445886, 0.6390082545430396], "80": [-0.047817909322301955, 0.5736335792246674], "81": [-0.043002963918142637, 0.5316683635584984], "82": [-0.04000362279144621, 0.5118705935585761], "83": [-0.038836224098517426, 0.5136268109050989], "84": [-0.03950244551215402, 0.5369960631484767], "85": [-0.04198759630907566, 0.5827069073252352], "86": [-0.04623011307057486, 0.6521067225205595], "87": [-0.052058412242797454, 0.7470564529134887], "88": [-0.05909138713822077, 0.8697689336092609], "89": [-0.06660646224409854, 1.022614485801611], "90": [-0.07339600178217842, 1.2079607620100654], "91": [-0.07765484661983404, 1.42814097296604], "92": [-0.0769628708086438, 1.6855847847772762], "93": [-0.06846279959164772, 1.9829066989110056], "94": [-0.0494510412637288, 2.32219230979611], "95": [-0.018827534672388384, 2.70180182890217], "96": [0.02045429730147393, 3.1096058567628537], "97": [0.060451773024601765, 3.519708173944532], "98": [0.09264573315840426, 3.9046979471696055], "99": [0.11315888621394793, 4.250141924047562], "100": [0.12261359103038852, 4.553344701556972], "101": [0.12361480967334539, 4.816213214788401], "102": [0.11908499044155757, 5.041426876162532], "103": [0.11156399871789584, 5.231468093075382], "104": [0.10298547967135374, 5.388664945065295], "105": [0.09467174535083202, 5.5153484649935685], "106": [0.08743518058052983, 5.613856701275217], "107": [0.08171966787965916, 5.686395266712755], "108": [0.07773640985349352, 5.734846094655827], "109": [0.07556978680038173, 5.760598795358634], "110": [0.07524674762589453, 5.764435805573053], "111": [0.07677240200636222, 5.746473381591039], "112": [0.0801356942920508, 5.7061524004588655], "113": [0.08528592068581742, 5.642277699009116], "114": [0.0920770527464549, 5.553111505541055], "115": [0.10017589760093243, 5.436524601846654], "116": [0.10893594435686883, 5.29018798374648], "117": [0.11725382574364035, 5.111746889288754], "118": [0.12344681818631757, 4.89888458148856], "119": [0.12521099473131067, 4.649219546635818], "120": [0.11974964014661542, 4.3601755085006815], "121": [0.10425613590354155, 4.029441811174732], "122": [0.07715375962321319, 3.6575206865649657], "123": [0.040416483161345454, 3.2539360448610855], "124": [0.0011692032790553242, 2.8423110978677566], "125": [-0.03167975741917384, 2.4512027011127233], "126": [-0.05320257276033963, 2.0979358887850132], "127": [-0.06333794182381286, 1.7869175269188788], "128": [-0.06446818864970258, 1.5167321029963385], "129": [-0.05952572022574276, 1.2847346156124326], "130": [-0.051148689842019604, 1.0884091857965288], "131": [-0.041392106301680866, 0.9254284325512903], "132": [-0.03169136671630715, 0.793486552030261], "133": [-0.022948607862205803, 0.6902621452117144], "134": [-0.015670137868142572, 0.6135365429168169], "135": [-0.010105459746093207, 0.5613819402780503], "136": [-0.00635942245550835, 0.5323379160469246], "137": [-0.004468033753884677, 0.525537033073767], "138": [-0.00443933688089043, 0.5407731183507538], "139": [-0.00626318811254898, 0.5785173904456155], "140": [-0.009891184635266502, 0.6398845321648456], "141": [-0.015184208673085597, 0.7265441162287081], "142": [-0.021823755735035578, 0.8405736738755903], "143": [-0.029188355183756176, 0.9842687537202682], "144": [-0.03621071871183917, 1.159964870518879], "145": [-0.04125242206853651, 1.3699624991110209], "146": [-0.042054184616577284, 1.616617588092711], "147": [-0.03584809865181213, 1.902479243203629], "148": [-0.01980525193195678, 2.22990453773615], "149": [0.007796854225952414, 2.598726723613701], "150": [0.04531986693622316, 3.000297211305625], "151": [0.08597972454429594, 3.411928907323532], "152": [0.12080295024565672, 3.804853107053167], "153": [0.14449147149528743, 4.1607062478511585], "154": [0.15670858284315886, 4.474373582072519], "155": [0.15973461400346842, 4.74703675403933], "156": [0.15649485578676525, 4.981306099901524], "157": [0.14965828232658374, 5.179700399776054], "158": [0.14132238188860863, 5.344538945164674], "159": [0.13296414826528852, 5.47810737086291], "160": [0.12552015987975895, 5.58270594713654],