{"0": [-8.907716120654448e-06, 0.3433081337945277], "1": [-0.0005896123895867085, 0.3536698222509164], "2": [-0.002077496526953803, 0.3803961584335869], "3": [-0.004503614462637362, 0.42459165297253965], "4": [-0.007902450994576439, 0.48802496802314893], "5": [-0.012285125320940149, 0.5731033977771118], "6": [-0.017591891774092927, 0.6828032820198575], "7": [-0.02361602055923958, 0.8205319447195916], "8": [-0.029896082955114683, 0.9899140783138821], "9": [-0.035589175837234276, 1.1945383655073072], "10": [-0.03936592002252108, 1.4377429238573918], "11": [-0.03940623587669444, 1.7224669131313979], "12": [-0.03362652806803988, 2.0508941209917646], "13": [-0.020352763671099745, 2.4229565527269883], "14": [0.00034034016571686315, 2.8322958158870697], "15": [0.025162742304935422, 3.26100648243039], "16": [0.048294172317930636, 3.6819170295846546], "17": [0.06494820170170006, 4.071801434164947], "18": [0.07368034667620388, 4.419613739812377], "19": [0.07558155195096214, 4.72322848749219], "20": [0.07269254879352308, 4.984204514577885], "21": [0.06702684238947126, 5.205260806440232], "22": [0.06016947319593802, 5.389577373307195], "23": [0.05319516011913613, 5.540631302370333], "24": [0.046739141910809266, 5.662030607160639], "25": [0.04112110994499622, 5.757275509909184], "26": [0.03646512908785041, 5.829522368331257], "27": [0.032791292515994754, 5.881410418651485], "28": [0.030076237979032607, 5.914962339005003], "29": [0.02828900386808336, 5.931540099489375], "30": [0.02741012079604783, 5.931831330923875], "31": [0.02743981670712634, 5.9158472229544525], "32": [0.028398334088950587, 5.882922201534276], "33": [0.030318463814616503, 5.831715147901329], "34": [0.033227507729319206, 5.760221458640044], "35": [0.03711297969546892, 5.6658146529570415], "36": [0.041864201734381434, 5.545342587177656], "37": [0.04718299601513454, 5.3952983747538354], "38": [0.052465390938764275, 5.212058231744264], "39": [0.05667706712295314, 4.992129441290997], "40": [0.05827805428993681, 4.732331940112247], "41": [0.05529428433534693, 4.429970983476596], "42": [0.04569683166550397, 4.083505449057419], "43": [0.028335519252834653, 3.694949565081205], "44": [0.004488754988123575, 3.2749500173911232], "45": [-0.021223681340643726, 2.846284916659653], "46": [-0.04293951118558842, 2.4362424318758666], "47": [-0.05718270944658816, 2.0632184064363552], "48": [-0.06375340261693765, 1.7338625682350985], "49": [-0.06429718362783904, 1.4483038907761205], "50": [-0.06092040842529753, 1.2043523792265887], "51": [-0.055484118194542235, 0.9990762393973012], "52": [-0.049360866347256026, 0.8291704617665197], "53": [-0.043431131467864946, 0.6910932317605751], "54": [-0.03818523062208029, 0.5812678520796948], "55": [-0.033850255423466646, 0.4963308765462142], "56": [-0.030499646429966144, 0.43334710834270396], "57": [-0.02813152400599818, 0.3899521898918298], "58": [-0.026718008904002694, 0.36442719807055457], "59": [-0.026233215428485723, 0.3557284444332416], "60": [-0.02666713017158237, 0.36349548944280097], "61": [-0.028029983824077613, 0.3880523412906997], "62": [-0.03034873742340434, 0.4304070766010676], "63": [-0.03365433806261, 0.49224532660336645], "64": [-0.03795540521702741, 0.5759032459937107], "65": [-0.04319131044936784, 0.6842971061719625], "66": [-0.04915681203866056, 0.8207852511197267], "67": [-0.0553951511182613, 0.9889548326845147], "68": [-0.061071714518854826, 1.1923678710422485], "69": [-0.06486833677904814, 1.434344216060146], "70": [-0.06497622847859195, 1.7178108887795713], "71": [-0.05931662694680461, 2.0449532145178635], "72": [-0.04620116292828102, 2.4157543620039195], "73": [-0.025654385584676347, 2.8240231792348256], "74": [-0.0008889348164056736, 3.2521218464292154], "75": [0.02231186630469847, 3.6729972597420026], "76": [0.039117866922006396, 4.063243749772771], "77": [0.04801839421199984, 4.411566448886094], "78": [0.05006518291858514, 4.71569341662197], "79": [0.0472868427910784, 4.977118773335502], "80": [0.041699470886563714, 5.198526494500957], "81": [0.03489678133081303, 5.38306622072356], "82": [0.027963520188481687, 5.5341832445172985], "83": [0.02154398809368483, 5.65545261839451], "84": [0.01596520242921644, 5.750340573554638], "85": [0.01135694852841783, 5.821966845474251], "86": [0.007743925304022469, 5.872928624929695], "87": [0.005106756580241397, 5.905197998225082], "88": [0.0034181610716593354, 5.920074885415653], "89": [0.002662068814542047, 5.918171030253235], "90": [0.0028414318601072608, 5.899406449948982], "91": [0.003977494382300994, 5.863009349289466], "92": [0.0061002302648869924, 5.807520581634955], "93": [0.00922659265364021, 5.730813845188452], "94": [0.013320299801867014, 5.6301521727329575], "95": [0.018225242182819002, 5.502305700245884], "96": [0.0235672669639857, 5.343745460840839], "97": [0.028630867547164245, 5.150892774685368], "98": [0.03224172438078026, 4.9203553107691125], "99": [0.03272143697764793, 4.649089560446466], "100": [0.028026580712098452, 4.33463690052281], "101": [0.01625737771698183, 3.976131375599137], "102": [-0.0032139195289276395, 3.5774591975404055], "103": [-0.028160593298380235, 3.152688989382999], "104": [-0.05325905802660074, 2.7272001842459144], "105": [-0.07303494043181291, 2.3268219048055796], "106": [-0.08501104238390245, 1.96632924431867], "107": [-0.08968291782016391, 1.6499475774255135], "108": [-0.08893218192061816, 1.3768782909662618], "109": [-0.08483790387117002, 1.1446617066650795], "110": [-0.07913112920834126, 0.9502659761055519], "111": [-0.07303787784056594, 0.7903292548349486], "112": [-0.06731602486218438, 0.6613065632132629], "113": [-0.062370306813546966, 0.5596935754998476], "114": [-0.05837685615221859, 0.4822730861771744], "115": [-0.055384160556016124, 0.4263122020349012], "116": [-0.053382407253819875, 0.38968543832627156], "117": [-0.05234580240215717, 0.3709359015780908], "118": [-0.052255694377184386, 0.36929876716702337], "119": [-0.053110907002663306, 0.38470767200736034], "120": [-0.054928777411079134, 0.4177954023327672], "121": [-0.05773725822008118, 0.4698899451837766], "122": [-0.061555303862658006, 0.5429965936917663], "123": [-0.06635573118126739, 0.6397469946207849], "124": [-0.07200276690351017, 0.763290352528668], "125": [-0.07815829125268654, 0.9171094038590915], "126": [-0.08416098787266077, 1.1047752157892194], "127": [-0.08890521070657681, 1.3297038184250125], "128": [-0.0907804530940987, 1.594983784968373], "129": [-0.08777608871622022, 1.903173995917401], "130": [-0.07792412352293544, 2.2554716921196727], "131": [-0.06033027674807151, 2.648933840159453], "132": [-0.03675053255060832, 3.0711819590926264], "133": [-0.012182455344791811, 3.4980265992796986], "134": [0.0076878541216956345, 3.902827240296003], "135": [0.019902336681284712, 4.269056837990666], "136": [0.024633804269120898, 4.59135607764532], "137": [0.02365728416145266, 4.870086288245857], "138": [0.019066890252418974, 5.107565828781379], "139": [0.012656132848689479, 5.306758573629422], "140": [0.005721155923209268, 5.4709755799881785], "141": [-0.000921106906961787, 5.603733263752632], "142": [-0.006823932907325293, 5.708538713278751], "143": [-0.01178508237826186, 5.788640949346173], "144": [-0.01574178498557052, 5.846823826107442], "145": [-0.018697203574552762, 5.885272136698974], "146": [-0.020674903557743235, 5.9055023652494025], "147": [-0.02169363166689233, 5.908334497417657], "148": [-0.021755750800916383, 5.893883533635587], "149": [-0.020845541197388483, 5.861558365022915], "150": [-0.018936780282563927, 5.810066192860326], "151": [-0.0160122314035643, 5.737431316762198], "152": [-0.012100756572989249, 5.641047109479674], "153": [-0.007339773776322516, 5.517785770094706], "154": [-0.002068989687169687, 5.3641830908030785], "155": [0.0030488621168765205, 5.176684096336529], "156": [0.006907135392137024, 4.951886665861768], "157": [0.007895145007964424, 4.686714539724236], "158": [0.0040034913167669795, 4.378621426864242], "159": [-0.006732414751584985, 4.026426987370872],