{"0": [3.337874960588401e-05, 2.6160516373418106], "1": [0.0022042867849860395, 2.627033088194224], "2": [0.007728340559830563, 2.6546879786303745], "3": [0.016625401275086056, 2.698421744500297], "4": [0.02887414529839157, 2.75721749628724], "5": [0.04434109263235009, 2.8295541007617806], "6": [0.06270117036329197, 2.9133185667863737], "7": [0.08337550447007949, 3.005753354144743], "8": [0.1055200705243424, 3.1034947566830176], "9": [0.1280907764478522, 3.202746352627262], "10": [0.14997920977326934, 3.2995772237937557], "11": [0.1701734773981438, 3.390264095351275], "12": [0.18788252399870167, 3.4715681666930456], "13": [0.2025851718493673, 3.540878587497935], "14": [0.21400576184779588, 3.596226405544262], "15": [0.22204554522817738, 3.636219220432732], "16": [0.22670291336997658, 3.6599512699836865], "17": [0.22800595212268263, 3.666925331477973], "18": [0.22596964625017438, 3.657003416653936], "19": [0.22058264420346668, 3.6303917181406975], "20": [0.2118246500092161, 3.587660666507977], "21": [0.19971287532102908, 3.529798629629643], "22": [0.18437179838816684, 3.4582924723648216], "23": [0.16611256015243317, 3.3752155705888356], "24": [0.14549704992170398, 3.2832840180581404], "25": [0.12335328339299705, 3.185825408461998], "26": [0.10071538615147019, 3.086614347864293], "27": [0.07869148113818138, 2.9895806587169993], "28": [0.05830285091017683, 2.89846721081235], "29": [0.040356021159317204, 2.8165466968364665], "30": [0.02538873704542518, 2.7464693658378794], "31": [0.01369036178059944, 2.690242101268823], "32": [0.00536860826122214, 2.649290333087555], "33": [0.00042928567023599166, 2.6245475083341097], "34": [-0.0011551331463842225, 2.6165344430421693], "35": [0.0005989505236919582, 2.625410571462164], "36": [0.0057013650844417825, 2.6509911457612034], "37": [0.014172669980797992, 2.6927293556240093], "38": [0.0259994445888497, 2.7496646656756885], "39": [0.04106577298470157, 2.820343661492188], "40": [0.05907398147280424, 2.902731786853055], "41": [0.07947883568491593, 2.9941538922065507], "42": [0.10146830874084822, 3.091318590776416], "43": [0.12401860753289967, 3.1904739167568645], "44": [0.14602253852086658, 3.287692498405096], "45": [0.1664500921113897, 3.3792133096289256], "46": [0.1844797305526126, 3.4617308887894653], "47": [0.19955731406185853, 3.532556255708102], "48": [0.21137971525249788, 3.589644898351858], "49": [0.21983006983487186, 3.631538466969635], "50": [0.22489815008703062, 3.6572758918917168], "51": [0.2266107439546655, 3.6663128695135847], "52": [0.22498557172189568, 3.6584687216331018], "53": [0.22001434636204648, 3.633907085942976], "54": [0.21167640266444276, 3.5931516489388864], "55": [0.1999816751436666, 3.5371357828924843], "56": [0.18503794249305414, 3.4672802534595335], "57": [0.16712987001654414, 3.385581591295983], "58": [0.14678637658001406, 3.2946745296314925], "59": [0.12480354701262554, 3.1978142098386315], "60": [0.10219451117125515, 3.0987292037243037], "61": [0.08006492098363036, 3.0013431347283386], "62": [0.05945285949579591, 2.9094337706455073], "63": [0.04119440920408624, 2.8263382117898317], "64": [0.025859914010319132, 2.7547834797469615], "65": [0.013766308001401722, 2.6968513903215956], "66": [0.005039781304399334, 2.654033088052298], "67": [-0.00030480879583381085, 2.6273171956854355], "68": [-0.0022933318628568186, 2.6172713981669777], "69": [-0.0009447258031206725, 2.6240974210305215], "70": [0.0037477455085743686, 2.647652413060809], "71": [0.011804708327635858, 2.6874353313028343], "72": [0.023219424908075374, 2.742539316429787], "73": [0.03789184301571954, 2.811575466353469], "74": [0.05554985350895447, 2.892584484888926], "75": [0.07568050548650841, 2.982971504511203], "76": [0.0975035843715787, 3.0795176151378953], "77": [0.12001692017904216, 3.178518323901012], "78": [0.14211698679785278, 3.2760549953850258], "79": [0.16275827109835192, 3.3683345083192338], "80": [0.18109062068651097, 3.4519892586973677], "81": [0.1965276948032062, 3.5242548938809484], "82": [0.20873872735775867, 3.5830126407849923], "83": [0.2175880408604552, 3.6267387004711336], "84": [0.22305594471556242, 3.654416974405569], "85": [0.22516721271322354, 3.6654565035398012], "86": [0.22394189568876086, 3.659634706816334], "87": [0.21937480982590826, 3.6370739623326407], "88": [0.21144550015952754, 3.5982531343463355], "89": [0.2001577818870724, 3.544053200688823], "90": [0.18560437728310614, 3.475831968497774], "91": [0.16804528426493967, 3.395512286257503], "92": [0.1479778399438008, 3.305649726423344], "93": [0.12616648370142602, 3.2094270312311126], "94": [0.1036021620659069, 3.1105239963610254], "95": [0.08138571935405382, 3.0128530876225965], "96": [0.06056946690062474, 2.920221420032552], "97": [0.04201714606200413, 2.8360259639915992], "98": [0.026330871389476564, 2.7630676737360687], "99": [0.013855249413875292, 2.703501911994507], "100": [0.004735593528892762, 2.6588849762415], "101": [-0.001003376181872783, 2.6302603553931063], "102": [-0.003385162546148955, 2.618242173853998], "103": [-0.002430821820899479, 2.623073680631235], "104": [0.0018632836387556335, 2.6446526670226835], "105": [0.009517316972005129, 2.6825219973560914], "106": [0.020530125964351238, 2.735825962013198], "107": [0.034815935979460824, 2.8032370968194638], "108": [0.05212642326070157, 2.8828682197267432], "109": [0.07197950504200942, 2.972202465241963], "110": [0.09362640054563906, 3.0680931493878774], "111": [0.11608761841465932, 3.166885727423724], "112": [0.1382655237758104, 3.26467502652924], "113": [0.15910162630525307, 3.3576412672303944], "114": [0.17771908130374767, 3.4423592500185287], "115": [0.19350023832549676, 3.515992166056709], "116": [0.20608665843925456, 3.576348451161004], "117": [0.21532325682064787, 3.621839480705311], "118": [0.22118009555953733, 3.6513944692583022], "119": [0.22367923393095038, 3.664376237785042], "120": [0.22284262377655, 3.66052105322533], "121": [0.2186681604924085, 3.6399112496129478], "122": [0.21113608207547585, 3.6029826701032213], "123": [0.2002451231394425, 3.550566351767825], "124": [0.18607447895682042, 3.483960151193996], "125": [0.16886122780687704, 3.405016358703392], "126": [0.1490725615537923, 3.3162137360278283], "127": [0.12744173882509652, 3.2206630615290552], "128": [0.10493659476123607, 3.121993137493113], "129": [0.08265105546254367, 3.0241007784304395], "130": [0.06164918475679255, 2.93081713118829], "131": [0.042820441744081346, 2.845594489362367], "132": [0.026797761016862088, 2.771304753429807], "133": [0.013953389815171894, 2.710175280936941], "134": [0.0044523069086434275, 2.6638268367576723], "135": [-0.0016701517056987472, 2.633357400197725], "136": [-0.004434432132047389, 2.6194270917702527], "137": [-0.0038632700930043605, 2.622319947838466], "138": [4.392556504454316e-05, 2.641973222687327], "139": [0.00730641706393011, 2.6779719429833797], "140": [0.017927655718287576, 2.7295091655928183], "141": [0.0318346712274986, 2.7953159226764805], "142": [0.048801210920722475, 2.873574048408726], "143": [0.06837460757427864, 2.9618422687415245], "144": [0.08983697000812191, 3.057045518217383], "145": [0.1122322909057902, 3.155581168595004], "146": [0.13447082405965122, 3.2535617712482727], "147": [0.15548352292636516, 3.3471460752520312], "148": [0.17436880495445184, 3.4328558235035906], "149": [0.19047871601348323, 3.507784801216869], "150": [0.20342724024327358, 3.569670284785373], "151": [0.2130393953918906, 3.6168595714620295], "152": [0.2192742754066274, 3.648227599760035], "153": [0.222150546925649, 3.663091423687469], "154": [0.22169161642400473, 3.6611468816903376], "155": [0.21789838066097658, 3.6424374097319476], "156": [0.21075216572237504, 3.6073575212977875], "157": [0.20024755280261375, 3.5566906276959878], "158": [0.18645162793370681, 3.4916775104456095], "159": [0.16958022886524068, 3.4141029698185563], "160": [0.15007186616803556, 3.3263714190716036], "161": [0.12862923497275808, 3.2315224406579275], "162": [0.10619637135114515, 3.133132114762976],