{"0": [-1.180830699911585e-06, 4.6935826494577535], "1": [-0.0001186232617549704, 4.672080472656794], "2": [-0.000801420946239404, 4.617491160486541], "3": [-0.003070402989878399, 4.529760759247838], "4": [-0.008558051725677756, 4.408700055112628], "5": [-0.019446978057325447, 4.253882177648738], "6": [-0.03829909650100741, 4.064651822625168], "7": [-0.06761940799034659, 3.8405859750681985], "8": [-0.10884443207144325, 3.583128303840078], "9": [-0.16051284777274938, 3.2991007578168983], "10": [-0.21671061343540757, 3.004034204737438], "11": [-0.26889295068244623, 2.718704263050222], "12": [-0.3107511752348556, 2.4593414695457687], "13": [-0.3404809444452441, 2.2333377563267844], "14": [-0.35938612453365465, 2.0423273194524723], "15": [-0.3699673277368928, 1.8858814192606375], "16": [-0.3748322781947611, 1.763289541051109], "17": [-0.3762259033336746, 1.6740755562328502], "18": [-0.37584833842713344, 1.61801965725068], "19": [-0.37478993371482877, 1.5950538389619189], "20": [-0.3735115929183446, 1.6051670025740754], "21": [-0.371840725687883, 1.6483609307345994], "22": [-0.3689728843796725, 1.7246657662323983], "23": [-0.36348368661805863, 1.834211687938958], "24": [-0.35337192293098957, 1.977332692886411], "25": [-0.3361836585989959, 2.154615210322599], "26": [-0.3093351994497211, 2.3666422524613915], "27": [-0.27089042751589165, 2.612850968719538], "28": [-0.221125583554037, 2.888656403567498], "29": [-0.16443649412794634, 3.1815237572659822], "30": [-0.10893566910917843, 3.471519114944322], "31": [-0.062109614923763, 3.7400241040942643], "32": [-0.027207117297769288, 3.976849237107951], "33": [-0.003725976212172832, 4.178914603031335], "34": [0.010583837434410891, 4.3462267571033735], "35": [0.01835351940733885, 4.479484091042195], "36": [0.021964849705922412, 4.579246435206927], "37": [0.023298404596199692, 4.645804350125065], "38": [0.023640317715044653, 4.679262129226059], "39": [0.023651689949833733, 4.679641742092258], "40": [0.023360929176573713, 4.646944463028768], "41": [0.02216375437479614, 4.5811543873278024], "42": [0.018830944347732914, 4.482183742823956], "43": [0.011539028878631301, 4.349775326177107], "44": [-0.0020376559547986466, 4.183423307237961], "45": [-0.0244829861648834, 3.982497074886633], "46": [-0.058037278914030925, 3.747028551489276], "47": [-0.10329753663381867, 3.4799863026358104], "48": [-0.1572629461197109, 3.1911797399033714], "49": [-0.21267798556077386, 2.89884167331463], "50": [-0.2613687193840104, 2.623006365956604], "51": [-0.2987005141510276, 2.37659495032271], "52": [-0.32423671902072226, 2.164426413149018], "53": [-0.3398659370079363, 1.987113105950517], "54": [-0.3481806404687654, 1.8440473596553733], "55": [-0.351663357868056, 1.7346062979537276], "56": [-0.35235038287652215, 1.6584277796229068], "57": [-0.35170379346716574, 1.6153651162627203], "58": [-0.35056706032201607, 1.6053808413649453], "59": [-0.3491524604254076, 1.6284704852731937], "60": [-0.34703933495385825, 1.6846417993408505], "61": [-0.34317907598471503, 1.7739529673280816], "62": [-0.3359173733153241, 1.8966001977878328], "63": [-0.3230639537699381, 2.0530110791515868], "64": [-0.3020809781696492, 2.243804879140441], "65": [-0.27055570072321256, 2.4692559823549636], "66": [-0.22727038534484592, 2.7275237131239956], "67": [-0.17404557052597083, 3.0110767787531505], "68": [-0.11707492833678476, 3.3037920162853487], "69": [-0.06474803401098243, 3.585169303836548], "70": [-0.022908787366185415, 3.8398704692200507], "71": [0.006987852844550997, 4.061148283811616], "72": [0.026369119148260702, 4.2475814017327105], "73": [0.03772698983749499, 4.399597839307975], "74": [0.04360812480600545, 4.5178544957336655], "75": [0.04617943237158799, 4.602780931345693], "76": [0.04705884409944719, 4.654569984653198], "77": [0.04725428024528186, 4.673278854146073], "78": [0.04714479130217432, 4.6589165243191015], "79": [0.04647668827462629, 4.611479866592572], "80": [0.04436655434187561, 4.530930827877117], "81": [0.03931769667620182, 4.4171203270578685], "82": [0.02927414235150841, 4.269690463025561], "83": [0.01176946527772858, 4.088061250407444], "84": [-0.01569499003312995, 3.8717919272063743], "85": [-0.05476653825353884, 3.6219543174260824], "86": [-0.10457189779777817, 3.3442750600016105], "87": [-0.16001279575561977, 3.0527091517316642], "88": [-0.21286354702117233, 2.767452662526185], "89": [-0.25632408417096464, 2.5057773792191718], "90": [-0.2879089308081458, 2.276416987686396], "91": [-0.30850490256451835, 2.0817625766683165], "92": [-0.3204461847620721, 1.9216566398002475], "93": [-0.3263079265030731, 1.7954431232099581], "94": [-0.3283627713418548, 1.7026337562760816], "95": [-0.32836441272689765, 1.6429884540836355], "96": [-0.32746728103476674, 1.6164270188190866], "97": [-0.32620015489104454, 1.6229341629697227], "98": [-0.32445966668808157, 1.6625101693387698], "99": [-0.32151172206075734, 1.7351796824675343], "100": [-0.3160039241381321, 1.841056098513584], "101": [-0.30600834756458667, 1.9804382226416541], "102": [-0.28914187575434463, 2.153856264769105], "103": [-0.2628752645181382, 2.3618324932373316], "104": [-0.22527073508026094, 2.603810446954159], "105": [-0.17646744101373618, 2.8754440210866616], "106": [-0.12054327166360067, 3.1647860439041278], "107": [-0.06530303361513692, 3.452467060454772], "108": [-0.018223785260659528, 3.719830760280537], "109": [0.01723058462926652, 3.9562300728322426], "110": [0.041356377913053986, 4.1581924522668], "111": [0.056281501782002204, 4.325521788356559], "112": [0.06457666786152583, 4.458836063320786], "113": [0.06859630662992851, 4.558669995779543], "114": [0.07021008572171492, 4.625309377524498], "115": [0.07070110107270533, 4.658859349391802], "116": [0.07073089302546516, 4.659343228487483], "117": [0.07032982886122084, 4.626762906125746], "118": [0.0688970693400986, 4.561102531145962], "119": [0.06521013948075431, 4.462275313052713], "120": [0.057459643863054764, 4.33003099138835], "121": [0.04334890271683833, 4.1638901870456495], "122": [0.02035218266614746, 3.963299053777378], "123": [-0.01365997607519612, 3.7284734220151026], "124": [-0.05910370102712142, 3.462727706927959], "125": [-0.11279141756371455, 3.176269294175302], "126": [-0.16747799360273383, 2.887359172264241], "127": [-0.2152709012522168, 2.6155155670058465], "128": [-0.2518307272445266, 2.3731179846439656], "129": [-0.27684651708399216, 2.164770499008181], "130": [-0.292204195047921, 1.9910887309034142], "131": [-0.3004416309573769, 1.8515283310628567], "132": [-0.3039727778746001, 1.7455225419178944], "133": [-0.30476412286601784, 1.6727437321250946], "134": [-0.3042098159426734, 1.6330613498207927], "135": [-0.30308731547340445, 1.626442747458872], "136": [-0.3015442339238698, 1.6528839259020136], "137": [-0.29909686458313334, 1.7123950088293158], "138": [-0.29463767651047096, 1.805043195697948], "139": [-0.28646421926714105, 1.9310397801757797], "140": [-0.27236363658509843, 2.090817053765602], "141": [-0.2498334329684021, 2.2849323147411735], "142": [-0.21662142940114787, 2.513391596239493], "143": [-0.1718993322544617, 2.773638423634724], "144": [-0.11811290777084955, 3.0569044970991355], "145": [-0.06190399908997602, 3.34612524032591], "146": [-0.011365087674698134, 3.621355370626659], "147": [0.02842332014963459, 3.8687344159488717], "148": [0.05655970496415344, 4.082541860966791], "149": [0.07466802470481035, 4.261701613921807], "150": [0.0852310614101786, 4.406654499623564], "151": [0.09070242753973887, 4.5179843779550515], "152": [0.0931272258220101, 4.596055042284819], "153": [0.09399342504675375, 4.641021470161251], "154": [0.09417773449014166, 4.65292629816443], "155": [0.09392864552365553, 4.631775807442443], "156": [0.09286349013348041, 4.5775636247042275], "157": [0.08997437942608277, 4.490236819753943], "158": [0.08365292273546573, 4.3696147823310865], "159": [0.07176370105565727, 4.215306392291272], "160": [0.05183745629069602, 4.026765623618922], "161": [0.02154677321282456, 3.8038447212311004],