{"0": [1.0848438931254556e-05, 5.299284591560827], "1": [0.0007032232964015156, 5.269419481073228], "2": [0.0023327424625149175, 5.192981068141375], "3": [0.004521108846087046, 5.068484053357201], "4": [0.006558305123393925, 4.893942383147298], "5": [0.007320440465247056, 4.667323165980791], "6": [0.005284944909883634, 4.387117016778632], "7": [-0.001192405393651419, 4.053431425713396], "8": [-0.01311726859413944, 3.6707717749436153], "9": [-0.02960783325588894, 3.2532572625162297], "10": [-0.0472452567477585, 2.8275271910856907], "11": [-0.06179885909184806, 2.4241418408405835], "12": [-0.07095633914667435, 2.064062318837981], "13": [-0.07487013227582212, 1.7560669604017731], "14": [-0.07498947040914743, 1.5019717607620198], "15": [-0.07298190823860523, 1.3008516160600265], "16": [-0.07021851121296946, 1.1508455975121452], "17": [-0.06764197111400025, 1.0498950007157262], "18": [-0.065811878547114, 0.9962286989791745], "19": [-0.06499590615040564, 0.9887607857472266], "20": [-0.06523595613136153, 1.027339235623321], "21": [-0.06635919302793956, 1.1127822984653375], "22": [-0.06793001276521964, 1.2466916337949265], "23": [-0.06916262775010634, 1.431086820180513], "24": [-0.06884906087134854, 1.6679356147886764], "25": [-0.06541084166875633, 1.958533130714013], "26": [-0.05725336208930487, 2.302190125240055], "27": [-0.04363944310305972, 2.692957235921317], "28": [-0.025954264261622537, 3.1142210339926293], "29": [-0.007989136187220023, 3.5375018969141605], "30": [0.006233048093788791, 3.933290484642537], "31": [0.01492945605775005, 4.283236788656714], "32": [0.018613687294158705, 4.580380975744896], "33": [0.01884215418894651, 4.823674400507497], "34": [0.01724699596189765, 5.014302964759909], "35": [0.015115964441155623, 5.154197251292949], "36": [0.013309090748648571, 5.245381112568216], "37": [0.012320729304218448, 5.289504709574656], "38": [0.012369317516358782, 5.2874708841948], "39": [0.013453468800684326, 5.239226678731999], "40": [0.015350404982160459, 5.143774083982231], "41": [0.017557371219718638, 4.999399342786263], "42": [0.01920190828836494, 4.8040655949144675], "43": [0.018985688291459468, 4.555901232988066], "44": [0.015284158019130528, 4.253899222486319], "45": [0.006596184164390606, 3.8995295292594165], "46": [-0.007460148042958872, 3.5005864635693076], "47": [-0.02492877994834583, 3.0765073065767674], "48": [-0.041718529559072265, 2.657248251797026], "49": [-0.05415555173422961, 2.270567097760473], "50": [-0.06103014182019589, 1.9319922139632477], "51": [-0.06318921701798215, 1.6467633209434858], "52": [-0.06226388219555181, 1.4152460963057463], "53": [-0.05983026828669833, 1.2360272160163523], "54": [-0.057082163684752316, 1.1071252852257554], "55": [-0.05479230096230459, 1.0265741788861178], "56": [-0.05338763657219417, 0.992871820621524], "57": [-0.05303491548123669, 1.0053234657997643], "58": [-0.053684758988961814, 1.0642035784612311], "59": [-0.05505639678655003, 1.1706935624631165], "60": [-0.05656884968881501, 1.3266089430858803], "61": [-0.05725198771768444, 1.533981062224843], "62": [-0.055713957969951045, 1.7945435681772055], "63": [-0.05030329020262372, 2.108911122817987], "64": [-0.03967414404586621, 2.4745610418673087], "65": [-0.02390246104482929, 2.881376793343848], "66": [-0.005559063867234698, 3.3068814376964992], "67": [0.011091960068301465, 3.7202784149440293], "68": [0.022872079535763926, 4.09628144147735], "69": [0.029160180080729278, 4.422261230437391], "70": [0.03109250613305373, 4.694538976094453], "71": [0.030337859561292528, 4.913336180922052], "72": [0.028395796201600886, 5.080256993868972], "73": [0.026356987930745788, 5.197310048555515], "74": [0.02490376520590364, 5.266375911221873], "75": [0.024394392990293515, 5.288778610627308], "76": [0.02494143682082035, 5.264980099144408], "77": [0.02644193524060426, 5.194471419315033], "78": [0.0285476389399152, 5.075890082828675], "79": [0.03058708236873902, 4.907336019750491], "80": [0.03148211254873002, 4.686813840487727], "81": [0.029749270596877056, 4.4127851337724096], "82": [0.02374252566906081, 4.0851771470877685], "83": [0.01235530243247534, 3.707932448609643], "84": [-0.003765676430808891, 3.2940212025594318], "85": [-0.021435379809021823, 2.868957349159785], "86": [-0.03639892671228599, 2.46346639630211], "87": [-0.046104653792303454, 2.0997222839231564], "88": [-0.050502539213674584, 1.7875271656483915], "89": [-0.05096119975898191, 1.5292009158967061], "90": [-0.04914812113297124, 1.324033427594011], "91": [-0.04646704339883946, 1.1702681395626244], "92": [-0.0438984125823435, 1.0658978310789542], "93": [-0.04203264771272081, 1.0091601729590154], "94": [-0.04115867409976977, 0.9989411303630057], "95": [-0.0413320002624376, 1.035034557990208], "96": [-0.04238921956983977, 1.118191865325768], "97": [-0.0439034489672068, 1.2499471367153334], "98": [-0.04509953751171878, 1.4322600894476198], "99": [-0.044782837067643105, 1.6670503521591722], "100": [-0.041388185611971294, 1.9555804785781357], "101": [-0.03332552099057924, 2.297165237251032], "102": [-0.01983696394343351, 2.685959313079209], "103": [-0.0022502857804177208, 3.1056129677678452], "104": [0.015703993961881355, 3.527917280211054], "105": [0.030005542139701535, 3.9233417035461167], "106": [0.03882508796764635, 4.273283350944034], "107": [0.042633176383992444, 4.570553929626294], "108": [0.042965348743994866, 4.813969633311593], "109": [0.041449275192483, 5.004634616275458], "110": [0.03937615035872017, 5.144417951495678], "111": [0.03761152443067884, 5.235291300711077], "112": [0.03665390029748039, 5.278861703767628], "113": [0.03672251479630868, 5.276000549821667], "114": [0.03781210165081796, 5.226638521575068], "115": [0.039690261924153945, 5.129780493205993], "116": [0.041838528122074656, 4.983738628241765], "117": [0.04336451946247352, 4.786526932193069], "118": [0.04295243644816547, 4.536353884633762], "119": [0.038977376450821555, 4.23234978807557], "120": [0.029980022577642394, 3.8762693365292935], "121": [0.015686232929636734, 3.4764672111860664], "122": [-0.0018110583709981453, 3.053079235447287], "123": [-0.018392566556505528, 2.636226072227858], "124": [-0.030514031851983335, 2.2530464991928616], "125": [-0.037110583377145324, 1.9183745744897553], "126": [-0.039094633695167406, 1.6371077612032143], "127": [-0.038099774636297754, 1.409516033652424], "128": [-0.03567821642579538, 1.2341876566890635], "129": [-0.03299535844457948, 1.109183077980922], "130": [-0.030799810836007736, 1.0326060962558052], "131": [-0.029499396191217938, 1.0030454286314399], "132": [-0.029243138917937943, 1.0199039586545164], "133": [-0.029959912117909278, 1.0835407692524646], "134": [-0.03133769390611019, 1.195187525150053], "135": [-0.03275176194779926, 1.3566585917564642], "136": [-0.033179731253347944, 1.5699233158919343], "137": [-0.031186737248690283, 1.83657426997987], "138": [-0.025127749978395553, 2.1569140786953396], "139": [-0.013779784190445015, 2.5276766850056553], "140": [0.0024939135947554376, 2.937292654831263], "141": [0.02081210004265399, 3.3617275417188224], "142": [0.03691659851417241, 3.7701994695965286], "143": [0.04795781260474145, 4.139033037043387], "144": [0.05361540540355241, 4.457071446282133], "145": [0.05514545706043063, 4.721322366765962], "146": [0.05421224771166854, 4.932225220263705], "147": [0.052261706566323146, 5.09142198500139], "148": [0.050324333996818314, 5.200877260431085], "149": [0.04903231421636491, 5.262366289527584], "150": [0.04870481445782694, 5.2770622578657305], "151": [0.049419348434703636, 5.245259595490311], "152": [0.05103189346126724, 5.166302748606709], "153": [0.05313777865884352, 5.038740822675769], "154": [0.054990069622105786, 4.860670348861155], "155": [0.055426266504870064, 4.6301931321461405], "156": [0.05290556380121508, 4.346015894968015], "157": [0.0458274253578726, 4.00866608152532], "158": [0.033346795996824434, 3.6235269320426733], "159": [0.01661667238046889, 3.206097589912582], "160": [-0.0007722906791886885, 2.7839192168031466],