{"0": [2.22531668564066e-05, 5.8377718838676484], "1": [0.0014701926914833894, 5.8242238500233405], "2": [0.005152725199319052, 5.7893633628791], "3": [0.011064966474304924, 5.732002528193112], "4": [0.01913097508669675, 5.650342494331597], "5": [0.02910078515536346, 5.542137770225882], "6": [0.04040008159780404, 5.404920302331804], "7": [0.051946680888298465, 5.236217994973062], "8": [0.06197333162063008, 5.033637092992332], "9": [0.06791500570150222, 4.794672965864055], "10": [0.06642729637647306, 4.51625909554462], "11": [0.05366376286966429, 4.194462985062469], "12": [0.02623192555510693, 3.8257332786689813], "13": [-0.016166018710110617, 3.413033214598431], "14": [-0.0665531882846901, 2.9775061183134155], "15": [-0.1118762138982227, 2.5563431943780146], "16": [-0.14292186632427686, 2.17631134573612], "17": [-0.15847592759773352, 1.8437757659188052], "18": [-0.1615380432858259, 1.55579553954523], "19": [-0.1560289457425249, 1.3081934913504518], "20": [-0.145504187451324, 1.0976465681954406], "21": [-0.1327696765164767, 0.9215591027574058], "22": [-0.1198201999211129, 0.7775744265788064], "23": [-0.1079264415570118, 0.6632988193744211], "24": [-0.09780030819096572, 0.5763161509932687], "25": [-0.08978050126788432, 0.5143796409475749], "26": [-0.08399351416823159, 0.47564088442322094], "27": [-0.08046927519150342, 0.45883210206198005], "28": [-0.07921022208274732, 0.46337765149260984], "29": [-0.08022017551438497, 0.48944042601795107], "30": [-0.0834975668909965, 0.5379108570882426], "31": [-0.0889917522929344, 0.610336003691442], "32": [-0.09651624740578961, 0.7087789496210718], "33": [-0.10561395937552859, 0.8356102056972846], "34": [-0.1153820552756937, 0.9932762124339259], "35": [-0.12428770102880632, 1.1841564344023077], "36": [-0.1300283627192139, 1.4106541506854393], "37": [-0.12949987293360807, 1.6755780089740833], "38": [-0.11896674916269753, 1.9825726614744101], "39": [-0.09472164293563735, 2.335618680324705], "40": [-0.055055259876861634, 2.734916279373876], "41": [-0.004261987751303749, 3.166206247839404], "42": [0.04574478779559477, 3.5952811664358135], "43": [0.0835397791400412, 3.9894142300783253], "44": [0.10559483738101118, 4.336523697513711], "45": [0.11402664409177607, 4.637788570432725], "46": [0.11266297041454365, 4.897381421852807], "47": [0.10523559394686836, 5.118908829692195], "48": [0.09480197235484074, 5.305121451702345], "49": [0.08361038283846335, 5.458381161009805], "50": [0.07314866231690809, 5.581024757125225], "51": [0.06429059931982148, 5.675433305319957], "52": [0.057480138311828965, 5.74388035550788], "53": [0.05290282040253782, 5.788302694906468], "54": [0.05061577689083661, 5.810098651204091], "55": [0.05062975384447042, 5.809994928610038], "56": [0.05294785488941066, 5.787983407082895], "57": [0.057566123234398706, 5.743320340926275], "58": [0.06443598426925429, 5.674588111035696], "59": [0.0733833843640587, 5.579827591462375], "60": [0.08397967529435706, 5.456740633828015], "61": [0.0953703582913773, 5.3029227936215975], "62": [0.10609037103084197, 5.116021546638467], "63": [0.11391776931161524, 4.893675281860132], "64": [0.11582826960328395, 4.633160462580203], "65": [0.10813852706429693, 4.33094629774075], "66": [0.08709284347886026, 3.983028966371596], "67": [0.05064881882949308, 3.588514939619959], "68": [0.0023222128355222613, 3.15971825347232], "69": [-0.04655227416991526, 2.7293398717091177], "70": [-0.08405731770909129, 2.3314760622477677], "71": [-0.1058872925519677, 1.9801968988097405], "72": [-0.11380023609113385, 1.6751016644746235], "73": [-0.11155540331781501, 1.4121036375922642], "74": [-0.1029229288064058, 1.187528474932762], "75": [-0.09103148044835643, 0.9985828348210694], "76": [-0.07820655020973732, 0.8429130531486672], "77": [-0.0660059521072808, 0.7182205922392337], "78": [-0.0553589551033607, 0.6221664765635203], "79": [-0.046748537327523126, 0.5525079552241488], "80": [-0.040384855894035745, 0.5073254151706669], "81": [-0.036338844450892534, 0.48522885160869755], "82": [-0.03462739242746112, 0.4854968812114487], "83": [-0.03525372738563695, 0.5081433302831438], "84": [-0.038207734407110706, 0.5539175716118272], "85": [-0.04342618339600288, 0.6242383599681547], "86": [-0.05070802440145938, 0.7210544296647279], "87": [-0.059580932942027286, 0.8466362167913355], "88": [-0.06912752836202393, 1.003345502711361], "89": [-0.07780281701170516, 1.193494449818528], "90": [-0.08329642186722179, 1.4194368956162844], "91": [-0.08250290366154459, 1.683944940403178], "92": [-0.07169649618679527, 1.9906228045162333], "93": [-0.04720213684732438, 2.3433647583074437], "94": [-0.007386062073885837, 2.7421619385042812], "95": [0.043355246494875946, 3.1724396787832907], "96": [0.0931199346616049, 3.599955515371651], "97": [0.13064602852725352, 3.9923535333692524], "98": [0.1525254999776302, 4.337797893588302], "99": [0.160899606800859, 4.637474133476994], "100": [0.15958125144581575, 4.8954878239145065], "101": [0.15227963520568263, 5.115380442086038], "102": [0.1420317013422326, 5.299847745532441], "103": [0.13107077472816422, 5.451196618800925], "104": [0.12087693296158236, 5.571697136189155], "105": [0.11232343886809858, 5.663644639071094], "106": [0.10585952502278176, 5.729205721404335], "107": [0.10167951589596327, 5.770189883590548], "108": [0.09984994592286614, 5.787850270531411], "109": [0.1003878163413597, 5.782754751969961], "110": [0.10329367150915571, 5.754730892991502], "111": [0.10854320705764457, 5.7028802406879], "112": [0.11603623312690904, 5.625663889301975], "113": [0.12549819297571788, 5.52106389647052], "114": [0.13633331720023012, 5.386805605839137], "115": [0.14744439647980384, 5.220574503079443], "116": [0.15705846116729608, 5.0200995000497945], "117": [0.1626159559578819, 4.78297171870787], "118": [0.16079058441827826, 4.5062123178646765], "119": [0.1477701766593152, 4.1860008482046265], "120": [0.12021923600011757, 3.8189677617445943], "121": [0.07790882678327374, 3.4083308797328464], "122": [0.027804601871220063, 2.9753237529785905], "123": [-0.0172177819311569, 2.5567967115776757], "124": [-0.048113995775922944, 2.17919983734718], "125": [-0.0637006571884737, 1.8489256122762936], "126": [-0.06694391285845734, 1.5631824204229712], "127": [-0.06172502449092573, 1.317923704486733], "128": [-0.051568268315786585, 1.109928844478759], "129": [-0.039258998939571965, 0.9366990099645823], "130": [-0.026783326601707996, 0.7959913556896269], "131": [-0.015415083818751032, 0.6855577252587834], "132": [-0.005879194109791097, 0.6031650995112672], "133": [0.0014661598965836874, 0.5467871929828955], "134": [0.006472694077784384, 0.5148308808695914], "135": [0.009091491286806093, 0.5063141645262239], "136": [0.009311403067095818, 0.5209689197666326], "137": [0.007142387007423298, 0.5592687432961961], "138": [0.0026419697371557367, 0.6223839786655467], "139": [-0.004012245245131428, 0.7120602445676879], "140": [-0.012400420220884407, 0.8304231708065547], "141": [-0.02169452953505419, 0.9797470842926566], "142": [-0.03047555385737034, 1.162286845834824], "143": [-0.03658387736044029, 1.380314515541559], "144": [-0.03706469549512419, 1.6364418312224147], "145": [-0.02829286304791889, 1.9340580382153854], "146": [-0.00651084248246519, 2.2770869570873713], "147": [0.030518696628394838, 2.666767041333687], "148": [0.07983685970941168, 3.092104182572349], "149": [0.1306671696053051, 3.5217844011276322], "150": [0.17088784747864116, 3.9210458388503637], "151": [0.1956261253938309, 4.274289401928165], "152": [0.20632445669827704, 4.581166163650834], "153": [0.20665351017361702, 4.845588918869523], "154": [0.2003890372122337, 5.071219191676338], "155": [0.19069941062677975, 5.260833985156367], "156": [0.1799620092691946, 5.416727580138732], "157": [0.1697881730298758, 5.5411003091485895], "158": [0.16115568430695026, 5.636169472743397], "159": [0.1545875155917806, 5.704044422675455], "160": [0.15032437970887708, 5.746503692118374], "161": [0.148458283366589, 5.764787830756544],