{"0": [1.8629752974768742e-05, 5.099743616214276], "1": [0.0011966528985592148, 5.0750005707335655], "2": [0.0038700261880180663, 5.012089661169228], "3": [0.007167054975504171, 4.910758915739866], "4": [0.009611209359401237, 4.770583168075071], "5": [0.009080377600090903, 4.590851682895945], "6": [0.002844678638559656, 4.370391373756074], "7": [-0.012195338907507534, 4.107594768101468], "8": [-0.0387748288541484, 3.8015284180811055], "9": [-0.07746920804688293, 3.4559521691361983], "10": [-0.12394346689749756, 3.086557634093954], "11": [-0.16891272036663504, 2.721679073704378], "12": [-0.2040565198267072, 2.387038837338173], "13": [-0.2266350981953324, 2.094185107715121], "14": [-0.23812687886307463, 1.8447465427501961], "15": [-0.24153502076572095, 1.6372491107003213], "16": [-0.23993192716662654, 1.4701102148734628], "17": [-0.2359133460435296, 1.3422799796127916], "18": [-0.23144033267016476, 1.2531461272182975], "19": [-0.22783432042940105, 1.2023560359363619], "20": [-0.22582708540824306, 1.1897247487864098], "21": [-0.2256101666619622, 1.2152143767536527], "22": [-0.22684998888062965, 1.2789319572294249], "23": [-0.22865956672224114, 1.3811271761245476], "24": [-0.22954468906072076, 1.5222238248783384], "25": [-0.22736604999069307, 1.7029355969468074], "26": [-0.21938283699390376, 1.9244399513761463], "27": [-0.2025034694754069, 2.1883260047191717], "28": [-0.1740477284360712, 2.4954109981841315], "29": [-0.13358594230957266, 2.8415851463462722], "30": [-0.08566336713255951, 3.2106078694898774], "31": [-0.03961704226727957, 3.5739872694095585], "32": [-0.0035616822508791534, 3.906511686821186], "33": [0.01997617129426019, 4.197138340691991], "34": [0.03256225495797679, 4.444417392962756], "35": [0.03720687888673377, 4.6498268852147815], "36": [0.03695955272670924, 4.81491205482029], "37": [0.03438486956660413, 4.940689297103049], "38": [0.03141228783757286, 5.0277478932030295], "39": [0.029333545937883836, 5.076424345820009], "40": [0.028852135604086178, 5.0868911534048875], "41": [0.030130494116739695, 5.059176967544819], "42": [0.0328024140078437, 4.993169268664016], "43": [0.03594309895783151, 4.888614880449874], "44": [0.038016248489328754, 4.745082660679685], "45": [0.03684094146447367, 4.561840905953866], "46": [0.029646315723398743, 4.337688348845639], "47": [0.01334797594007862, 4.071054171817903], "48": [-0.014630291960880164, 3.761336929341773], "49": [-0.054423619395270434, 3.4133456951900065], "50": [-0.10105371401545966, 3.044434387307282], "51": [-0.14506486501050625, 2.6834219996133553], "52": [-0.17873432796769653, 2.3545257091168073], "53": [-0.1999486350809958, 2.0677957124178272], "54": [-0.21045015698876246, 1.8243104081997676], "55": [-0.2132724953723805, 1.6225596585418744], "56": [-0.21142872710739893, 1.4610528737869897], "57": [-0.2074291046855174, 1.3388259080364988], "58": [-0.20314658607280398, 1.2553241102842718], "59": [-0.19981966398068723, 1.210233830904801], "60": [-0.1981019512502145, 1.203400134052591], "61": [-0.1981062072449901, 1.2348084925258054], "62": [-0.19941245692981702, 1.304581778694849], "63": [-0.20103522543725585, 1.4129824609038493], "64": [-0.2013717132349029, 1.5604585998484357], "65": [-0.19817583963019916, 1.7477761031735122], "66": [-0.18863036269015576, 1.9761780671563767], "67": [-0.16966467430527402, 2.247204893660517], "68": [-0.13887227924116885, 2.5611034735481666], "69": [-0.09658464781002807, 2.911951697188182], "70": [-0.04842553926013492, 3.28073783516972], "71": [-0.003970135095344486, 3.638317855540761], "72": [0.029665326398748724, 3.9620215695595196], "73": [0.050953994489542825, 4.243205499919167], "74": [0.06187969254902574, 4.481296647907574], "75": [0.0655049648303874, 4.677846406934094], "76": [0.06478964318766862, 4.83427153697845], "77": [0.062165933697313464, 4.951467293857073], "78": [0.05942586564279322, 5.029943938197167], "79": [0.0577318238872945, 5.069986465162315], "80": [0.05766638184365299, 5.071727614417429], "81": [0.059271995484126656, 5.035163368713823], "82": [0.06205331746264961, 4.960155994533657], "83": [0.06494079423067703, 4.846427571077573], "84": [0.0662407125441424, 4.693501997315239], "85": [0.0636196899743359, 4.500561224561872], "86": [0.05420238778402185, 4.266305364977138], "87": [0.034950902368126674, 3.9892584502740065], "88": [0.0037217871242744157, 3.669733342449904], "89": [-0.03848075613265685, 3.3152744106653027], "90": [-0.08520244640356298, 2.947032962477356], "91": [-0.12684673872191013, 2.5942173107416004], "92": [-0.15714592815851655, 2.2773358104334362], "93": [-0.17529266877545605, 2.003322335964013], "94": [-0.18354503258607158, 1.7721856130081703], "95": [-0.18498693338210517, 1.5823463754242941], "96": [-0.18250399666961029, 1.4324825376302999], "97": [-0.17842600625699534, 1.3217814223679838], "98": [-0.17444024948323597, 1.2497845383337551], "99": [-0.17161101562901962, 1.21624024895277], "100": [-0.17042918675586047, 1.2210421409679697], "101": [-0.17084614861155187, 1.2642167270428117], "102": [-0.17226891285688603, 1.3459209025530672], "103": [-0.17351978465120346, 1.4664550976368864], "104": [-0.17278990442064243, 1.6263370007561515], "105": [-0.16763879557186445, 1.826456679946805], "106": [-0.1551287352497756, 2.068178897323548], "107": [-0.1322930563726602, 2.3528432237865036], "108": [-0.09738620905972692, 2.6792685189029752], "109": [-0.05233054457976266, 3.0376650722795246], "110": [-0.004532667731440246, 3.404417297005756], "111": [0.03661446672344693, 3.7508445548913434], "112": [0.0659414015354327, 4.059220579767724], "113": [0.08343714566984484, 4.324474792146223], "114": [0.0916314883807413, 4.547142367321028], "115": [0.09360848040017512, 4.7287965510368135], "116": [0.09215444705645331, 4.870643965086089], "117": [0.08947188863501064, 4.97340483589839], "118": [0.08712038971280692, 5.037481132550628], "119": [0.08604517714177415, 5.063087523353463], "120": [0.08662525939050382, 5.05030047203981], "121": [0.08869983981133728, 4.999067470604555], "122": [0.09155512889415335, 4.9092080592330465], "123": [0.0938805417927809, 4.780390520212471], "124": [0.0937285155710158, 4.612038626384289], "125": [0.08853567893338762, 4.403169210138876], "126": [0.07530956476343108, 4.152359269003799], "127": [0.051223832888350106, 3.8585420380506905], "128": [0.015124099914076752, 3.5242266425826934], "129": [-0.029872925076075953, 3.162168789460985], "130": [-0.07540862302194924, 2.7984580813205717], "131": [-0.11265363331584213, 2.4603067298530124], "132": [-0.1377551029596262, 2.162139597398315], "133": [-0.15150744127625165, 1.907184132389747], "134": [-0.15667591857040392, 1.6944513849460447], "135": [-0.15631153288107294, 1.5224216569937041], "136": [-0.15307290436696463, 1.3900218053360303], "137": [-0.1490103930359403, 1.296629421888382], "138": [-0.1455340770202696, 1.241901268059704], "139": [-0.1434502393976745, 1.225662314606779], "140": [-0.1430061142538403, 1.2478691748689614], "141": [-0.14390694358251585, 1.3086034875555848], "142": [-0.14529386481383674, 1.4080743570744851], "143": [-0.14569814610933016, 1.546656472267055], "144": [-0.14301162935631773, 1.7250058135415463], "145": [-0.13453903027986736, 1.9442181450554763], "146": [-0.11726000931483431, 2.2057382791344127], "147": [-0.08860456143868627, 2.5101166265397836], "148": [-0.04827843702320695, 2.852851946172065], "149": [-0.0008630898406886628, 3.2174955405655505], "150": [0.044528962954528475, 3.575993992277922], "151": [0.08009558600926012, 3.9038013745568105], "152": [0.10343769710010985, 4.190082538193901], "153": [0.11609363878454095, 4.433261875739435], "154": [0.12100049101796069, 4.634643650449445], "155": [0.12113431725102718, 4.7956425836669005], "156": [0.118995714643934, 4.917185986082671], "157": [0.11645875347946008, 4.999797827328964], "158": [0.11476365919310734, 5.043762526025584], "159": [0.11455889403500569, 5.049213491644915], "160": [0.11593992877431161, 5.0161583854891], "161": [0.1184551823830692, 4.944483415530919],