{"0": [1.1314953211090957e-05, 1.7959955789521096], "1": [0.0007826074983605701, 1.8206165315378717], "2": [0.003076820193739081, 1.8830720718901302], "3": [0.0077675833466511485, 1.9832580716230825], "4": [0.016183376713573113, 2.1209874468926735], "5": [0.029921819940884137, 2.295806235272807], "6": [0.05045064898310429, 2.5063563175120733], "7": [0.07835941031514733, 2.7488374157846285], "8": [0.11232139468885281, 3.0145587356311156], "9": [0.14857102404838882, 3.2885935847295036], "10": [0.1821707564477077, 3.553019204349768], "11": [0.20945814706040553, 3.7932444497908997], "12": [0.22923159112628283, 4.000975341298419], "13": [0.24216826372891834, 4.172686488074109], "14": [0.24977904369805662, 4.307167492560394], "15": [0.2536747011766917, 4.404037245389255], "16": [0.25518107229852305, 4.463146936017903], "17": [0.25516232182204096, 4.4844167091733995], "18": [0.2539485446875035, 4.46781972894376], "19": [0.25131544513833376, 4.413390385576898], "20": [0.24649954558456347, 4.321222815681084], "21": [0.23826138127208654, 4.191484651550618], "22": [0.2250424544329274, 4.024552158814356], "23": [0.2053090137790907, 3.821521200173441], "24": [0.178218722916188, 3.5855242671793643], "25": [0.14462675672255587, 3.324051419511512], "26": [0.10781996127314576, 3.050802737871812], "27": [0.07267007401025546, 2.7835427797752197], "28": [0.04325169356826773, 2.5379339502865568], "29": [0.021262832254777913, 2.3235313568566767], "30": [0.006330046486788124, 2.1446345536733715], "31": [-0.0029510668452132523, 2.0027847542218074], "32": [-0.00820359791101883, 1.8984725146108692], "33": [-0.010824602103901498, 1.8318778212186941], "34": [-0.011775929375208312, 1.803093636341473], "35": [-0.0114958829384556, 1.812159033266761], "36": [-0.00987052033125496, 1.8590516127723982], "37": [-0.006241813687736597, 1.9436870243579514], "38": [0.0005406321951414248, 2.0659123665465224], "39": [0.01198599059958564, 2.225407221170957], "40": [0.029664335709935024, 2.421273094504298], "41": [0.05461332121036933, 2.650908944322653], "42": [0.08638299281782409, 2.907858125597917], "43": [0.12216250313369409, 3.1796393373385388], "44": [0.1572425565044175, 3.448898066592614], "45": [0.18723142282003705, 3.6991425325165657], "46": [0.2099536845626117, 3.919599306887523], "47": [0.225456778035127, 4.1051425995902875], "48": [0.23501373151472005, 4.253854398145398], "49": [0.24024176766798883, 4.3651125763343765], "50": [0.24259618679518083, 4.438698672648545], "51": [0.24312649799577388, 4.47450555265519], "52": [0.24237081855974477, 4.472482474129616], "53": [0.24031837877381498, 4.432640148771263], "54": [0.23641118277980666, 4.355053241208275], "55": [0.2295861983314822, 4.239862873121105], "56": [0.21838987824553985, 4.087348920765249], "57": [0.2012379917171992, 3.898261171296102], "58": [0.1769445614050478, 3.6747795969617383], "59": [0.14561741801430922, 3.4224851523338344], "60": [0.10961401399992346, 3.1526992533862686], "61": [0.07341151846814957, 2.882184540301938], "62": [0.041624720367166815, 2.6280206459892215], "63": [0.016873517445145175, 2.4021204900687194], "64": [-0.0005504229355274548, 2.21046776878477], "65": [-0.011767397568232132, 2.0553979785778203], "66": [-0.01837178275235381, 1.93768672607161], "67": [-0.02186456836959027, 1.8575989279370504], "68": [-0.023373027292957052, 1.8152574351922461], "69": [-0.02352669195718031, 1.810724206062243], "70": [-0.02241062536759689, 1.8439997771611727], "71": [-0.01956093672105766, 1.9150190472246014], "72": [-0.013998943426378228, 2.0236508156687956], "73": [-0.004330055930499639, 2.169645025885436], "74": [0.01102790163694482, 2.3523641939052813], "75": [0.033371420474088566, 2.569961122379863], "76": [0.06287747894391614, 2.817588458717842], "77": [0.09760698061773421, 3.084994249015228], "78": [0.13335933750386525, 3.356123815184123], "79": [0.16538362097020481, 3.6135342157923662], "80": [0.19065890142561975, 3.8442798258942594], "81": [0.2085507046111615, 4.0415092433759225], "82": [0.22000952068590612, 4.202436387741434], "83": [0.22659155524384336, 4.326111637934797], "84": [0.229831573789997, 4.412215390105508], "85": [0.23092495881826833, 4.460607149187426], "86": [0.2305843195022393, 4.4712140485033665], "87": [0.22898312654109393, 4.444024830458923], "88": [0.22574531017042046, 4.37909523694628], "89": [0.21997255587281586, 4.276547755854735], "90": [0.21033030172590805, 4.136610159716939], "91": [0.19524995647672447, 3.9598348575499904], "92": [0.1733545309249307, 3.7478063797160153], "93": [0.14423268811028736, 3.504762704944017], "94": [0.10944679898651477, 3.2399930676953383], "95": [0.0728981403183917, 2.9687847143514836], "96": [0.039398269222165064, 2.708747914313111], "97": [0.012319000155220035, 2.473735772680944], "98": [-0.007367667323664674, 2.2714555453417034], "99": [-0.02043016592343288, 2.1051675517488118], "100": [-0.028373269652345854, 1.9760134275430652], "101": [-0.03275446437048638, 1.8843754640426915], "102": [-0.034827939512883745, 1.83041396994076], "103": [-0.03538116533205263, 1.8142125607358808], "104": [-0.03466857054827504, 1.835792640485263], "105": [-0.032395379222695024, 1.8951075217640054], "106": [-0.027738948179369373, 1.9920425877198598], "107": [-0.01942409087888017, 2.126387013486998], "108": [-0.005903663177233775, 2.2976530573306544], "109": [0.01425628213919794, 2.5044633993696124], "110": [0.04165799944091608, 2.74308296181024], "111": [0.0750718530098358, 3.005073041092014], "112": [0.11090113840679758, 3.2759278359077837], "113": [0.14433546301273326, 3.538030716163625], "114": [0.1717052153367848, 3.7767551400091737], "115": [0.1917141957068985, 3.98356977293321], "116": [0.20494166043714743, 4.154727139065314], "117": [0.21283010011675146, 4.28887918964295], "118": [0.21694972510760255, 4.385573681752315], "119": [0.2186046855784686, 4.444628254507693], "120": [0.21864927828160732, 4.465948577038407], "121": [0.2174114656046443, 4.4495036900288705], "122": [0.21467108118361877, 4.395331630294683], "123": [0.20967593157865647, 4.303539796627333], "124": [0.20120824233463036, 4.174325897422729], "125": [0.18774731332032263, 4.00812837019818], "126": [0.1678204755573282, 3.806161157778527], "127": [0.140671382181444, 3.571746532606246], "128": [0.10724045115744499, 3.3125831505680052], "129": [0.07082776278261066, 3.0424156228425283], "130": [0.03619512492442707, 2.778743010654373], "131": [0.007257222545627269, 2.536831066770684], "132": [-0.01438558753065277, 2.32598638799518], "133": [-0.029121457375266387, 2.1504451338719623], "134": [-0.038322411497810634, 2.011771660819205], "135": [-0.043562621100935284, 1.9104942023010438], "136": [-0.04618790189683145, 1.8468192882408407], "137": [-0.04711157651199919, 1.8208520164855795], "138": [-0.04672778368550429, 1.8326323126070465], "139": [-0.044884191214079765, 1.8821302994417501], "140": [-0.04089345273725717, 1.9692452231755009], "141": [-0.03359224606914568, 2.0937896809268586], "142": [-0.02148907694043008, 2.2553628922390376], "143": [-0.0030864913374254906, 2.4528795771401395], "144": [0.02249507720287656, 2.683354591663113], "145": [0.05456311258542693, 2.939724803670339], "146": [0.09009681470971787, 3.2089622648015075], "147": [0.1244165853074791, 3.4737736717476566], "148": [0.15341241159358712, 3.718381521609257], "149": [0.1752050060936597, 3.932766231779793], "150": [0.18999450419122668, 4.112212838586712], "151": [0.19907711007925227, 4.254935965644678], "152": [0.2040235590067175, 4.3603270139803705], "153": [0.20621366711520597, 4.428153482065443], "154": [0.20661226173070685, 4.458299422862626], "155": [0.2056724021820777, 4.4507165234638], "156": [0.2033027745852901, 4.405427064601974], "157": [0.19887500528806745, 4.322525712366187], "158": [0.19127650967842172, 4.202191692055468], "159": [0.17904602165752867, 4.044797047300608], "160": [0.1606717808180765, 3.8513260145755566], "161": [0.13517669030047888, 3.624489987767317], "162": [0.10304356042309887, 3.370812980224719],