{"0": [1.475569252460265e-05, 5.105423751679462], "1": [0.0009479223858983934, 5.080136473969223], "2": [0.003065899512299219, 5.015779420732524], "3": [0.005674223319952491, 4.91195587540125], "4": [0.007585458524718134, 4.768088471845281], "5": [0.007082364797250748, 4.583428201992782], "6": [0.0019680438425082624, 4.357058033593592], "7": [-0.01017419629601155, 4.088174117686085], "8": [-0.031276686166597345, 3.777451420089291], "9": [-0.061339533255743726, 3.43075090724774], "10": [-0.0966938565396307, 3.064275859599628], "11": [-0.13052516899440023, 2.703379822270603], "12": [-0.1569249803942651, 2.37065470314804], "13": [-0.1738343573206092, 2.077547806307038], "14": [-0.18227617836940294, 1.827062083390006], "15": [-0.1845337256592378, 1.6188874095962322], "16": [-0.18301257546970764, 1.4520430933151707], "17": [-0.17975293554656793, 1.3256524152862288], "18": [-0.17627670728004532, 1.239040085287849], "19": [-0.1735842011964559, 1.1917156138654514], "20": [-0.17220403762203543, 1.1833926105738029], "21": [-0.17223880609765319, 1.214025775669917], "22": [-0.17337494428007405, 1.2838182499330555], "23": [-0.17485099181683555, 1.3931878437719598], "24": [-0.17540458171851578, 1.5427274983664498], "25": [-0.17324417431071082, 1.7332026024425244], "26": [-0.16612159069196478, 1.9655316288608828], "27": [-0.15164027864147786, 2.2404073174025347], "28": [-0.12805371191394935, 2.5566578670491062], "29": [-0.09582116140901584, 2.9071511882594825], "30": [-0.059205553056224706, 3.2739557507764108], "31": [-0.02516438342318509, 3.6312930103312935], "32": [0.0009012580562054776, 3.9580553902993585], "33": [0.01750777067465748, 4.244402229119763], "34": [0.025966018673383728, 4.488083285123625], "35": [0.028622336383558086, 4.68959460027913], "36": [0.027840943421171067, 4.849908845491761], "37": [0.0255840113630949, 4.969860953790168], "38": [0.023289449169436326, 5.050088087940182], "39": [0.021879691492799037, 5.0910436821306435], "40": [0.021813016800696878, 5.09297323669617], "41": [0.023124303118936245, 5.055880401529752], "42": [0.02542773902520252, 4.979527038783399], "43": [0.027879954037649216, 4.863470480387638], "44": [0.02912826063368593, 4.70709777556972], "45": [0.027294502422923635, 4.509622525855637], "46": [0.020077721393656323, 4.2701325919424695], "47": [0.005127035227628246, 3.988110531399625], "48": [-0.019038953038072945, 3.665435636394168], "49": [-0.051365775342877146, 3.310902214025284], "50": [-0.08692017534859925, 2.944400841158644], "51": [-0.11871360835728534, 2.591800296990488], "52": [-0.14200877727476402, 2.272273770821629], "53": [-0.15595666166537384, 1.9939057202986852], "54": [-0.1621560662619553, 1.758197382197854], "55": [-0.1630012597135841, 1.5644880592370332], "56": [-0.16079779274338135, 1.4118250583305298], "57": [-0.15741349594364254, 1.299420682518422], "58": [-0.15418805612571143, 1.2266800983003006], "59": [-0.15195372035456545, 1.193192432435302], "60": [-0.1510869138475642, 1.1987595059258305], "61": [-0.15154261054938514, 1.243424969922545], "62": [-0.1528488044941714, 1.3274658649931632], "63": [-0.15406462835496698, 1.4513529458201955], "64": [-0.15373185811198534, 1.6157237928077925], "65": [-0.14987575715434676, 1.8213892730488725], "66": [-0.1401481266779609, 2.0692369289468346], "67": [-0.12228569171812279, 2.3595069929196613], "68": [-0.09517996928465973, 2.689321169932399], "69": [-0.06063265796334838, 3.0477763443990864], "70": [-0.024272815989702767, 3.412939700888722], "71": [0.007064774920646929, 3.7594027188106907], "72": [0.02946224428001857, 4.070364774890865], "73": [0.04273029372057099, 4.3395463159826795], "74": [0.04873379912570096, 4.566137835326696], "75": [0.04989071314256414, 4.750927984640135], "76": [0.04842765170512816, 4.894835733179333], "77": [0.046101556403182586, 4.998596828115042], "78": [0.0441404563414632, 5.06275968458909], "79": [0.04327494015553884, 5.0876867273203885], "80": [0.043788370149681455, 5.07352238313874], "81": [0.04554321196904872, 5.020170797208388], "82": [0.047966455731845596, 4.92731311534353], "83": [0.05000351921326875, 4.7944475802007815], "84": [0.05007613453148173, 4.620907058078214], "85": [0.04610687364462104, 4.4058556446121475], "86": [0.03571635899736368, 4.148466869595702], "87": [0.01679409960096767, 3.848937115391526], "88": [-0.011252629642336235, 3.511539179330122], "89": [-0.04571952126581382, 3.1497517344191843], "90": [-0.08033889492827304, 2.787387819637514], "91": [-0.10868270833899377, 2.4486464738993057], "92": [-0.12778343943590328, 2.14760189016781], "93": [-0.13809710972761505, 1.8887919337744232], "94": [-0.14171334541564354, 1.6724347667716437], "95": [-0.1410423891091233, 1.4976593956008672], "96": [-0.1382097572873945, 1.3635939621387192], "97": [-0.13484528400721962, 1.2695584530081654], "98": [-0.13205295957222427, 1.2150551268871008], "99": [-0.1304510714323993, 1.1997763561487493], "100": [-0.1302187912498984, 1.2236376713359118], "101": [-0.13111276898992313, 1.2867910057909633], "102": [-0.13244315369054405, 1.3895989587015658], "103": [-0.13302501294031188, 1.5325972571261441], "104": [-0.13114716936335355, 1.7164876483468965], "105": [-0.12462957297658837, 1.9421252467593604], "106": [-0.1110934234311342, 2.21020792357401], "107": [-0.08867848868064666, 2.5198577883569167], "108": [-0.05748957984888438, 2.864890819313575], "109": [-0.021264570184007292, 3.2288472756927984], "110": [0.013263348950832641, 3.5865435849430396], "111": [0.04036986750355492, 3.9158605791074925], "112": [0.058118144463077656, 4.205645052734711], "113": [0.06755515353342738, 4.452931212451832], "114": [0.07093881380960593, 4.657964339286258], "115": [0.07063564182498867, 4.821650296124552], "116": [0.06864724094919687, 4.944802618625229], "117": [0.06646107352305808, 5.028042628747326], "118": [0.06504596774404728, 5.071812630600094], "119": [0.06489796207682395, 5.076358684327106], "120": [0.06608065386377382, 5.041699682154902], "121": [0.06823052929430665, 4.967625037138594], "122": [0.07052395767026137, 4.853727256081018], "123": [0.0716291061531482, 4.699433162111132], "124": [0.06969220358850373, 4.504002124248168], "125": [0.06244041975647888, 4.266578772236023], "126": [0.04755057401311007, 3.9867131776515], "127": [0.023553551102325626, 3.666331784175125], "128": [-0.008532009864790002, 3.314162067370595], "129": [-0.04387545243202054, 2.949845709682679], "130": [-0.07558795640975183, 2.599016130254887], "131": [-0.09894421046245144, 2.280864188874264], "132": [-0.11304760296103387, 2.0036401494999287], "133": [-0.11944716333205607, 1.768990297338457], "134": [-0.12050306205779689, 1.5763434112593322], "135": [-0.11850015579435214, 1.4248018099142326], "136": [-0.11529396883372857, 1.3136182439959647], "137": [-0.11221586739413673, 1.2422326530261776], "138": [-0.1100897295736479, 1.21026375569065], "139": [-0.109279799624809, 1.2175340219189468], "140": [-0.10972200741457892, 1.2640946919970892], "141": [-0.11091695415417673, 1.3502161151711047], "142": [-0.11188930925336533, 1.47635150257243], "143": [-0.11114483601080108, 1.6431158439993139], "144": [-0.10668313507796266, 1.8512895270017202], "145": [-0.0961637328648534, 2.1016837575071303], "146": [-0.0774082815050708, 2.3942970538140504], "147": [-0.049534254774726054, 2.725624359071697], "148": [-0.014702512659886296, 3.083706637519323], "149": [0.02124087946378704, 3.4459245025697056], "150": [0.051686548983473066, 3.7874872830262083], "151": [0.07314202336767141, 4.092777011621573], "152": [0.08568254391638078, 4.356206201548989], "153": [0.0912460801303154, 4.577149338980629], "154": [0.09222528641579078, 4.756373348095796], "155": [0.09078608055221467, 4.894733554193527], "156": [0.08861759519352759, 4.992906301856824], "157": [0.08688336213877615, 5.051387509039355], "158": [0.08625373761942044, 5.070490872535852], "159": [0.08695155119247219, 5.050318711043155], "160": [0.08877172328849965, 4.990746689576685], "161": [0.09106163922498384, 4.891444974614873],