{"0": [-9.91195952944329e-06, 3.5222871883019935], "1": [-0.0006528993882670491, 3.5131255686046745], "2": [-0.0022738863889152994, 3.4901656219340973], "3": [-0.004840923566353168, 3.4541803719953426], "4": [-0.008294000310780095, 3.406409393792521], "5": [-0.012535626093092065, 3.3485479478428815], "6": [-0.01742359764186632, 3.282716641262896], "7": [-0.022769975168962855, 3.211401252321048], "8": [-0.028348978141500197, 3.1373567122849892], "9": [-0.033913720474102904, 3.0634781403485114], "10": [-0.039218374321711096, 2.9926523838620462], "11": [-0.04404009792964937, 2.9276106242512476], "12": [-0.04819515948370699, 2.870802231690103], "13": [-0.05154608037798736, 2.824302402730492], "14": [-0.05399996765110096, 2.7897554893052066], "15": [-0.05550090842181642, 2.7683473517631474], "16": [-0.05602049016906711, 2.7607961673381376], "17": [-0.05555023974400933, 2.7673516222759904], "18": [-0.05409856805449564, 2.7877956208915102], "19": [-0.05169318123805539, 2.8214419984969052], "20": [-0.048388183356826556, 2.8671373527671813], "21": [-0.044273448596008916, 2.923269493875768], "22": [-0.03948257155164503, 2.987793348930929], "23": [-0.03419530548429452, 3.0582849560752585], "24": [-0.028631412956203906, 3.132030734813716], "25": [-0.023035410201009323, 3.2061510393645536], "26": [-0.01765502803584553, 3.2777464041936817], "27": [-0.012718787629933233, 3.344046755816167], "28": [-0.008418471037290319, 3.4025427216003497], "29": [-0.004900228067037358, 3.4510847009702803], "30": [-0.0022647633375456693, 3.487945845936933], "31": [-0.0005741308542481684, 3.5118543442278134], "32": [0.00013882723501499887, 3.5220052166974267], "33": [-0.00013767209604052336, 3.518062049083894], "34": [-0.0013983653562007047, 3.5001562407426245], "35": [-0.0036195382335060104, 3.4688871277031232], "36": [-0.00675265830901347, 3.4253217206725686], "37": [-0.010715178246636143, 3.370988325413007], "38": [-0.015382013036739481, 3.3078546927856434], "39": [-0.020581798757134975, 3.2382799402421156], "40": [-0.026101317581687974, 3.164932049613829], "41": [-0.03169917634426806, 3.0906701251014335], "42": [-0.03712652971247253, 3.0184010578904212], "43": [-0.042149794584284826, 2.950929237951092], "44": [-0.046569451586834114, 2.8908205903220363], "45": [-0.05023067238908102, 2.840296929144951], "46": [-0.05302470098758119, 2.8011664740950115], "47": [-0.0548830099640082, 2.7747865701456202], "48": [-0.055768040632631154, 2.7620489190070563], "49": [-0.05566455853862738, 2.763376658870697], "50": [-0.054574728777263645, 2.7787250401180947], "51": [-0.05251849879370864, 2.8075815080856668], "52": [-0.049539157115799246, 2.848965593380582], "53": [-0.04571223283972332, 2.9014335480866715], "54": [-0.04115444577581914, 2.963096523910466], "55": [-0.03602862870658714, 3.0316630350807987], "56": [-0.03054098460084516, 3.104514736076714], "57": [-0.024929060454240197, 3.178818022988296], "58": [-0.019442018468405892, 3.2516638031377147], "59": [-0.014317841856511871, 3.320218104761775], "60": [-0.009763413405908451, 3.3818621280793812], "61": [-0.005942192051325701, 3.4343042610652135], "62": [-0.002971191402788564, 3.475656208984772], "63": [-0.0009257381751203288, 3.504475614758711], "64": [0.00015158838971786418, 3.5197841727417227], "65": [0.00024192893312138854, 3.521072025422205], "66": [-0.0006556368398991392, 3.5082973097303745], "67": [-0.00252473233732851, 3.481885856367727], "68": [-0.005326996551751206, 3.44273150145907], "69": [-0.008993596043814308, 3.392192887133845], "70": [-0.01341599096050953, 3.3320785746512853], "71": [-0.018439962144047507, 3.264609869196577], "72": [-0.023866732463929306, 3.1923516635486067], "73": [-0.029463287821170876, 3.1181072350032353], "74": [-0.03498094847402574, 3.044782648768282], "75": [-0.04017803178143713, 2.975236584911196], "76": [-0.044840725009811185, 2.9121368201170093], "77": [-0.048797044267792834, 2.8578421184850593], "78": [-0.05192155033121616, 2.8143193689883614], "79": [-0.054131802666967675, 2.7830953058519996], "80": [-0.05537988417111971, 2.7652346707542748], "81": [-0.055643107186987124, 2.7613340302813083], "82": [-0.054917442979953025, 2.7715218330287725], "83": [-0.05321586225686346, 2.7954589105724565], "84": [-0.05057209955345216, 2.8323381050025245], "85": [-0.04704862414642504, 2.880886315680545], "86": [-0.042746017311269036, 2.9393764688904236], "87": [-0.037809859068038035, 3.005659755001886], "88": [-0.03243115054939659, 3.0772283208151685], "89": [-0.026837728302931272, 3.1513138884661935], "90": [-0.021276996115351703, 3.225018627116482], "91": [-0.015993602568147667, 3.295464138512451], "92": [-0.011207799530629742, 3.359937777103547], "93": [-0.007099930611812884, 3.416016505578722], "94": [-0.0038039859973554857, 3.461656516838357], "95": [-0.001409818168296929, 3.495247461992989], "96": [2.899141049983613e-05, 3.51563839123248], "97": [0.0004856958352707169, 3.522146050854985], "98": [-4.690082831719236e-05, 3.5145554246963253], "99": [-0.0015591015598115446, 3.493119080044257], "100": [-0.004021516197675438, 3.458557488744728], "101": [-0.007377704157106471, 3.4120578731708697], "102": [-0.011534790140285604, 3.355264790139016], "103": [-0.016355804738520194, 3.290252466373308], "104": [-0.02165781128416987, 3.219468364052186], "105": [-0.027218748315378426, 3.1456412613637865], "106": [-0.032793268252426844, 3.071655596471841], "107": [-0.03813451631559215, 3.000404402804628], "108": [-0.043016346638982315, 2.9346408890209688], "109": [-0.047250281907704465, 2.87684925295005], "110": [-0.05069370240206879, 2.8291483383737885], "111": [-0.05324906700663093, 2.793231205680563], "112": [-0.05485679854455671, 2.7703347135237686], "113": [-0.05548583507465543, 2.7612287620355027], "114": [-0.05512571971809976, 2.766214924497591], "115": [-0.05378297389558472, 2.7851271779721203], "116": [-0.051482903241187414, 2.8173317164574025], "117": [-0.048276254333489664, 2.8617274465671576], "118": [-0.04424847526415974, 2.9167531998730243], "119": [-0.03952800394356038, 2.980411200283894], "120": [-0.03428948587797063, 3.0503174894123437], "121": [-0.028748661370567332, 3.1237870995989803], "122": [-0.023148061970780714, 3.197954069240379], "123": [-0.017735969603186307, 3.2699158806422686], "124": [-0.012743828443515771, 3.3368832506011334], "125": [-0.008367962273826808, 3.3963141657844087], "126": [-0.004759648433206194, 3.446016841272961], "127": [-0.002024366900651663, 3.4842165620285006], "128": [-0.00022802221155271933, 3.5095909431910535], "129": [0.0005937310735786471, 3.5212835055285203], "130": [0.0004270475059445657, 3.518906124292263], "131": [-0.0007246640792366076, 3.502538327712064], "132": [-0.0028399479341655177, 3.4727272961240883], "133": [-0.005873422135199547, 3.4304878169259654], "134": [-0.009746765966076903, 3.3772969429773303], "135": [-0.014339947216225703, 3.315074342187885], "136": [-0.01948677714917483, 3.2461375959082384], "137": [-0.024978327646344285, 3.1731237542239312], "138": [-0.0305756157320693, 3.0988753174807253], "139": [-0.03602972347034006, 3.0262990947511663], "140": [-0.04110455010141443, 2.95821578963464], "141": [-0.04559627353459332, 2.897221657540453], "142": [-0.04934498445410529, 2.845579107597678], "143": [-0.05223704516138146, 2.8051432863101167], "144": [-0.05419989655600435, 2.777321626329594], "145": [-0.05519299545575996, 2.763057083230528], "146": [-0.05519894781284609, 2.7628243286746783], "147": [-0.0542180772421904, 2.7766302884131173], "148": [-0.05226819644243036, 2.8040143547954024], "149": [-0.049389642396105354, 2.844048161384763], "150": [-0.0456539242196802, 2.8953393674144623], "151": [-0.04117283663204075, 2.9560478711970473], "152": [-0.036104005676878916, 3.023925103584061], "153": [-0.030649114107601655, 3.0963858233887853], "154": [-0.025042897476674607, 3.1706158536489952], "155": [-0.019534113923958447, 3.2437093022985617], "156": [-0.014362838209803946, 3.3128188457166514], "157": [-0.009739982746333775, 3.375297781872775],