{"0": [-1.34438130998862e-05, 1.3528160370329052], "1": [-0.0008553936439931134, 1.3705906003623507], "2": [-0.0026893315324253977, 1.4157177453716863], "3": [-0.004700252021561905, 1.4882284633344878], "4": [-0.005552538074225631, 1.5882257547346215], "5": [-0.0033832157912242655, 1.7159720682242698], "6": [0.0041764122521703315, 1.872004551710235], "7": [0.019909291174994445, 2.057218894226258], "8": [0.04675218286785022, 2.2727440442109077], "9": [0.08713366542867264, 2.519169591999516], "10": [0.1415224470089681, 2.7943425783695295], "11": [0.20623223268829655, 3.089599106519249], "12": [0.2726946291665256, 3.3882079744980307], "13": [0.331266631576257, 3.671671606773253], "14": [0.3763408762561219, 3.928274626341043], "15": [0.4071517119113693, 4.154056528828318], "16": [0.42567890139576575, 4.349057781510287], "17": [0.4348217427250892, 4.514416088056049], "18": [0.4374903200688566, 4.651179925236924], "19": [0.4362388144281405, 4.760028738706614], "20": [0.43313329161947706, 4.841317656532384], "21": [0.4297141049600239, 4.89519550929991], "22": [0.42699656455683793, 4.9217072080360795], "23": [0.42548388925377223, 4.92085843261956], "24": [0.4251773763812181, 4.892645226079514], "25": [0.4255760388424202, 4.837054652143625], "26": [0.42566607957973646, 4.754036304620638], "27": [0.42390870498508576, 4.6434384380693405], "28": [0.41824216520202645, 4.504907145974233], "29": [0.40612509095823407, 4.337773642211281], "30": [0.3846791131002582, 4.141024652883277], "31": [0.3510722711193056, 3.9136161089690544], "32": [0.30344694600801736, 3.6557138795693533], "33": [0.24274105362247292, 3.3716227347521985], "34": [0.1747059941232029, 3.073399364208808], "35": [0.10898059341031999, 2.779582490459947], "36": [0.053977415279432714, 2.5065917411680423], "37": [0.013195560122596473, 2.262713543674034], "38": [-0.01396418373506026, 2.0498628608165], "39": [-0.029995420987647306, 1.8673489908472936], "40": [-0.03785672256728266, 1.714014266627259], "41": [-0.040330034259247284, 1.5889617711951127], "42": [-0.0397728603030265, 1.491660640669313], "43": [-0.038033584929883825, 1.4218559875474552], "44": [-0.036432854756085334, 1.379452724343912], "45": [-0.03577082003165526, 1.3644281930662754], "46": [-0.03633976557626724, 1.3767826439519306], "47": [-0.03793014286178122, 1.4165220791347353], "48": [-0.03982557527259906, 1.4836695176910462], "49": [-0.04079070820507774, 1.5783079347482438], "50": [-0.039063509810628214, 1.7006606002369629], "51": [-0.03237170285617892, 1.8512018997288453], "52": [-0.018010085397346002, 2.0307500541503285], "53": [0.006935569276950776, 2.2403905369454113], "54": [0.04501437614238791, 2.480848654275913], "55": [0.09711829577376094, 2.750580488504948], "56": [0.16036683655845843, 3.0421984439448475], "57": [0.2269222366081187, 3.340163156301709], "58": [0.2870258392074543, 3.625738614262308], "59": [0.33429762366338517, 3.885899738528541], "60": [0.3673057642298236, 4.1156339239783035], "61": [0.38770731415127807, 4.314530307216501], "62": [0.3983038558605582, 4.4836209344808795], "63": [0.4020113220290972, 4.6239732071391995], "64": [0.40143180293163966, 4.736310341226906], "65": [0.39869496106901026, 4.821022557980642], "66": [0.39540897315372175, 4.8782788347285955], "67": [0.392655931166683, 4.908132621246463], "68": [0.391002746760815, 4.910591941651429], "69": [0.3905114047572754, 4.885653584261504], "70": [0.3907399522675918, 4.833307184758022], "71": [0.39073358828959054, 4.753509893825889], "72": [0.38901338035463506, 4.64612630144249], "73": [0.38357764145306056, 4.510831744079037], "74": [0.37194169881349104, 4.347001221656681], "75": [0.3512701892111639, 4.153670814534787], "76": [0.31873295791332085, 3.9298116536581778], "77": [0.27236950980936037, 3.6754623602627197], "78": [0.21281710386523775, 3.394480925633837], "79": [0.14536018348329538, 3.0981809280378645], "80": [0.07937020409185155, 2.804685359487125], "81": [0.02346929977418197, 2.5308025060077783], "82": [-0.018444666918194172, 2.285489117036026], "83": [-0.046696659393269314, 2.0710824432999613], "84": [-0.06365860105211296, 1.8870535621044773], "85": [-0.07225359549954768, 1.732279321208389], "86": [-0.07526693220884642, 1.6058546043989337], "87": [-0.07507563305840367, 1.5072330859679144], "88": [-0.07355370552621929, 1.4361485653817134], "89": [-0.07204869146387324, 1.3925003402637066], "90": [-0.07138640234312212, 1.376263952395833], "91": [-0.071882457230263, 1.3874392755269178], "92": [-0.07334830731438777, 1.426031635252816], "93": [-0.07508700927800586, 1.4920621107353682], "94": [-0.07588223650365866, 1.5856097407026306], "95": [-0.07399179763951383, 1.7068906478772239], "96": [-0.06716517973537452, 1.8563666299584047], "97": [-0.052721824519517506, 2.0348345433554313], "98": [-0.02777534208580911, 2.243346271542538], "99": [0.010195316487167583, 2.4825824408382866], "100": [0.06206794084877261, 2.7509636128036496], "101": [0.12499521931099945, 3.0411331437698292], "102": [0.19124095240782793, 3.3376917800948447], "103": [0.25115360933851283, 3.6220513201903053], "104": [0.29838387826908547, 3.881208462705813], "105": [0.33146950460533686, 4.110082612722888], "106": [0.35202511363225775, 4.308190737117678], "107": [0.36281782832137865, 4.47651707734656], "108": [0.36673811702744735, 4.616102081605894], "109": [0.3663686913710073, 4.7276546823626004], "110": [0.36382344165280456, 4.811557620364466], "111": [0.3606966002112036, 4.8679758568690294], "112": [0.35805669147916647, 4.896960712256992], "113": [0.3564561527849101, 4.898519367316868], "114": [0.35594060043281767, 4.872648646483553], "115": [0.3560494138757498, 4.81933821643227], "116": [0.3558072858089156, 4.738543614419002], "117": [0.35371448163565317, 4.6301242428977565], "118": [0.34775119347703315, 4.4937460430990335], "119": [0.33542290422496973, 4.328774518170028], "120": [0.31390436750983186, 4.134252309650322], "121": [0.28042090162217226, 3.9092163422102812], "122": [0.23316017175698436, 3.6539192881445346], "123": [0.1730427367463479, 3.3726764099205466], "124": [0.10567022204125087, 3.077350751381992], "125": [0.040444887422991946, 2.786146678238927], "126": [-0.014355616190827945, 2.51532117543286], "127": [-0.05520834520049806, 2.2732479036637447], "128": [-0.08262733966887542, 2.061999676369293], "129": [-0.09902797086805323, 1.881004933045775], "130": [-0.1073105047063476, 1.7291762514180065], "131": [-0.11021370541727024, 1.6056544454657589], "132": [-0.11006120013217723, 1.5099283040791422], "133": [-0.10867263656783921, 1.4417533233485513], "134": [-0.10734192001177167, 1.4010400408339077], "135": [-0.10684172753954801, 1.387768510222227], "136": [-0.10743384279941241, 1.401939548709328], "137": [-0.10887379238988934, 1.4435587724233028], "138": [-0.11040595240809735, 1.5126504589158078], "139": [-0.11075347425126314, 1.6093042989764819], "140": [-0.10811511391662217, 1.7337586992757008], "141": [-0.10019001042523695, 1.8865087822112088], "142": [-0.08427159679173866, 2.0683801099360704], "143": [-0.057507510928488124, 2.2803948471849766], "144": [-0.017547927721118482, 2.52301038370365], "145": [0.03605604914034399, 2.7939969031898766], "146": [0.09976391217960219, 3.08485594882925], "147": [0.16534468991634177, 3.379330593039557], "148": [0.22344655524446855, 3.6593153349832477], "149": [0.2685014087484669, 3.913075671196738], "150": [0.2996273814421446, 4.1364144932179485], "151": [0.3186739687109526, 4.329158624816389], "152": [0.3284405902187873, 4.492312553320954], "153": [0.33176496606599315, 4.626852062204361], "154": [0.33114651556036395, 4.733418853408961], "155": [0.3286066574199939, 4.812348453521206], "156": [0.325645920495259, 4.863779135981371], "157": [0.3232402765955382, 4.887750259911146], "158": [0.3218503226820698, 4.8842655104986745], "159": [0.321428714562076, 4.853321265647032], "160": [0.3214189651528272, 4.794904355346315], "161": [0.32074677156499093, 4.7089584634861295], "162": [0.3178129971765459, 4.595314768569172],