{"0": [-1.2529601163081083e-05, 0.5025271985090841], "1": [-0.0008272094753636234, 0.5174541355144139], "2": [-0.0028934960929669386, 0.55587777960414], "3": [-0.006191696074737955, 0.619158666221495], "4": [-0.010645349930158548, 0.7093949302519925], "5": [-0.016052364012435053, 0.8292802195275681], "6": [-0.021982213379785506, 0.9818869349563403], "7": [-0.02764792785304189, 1.1704030374657317], "8": [-0.03178677306646158, 1.3978981734977276], "9": [-0.03261942767952354, 1.6671763587034705], "10": [-0.028005111208828853, 1.9805398069403006], "11": [-0.015991940722111884, 2.3386912584366093], "12": [0.003964614240943423, 2.7372835559879], "13": [0.029329360425738187, 3.161149623984502], "14": [0.05439671882677187, 3.583678957246127], "15": [0.07360077496450276, 3.9788890577089044], "16": [0.0846654252272215, 4.332738982369467], "17": [0.08831448760855636, 4.641626183976385], "18": [0.0865724335808945, 4.906574220369052], "19": [0.08158967376152843, 5.13000101705738], "20": [0.07512952692532855, 5.314749313663326], "21": [0.06843392436591736, 5.463889676463597], "22": [0.06227351131687701, 5.580579509686029], "23": [0.057069417151910065, 5.667832088039918], "24": [0.05302039316279386, 5.72825939790986], "25": [0.05020367867965894, 5.763862397478989], "26": [0.0486419564997112, 5.775894567924552], "27": [0.04834011640978686, 5.764790465004027], "28": [0.04929733217053123, 5.730143260717591], "29": [0.051496860004325164, 5.670724070409974], "30": [0.05487145291934814, 5.584549841737944], "31": [0.059238970941712245, 5.4690161552226035], "32": [0.06420404970282646, 5.32110515053646], "33": [0.06903232204628126, 5.1376463058816], "34": [0.07252717646842805, 4.915559323722078], "35": [0.07297371034818877, 4.652011595920481], "36": [0.06825988156675993, 4.34461801446772], "37": [0.056360776992833816, 3.9923568818401214], "38": [0.03645957433723944, 3.598635855237372], "39": [0.010624454643143176, 3.176966400780794], "40": [-0.01573066348963554, 2.752910143834962], "41": [-0.036793781600756546, 2.353376906384824], "42": [-0.049819576942307466, 1.9940882294534819], "43": [-0.055239442205104905, 1.679652912004395], "44": [-0.05499025304769385, 1.4094081213739384], "45": [-0.05124352109589198, 1.1810429221638998], "46": [-0.04582397680005893, 0.9917645340204743], "47": [-0.040039820964253264, 0.8385395125657988], "48": [-0.03471647222209472, 0.7182268907552839], "49": [-0.03031340659233524, 0.6277997984812381], "50": [-0.02705276928038014, 0.5646043391321135], "51": [-0.025024194753657136, 0.5265780527869772], "52": [-0.02425578541124864, 0.5123959002452216], "53": [-0.024754043638354407, 0.5215489559913462], "54": [-0.026518250966969314, 0.5543715533655067], "55": [-0.029532053549821573, 0.6120251234175511], "56": [-0.03373054067656439, 0.6964331743219494], "57": [-0.03893763783139743, 0.8101517573674842], "58": [-0.04476956214033155, 0.9561647219139952], "59": [-0.05051012997808793, 1.137624040292482], "60": [-0.054986526685616835, 1.357603844882012], "61": [-0.05650833122056168, 1.6189383825742607], "62": [-0.05297716563929047, 1.9240316936512591], "63": [-0.04234809500983108, 2.274000163543471], "64": [-0.023714674234027282, 2.665742688009769], "65": [0.0010221033035993296, 3.086334032098804], "66": [0.02657261493901034, 3.5106547089402005], "67": [0.04705739740851946, 3.9115316309521817], "68": [0.059562361329556564, 4.272630780425956], "69": [0.06440409017727404, 4.588944128256304], "70": [0.0634805829778417, 4.860980305042115], "71": [0.05896717274989524, 5.090999331225261], "72": [0.05270930312158361, 5.281767402043753], "73": [0.04603908037759449, 5.4362953221306665], "74": [0.03980249134810526, 5.5577068665308405], "75": [0.03447400349887265, 5.6490205858169515], "76": [0.03028540909521693, 5.712890559373809], "77": [0.027331898287137654, 5.75138480140023], "78": [0.025644355653191255, 5.7658357028452425], "79": [0.025230236127571602, 5.756758734490054], "80": [0.026088397974569293, 5.723824125205873], "81": [0.028200659056031536, 5.6658732885706975], "82": [0.03149840003990207, 5.580985422794443], "83": [0.035799128855983985, 5.46660958946812], "84": [0.040709029491296, 5.319772054416625], "85": [0.045497900332692735, 5.137336988701341], "86": [0.0489760828398597, 4.916250682319493], "87": [0.04943741729446433, 4.653701700553436], "88": [0.04477733392167054, 4.347320829587389], "89": [0.0329703006913967, 3.996083462926121], "90": [0.0131785288721941, 3.6033344164935546], "91": [-0.012578991673609041, 3.1824252733756158], "92": [-0.03893629640798397, 2.758761874320626], "93": [-0.06007773898773695, 2.3592886769849475], "94": [-0.07321627224155867, 1.99989289846817], "95": [-0.07874835448024116, 1.6853143636696886], "96": [-0.07859501058566512, 1.4149567505022205], "97": [-0.07492473231059993, 1.1865445948543092], "98": [-0.0695656237613434, 0.9973136408277266], "99": [-0.06383180846688509, 0.8442606709781016], "100": [-0.058555035999234686, 0.7242779473799098], "101": [-0.054200461897987495, 0.6343744980114709], "102": [-0.0509948935201635, 0.5719353189911963], "103": [-0.04903156209622318, 0.5349409511782698], "104": [-0.048341022126609526, 0.5221146350756084], "105": [-0.04893067448675307, 0.5330013366065754], "106": [-0.0507981205811067, 0.5679934480879008], "107": [-0.05392079548648018, 0.6283103966487359], "108": [-0.05821989754373143, 0.7159258173892449], "109": [-0.06349350166328194, 0.8334270839361932], "110": [-0.06931560181166861, 0.9837998752630615], "111": [-0.07490949218549338, 1.1701649464009174], "112": [-0.07902847394592737, 1.3955409646399453], "113": [-0.07991227882025331, 1.6626915903349146], "114": [-0.07543458054947677, 1.9738918097003881], "115": [-0.06363691157698728, 2.3298672719552336], "116": [-0.043919467172130876, 2.7264413148808875], "117": [-0.018703314853898794, 3.14882321304192], "118": [0.00639960022565952, 3.570705158302886], "119": [0.02579591782962126, 3.965961810822284], "120": [0.03711299743745092, 4.3201772829072915], "121": [0.041002944246905225, 4.629482223018322], "122": [0.03946067310768604, 4.894770835388445], "123": [0.03463327861015028, 5.11839152177547], "124": [0.028293232034912262, 5.303129196589184], "125": [0.02169611593992036, 5.451992742161403], "126": [0.015626396327488867, 5.568072488637208], "127": [0.010517181638546189, 5.654310094904328], "128": [0.006576789610178361, 5.713240458876587], "129": [0.0038896425925687567, 5.746779443729973], "130": [0.002483114001602922, 5.756084975854039], "131": [0.00236343928593094, 5.741485082796566], "132": [0.003525624262034754, 5.702458747809932], "133": [0.005939146092553989, 5.6376643539063975], "134": [0.009506854067607085, 5.545023877540243], "135": [0.013991935399413099, 5.421877767881284], "136": [0.018911107485442096, 5.265213147250276], "137": [0.02340615490714102, 5.071928964294378], "138": [0.026132801273531896, 4.8390591123584015], "139": [0.025242959037617235, 4.56391693573783], "140": [0.018587338479271374, 4.244406037071298], "141": [0.004353318684421606, 3.880392320752778], "142": [-0.01760713348077269, 3.477627222960518], "143": [-0.04418516962204627, 3.0533711522581712], "144": [-0.06945430960441876, 2.6350787644462206], "145": [-0.08828856630314244, 2.2471539810115675], "146": [-0.09899522664059873, 1.9016105022655287], "147": [-0.10260578448387714, 1.6010221963385378], "148": [-0.1012087678256955, 1.3440713301074232], "149": [-0.09690314749858897, 1.1283018235234532], "150": [-0.09136530443266923, 0.9508900833969651], "151": [-0.08575419734292584, 0.8088127270638215], "152": [-0.0807780118859903, 0.6990051625513242], "153": [-0.07681893433703331, 0.6186040319009889], "154": [-0.074056181820965, 0.5652011275973853], "155": [-0.07256031404548055, 0.537042536258085], "156": [-0.0723535018587253, 0.5331537315336463], "157": [-0.07343968771743278, 0.5534000037680562], "158": [-0.07580906306331499, 0.5984950220582693], "159": [-0.07941765074456214, 0.66995966957431], "160": [-0.08413857621385963, 0.7700206066051835],