{"0": [-1.2216484235890492e-05, 0.8817957133777924], "1": [-0.0007987268201744816, 0.9029669366501143], "2": [-0.0027189200083480893, 0.9571187720272591], "3": [-0.005546309324433538, 1.0452555417689215], "4": [-0.008849250842290785, 1.1688170350544367], "5": [-0.011914946637743378, 1.3294715543554907], "6": [-0.01368293828233873, 1.528887003158745], "7": [-0.012742592681175781, 1.7684846213062497], "8": [-0.0074825880357402026, 2.0490240813636915], "9": [0.0034786528063076834, 2.369546434544842], "10": [0.020464624627906998, 2.7249787341803566], "11": [0.041743669259104894, 3.1028253172805313], "12": [0.06346808433116223, 3.4829219644316813], "13": [0.08150655288630705, 3.84413553744493], "14": [0.09359043318006363, 4.17217184325595], "15": [0.09967009356446778, 4.460717676496901], "16": [0.10099350833987743, 4.708274547275989], "17": [0.09918771461185298, 4.91541505435387], "18": [0.09574351781958362, 5.08349148056298], "19": [0.09181602643732324, 5.214143541485882], "20": [0.088202536849726, 5.3090454100986335], "21": [0.08540054682897913, 5.369682415699022], "22": [0.08368497622433434, 5.39714104438046], "23": [0.08317029432803527, 5.391949655828247], "24": [0.08384164270095404, 5.354000102445006], "25": [0.08554965989971708, 5.282562698795845], "26": [0.08796978099778745, 5.176392988722601], "27": [0.09053371156407854, 5.033913629046276], "28": [0.09235360645001346, 4.8534369740162795], "29": [0.09218051336584238, 4.633397653627937], "30": [0.08846780280054153, 4.3726516318304185], "31": [0.0796487960710862, 4.071143422255063], "32": [0.06476818471961786, 3.731589050691606], "33": [0.044473064409634604, 3.362578229215455], "34": [0.021707777826714188, 2.981000359196011], "35": [0.0007782444976012388, 2.6086720281054445], "36": [-0.014986647148349626, 2.2637620475805647], "37": [-0.02454951593720594, 1.9561278060405465], "38": [-0.028670443107745826, 1.6891464417488238], "39": [-0.02888220722096101, 1.463004971416531], "40": [-0.026779654562570337, 1.2766398526003646], "41": [-0.023688213233818697, 1.1285195265530297], "42": [-0.02057165147942583, 1.0169673848074376], "43": [-0.01806108662125276, 0.9403896713091665], "44": [-0.016528446485253756, 0.8974951995065675], "45": [-0.016158401598748463, 0.8874831428565297], "46": [-0.01699508970505374, 0.9101618340388641], "47": [-0.01895408794560764, 0.9659779253823938], "48": [-0.021797790035442875, 1.0559512065388224], "49": [-0.025078266049768434, 1.1815242774762145], "50": [-0.02806137515841869, 1.3443538324665634], "51": [-0.029663132887172556, 1.5460816154840662], "52": [-0.028454760925444765, 1.788083542039119], "53": [-0.02282690249901477, 2.071028902585011], "54": [-0.01144390089910986, 2.393752748744031], "55": [0.005904027647861356, 2.750762397428377], "56": [0.027326601126754668, 3.1289811152738713], "57": [0.04889164326938409, 3.507928224722365], "58": [0.06655304362092376, 3.8667770893804434], "59": [0.07820959548659497, 4.191831372483031], "60": [0.08393233642725723, 4.477205967733742], "61": [0.08501534211669592, 4.721593419273164], "62": [0.0830841294245526, 4.925629049783324], "63": [0.0796073953059891, 5.090678450275025], "64": [0.07571360694636797, 5.218373383173691], "65": [0.0721765672625474, 5.3103635141501755], "66": [0.0694757724013967, 5.368093566882046], "67": [0.06787280317712559, 5.392596437348176], "68": [0.06747096936765314, 5.384340150808271], "69": [0.06824321277364358, 5.343157630554152], "70": [0.07002349249460817, 5.268270592362488], "71": [0.07246299661325192, 5.158404660593881], "72": [0.0749600324878924, 5.011976914920229], "73": [0.0765861941900019, 4.8273200043970235], "74": [0.07605334232274588, 4.602916773098762], "75": [0.07179600918598708, 4.337721618084959], "76": [0.06228312711259457, 4.031909356935165], "77": [0.04669644786194383, 3.6887227149229034], "78": [0.025936355037693468, 3.3176709321235727], "79": [0.003188754326970812, 2.9365299520872306], "80": [-0.017243725314023794, 2.5671065497673715], "81": [-0.03228293587991192, 2.226660118522132], "82": [-0.041152339808866865, 1.9241193840238924], "83": [-0.04474935643394605, 1.662351656234547], "84": [-0.044637997058355985, 1.4413445102936528], "85": [-0.04238920371615982, 1.2599703153207669], "86": [-0.03928528537031588, 1.1166845577701559], "87": [-0.03624689923113534, 1.0098269301918408], "88": [-0.03387008899592773, 0.9378474177058118], "89": [-0.032500840900576256, 0.8995236442302886], "90": [-0.032304252669262574, 0.894140975900418], "91": [-0.03330669284312369, 0.9215997125027241], "92": [-0.03540255881565995, 0.9824308400423957], "93": [-0.03832457163967511, 1.077717503410247], "94": [-0.04158289498514124, 1.20893397187348], "95": [-0.04438918138966288, 1.377731859048516], "96": [-0.04560023009351304, 1.5857101862499705], "97": [-0.043742628534027404, 1.8341507209574834], "98": [-0.03721530956698861, 2.1235059678062314], "99": [-0.024805289709840583, 2.452085394120882], "100": [-0.006596346357272076, 2.8133247486855337], "101": [0.015131100703973707, 3.192727636883929], "102": [0.03626529004972076, 3.569153884206319], "103": [0.05299199415122691, 3.922627502906701], "104": [0.0636109878609061, 4.240893525514343], "105": [0.06846933514448408, 4.519058082006884], "106": [0.06896292730174386, 4.756258009137523], "107": [0.06671090295363107, 4.953287298587888], "108": [0.06312925265917879, 5.11156090357495], "109": [0.05928387392363121, 5.232711592311528], "110": [0.05589362418783259, 5.318351458378585], "111": [0.0533960589559661, 5.369850275725599], "112": [0.05202207230939713, 5.388135913833873], "113": [0.05185019345994558, 5.373555180219108], "114": [0.05282769051366594, 5.325821019659025], "115": [0.05475491432128026, 5.24405469741406], "116": [0.057235474820013774, 5.1269171647179785], "117": [0.05960344934275673, 4.972806826416709], "118": [0.060854275040085254, 4.780086115108258], "119": [0.059629592951039104, 4.547322538343458], "120": [0.05433820889688452, 4.27366248349946], "121": [0.0435355676905884, 3.959754146436018], "122": [0.02668884450418876, 3.609911236703305], "123": [0.005184057837199301, 3.235401489117031], "124": [-0.017392313280895282, 2.85546600396285], "125": [-0.036825726517051724, 2.4915824223660947], "126": [-0.05052358952711816, 2.159246208888151], "127": [-0.058155783795768946, 1.865791704472829], "128": [-0.06083641435252459, 1.6132561698600854], "129": [-0.060167875042952346, 1.4013046249017078], "130": [-0.05767091490098719, 1.2286992642955177], "131": [-0.05454894666492711, 1.0938675195028522], "132": [-0.05164640119601602, 0.995172315105486], "133": [-0.04949830670013358, 0.9311359246279763], "134": [-0.04840583182965879, 0.9006519092907903], "135": [-0.048500183101096994, 0.9031506155695878], "136": [-0.049776717316192605, 0.9386856935059248], "137": [-0.05209282205191068, 1.0079269063922192], "138": [-0.055129912336470355, 1.1120597530691942], "139": [-0.058327073505779974, 1.2526081545613543], "140": [-0.06080658476703438, 1.431214158288562], "141": [-0.061332268541508556, 1.649405420379939], "142": [-0.05837037397779308, 1.9082968743203137], "143": [-0.05036059436483207, 2.2079339786570493], "144": [-0.036335097788857414, 2.545643979575273], "145": [-0.016896001822698115, 2.9129833672576444], "146": [0.0050801132410733625, 3.2932851886521424], "147": [0.02532757411121559, 3.6648512387086196], "148": [0.040498110526013785, 4.009414869534435], "149": [0.049506669912182444, 4.316928908019922], "150": [0.053075129508568936, 4.583866242784507], "151": [0.05271671543579011, 4.809947749874782], "152": [0.05002050085458272, 4.996176716627857], "153": [0.04631379883237346, 5.144035954986709], "154": [0.04256545447786627, 5.255156637462329], "155": [0.03941191093106359, 5.331089112089262], "156": [0.037228781713936496, 5.373084360474667], "157": [0.036201464361707146, 5.381908042636205], "158": [0.036370660283892194, 5.357724152524738], "159": [0.03764296659466381, 5.300069324686279], "160": [0.0397647714788714, 5.20792227334058],