{"0": [-5.995323723151546e-06, 0.20761243784536448], "1": [-0.0003969226763320956, 0.2121961723044941], "2": [-0.0014000094255402161, 0.22397777284212825], "3": [-0.0030428384286602037, 0.24334098987462818], "4": [-0.005368470114336686, 0.2709110016564731], "5": [-0.00843307859129335, 0.3075654025212779], "6": [-0.01230120264762797, 0.3544462047627565], "7": [-0.017036858110752253, 0.4129690446142269], "8": [-0.022687886969096845, 0.4848238128868121], "9": [-0.02926000106796001, 0.5719589520403863], "10": [-0.036676484097655455, 0.6765409198312797], "11": [-0.04472042707099639, 0.8008831584316607], "12": [-0.05296014581434976, 0.9473480374248401], "13": [-0.06066633285919717, 1.1182405571798497], "14": [-0.06674137083818205, 1.3157252696497563], "15": [-0.06969536799381375, 1.5417855750374285], "16": [-0.06772053816550308, 1.798174459524307], "17": [-0.05894466850712979, 2.086146005275492], "18": [-0.0419911532353477, 2.40551407520891], "19": [-0.0169529660731068, 2.752514495124725], "20": [0.01353544514408523, 3.117055032566925], "21": [0.044399454390292734, 3.4827865021703586], "22": [0.07033672718026926, 3.832820346772921], "23": [0.08827392519794644, 4.156058309873298], "24": [0.09779939219675415, 4.448045871800642], "25": [0.10015878111123776, 4.708314100432554], "26": [0.09721511530713592, 4.9380400851220445], "27": [0.0908256216380353, 5.138956777201289], "28": [0.08255128584318817, 5.313026446489045], "29": [0.07356220585619336, 5.462383400174557], "30": [0.06465071339970728, 5.589302668961347], "31": [0.05629752981834559, 5.696126506726587], "32": [0.04875444571320701, 5.785161844902931], "33": [0.04212117957147114, 5.858580621940278], "34": [0.0364062298216925, 5.918344454026401], "35": [0.03157005601167063, 5.966159425041929], "36": [0.027553295175626998, 6.003456515158919], "37": [0.024294007499432505, 6.031389454812112], "38": [0.021737613704426055, 6.05084208437505], "39": [0.019842300923041845, 6.062439149366204], "40": [0.018581777635383153, 6.066556456944352], "41": [0.01794653774504672, 6.063327931073727], "42": [0.017944257551402193, 6.052648273789951], "43": [0.018599537848565925, 6.034170803089447], "44": [0.01995283863206185, 6.0073007862473125], "45": [0.02205805493555071, 5.971185423855959], "46": [0.02497766996615408, 5.924702760984398], "47": [0.028773731144773728, 5.8664533585172975], "48": [0.033492017582361734, 5.794760537965683], "49": [0.03913585142493373, 5.707686982837914], "50": [0.045625526006395266, 5.603076180668764], "51": [0.05274026984591636, 5.478624269865412], "52": [0.06004349441311171, 5.331978627266739], "53": [0.06680003811310631, 5.16084419594502], "54": [0.07190603030140677, 4.963066127711072], "55": [0.07386614868326832, 4.736670301396566], "56": [0.07087020167318323, 4.47991453548004], "57": [0.061050372221276794, 4.19156445056398], "58": [0.043047107651915925, 3.871850834145941], "59": [0.016988177324996995, 3.5246259296437], "60": [-0.014447908369851445, 3.1600977667990064], "61": [-0.046166163360667194, 2.7946726974301273], "62": [-0.07289108538923178, 2.4451732564720836], "63": [-0.09159822368028406, 2.1225772602383857], "64": [-0.10191198058164253, 1.831254799188297], "65": [-0.10509348133493836, 1.5716396303811146], "66": [-0.10300762917274374, 1.3425462128910484], "67": [-0.0975070334088207, 1.1422423650868996], "68": [-0.09014584546295273, 0.9687688287258165], "69": [-0.08208743679961311, 0.8199954598529516], "70": [-0.07411868761285846, 0.6936534379564859], "71": [-0.06671656214375314, 0.5874096787234004], "72": [-0.060130739011094926, 0.4989697259620292], "73": [-0.054460193288416545, 0.4261773373257892], "74": [-0.04971372526113784, 0.3670896223368928], "75": [-0.045852870751458566, 0.3200221967583536], "76": [-0.042819931486964787, 0.2835689392450947], "77": [-0.04055511392983768, 0.2566045760266247], "78": [-0.03900641798888981, 0.23827798563994132], "79": [-0.03813502743219315, 0.22800225622172515], "80": [-0.037918055913198995, 0.22544552948291569], "81": [-0.038349776818140384, 0.2305250436307066], "82": [-0.039441916016619866, 0.24340558844837776], "83": [-0.0412231506240844, 0.2645026642330497], "84": [-0.043737551227612546, 0.2944897879585079], "85": [-0.04704124388278651, 0.3343084005314101], "86": [-0.05119597153461938, 0.38517750277390544], "87": [-0.05625745110007612, 0.44859837523325136], "88": [-0.06225549304903604, 0.5263476660470893], "89": [-0.0691620384859056, 0.6204504959674172], "90": [-0.07684325354997529, 0.7331257552012018], "91": [-0.08499382502211116, 0.8667011453330504], "92": [-0.09305711906333111, 1.0235077577001368], "93": [-0.10014467163227714, 1.2057798541886888], "94": [-0.1049815608861159, 1.415590423668514], "95": [-0.1059191642785264, 1.6548191308413696], "96": [-0.10107762343281275, 1.925042327682105], "97": [-0.08871858006720705, 2.227031358817689], "98": [-0.06798724445834073, 2.5593173525838346], "99": [-0.04001817991342919, 2.9155653994822166], "100": [-0.008679203552131878, 3.282526844444852], "101": [0.020502719710572742, 3.642684143856616], "102": [0.043034812009159554, 3.9812668314441915], "103": [0.05711600524015677, 4.290383977791786], "104": [0.063226627850609, 4.567727891397606], "105": [0.06299076088709994, 4.8137663527329035], "106": [0.05831891524214384, 5.029989281632566], "107": [0.05095424931547691, 5.218237030882848], "108": [0.04228435958671208, 5.380539153715023], "109": [0.03330342349066886, 5.5190848600310165], "110": [0.024654516023076986, 5.63617378166581], "111": [0.01670663238324685, 5.734125264325659], "112": [0.009636547568473305, 5.815173152544498], "113": [0.003499015287825546, 5.881374968614887], "114": [-0.0017205115528467609, 5.93454952160441], "115": [-0.006069876539174204, 5.9762432084237975], "116": [-0.00960737539030236, 6.007718174917407], "117": [-0.012388122170624261, 6.029953941270568], "118": [-0.014456355709603415, 6.043655331692049], "119": [-0.01584135170411329, 6.049261581172686], "120": [-0.016555444264766912, 6.0469533680615], "121": [-0.016593317432896174, 6.036655978559145], "122": [-0.01593223962665599, 6.018037917020025], "123": [-0.014533361512931374, 5.990505225379833], "124": [-0.012344670182825621, 5.953192789147177], "125": [-0.009306776261291764, 5.904955199226049], "126": [-0.005363468733134894, 5.844361450959546], "127": [-0.00047989031224907844, 5.7696998180319605], "128": [0.005327944762547309, 5.679001045793332], "129": [0.011948336920078318, 5.570088046821341], "130": [0.01911136850301669, 5.4406559872816835], "131": [0.026311015654718342, 5.28837566493658], "132": [0.03272331111127177, 5.110997230229734], "133": [0.03714458797112945, 4.906422772044339], "134": [0.037988404139781475, 4.672740803073853], "135": [0.033398778691984106, 4.408307042364729], "136": [0.02157180870037711, 4.1121418266537475], "137": [0.0014219725112035318, 3.785155414567624], "138": [-0.026355726614072608, 3.432598494406028], "139": [-0.05837653111476137, 3.0664862655873377], "140": [-0.08923731552438152, 2.704027028955676], "141": [-0.11407948708956107, 2.3609535418159626], "142": [-0.13060377186191857, 2.0464121126219528], "143": [-0.13896300065858258, 1.7635000931220945], "144": [-0.14065022941522803, 1.5120859029287328], "145": [-0.13756623445393656, 1.2907962471159777], "146": [-0.13150258934664305, 1.0978393667534971], "147": [-0.1239159761286552, 0.9312228357364889], "148": [-0.11586949742937734, 0.7887908575671302], "149": [-0.10806439933839421, 0.6682662281670768], "150": [-0.10091337519395797, 0.5673351797332995], "151": [-0.09462304276143008, 0.48375257401634425], "152": [-0.08926686082306222, 0.4154370216127446], "153": [-0.08484103800444812, 0.36053902325271436], "154": [-0.0813033194136707, 0.3174798669505315], "155": [-0.07859791698322209, 0.2849673170153918], "156": [-0.07667056320045258, 0.26199648191043845], "157": [-0.07547710509384396, 0.24784333505703018], "158": [-0.07498812606777773, 0.24205637181050402], "159": [-0.07519120902952048, 0.24444993396321807],