{"0": [-2.260850808781214e-05, 3.9420354398767343], "1": [-0.0015063761477926004, 3.9149112603379583], "2": [-0.005400657581919062, 3.8467683788661478], "3": [-0.011979372092340559, 3.739619914645712], "4": [-0.021473370104187976, 3.597248636046076], "5": [-0.033786129987768115, 3.4259838820772384], "6": [-0.048218124569356105, 3.235419026544159], "7": [-0.06342419024481889, 3.038219592930618], "8": [-0.07777546283485318, 2.8483307548353207], "9": [-0.0899381241086647, 2.6783269848966746], "10": [-0.09923009986982773, 2.537661860412704], "11": [-0.10557221333196846, 2.432522030300123], "12": [-0.10920923234552071, 2.366566852673432], "13": [-0.11042554403736377, 2.3417060554631357], "14": [-0.10935916087576114, 2.358580850276918], "15": [-0.10593203302565411, 2.4167333224751046], "16": [-0.09989383088503041, 2.514495973897647], "17": [-0.09098110119388693, 2.6485816385446626], "18": [-0.07918249045468406, 2.8133647278692746], "19": [-0.06503254894255425, 3.0000909480963425], "20": [-0.04973427850686556, 3.196756078312441], "21": [-0.03489662949691805, 3.389503368214852], "22": [-0.021971369237287854, 3.565214537040963], "23": [-0.011809364841726013, 3.7136097404702197], "24": [-0.004616746299765161, 3.827756298390297], "25": [-0.00020065685043203812, 3.903455242404073], "26": [0.001733956542549867, 3.938424779638142], "27": [0.0013710326853610213, 3.9317397501904074], "28": [-0.001314363061206167, 3.8835904349978003], "29": [-0.006539918083850572, 3.795324971891893], "30": [-0.014585438886292932, 3.669782182912476], "31": [-0.02555065419247468, 3.5119407628331922], "32": [-0.039055574736973735, 3.3297368844900377], "33": [-0.05405345713393262, 3.134437112194045], "34": [-0.06899071883030572, 2.939647787637133], "35": [-0.08232690895939672, 2.758894248774953], "36": [-0.09304624225038709, 2.6032465004766596], "37": [-0.10080121056897284, 2.4804171279807736], "38": [-0.10571502148455095, 2.3951906619477237], "39": [-0.10808039505881133, 2.3502518297148227], "40": [-0.10812079985650053, 2.3468222799500444], "41": [-0.1058646314418672, 2.3849756162040237], "42": [-0.10113397831136624, 2.4636619574708294], "43": [-0.09364707008360164, 2.5804491698416743], "44": [-0.08323496840424684, 2.7309491963168644], "45": [-0.07013706083013356, 2.9080088057515017], "46": [-0.055236648193081286, 3.1011475459252598], "47": [-0.04000029006236988, 3.2971559714542806], "48": [-0.026024170792919868, 3.482253038372141], "49": [-0.014478891185626133, 3.644638814898523], "50": [-0.0058645643028778695, 3.7757986103071643], "51": [-0.00014532430227142757, 3.8703163377886223], "52": [0.002954973045691109, 3.925069572889263], "53": [0.0036914327203272823, 3.9385236820817298], "54": [0.0021444051525354676, 3.91034106911276], "55": [-0.0018189298142579982, 3.841289723020414], "56": [-0.008469827965843947, 3.7334311189190004], "57": [-0.018028168096968757, 3.5906163375424778], "58": [-0.03037881993344927, 3.419260518902525], "59": [-0.04480276796749806, 3.229035076339846], "60": [-0.05994698774223262, 3.0326269945748363], "61": [-0.07419447363115754, 2.84391394351641], "62": [-0.08623605633081768, 2.6753415433622942], "63": [-0.09541182392516759, 2.536233788124042], "64": [-0.1016532394506303, 2.432682302518696], "65": [-0.10520458811833096, 2.3682853713792684], "66": [-0.10634328035342078, 2.344911056971757], "67": [-0.10519872361242812, 2.3631647728107903], "68": [-0.10168678760702819, 2.42254840999026], "69": [-0.09555731195668718, 2.521340561876211], "70": [-0.08655645822048465, 2.656177377510689], "71": [-0.07469279786964436, 2.82133127062987], "72": [-0.06052569814820269, 3.0079407807117753], "73": [-0.04527414367723611, 3.2039425587412778], "74": [-0.03054092082115182, 3.395521746820602], "75": [-0.017751869901849467, 3.569693493807738], "76": [-0.00772913481585181, 3.7163352888650323], "77": [-0.0006614154484821888, 3.8286404424976945], "78": [0.003647659226758774, 3.9024939958393747], "79": [0.0054871102308958865, 3.935670113967848], "80": [0.0050310397737997, 3.927288107474136], "81": [0.002245984462508278, 3.8775841962226747], "82": [-0.0030883829857090276, 3.787965179275378], "83": [-0.011244419183111141, 3.6613527321334236], "84": [-0.022301926131119903, 3.502839825538239], "85": [-0.0358520915831953, 3.320494936706128], "86": [-0.05082409710767323, 3.1256824452110528], "87": [-0.06566276737464502, 2.9320017742362348], "88": [-0.07885224576942777, 2.752851758466577], "89": [-0.08941102780399583, 2.599122347025773], "90": [-0.09701652173713832, 2.4783676144589757], "91": [-0.10180069948182731, 2.3952616029712765], "92": [-0.10405223144160713, 2.35241603753283], "93": [-0.10398413982813869, 2.3509979367504927], "94": [-0.101614069750127, 2.3910287302114552], "95": [-0.09675850004595833, 2.471395529719262], "96": [-0.08914031825056884, 2.58957883626668], "97": [-0.07860932897555414, 2.7410675139793996], "98": [-0.06543626631289844, 2.918555493733738], "99": [-0.050535954226034026, 3.1114272403318353], "100": [-0.03538578045408934, 3.306438239363354], "101": [-0.021561440787317823, 3.4899148550491406], "102": [-0.010195337520797494, 3.6502523905143804], "103": [-0.0017548970430951093, 3.779127196676834], "104": [0.003810960172445973, 3.8712635352465066], "105": [0.006777457372053742, 3.9236321481694905], "106": [0.007389400144846634, 3.93476505625619], "107": [0.005714523628119261, 3.90438387305078], "108": [0.001611410645827744, 3.833323882049249], "109": [-0.005189780549559379, 3.723737283315477], "110": [-0.014892387769702012, 3.579604126147679], "111": [-0.027348927629088898, 3.407508185073664], "112": [-0.04180255040100737, 3.2172898638218754], "113": [-0.056879380322165406, 3.0217174387297665], "114": [-0.07097610417677133, 2.834592115340447], "115": [-0.0828234493706521, 2.668158957737283], "116": [-0.0918017295202781, 2.5315203438339293], "117": [-0.09786513038080374, 2.4305947837878814], "118": [-0.10126137055353415, 2.368863824059732], "119": [-0.10225859553155367, 2.3481145961763534], "120": [-0.10097221689202741, 2.36888515391677], "121": [-0.0973066357240622, 2.4306055521228043], "122": [-0.09100957438419892, 2.5314610008767615], "123": [-0.0818407007030106, 2.6679550999752775], "124": [-0.06984049310267589, 2.834180334507879], "125": [-0.05561098017989693, 3.021077058062415], "126": [-0.04040208988864663, 3.2164530554882838], "127": [-0.025812080014476754, 3.406528434011935], "128": [-0.013227871831178408, 3.5785125210448547], "129": [-0.0034246700295934027, 3.72253073748869], "130": [0.00343987890632287, 3.831984330841463], "131": [0.007571197398158891, 3.9029022208016193], "132": [0.009251086579435928, 3.933156417870224], "133": [0.008638882052853566, 3.921943179720057], "134": [0.005687021609295437, 3.869575648451669], "135": [0.00016939388346271856, 3.777556356804323], "136": [-0.008176529833819775, 3.648941393835942], "137": [-0.019400408756661342, 3.4890109354176624], "138": [-0.033047624265282155, 3.306055368755662], "139": [-0.04800692748581221, 3.1116141759813307], "140": [-0.06271666866095366, 2.919301741784788], "141": [-0.07569598252776823, 2.7423419194038225], "142": [-0.08601556010914341, 2.5913571534405073], "143": [-0.09339267172371567, 2.4736579666217566], "144": [-0.09797520501925136, 2.3937438393013393], "145": [-0.10004777612069528, 2.3541087321449954], "146": [-0.09980860383136954, 2.3558313548865395], "147": [-0.09725896569854278, 2.398850307375365], "148": [-0.09220589350113262, 2.4819545832810954], "149": [-0.08437796355471021, 2.6024895741617566], "150": [-0.07365222015576646, 2.7557530512341204], "151": [-0.06034660406165964, 2.9341990128307063], "152": [-0.045424680330664706, 3.126994189201901], "153": [-0.03038247783967176, 3.320823473258902], "154": [-0.016767629340326495, 3.502155969883027], "155": [-0.005657160721742507, 3.6596648597638026], "156": [0.002530202505027733, 3.785304768234156], "157": [0.007869479374533292, 3.874008472608493], "158": [0.010636214479945314, 3.922887720225305],