{"0": [-4.058250537245003e-06, 3.1639894957396693], "1": [-0.00026647781047286904, 3.163303726091576], "2": [-0.0009206169044729907, 3.161594334853002], "3": [-0.0019357111801657219, 3.1589418099743067], "4": [-0.0032639863220572983, 3.155471097176461], "5": [-0.004842872796632865, 3.151345763033696], "6": [-0.006597929465968082, 3.14676032067329], "7": [-0.008446349259974202, 3.141931064058402], "8": [-0.010300883504906285, 3.1370858403555304], "9": [-0.012073991807711232, 3.1324532543232406], "10": [-0.013682007108523915, 3.128251835016682], "11": [-0.01504910421430082, 3.1246796976910933], "12": [-0.01611087511963639, 3.121905202146727], "13": [-0.016817342620381724, 3.120059047824526], "14": [-0.01713527980554765, 3.1192281643822053], "15": [-0.017049741328374845, 3.1194516637860428], "16": [-0.01656474883186706, 3.120719023777502], "17": [-0.015703106126539426, 3.122970576990427], "18": [-0.014505350857421174, 3.126100285555569], "19": [-0.013027881026753738, 3.1299606863566503], "20": [-0.01134032908246287, 3.134369796306573], "21": [-0.009522293605686332, 3.1391196719021517], "22": [-0.007659576444425908, 3.1439862284373703], "23": [-0.005840106588049079, 3.1487398502414683], "24": [-0.00414975540683603, 3.1531562736747554], "25": [-0.002668256444123917, 3.1570272068171468], "26": [-0.001465434911261893, 3.160170166714665], "27": [-0.0005979290683874301, 3.1624370640317965], "28": [-0.00010655232789595834, 3.1637211386693727], "29": [-1.4406951495743797e-05, 3.1639619388317968], "30": [-0.00032582258648483723, 3.1631481314065955], "31": [-0.0010261582456361196, 3.161318027616914], "32": [-0.002082474552808764, 3.1585578027416576], "33": [-0.0034450519988946902, 3.1549974830710426], "34": [-0.005049697978635968, 3.1508048685902725], "35": [-0.006820749224445749, 3.146177655751875], "36": [-0.008674638173396088, 3.141334117226177], "37": [-0.010523855741107835, 3.136502777239498], "38": [-0.012281114522985682, 3.1319115825486645], "39": [-0.013863500978653182, 3.1277771015367586], "40": [-0.015196405906871989, 3.12429428222294], "41": [-0.016217039353983553, 3.121627264390468], "42": [-0.01687736557507005, 3.1199016770657746], "43": [-0.017146330307801026, 3.1191987691443614], "44": [-0.017011290880015066, 3.119551627491476], "45": [-0.016478595766347318, 3.1209436406018605], "46": [-0.015573293070850336, 3.123309270489321], "47": [-0.01433797846315353, 3.126537101097993], "48": [-0.012830824964165006, 3.1304750367288166], "49": [-0.011122871723545574, 3.134937428094884], "50": [-0.00929468650407925, 3.139713808899415], "51": [-0.007432554163285296, 3.1445788382649895], "52": [-0.005624375937360024, 3.149302972816194], "53": [-0.003955486060351623, 3.15366334615437], "54": [-0.002504598811860172, 3.157454319871494], "55": [-0.0013400890628179063, 3.1604971913577655], "56": [-0.0005167848638586114, 3.1626485961320094], "57": [-7.341639762281204e-05, 3.1638072185206956], "58": [-3.0827461697107054e-05, 3.1639185146511295], "59": [-0.00039101830355950894, 3.162977247423311], "60": [-0.0011370543966800991, 3.161027729102524], "61": [-0.0022338441928071062, 3.158161761872937], "62": [-0.0036297577048897962, 3.154514361120702], "63": [-0.0052590244376898255, 3.1502574416872777], "64": [-0.007044812668243389, 3.145591743078792], "65": [-0.008902853986528372, 3.1407373612850287], "66": [-0.010745441560553478, 3.135923334620523], "67": [-0.012485603464690735, 3.131376789308961], "68": [-0.014041238818070791, 3.1273121789677125], "69": [-0.01533900727995418, 3.1239211461801624], "70": [-0.01631778107411408, 3.1213634948920306], "71": [-0.016931499382357815, 3.1197596954958824], "72": [-0.017151302063524918, 3.119185259318427], "73": [-0.016966857803081825, 3.1196672250945774], "74": [-0.016386837496911152, 3.121182903754713], "75": [-0.015438516196708565, 3.1236609326087104], "76": [-0.014166517948025818, 3.1269845956664466], "77": [-0.012630749992381382, 3.130997271897758], "78": [-0.010903607953753804, 3.135509777303156], "79": [-0.009066571409318745, 3.1403092724280213], "80": [-0.007206346503011349, 3.1451693208373084], "81": [-0.005410743753892202, 3.149860615173659], "82": [-0.0037644992697226662, 3.1541618450362483], "83": [-0.0023452521116905595, 3.157870171566738], "84": [-0.0012198785783726247, 3.1608107988619008], "85": [-0.00044135816844371247, 3.1628451881794764], "86": [-4.6310970482516976e-05, 3.1638775392380074], "87": [-5.3307957775317115e-05, 3.163859254136842], "88": [-0.00046201863550381203, 3.1627911953615384], "89": [-0.0012532266568254886, 3.1607236451755063], "90": [-0.002389712661691347, 3.157753968279227], "91": [-0.0038179722684213266, 3.1540220741245344], "92": [-0.005470703430603158, 3.1497038708813268], "93": [-0.007269960520508813, 3.1450029986111225], "94": [-0.009130834461393898, 3.1401412198887666], "95": [-0.010965483488744841, 3.1353479237646646], "96": [-0.012687313403609084, 3.1308492540084787], "97": [-0.014215094505930505, 3.1268573969403066], "98": [-0.01547680723574773, 3.1235605539234412], "99": [-0.016413028906048305, 3.1211140803721835], "100": [-0.01697970568462772, 3.119633203496351], "101": [-0.01715019149051512, 3.119187644284717], "102": [-0.016916473453767913, 3.1197983745404954], "103": [-0.01628953887980702, 3.1214366435570677], "104": [-0.015298870872068928, 3.1240253139456664], "105": [-0.013991090765553185, 3.12744245179236], "106": [-0.01242779796609783, 3.1315270212379387], "107": [-0.010682693336777727, 3.1360864376302695], "108": [-0.008838110210886296, 3.14090563973918], "109": [-0.006981113972404688, 3.1457572569972805], "110": [-0.00519936152933674, 3.1504123816113294], "111": [-0.0035769303311157033, 3.154651416781696], "112": [-0.002190329076681641, 3.158274467181077], "113": [-0.001104888366323128, 3.1611107671411185], "114": [-0.00037170213604732446, 3.163026701089676], "115": [-2.525500271751454e-05, 3.163932051205499], "116": [-8.18323310420604e-05, 3.1637841994432647], "117": [-0.0005387731473248178, 3.162590107188436], "118": [-0.0013745925830684143, 3.1604059914795952], "119": [-0.0025499693216864796, 3.157334711219464], "120": [-0.004009562015855264, 3.153520971400562], "121": [-0.005684584533152562, 3.1491445491033994], "122": [-0.007496032729160808, 3.1444118403214656], "123": [-0.00935841753025659, 3.1395461162483596], "124": [-0.011183825158250643, 3.13477695305858], "125": [-0.01288610109812355, 3.130329350877296], "126": [-0.014384944689920496, 3.1264130778686305], "127": [-0.015609708090134209, 3.123212760902227], "128": [-0.016502715371213002, 3.1208791973696326], "129": [-0.01702195031904475, 3.1195222904739737], "130": [-0.017142999307492617, 3.119205922167094], "131": [-0.016860173398453446, 3.119944982758429], "132": [-0.016186768697058464, 3.121704680066941], "133": [-0.015154455922921233, 3.124402156068606], "134": [-0.0138118211944693, 3.1279103446415095], "135": [-0.012222112794191255, 3.1320639087757156], "136": [-0.010460284616658688, 3.136666999705285], "137": [-0.008609465044705462, 3.1415024874436885], "138": [-0.006757016380093924, 3.146342229408603], "139": [-0.0049903791443142494, 3.150957880618809], "140": [-0.003392912100065329, 3.1551317142101123], "141": [-0.0020399392906155986, 3.1586669202085442], "142": [-0.0009951996295141244, 3.161396883790049], "143": [-0.00030786583383810506, 3.1631930064664378], "144": [-1.0263172041755736e-05, 3.1639707160042776], "145": [-0.00011638019861936803, 3.163693403910341], "146": [-0.0006212273301067352, 3.1623741255261226], "147": [-0.001501066047538661, 3.160074993285172], "148": [-0.0027145004133199684, 3.156904288096444], "149": [-0.004204390866114607, 3.153011408538242], "150": [-0.005900515747270076, 3.1485798733793593], "151": [-0.0077228685814513184, 3.143818687899926], "152": [-0.009585441411740215, 3.138952472830041], "153": [-0.011400311420434774, 3.1342108277186553], "154": [-0.013081825395953282, 3.129817448705568], "155": [-0.014550668873153497, 3.1259795367222774],