{"0": [4.808387642453899e-05, 5.508528375396874], "1": [0.0031542621236846867, 5.493059957980559], "2": [0.010847084118616202, 5.453706752742673], "3": [0.02257713195269299, 5.390279852909814], "4": [0.03735714101931981, 5.302547037676104], "5": [0.053656561324685145, 5.190263976505572], "6": [0.06930252395460859, 5.05312467541609], "7": [0.08140706076193105, 4.89058487453714], "8": [0.08632033898034078, 4.701544135064389], "9": [0.07959976494454259, 4.483911284229659], "10": [0.05603276159360467, 4.234151913156133], "11": [0.009987427862698676, 3.9472356451283765], "12": [-0.06283626765690228, 3.6186801139429248], "13": [-0.1598031455274366, 3.2530122939735824], "14": [-0.2639061988520675, 2.8763322218016745], "15": [-0.35185803152819867, 2.5244301013427557], "16": [-0.41268217631174237, 2.213972708282072], "17": [-0.4476350977443561, 1.9440412595328953], "18": [-0.4620806766210482, 1.7092327432243175], "19": [-0.4616619876254201, 1.5049826474533141], "20": [-0.4513406999861635, 1.3283585903943207], "21": [-0.435261900056697, 1.1777212199852911], "22": [-0.4167795618235999, 1.0522480026222727], "23": [-0.3985018206114193, 0.9515396231403203], "24": [-0.38235026395379373, 0.8753592615000555], "25": [-0.369643625233015, 0.8235091124233138], "26": [-0.36119896704446663, 0.7958150096397608], "27": [-0.3574264512554702, 0.7921663623766909], "28": [-0.35839032355600847, 0.812556902239598], "29": [-0.363817867791285, 0.8570908405483486], "30": [-0.37305346454560934, 0.9259490683612903], "31": [-0.3849712144358204, 1.019341681553256], "32": [-0.3978719745905838, 1.137497467580055], "33": [-0.40939250466680727, 1.2807471079862673], "34": [-0.4164416248911836, 1.4497386342046938], "35": [-0.4151587248457093, 1.6457893680358995], "36": [-0.4008903646540795, 1.8713362938524982], "37": [-0.3682624125794137, 2.130336920055409], "38": [-0.3117683433482689, 2.4279831716120412], "39": [-0.22833425749845135, 2.767350223447439], "40": [-0.12419866213512087, 3.1386251413286184], "41": [-0.019905390331901168, 3.510158241195161], "42": [0.06359198230675131, 3.849793381178838], "43": [0.11964877949394927, 4.147283966974461], "44": [0.15133503764735054, 4.40576856877436], "45": [0.1642649302853685, 4.630585452604666], "46": [0.163900787391677, 4.825787451706554], "47": [0.15495382081665454, 4.993862646250018], "48": [0.14132437145654106, 5.136151460033922], "49": [0.126136631841633, 5.253303972749209], "50": [0.11178645444834491, 5.345634297188817], "51": [0.1000064892828389, 5.41333920559468], "52": [0.0919546435160449, 5.4565871385561255], "53": [0.08831287351027649, 5.475515205848097], "54": [0.08937017582887047, 5.470189078969083], "55": [0.09506471922280572, 5.440574956388706], "56": [0.10497203529931173, 5.386548770474022], "57": [0.11824266212692609, 5.307935894944371], "58": [0.1335082497227687, 5.204544419992313], "59": [0.14878394750277887, 5.076137018281927], "60": [0.1613905439458866, 4.922290620848893], "61": [0.16790258121860036, 4.7421196312611755], "62": [0.1641141030969133, 4.533875361076134], "63": [0.14504000948001583, 4.294492227011896], "64": [0.10513563539556846, 4.019369422855788], "65": [0.03951073454169604, 3.703594481225622], "66": [-0.05173824355111764, 3.348240500437625], "67": [-0.1556588180768779, 2.9732878742709037], "68": [-0.24895885168253895, 2.614707764385933], "69": [-0.3168156074562918, 2.2951619162374004], "70": [-0.35813049097816557, 2.016992891718566], "71": [-0.3776736594460003, 1.775310191320073], "72": [-0.3811097503467174, 1.5652727027541162], "73": [-0.37356054049711057, 1.383608521622512], "74": [-0.35934894865371264, 1.2284343319664495], "75": [-0.34200294869325626, 1.0987929449385923], "76": [-0.3242974380125963, 0.9942397909802345], "77": [-0.3083080523952475, 0.9145518283622425], "78": [-0.29548609122268776, 0.859571380624879], "79": [-0.28675177118184947, 0.8291632236782779], "80": [-0.28258526971650977, 0.8232372661681467], "81": [-0.2830887394685387, 0.8417829843800161], "82": [-0.28799970602809616, 0.8848777298904535], "83": [-0.29665140073155705, 0.952660523711651], "84": [-0.3078923919805047, 1.0452952974739271], "85": [-0.31999045212452176, 1.1629721856773099], "86": [-0.3305472287286427, 1.3060012844860043], "87": [-0.33643768200347224, 1.4750351696293729], "88": [-0.3337702548523513, 1.6714227763652625], "89": [-0.3178682269070891, 1.89765278879187], "90": [-0.2833652936967276, 2.1577193079206687], "91": [-0.22488279470352973, 2.4566968949281756], "92": [-0.13983727199202284, 2.796977099472709], "93": [-0.03548720658347369, 3.1671312574874517], "94": [0.06718408800262662, 3.534701236678202], "95": [0.1483536894039224, 3.8691777740855584], "96": [0.20243693290200582, 4.161767306194993], "97": [0.23279505592975264, 4.4158582670471], "98": [0.24500964792212804, 4.636613583880046], "99": [0.2444458653081291, 4.827882285669646], "100": [0.2357176219128407, 4.992000084294896], "101": [0.2226367869366454, 5.1302052823174], "102": [0.20824766847346357, 5.243080626169069], "103": [0.19487509755401822, 5.330891150763463], "104": [0.18418977519983779, 5.393789531696142], "105": [0.17729407282659462, 5.431898701037219], "106": [0.1748135301255285, 5.445311069374752], "107": [0.17696829570714773, 5.434057600685055], "108": [0.18360173316960404, 5.39809106792687], "109": [0.19415670137012767, 5.337301569515675], "110": [0.20760702838189224, 5.251549722724116], "111": [0.22236611336563497, 5.140675062320402], "112": [0.23619960883597618, 5.004425616688602], "113": [0.24616006596460946, 4.842266777823713], "114": [0.24854363542180224, 4.653058225692384], "115": [0.2388651387992368, 4.434628181292415], "116": [0.21191110322180204, 4.183367747563885], "117": [0.16221096928485318, 3.894364594910269], "118": [0.0861507654760871, 3.564051077580761], "119": [-0.011949308852239767, 3.19957602059233], "120": [-0.11371252708664148, 2.829404424225729], "121": [-0.19741105479857, 2.4871215160812334], "122": [-0.25434748128715307, 2.1861842637975126], "123": [-0.28659515946756986, 1.9248076976999904], "124": [-0.2995286219165908, 1.6978445244493654], "125": [-0.2986145668986472, 1.5011318784467143], "126": [-0.28862660446782146, 1.3320522211868793], "127": [-0.2735383687205746, 1.189180894870396], "128": [-0.2565492801346793, 1.0718373821756295], "129": [-0.2401296809980712, 0.979723702275747], "130": [-0.2260808342062437, 0.9126909248417979], "131": [-0.21561499588639935, 0.8706310578557719], "132": [-0.2094444760124035, 0.8534607036657372], "133": [-0.20785553623486505, 0.8611453180933667], "134": [-0.2107433807074737, 0.8937176273252024], "135": [-0.21759640905688896, 0.9512676397412639], "136": [-0.22743479281938606, 1.033914087914609], "137": [-0.23872353704219137, 1.1417961994310721], "138": [-0.24928649949598586, 1.275138458337477], "139": [-0.25624032843078925, 1.4344314527885607], "140": [-0.2559502517018174, 1.6207429467589662], "141": [-0.24400412895039433, 1.83613379523356], "142": [-0.21525672260819165, 2.0840668811338157], "143": [-0.16425088321333314, 2.3693390930999234], "144": [-0.08714064494669774, 2.6957300840816756], "145": [0.012594486820672478, 3.057262357384771], "146": [0.11762026387329513, 3.427029385850878], "147": [0.20592861565537007, 3.7709310238970897], "148": [0.2678126599154468, 4.07393938812017], "149": [0.30482550985468765, 4.337132686479433], "150": [0.3222175292269349, 4.565561135906388], "151": [0.3254616418049092, 4.763452343263669], "152": [0.3193679450653544, 4.933499030234736], "153": [0.3079513328090796, 5.077177799893588], "154": [0.29445234667437287, 5.195194577586182], "155": [0.2813810080692487, 5.287850825785087], "156": [0.2705747629018094, 5.355284660670346], "157": [0.2632755165981974, 5.3975876173065505], "158": [0.2602156494818547, 5.414828739335403], "159": [0.2616897130102827, 5.407035687456706], "160": [0.26758840671317974, 5.374178661160022], "161": [0.2773830788510326, 5.316179520565089], "162": [0.2900658644094162, 5.232936208061833], "163": [0.3040655122292443, 5.124323847977581],