{"0": [1.1825167268407105e-05, 2.0667175565445226], "1": [0.0007949864337242717, 2.0910724848053297], "2": [0.002917147492613975, 2.1525676053729854], "3": [0.006706785572552986, 2.250277195380931], "4": [0.012598493116352255, 2.3824724933607424], "5": [0.0209776761574967, 2.546220869949755], "6": [0.031958132822741785, 2.736791578333864], "7": [0.04515033999991585, 2.947040977494215], "8": [0.0595652697020742, 3.1672749437026457], "9": [0.07381103540639329, 3.386166934974067], "10": [0.08654599997080767, 3.59261162926936], "11": [0.09689873395384657, 3.77744654157128], "12": [0.10460023437370546, 3.9341163469779943], "13": [0.1098452431071225, 4.058370801277511], "14": [0.11305253131237093, 4.147616845323522], "15": [0.11465325816823325, 4.200356890273716], "16": [0.11495023633261311, 4.2158312529735875], "17": [0.11404401607367291, 4.193837385435899], "18": [0.1118123202929649, 4.134682057359714], "19": [0.10793748628241528, 4.039250892433782], "20": [0.10198881144531884, 3.9092149508544116], "21": [0.09357317048642096, 3.7474185778137423], "22": [0.0825538062610135, 3.558462825800442], "23": [0.06928425839793659, 3.349328153406025], "24": [0.0547177699918805, 3.129559010954964], "25": [0.040230874551309914, 2.9104192934147806], "26": [0.027180444564112855, 2.7030754913409685], "27": [0.01647307738016708, 2.5168350707977547], "28": [0.008413041967641125, 2.358410026756639], "29": [0.0028283749398622386, 2.23217497466179], "30": [-0.0006914786392190754, 2.1408081843073705], "31": [-0.0025806598917047846, 2.085863469206864], "32": [-0.0031518206104540333, 2.0681397307821623], "33": [-0.002518574642546848, 2.08787099056302], "34": [-0.0005719782349763213, 2.144781450733938], "35": [0.002994989533515137, 2.238023227190895], "36": [0.008608752450434522, 2.3659791501296032], "37": [0.01666898406660041, 2.5258872217707156], "38": [0.027333457268390773, 2.7132680142245094], "39": [0.04028251564473626, 2.9212961414402865], "40": [0.05459771054691777, 3.1405732424275596], "41": [0.0689189007583585, 3.359902413260935], "42": [0.08187640137227398, 3.568065848437248], "43": [0.09253065997188097, 3.755620599394654], "44": [0.10054324452372394, 3.915704013166362], "45": [0.10606343807895344, 4.0438201334914], "46": [0.10949310760767259, 4.137207001044287], "47": [0.11126866930344015, 4.194255559242499], "48": [0.11171185852094741, 4.2141285833771205], "49": [0.11094865766172057, 4.196561631769298], "50": [0.10888292519572874, 4.141800988876896], "51": [0.1052180632400065, 4.0506590351945055], "52": [0.09953223264892438, 3.92470263641288], "53": [0.0914202633129198, 3.7666170470297478], "54": [0.08070518936943191, 3.5807678048976346], "55": [0.06767484947900965, 3.373833299258648], "56": [0.05321402426081106, 3.15506997191082], "57": [0.038665679945360146, 2.935604420355715], "58": [0.025410082419455093, 2.7266966932906613], "59": [0.014417544671896123, 2.537915871994462], "60": [0.00605946069336998, 2.3762689983029293], "61": [0.00020901113853678886, 2.2463700209817197], "62": [-0.0035266019448311372, 2.1510628392117788], "63": [-0.005585418699914407, 2.0920106408095567], "64": [-0.006297530240745629, 2.0700880197626987], "65": [-0.0058005987270426055, 2.0855887779866027], "66": [-0.00401073916695702, 2.1382947301598447], "67": [-0.0006415170940358155, 2.2274268739334167], "68": [0.004724091754781853, 2.3514652657175943], "69": [0.012495813215702423, 2.5077960988204087], "70": [0.02286810005810181, 2.6921603168802593], "71": [0.03558290997701673, 2.898018523189574], "72": [0.049787890774281376, 3.116251526315302], "73": [0.06415779625977046, 3.3358053951519295], "74": [0.0773038182778394, 3.5453861260121475], "75": [0.08822704482719987, 3.735307656927359], "76": [0.09652440636071, 3.8984250428078875], "77": [0.10230058742149842, 4.030009991689091], "78": [0.10593902496239188, 4.127138639690016], "79": [0.10787878808065812, 4.188094911438994], "80": [0.1084576247631313, 4.211967859694271], "81": [0.1078241961090203, 4.198435393059741], "82": [0.10590631624612558, 4.14768897464261], "83": [0.10242741830305674, 4.0604762554707685], "84": [0.09697545453297175, 3.9382734535049453], "85": [0.08913698148225817, 3.7836279374439346], "86": [0.07870165334094698, 3.6006993761542647], "87": [0.06589968627083151, 3.395896077116094], "88": [0.05155233641145318, 3.1782050701619426], "89": [0.0369668034551986, 2.9586061417730614], "90": [0.02353859064238627, 2.7484197386803033], "91": [0.012293092910321338, 2.557439991060094], "92": [0.003663696076135413, 2.3929430842555024], "93": [-0.0024325842140064243, 2.2597677213178637], "94": [-0.0063696188844048806, 2.160915534731333], "95": [-0.008586967107797565, 2.098154111279481], "96": [-0.00942936464253509, 2.072429671093811], "97": [-0.009055800191332378, 2.084091509721752], "98": [-0.007405220374279604, 2.132973540394416], "99": [-0.004210598138637484, 2.2183575244702847], "100": [0.0009350382561085345, 2.338807941460285], "101": [0.00844810668602359, 2.4918391145766376], "102": [0.0185533593384506, 2.673383969808922], "103": [0.03104649238490077, 2.8771575092826103], "104": [0.045135938801104475, 3.0942994264621437], "105": [0.05953267208046039, 3.3139047488961983], "106": [0.07283615286574917, 3.524633337613817], "107": [0.08399656334433499, 3.7165916325252266], "108": [0.09255162181047888, 3.882379011254876], "109": [0.09856314592275281, 4.017050555431311], "110": [0.10239531992785288, 4.117529275112817], "111": [0.10448770992977688, 4.181997580361337], "112": [0.1051914007411876, 4.209475124527078], "113": [0.10467504808738555, 4.199586510978656], "114": [0.10288815748972141, 4.15247377053691], "115": [0.09957288583478555, 4.0688275902311535], "116": [0.09432738070978279, 3.9500456687567107], "117": [0.08673290555387658, 3.7985564941734538], "118": [0.07655168662723878, 3.618341051354372], "119": [0.06396396925105152, 3.415568667658245], "120": [0.04973309684708825, 3.1989786517231473], "121": [0.0351299774577561, 2.97940123015674], "122": [0.021558710704056423, 2.7681902227373936], "123": [0.010091541804956444, 2.575330283020748], "124": [0.0012181779473404665, 2.4083395618001355], "125": [-0.005102657210017198, 2.2722647531559583], "126": [-0.009225421984821264, 2.170255585424913], "127": [-0.01158926126199891, 2.1041780126238416], "128": [-0.012551000910454935, 2.075045294519328], "129": [-0.012288314902499185, 2.0832578053963706], "130": [-0.010760689093139325, 2.1286962705538133], "131": [-0.007719083818969003, 2.2106957631592428], "132": [-0.0027667586665657655, 2.327893668561583], "133": [0.0045167662323662774, 2.4779144074278157], "134": [0.01438099757212095, 2.656856849941553], "135": [0.026667956867831168, 2.8586598525071203], "136": [0.04064101419389603, 3.0746991468503473], "137": [0.05504716153545717, 3.2942185152312193], "138": [0.06848003833818574, 3.505855756450446], "139": [0.07984689615073814, 3.6995431371420295], "140": [0.08863211247429309, 3.8676519599341845], "141": [0.09485713251636049, 4.005038418317631], "142": [0.09886672746510339, 4.108482864291229], "143": [0.10109924674876553, 4.176072747446136], "144": [0.10191668009275905, 4.206763175723793], "145": [0.10150508358474312, 4.200129943089498], "146": [0.09983334161804551, 4.156270851728049], "147": [0.09666081604465107, 4.075826798290464], "148": [0.09159582556793794, 3.960127926573738], "149": [0.08421664876504528, 3.8115009826153416], "150": [0.0742632441204659, 3.6337732194248438], "151": [0.06187305183208539, 3.4329049237422007], "152": [0.04775753094961291, 3.2174114651425016], "153": [0.03315215472957213, 2.9979763924409797], "154": [0.019464414048298084, 2.78596566906788], "155": [0.0078057126461188705, 2.591522431915355], "156": [-0.0012839521975940183, 2.4223788991408743], "157": [-0.007806982467185982, 2.2837711230055753], "158": [-0.012098575405976239, 2.1789856620157346], "159": [-0.014595963258173424, 2.109979769752005], "160": [-0.015665753036788115, 2.0778286225353826], "161": [-0.015501760094127284, 2.082979088152035],