{"0": [5.200918610699617e-06, 4.825262842422897], "1": [0.00031218643898329307, 4.802309509115409], "2": [0.0007964415534033653, 4.744017523937996], "3": [0.0006683412321471407, 4.650313612286168], "4": [-0.001350447864677301, 4.521053272979149], "5": [-0.006987331200866434, 4.355998107533789], "6": [-0.018279397209966592, 4.1548966018729585], "7": [-0.03721963782735358, 3.917955584405139], "8": [-0.06500098257756708, 3.6472648116772226], "9": [-0.10076177560261498, 3.349623763346699], "10": [-0.14053685395913298, 3.0391973338016642], "11": [-0.17825827144636472, 2.7352329969400886], "12": [-0.20891362377063516, 2.454348372615607], "13": [-0.23057306553155557, 2.2057508512570014], "14": [-0.24386843370260358, 1.9927394755416845], "15": [-0.25064282780623504, 1.8158862186416598], "16": [-0.2529962573707279, 1.6749669366126094], "17": [-0.25281010824126326, 1.569691768460912], "18": [-0.25154917101473323, 1.4998726387820394], "19": [-0.2501964367835409, 1.465413800033592], "20": [-0.2492433051661408, 1.466278301196491], "21": [-0.2486941008792425, 1.5024692875037404], "22": [-0.24806598250856202, 1.57402792135608], "23": [-0.24638469561943221, 1.6810479337702642], "24": [-0.24219600721247808, 1.823704329020819], "25": [-0.23363481498078342, 2.0022545975184256], "26": [-0.21862972557596522, 2.2168543537753695], "27": [-0.19538615967232692, 2.466798321416696], "28": [-0.16334097988186402, 2.7485667229833166], "29": [-0.12449062331556622, 3.0526909991324076], "30": [-0.08387110021953127, 3.362410866963013], "31": [-0.047514762979348646, 3.658577903942527], "32": [-0.0193171858222987, 3.9272833854117266], "33": [-7.22948368289259e-05, 4.161969288181948], "34": [0.011458472470838152, 4.360696020669886], "35": [0.017291110264179756, 4.523330578411843], "36": [0.019471135452822617, 4.650155840107735], "37": [0.019727539406030857, 4.741420813721109], "38": [0.019338121110061404, 4.797269853501999], "39": [0.019091727403601745, 4.817770262992233], "40": [0.019286996380462173, 4.8029412580689455], "41": [0.019735985765386925, 4.752765903166237], "42": [0.01976148528757701, 4.6671868120141475], "43": [0.01819607521356467, 4.546084746749652], "44": [0.013410892914264663, 4.389252316968979], "45": [0.003427847020468341, 4.196440008810388], "46": [-0.013784619276949933, 3.967711410632592], "47": [-0.03965932332561847, 3.7046097723871667], "48": [-0.07387380889240269, 3.4126899980090006], "49": [-0.11314525322805569, 3.1044909405996126], "50": [-0.1516674010194092, 2.7986471293028936], "51": [-0.18399135648028495, 2.5128668719053877], "52": [-0.20752824731700134, 2.2579304025995404], "53": [-0.22247473670779255, 2.0381255294087257], "54": [-0.23050049573549533, 1.8544198817218334], "55": [-0.233687846536691, 1.7066922519430388], "56": [-0.23397355824047913, 1.5946584736462703], "57": [-0.23290706381988474, 1.518117997363553], "58": [-0.23156454352507372, 1.4769653761889154], "59": [-0.2305307522500034, 1.471157191914685], "60": [-0.22990191868037693, 1.5006898838622353], "61": [-0.2292869315022037, 1.565594617747583], "62": [-0.22780363131245424, 1.665948696463429], "63": [-0.2240863624704488, 1.8019023675656864], "64": [-0.21634223722140802, 1.9736894535868794], "65": [-0.20252582691980797, 2.1814906363449413], "66": [-0.18076141520060196, 2.424809218978834], "67": [-0.1502037472290417, 2.700765529418831], "68": [-0.11233477172646694, 3.001095176546062], "69": [-0.07171345519696382, 3.310177615242048], "70": [-0.03439220248328535, 3.6087876188781536], "71": [-0.004743879035177003, 3.8818431570472494], "72": [0.015960532190867308, 4.121667902021597], "73": [0.02870094647075607, 4.325741860065791], "74": [0.03541164367534793, 4.493729384408346], "75": [0.03815060238818432, 4.62587011156761], "76": [0.03870119349930878, 4.722415446727576], "77": [0.038411172287941955, 4.783517601007798], "78": [0.03814284029522176, 4.809249148014044], "79": [0.038267479093645904, 4.799633634064299], "80": [0.03866882712761148, 4.754660198501674], "81": [0.038741495685395796, 4.674281610525626], "82": [0.037389548244080445, 4.5583952877698515], "83": [0.03305020137677669, 4.406816519902328], "84": [0.023792081977863113, 4.219309059600754], "85": [0.007579999700434988, 3.9958822589706964], "86": [-0.017131609634185606, 3.7378169384273288], "87": [-0.05031137975592389, 3.450001243877712], "88": [-0.08909800142582505, 3.1439773474453405], "89": [-0.12792745624973081, 2.8378095430977317], "90": [-0.16116515358965927, 2.5496840209895963], "91": [-0.18582759761443401, 2.291335910249578], "92": [-0.20181523166219484, 2.0677342946964763], "93": [-0.2106632955488875, 1.880149049426157], "94": [-0.2144250651897236, 1.7285522388414312], "95": [-0.21506025008442212, 1.612675896614603], "96": [-0.21416326277553746, 1.5323170221653855], "97": [-0.2128626065774918, 1.4873667729309574], "98": [-0.21179624344317546, 1.477779341560516], "99": [-0.21111263892298046, 1.503547928808092], "100": [-0.2104723947731807, 1.5646977928347943], "101": [-0.20904522206656953, 1.6612959522735176], "102": [-0.20551634834405602, 1.7934765335990335], "103": [-0.1981374355154144, 1.9614542194984086], "104": [-0.18488776931041137, 2.165406977295945], "105": [-0.1638676425863928, 2.404912572249701], "106": [-0.13411035872959862, 2.6773670618986127], "107": [-0.09684706946559708, 2.975087020837702], "108": [-0.056362480950964966, 3.2831006517130374], "109": [-0.01865601167057096, 3.5822901775549147], "110": [0.011689024523071577, 3.8570445610870085], "111": [0.03314834112711809, 4.099084816271156], "112": [0.046547688391187364, 4.3055424805809555], "113": [0.0537618618874456, 4.475943954620589], "114": [0.05684340561162244, 4.6104891238678505], "115": [0.05759569219150128, 4.7094221244039405], "116": [0.05739674450675347, 4.772894799151271], "117": [0.0571420072043788, 4.800979874821391], "118": [0.05723569876658829, 4.793701756398025], "119": [0.05759368900608496, 4.751052426020846], "120": [0.057642459939739155, 4.672990520644945], "121": [0.05631810392292928, 4.559423431923248], "122": [0.052089027351917554, 4.410181203208725], "123": [0.0430501298835115, 4.225043754267729], "124": [0.027177345741915836, 4.004020816202751], "125": [0.0028997770314141144, 3.748329748024739], "126": [-0.029843505629193728, 3.4626503543981837], "127": [-0.06834994537861974, 3.1581569968358503], "128": [-0.10718087151883463, 2.8526257733923543], "129": [-0.1406764012657211, 2.564324580743228], "130": [-0.1657230185196077, 2.3053132510013663], "131": [-0.18210388218082196, 2.080835575375544], "132": [-0.19129035617847337, 1.892303327324339], "133": [-0.19531219750761686, 1.7397444161524642], "134": [-0.19612745978924906, 1.6229096430927312], "135": [-0.19533913696727145, 1.5416025487503093], "136": [-0.19408829938176514, 1.4957174892641838], "137": [-0.193026280990661, 1.4852102938860678], "138": [-0.19231440198630484, 1.5100738575826402], "139": [-0.19162548910801602, 1.5703306862848265], "140": [-0.19014143681716886, 1.666042263766987], "141": [-0.18656042514128138, 1.7973337336600164], "142": [-0.1791484304095838, 1.964405949518063], "143": [-0.16590023900214995, 2.167416765088151], "144": [-0.1449306175151129, 2.405919551621797], "145": [-0.11527919591724688, 2.677295763485732], "146": [-0.0781613740202003, 2.973891075254551], "147": [-0.03781619030816101, 3.28083005976265], "148": [-0.00019282812032711235, 3.579100423289418], "149": [0.030142246637360242, 3.853116242638925], "150": [0.051649285065657434, 4.094552882702068], "151": [0.06512970005225724, 4.300485364404991], "152": [0.07243786022900366, 4.4704000393234935], "153": [0.07561168163582357, 4.604473070811623], "154": [0.07644425497072391, 4.702934959970262], "155": [0.07630593663204023, 4.765929394930852], "156": [0.076085664706389, 4.793524242563742], "157": [0.07618119671188214, 4.785741691181118], "158": [0.07650135784878845, 4.742574004063563], "159": [0.07646509925635783, 4.663982320774769], "160": [0.07500160076490311, 4.549878548109306],