{"0": [2.0403361494895075e-06, 1.6481413806748166], "1": [0.00014984096326372873, 1.667573736851477], "2": [0.0006681498212097891, 1.7168727215394777], "3": [0.0019337223656863672, 1.7959433102192641], "4": [0.004537196813799181, 1.9045714501601239], "5": [0.009237304796048737, 2.0423200883943875], "6": [0.016863121676219974, 2.2083365385438625], "7": [0.02813678236446682, 2.401004084542015], "8": [0.04340227799082691, 2.6173761138090823], "9": [0.06230451457894999, 2.852463110891678], "10": [0.0835843346106522, 3.0987769123823], "11": [0.10524210031913787, 3.346817291734652], "12": [0.12513985467380423, 3.586723536067629], "13": [0.14169845816804463, 3.810172813973826], "14": [0.15423977830000213, 4.011319045052786], "15": [0.1628908740460732, 4.186593729110672], "16": [0.16827753194195472, 4.33400919215084], "17": [0.17122277315425272, 4.4525132810399395], "18": [0.17253417019607575, 4.541565437414227], "19": [0.17287976114079892, 4.600897619296177], "20": [0.1727262816804381, 4.630386191200872], "21": [0.1723135197143543, 4.629984713807565], "22": [0.17164620041186188, 4.599694635604902], "23": [0.17049398031169352, 4.539566532392926], "24": [0.1683995702539282, 4.4497318834958035], "25": [0.16470442708837732, 4.330472713896369], "26": [0.15861053652175935, 4.182352004239806], "27": [0.14930421269981586, 4.006454474480092], "28": [0.13616768177221755, 3.804810173368053], "29": [0.1190783418990585, 3.5810347469253037], "30": [0.09871304726008347, 3.341014973829988], "31": [0.07664502731848144, 3.093095229670359], "32": [0.055007028769211506, 2.847133270424123], "33": [0.03579792005128329, 2.6126050573859536], "34": [0.020278236872626535, 2.396959838384533], "35": [0.008802657851135312, 2.2051423702450736], "36": [0.0010239091394643302, 2.040057649228984], "37": [-0.0037853513752656, 1.903289303865324], "38": [-0.006460367506236402, 1.7956666588234775], "39": [-0.007766576513773769, 1.717611944716601], "40": [-0.008301731871198084, 1.6693308480984121], "41": [-0.008450033423049895, 1.6509140890680636], "42": [-0.008364535771121966, 1.6623890862540205], "43": [-0.007962582602546453, 1.7037376077889719], "44": [-0.006928335895663108, 1.7748835049089697], "45": [-0.004725920743976872, 1.8756482810333104], "46": [-0.0006360512060188857, 2.0056626489719758], "47": [0.006162275669353799, 2.164202313906035], "48": [0.016437739729115775, 2.349887698821914], "49": [0.03065979146640203, 2.560177765197153], "50": [0.048681835830357914, 2.7906761174589954], "51": [0.0694843921495077, 3.034551483380066], "52": [0.0912229548760959, 3.2827227809616035], "53": [0.11173088028433525, 3.525245824854781], "54": [0.12923762992897522, 3.7532722574210844], "55": [0.14282770484279153, 3.960301364587052], "56": [0.15244363486876095, 4.142231744191169], "57": [0.1586103656097786, 4.296730165508437], "58": [0.16212069683321034, 4.422545988008036], "59": [0.1637981258354118, 4.519030149301957], "60": [0.16435212914621358, 4.58585583908889], "61": [0.16430291667364716, 4.622867719723604], "62": [0.16394842670860718, 4.630002099491814], "63": [0.1633528442921914, 4.607249068538619], "64": [0.1623448795973461, 4.55464623971432], "65": [0.1605234423997965, 4.472302561260433], "66": [0.15727778296607525, 4.360457261442838], "67": [0.15183837319259907, 4.219591926706611], "68": [0.14338285071994414, 4.050637917431403], "69": [0.13122402848778703, 3.8553479772969874], "70": [0.11508997178798283, 3.636885576078067], "71": [0.09544013745553816, 3.4005307593020193], "72": [0.07363659912036959, 3.1540524228719815], "73": [0.05172392797733625, 2.9070724414861204], "74": [0.031794383450741974, 2.6693260495893476], "75": [0.015319350523379889, 2.448840955260663], "76": [0.002866487783778348, 2.2511552007932734], "77": [-0.005766197156518306, 2.0796109914759713], "78": [-0.011238022155275777, 1.9360605055119733], "79": [-0.014374420715319332, 1.8214836898997613], "80": [-0.015966633268144723, 1.7363847566048458], "81": [-0.01665683592321024, 1.6810138706469588], "82": [-0.016881891897403967, 1.65548577519944], "83": [-0.016850453796121406, 1.659841461717075], "84": [-0.01653604463639102, 1.694073325168727], "85": [-0.015677953258834126, 1.7581199929032316], "86": [-0.013791213458262076, 1.8518300435148993], "87": [-0.010196317983840445, 1.9748856946236222], "88": [-0.004088259115920485, 2.1266604129165136], "89": [0.005328715273595875, 2.3059569773171584], "90": [0.018616676636163714, 2.5105541564117053], "91": [0.03579799610983206, 2.7365459616983445], "92": [0.05606740869501872, 2.977691798936879], "93": [0.07774784552415978, 3.225364779069155], "94": [0.09869120536655633, 3.469666552771767], "95": [0.11698508313873998, 3.70135813452988], "96": [0.1315031434139916, 3.9133590997781402], "97": [0.14200740702835754, 4.101055917766884], "98": [0.14891462368687802, 4.261767379867369], "99": [0.15297679483716986, 4.394037920725741], "100": [0.1550230340082951, 4.497105277009728], "101": [0.1557951679143753, 4.570581038367098], "102": [0.15585894573510223, 4.614276397775859], "103": [0.15556328462828914, 4.628109462960189], "104": [0.15502507736786206, 4.612059204852945], "105": [0.15412574500534756, 4.566152428354712], "106": [0.15251505714229577, 4.490480714078011], "107": [0.14962717690261887, 4.385250697015136], "108": [0.14472316350993333, 4.250881984512906], "109": [0.13698260803363865, 4.088188691410365], "110": [0.12567158953239907, 3.8987085113497564], "111": [0.11040338474200632, 3.685243234232576], "112": [0.09145584787871312, 3.4525598838094025], "113": [0.0699942216637404, 3.207888772438124], "114": [0.0479512684055088, 2.9605503769564], "115": [0.027465033610108817, 2.720409220665377], "116": [0.01017758647824111, 2.4959616486623686], "117": [-0.003148180168883593, 2.2932860621437676], "118": [-0.012569475714363483, 2.1161485145558308], "119": [-0.018670290240193517, 1.9666709616533666], "120": [-0.022256882220463743, 1.8459873802706066], "121": [-0.024137190428701848, 1.754686407626894], "122": [-0.024989588097794564, 1.6930642444503914], "123": [-0.02529617636799192, 1.6612606796527958], "124": [-0.025314288396163474, 1.6593306227318945], "125": [-0.025067026907452168, 1.687276196995422], "126": [-0.024342714111303277, 1.7450478263364924], "127": [-0.022702536828050672, 1.8325148038049999], "128": [-0.01950507024195141, 1.9493985761772221], "129": [-0.01396543796550947, 2.0951471611353742], "130": [-0.005274359588778379, 2.268703379780083], "131": [0.007197195205303009, 2.4680963239600047], "132": [0.023605594970490525, 2.6898183566630522], "133": [0.04332993848932372, 2.928140963179258], "134": [0.06485797157767897, 3.174885789833238], "135": [0.08609174319514032, 3.4202872549272327], "136": [0.10502128986799487, 3.6548365502114746], "137": [0.12034051040512155, 3.8709595428212196], "138": [0.13164226494581915, 4.063568174986212], "139": [0.1392336218235251, 4.229643043611256], "140": [0.14381884564071912, 4.367524060233043], "141": [0.14622428488622752, 4.476334584215476], "142": [0.14721589919620826, 4.555623639106482], "143": [0.14739736130441208, 4.605168212853671], "144": [0.14716148717010802, 4.624867735439018], "145": [0.14667113509706362, 4.614690249792099], "146": [0.1458539911364152, 4.574653306430815], "147": [0.1444049196936889, 4.504834984274849], "148": [0.1417989826795791, 4.40541708497745], "149": [0.13732754955882387, 4.276772036139902], "150": [0.13017860873111706, 4.119624431704191], "151": [0.11958809479303882, 3.9353459959726282], "152": [0.10508265592394078, 3.7264525895508576], "153": [0.08679230251197652, 3.4972875645258052], "154": [0.06570741201578204, 3.254600605384842], "155": [0.04364055606595345, 3.007386844740566], "156": [0.02273976635188436, 2.7655420371485815], "157": [0.004779017263753155, 2.5379253182823263], "158": [-0.009306807606695739, 2.3310893685903222], "159": [-0.019437091327810633, 2.1491963803441534], "160": [-0.02611794383869527, 1.994629763715417], "161": [-0.030129920552382488, 1.8686756843418426],