{"0": [5.46268714155701e-05, 5.664822950968314], "1": [0.0035900782879324583, 5.64611414520183], "2": [0.012400240291120572, 5.598360699833041], "3": [0.025968504964214392, 5.520995483776394], "4": [0.0432539713154711, 5.4133625999361845], "5": [0.062475249976631925, 5.274884783851639], "6": [0.08092318509554498, 5.105004649351261], "7": [0.09484441426059263, 4.9027579711577145], "8": [0.09936581956685028, 4.665954987304923], "9": [0.08839060617276234, 4.390034580166791], "10": [0.05455984748115463, 4.066860105175056], "11": [-0.009601908752374967, 3.6855185527577996], "12": [-0.10437733343261867, 3.2455923657571932], "13": [-0.20707626760342904, 2.7902984813804346], "14": [-0.2855550017652657, 2.3814166162832455], "15": [-0.3310618435336864, 2.0347974633373975], "16": [-0.34964898469034755, 1.740713592916509], "17": [-0.34924473575023574, 1.4891095886072705], "18": [-0.33662967129954424, 1.2738613126100764], "19": [-0.3172588434394227, 1.0918550962017908], "20": [-0.29540844755857776, 0.941717725103468], "21": [-0.2742777243151748, 0.8228418051597715], "22": [-0.25608639849710707, 0.7347840770277511], "23": [-0.2422276430397042, 0.6770447060455655], "24": [-0.23346877039040442, 0.6491361123573393], "25": [-0.23013840723763826, 0.6507672697162563], "26": [-0.23223529668945228, 0.6819772344948626], "27": [-0.23942285378546685, 0.7431270251337412], "28": [-0.2509105192931183, 0.8347532960112078], "29": [-0.2652603404288171, 0.9573823341505774], "30": [-0.28018631349645695, 1.1114774393909306], "31": [-0.29240819360419235, 1.2976934191326892], "32": [-0.297564977898616, 1.5175183601770565], "33": [-0.29012854377388503, 1.774274497773169], "34": [-0.26330001185393526, 2.0743505194499225], "35": [-0.20936486700419935, 2.427790951094628], "36": [-0.12334250040055225, 2.8425972361960468], "37": [-0.016490121405294114, 3.2976947511857544], "38": [0.07846399950008753, 3.7298117743360244], "39": [0.14153688459434702, 4.10128579514704], "40": [0.17461969424735607, 4.415335035307283], "41": [0.18551337128161746, 4.682970180750771], "42": [0.18153925843891075, 4.911903426620727], "43": [0.1686835167288396, 5.106328082864909], "44": [0.151698196851881, 5.268186176918291], "45": [0.13422524769102362, 5.398272623067491], "46": [0.11888741850920675, 5.496991199974097], "47": [0.10741290916973964, 5.564730851972887], "48": [0.1008150865919144, 5.601910056318847], "49": [0.09958310895741954, 5.608836450590716], "50": [0.10381546942925032, 5.585559081691238], "51": [0.11324816878007257, 5.531834754130151], "52": [0.12716712578199219, 5.447233955615398], "53": [0.14423503301861373, 5.331309490320677], "54": [0.16229593766627026, 5.1836670773391855], "55": [0.17822262904607805, 5.00376044743169], "56": [0.1878236040692094, 4.7903123718365554], "57": [0.1857599857478539, 4.540373080721511], "58": [0.16544005898071984, 4.248120674023942], "59": [0.11924463991869332, 3.904072784270434], "60": [0.041376590876026624, 3.4992054465864917], "61": [-0.06020915905393119, 3.048434201496318], "62": [-0.1545990425542184, 2.611593266731893], "63": [-0.2185042340704449, 2.2330307126370674], "64": [-0.2517665060759121, 1.913154609019284], "65": [-0.26190679927492716, 1.6410885359384397], "66": [-0.2563681700243398, 1.408674324471525], "67": [-0.24129026359934344, 1.2113700269871692], "68": [-0.22156488694646645, 1.0470418980627332], "69": [-0.20096535780541847, 0.9148346771058133], "70": [-0.18223897449427412, 0.8143768765317155], "71": [-0.1672234799677122, 0.7453583195176762], "72": [-0.1570152915970458, 0.7074419839943162], "73": [-0.15215188603981725, 0.7003739546913113], "74": [-0.15274177054049667, 0.7241164383763085], "75": [-0.15849201558998854, 0.778878670617908], "76": [-0.1686223665668636, 0.8650190207412501], "77": [-0.18169787467250353, 0.9828988030078217], "78": [-0.1954441734499365, 1.1328503189771921], "79": [-0.20660636651372033, 1.315428908227368], "80": [-0.21086066094894543, 1.532034406897061], "81": [-0.20272730982733667, 1.7858827440843286], "82": [-0.17547640639295198, 2.0831980009720965], "83": [-0.12150859505097815, 2.4337304470592467], "84": [-0.03600244206410687, 2.8450141475005033], "85": [0.06990618780171536, 3.2959425170024086], "86": [0.16420524351849924, 3.7243531854037393], "87": [0.22722061887332787, 4.0928921800724405], "88": [0.2606833013788018, 4.404277149438136], "89": [0.2722503363669404, 4.669161354123196], "90": [0.269161947404335, 4.895068931897594], "91": [0.2573519206955646, 5.086081457243261], "92": [0.2415327109719357, 5.244057034762215], "93": [0.22531704876780106, 5.369704418352652], "94": [0.21131053230803942, 5.4633172834397445], "95": [0.20123351312093832, 5.525143277563409], "96": [0.19608821400212945, 5.555442639517772], "97": [0.19632638729886295, 5.554382264656326], "98": [0.20195262301094416, 5.521933014559118], "99": [0.2125212214053111, 5.457874599987215], "100": [0.2270271802152881, 5.361905909749497], "101": [0.24373487547707876, 5.233751803004326], "102": [0.26001127290124, 5.073094660188432], "103": [0.2722096924197517, 4.879185880847616], "104": [0.27558900419505455, 4.650092326069065], "105": [0.26421593735557786, 4.381626556910856], "106": [0.23094548265362239, 4.066227744282552], "107": [0.16851170334770593, 3.6937239921951117], "108": [0.07625161726077491, 3.263498884440808], "109": [-0.02501899899778951, 2.815661522828116], "110": [-0.10405614184493046, 2.4108633353681066], "111": [-0.15115485413686, 2.0672847483744503], "112": [-0.17173630821254632, 1.7765308251190857], "113": [-0.17352022993105565, 1.5289517984322505], "114": [-0.1632122497332121, 1.3185664970128501], "115": [-0.14622789269113157, 1.1423537878569514], "116": [-0.12681980257731473, 0.9990521614342237], "117": [-0.10818214122132856, 0.8882239193163446], "118": [-0.09254841433839, 0.8096713925661001], "119": [-0.08132934099055478, 0.7631999367910837], "120": [-0.07527908453011041, 0.7486324757102177], "121": [-0.07463212081225856, 0.7659131020430072], "122": [-0.07915351588363038, 0.8151558674498974], "123": [-0.08808064431072953, 0.896585184766817], "124": [-0.09998046644955234, 1.0104280521146523], "125": [-0.11258182957221384, 1.1569076165900452], "126": [-0.12264179100019518, 1.336501428488795], "127": [-0.12585737993917043, 1.5505518719294547], "128": [-0.11677844112629322, 1.8022158151496483], "129": [-0.08872486236816322, 2.0976176327090643], "130": [-0.03421404836494569, 2.4462603158704197], "131": [0.05128599390505528, 2.8550211225948883], "132": [0.1563465252176461, 3.301972213969962], "133": [0.24953798360137575, 3.7258059817103946], "134": [0.311928740064321, 4.090338648155538], "135": [0.3453141222749532, 4.3981715801423755], "136": [0.35722714230487135, 4.659591012051963], "137": [0.35480473570968335, 4.881870684807291], "138": [0.3439041068069575, 5.068936698991433], "139": [0.32917585791461007, 5.222542262825075], "140": [0.31418176981143275, 5.34330810760945], "141": [0.3014878267335573, 5.431431448419274], "142": [0.2927826754007056, 5.487044698421892], "143": [0.28903155262742497, 5.5102860241458], "144": [0.2906204717807243, 5.501225588303954], "145": [0.29743030472027987, 5.459802316385827], "146": [0.30880734230136203, 5.385853110295795], "147": [0.3234427739132652, 5.279203259129145], "148": [0.3392136038332785, 5.139686992887619], "149": [0.3530458403986343, 4.966934921110011], "150": [0.3608218635658233, 4.759824830211872], "151": [0.35729663524781924, 4.515591518025576], "152": [0.3360084139477218, 4.228700650297092], "153": [0.289553716741791, 3.8901953589979703], "154": [0.21247189617111606, 3.4919692105225106], "155": [0.11269331682893928, 3.0493876449320214], "156": [0.0198426835785449, 2.6203304131110565], "157": [-0.04367786520706283, 2.2479911632717373], "158": [-0.07749186229239544, 1.9336173742463043], "159": [-0.08881733101038436, 1.6670987042457024], "160": [-0.08491575188424053, 1.4406915163894345], "161": [-0.07180901397235145, 1.2500910106533627], "162": [-0.054298783423352925, 1.093327053138556],