{"0": [-8.357555363045993e-06, 4.536282264698014], "1": [-0.0006019156696443336, 4.500007220117794], "2": [-0.0025797431496652153, 4.408011109636845], "3": [-0.007152927076029612, 4.26051313984393], "4": [-0.016092220998772878, 4.058030139197403], "5": [-0.031253792925585056, 3.8023510912536502], "6": [-0.05350833736413171, 3.499664076796708], "7": [-0.08109351093180821, 3.166280245752444], "8": [-0.10909398051974001, 2.8306010750895787], "9": [-0.1322494426377414, 2.522266564260823], "10": [-0.14822782832278117, 2.259591551459884], "11": [-0.15760089464269378, 2.0498227012632846], "12": [-0.16218495049765486, 1.8950344815151972], "13": [-0.16383674723931083, 1.7957603842964538], "14": [-0.1639022683135438, 1.7521965728566544], "15": [-0.16301157978718767, 1.7644235850206251], "16": [-0.1610203413126064, 1.832401791903377], "17": [-0.15702381238959023, 1.9559655381558023], "18": [-0.14946238302519474, 2.134763332511559], "19": [-0.13643786481893258, 2.3677453083104902], "20": [-0.11649233929328325, 2.65114407161674], "21": [-0.09007844628496486, 2.973658383624622], "22": [-0.06089737496345332, 3.3115457111195283], "23": [-0.034542815330784696, 3.633821179165333], "24": [-0.014777259333187447, 3.9166662571812205], "25": [-0.0020847526072516756, 4.148809120867472], "26": [0.005004239673289634, 4.326584730934117], "27": [0.00841684954037752, 4.449035425054008], "28": [0.009746182363603894, 4.515869778464332], "29": [0.009932217167207966, 4.526957765302162], "30": [0.009155885938336914, 4.48228629461246], "31": [0.006825324127163315, 4.381971372683429], "32": [0.0016358448941107269, 4.226274266000225], "33": [-0.008222390032635047, 4.01584804758279], "34": [-0.024514939447186353, 3.752960882567235], "35": [-0.047780189236230154, 3.445085022758567], "36": [-0.075709896037999, 3.1106218209282366], "37": [-0.10310731725785996, 2.7790636662766897], "38": [-0.1250844704685148, 2.47860872963524], "39": [-0.13987540423098668, 2.225410752306716], "40": [-0.14835092560222923, 2.0255372654103345], "41": [-0.1523731982917989, 1.8806945103541624], "42": [-0.15372151022073946, 1.7913471176183455], "43": [-0.15361815324819084, 1.7576807500436928], "44": [-0.15255611118420112, 1.7797599388856054], "45": [-0.15025468292559702, 1.857519553391245], "46": [-0.14568652703925702, 1.9907585133851033], "47": [-0.13721127146453965, 2.1790346556028823], "48": [-0.12295629657542129, 2.420965545148929], "49": [-0.10171477591969538, 2.71175787901014], "50": [-0.0744983386091013, 3.037976196418059], "51": [-0.04555388070620078, 3.373771392950383], "52": [-0.02035323108273994, 3.688635593854751], "53": [-0.0020086440482036424, 3.9612499776063164], "54": [0.009490270019992805, 4.182236982878204], "55": [0.015770883741417652, 4.348670649231503], "56": [0.01871835367548397, 4.459772073049881], "57": [0.01980110721720414, 4.5152778371374325], "58": [0.019806745217164506, 4.5150733591216605], "59": [0.0187586948377686, 4.459171767636367], "60": [0.015915986506699734, 4.3477231738228355], "61": [0.009855876632897302, 4.181052915207048], "62": [-0.0012654557251801138, 3.9600369738589163], "63": [-0.019053058631593817, 3.6877074313154092], "64": [-0.04354860799813929, 3.3734482891098594], "65": [-0.07173262196917905, 3.0383931833314826], "66": [-0.09818221761702216, 2.71290689270068], "67": [-0.11859386219146381, 2.42292327590672], "68": [-0.1318934382572866, 2.18195427132614], "69": [-0.13927317804306724, 1.994763584843793], "70": [-0.14262096203104838, 1.86267044292458], "71": [-0.14360439202994058, 1.78606535899724], "72": [-0.14328344275253085, 1.7651152667984633], "73": [-0.14197477520970242, 1.7998586329778463], "74": [-0.13922440024046345, 1.8901951533442112], "75": [-0.13385382599718795, 2.035872737868479], "76": [-0.12413633186222527, 2.2363005709767774], "77": [-0.10827298987404838, 2.489554172845638], "78": [-0.08545079161380464, 2.789273984374203], "79": [-0.05743915513724725, 3.119123436097894], "80": [-0.02905508888633921, 3.451050436626194], "81": [-0.0054262758831867125, 3.755892077954296], "82": [0.01116211786406593, 4.015503914537553], "83": [0.021250475534298992, 4.2225613556750705], "84": [0.026601410706219603, 4.374875802008399], "85": [0.029021615676874144, 4.471839802829306], "86": [0.029815371440573585, 4.513222706380572], "87": [0.02957834208403906, 4.498935686093225], "88": [0.028138713860769538, 4.4290284878822845], "89": [0.02457494948495758, 4.303697638567992], "90": [0.01733263180643677, 4.123371209330848], "91": [0.004564190275314142, 3.889298400180484], "92": [-0.015057188830975144, 3.6057172076831745], "93": [-0.04086581792295528, 3.2847258052644706], "94": [-0.06901885467783131, 2.9506310235412503], "95": [-0.09406450129587633, 2.633897994824551], "96": [-0.11252981832337483, 2.3572497610304577], "97": [-0.12409711880404259, 2.131302985206353], "98": [-0.1302520312110508, 1.9595542679574156], "99": [-0.13286497084585086, 1.842972382477541], "100": [-0.13344938984450558, 1.7818789300203766], "101": [-0.13286232150215235, 1.7764130909342852], "102": [-0.13120561621124766, 1.8265759002144564], "103": [-0.12781842446830566, 1.9322207312997401], "104": [-0.12135143307078394, 2.0930183156281936], "105": [-0.11000741946848829, 2.308123633087863], "106": [-0.09215410521824412, 2.574722877503773], "107": [-0.06757628508423945, 2.884126927791359], "108": [-0.03899061717728189, 3.21636042214075], "109": [-0.011658631850469362, 3.5416567855680365], "110": [0.009951823324880867, 3.833423046636581], "111": [0.024506720461638255, 4.077158729390418], "112": [0.03304557790006876, 4.267525472191005], "113": [0.037410402664736116, 4.402981714849798], "114": [0.039280302987095436, 4.483063905982896], "115": [0.03975223115390027, 4.507578236975939], "116": [0.03919034722866244, 4.476473584495308], "117": [0.03719239915364068, 4.389847676189925], "118": [0.03263202644682197, 4.247962076382261], "119": [0.023827550424240156, 4.051420438737605], "120": [0.008998096706210653, 3.802109485196227], "121": [-0.012719934381010895, 3.5061500121777796], "122": [-0.03971097907607434, 3.179284901570616], "123": [-0.06732501971626428, 2.848938629193976], "124": [-0.09043479606749899, 2.5442974360422275], "125": [-0.10661911748222415, 2.2840329326818023], "126": [-0.11629808103808109, 2.0759100575734233], "127": [-0.12117633829454509, 1.922329264924359], "128": [-0.12304554501002792, 1.8239792136840813], "129": [-0.12321671692062834, 1.7811207311431074], "130": [-0.12230245430841671, 1.7938542160316562], "131": [-0.12015313056816976, 1.8621309397728711], "132": [-0.11587326997743486, 1.985743326527259], "133": [-0.10793811271461776, 2.16423513293893], "134": [-0.0945309355791255, 2.396311084409214], "135": [-0.074345994749938, 2.6776980882700405], "136": [-0.04803315102148654, 2.996371663685341], "137": [-0.019362734570208196, 3.328293947543176], "138": [0.006290093846425921, 3.643275884480842], "139": [0.025461736499877482, 3.9186185913822964], "140": [0.037795597626611305, 4.143570785875943], "141": [0.044735524265885146, 4.3145141968378455], "142": [0.04812212352389555, 4.430411899261291], "143": [0.0494495748195431, 4.490911143963215], "144": [0.049562542623777274, 4.495861667355], "145": [0.04855531847204926, 4.445263394694984], "146": [0.04576466743118351, 4.339275158317155], "147": [0.03984764857874428, 4.178257801132448], "148": [0.029030026838711497, 3.9631329623392646], "149": [0.011730971498577325, 3.6968867572536133], "150": [-0.012182116551318319, 3.3885065279728677], "151": [-0.03992790106635726, 3.0582205033079024], "152": [-0.06628964083559585, 2.735637811674209], "153": [-0.08692616223465513, 2.4468749519613313], "154": [-0.1005875178007323, 2.206105343555706], "155": [-0.10832438017654979, 2.0185811300045597], "156": [-0.11195194910442165, 1.8858564963771614], "157": [-0.1131110396878101, 1.8084181659071956], "158": [-0.11285933758502069, 1.7864702552176959], "159": [-0.11152424027285317, 1.8200609710939721], "160": [-0.10867171610060064, 1.909078572569918],