{"0": [-5.725795236326441e-06, 0.20863265144960907], "1": [-0.00037962876295114916, 0.21541215059186283], "2": [-0.0013437815856387752, 0.23293924093817756], "3": [-0.0029365006222427234, 0.26205197414288733], "4": [-0.0052164080832791185, 0.3041238327982587], "5": [-0.008256164052669946, 0.3610951105739246], "6": [-0.012128809630571086, 0.4354999511529606], "7": [-0.016880589241972378, 0.5304686415656887], "8": [-0.022481432004255068, 0.6496758405372118], "9": [-0.02874339945002469, 0.7972038936389916], "10": [-0.03520299130766122, 0.9773114777528372], "11": [-0.0409815513951506, 1.194152379013844], "12": [-0.04467198875405686, 1.4515440658462488], "13": [-0.04434586478189692, 1.7528139271738556], "14": [-0.037838236782922405, 2.100342698990195], "15": [-0.023570442314096073, 2.493561507464018], "16": [-0.0021262949613346203, 2.923780907551417], "17": [0.02233905665630839, 3.3687323703435377], "18": [0.043633228573338546, 3.7983030820127626], "19": [0.05759463910312734, 4.190408667394986], "20": [0.06365654791396981, 4.536612612172592], "21": [0.06342783257085959, 4.836534953101348], "22": [0.05910046002466978, 5.092655107460868], "23": [0.05262403815050296, 5.3083358224119745], "24": [0.04542280544059044, 5.487390975675802], "25": [0.03838955838805192, 5.633947523583236], "26": [0.031999095788670634, 5.752224737396277], "27": [0.026448040055964423, 5.846259496477738], "28": [0.02177308623268378, 5.919677669770265], "29": [0.017933254083718445, 5.975557436876306], "30": [0.014860050109430256, 6.016375921717962], "31": [0.012485151400319437, 6.044009025155645], "32": [0.010754432231207953, 6.059755478767303], "33": [0.009634484792393986, 6.064364841704156], "34": [0.00911529999859985, 6.0580575760667985], "35": [0.009210949433523553, 6.040531405983218], "36": [0.009958782807778795, 6.010952390582505], "37": [0.011416489017116976, 5.967932775649982], "38": [0.013654998821907788, 5.909502112597801], "39": [0.01674330324492575, 5.833084567771761], "40": [0.0207187016326154, 5.735504118626819], "41": [0.025533381354198387, 5.613047866623755], "42": [0.030967910368349675, 5.4616171336290105], "43": [0.036509189007424045, 5.27697057156983], "44": [0.041210867817133054, 5.055005447827496], "45": [0.04359009050541882, 4.791976106531979], "46": [0.041661709971459834, 4.48465336139521], "47": [0.03327890050743674, 4.130898495001063], "48": [0.01705371841978487, 3.732025707100231], "49": [-0.005989396850001761, 3.2983829032315075], "50": [-0.031235289006687466, 2.8540228782451336], "51": [-0.05254289276223849, 2.428847383305605], "52": [-0.06625075107485641, 2.0430135253557906], "53": [-0.07220250911095398, 1.7034455515753202], "54": [-0.07216214067475112, 1.4099182237922017], "55": [-0.0683193218568748, 1.1597803146672003], "56": [-0.0625585708637635, 0.949608609150419], "57": [-0.05622717679149598, 0.775551377680492], "58": [-0.05015290403711624, 0.6334706299969917], "59": [-0.044765254847520614, 0.5191766459670312], "60": [-0.040234104077442955, 0.42870206938595873], "61": [-0.036583197371551156, 0.3585198620458145], "62": [-0.03376752457532192, 0.3056684114664362], "63": [-0.03171985118187742, 0.2677973129826428], "64": [-0.030376136303651595, 0.24316470615315589], "65": [-0.029688306054565475, 0.2306141199065294], "66": [-0.029630125612651603, 0.22954980940373063], "67": [-0.03019948807476822, 0.23992136551875895], "68": [-0.031418646433422535, 0.2622224403202962], "69": [-0.03333253533255863, 0.2975040177052361], "70": [-0.03600399258106197, 0.3473983877603286], "71": [-0.039503017341631995, 0.4141444291425198], "72": [-0.04388491431740579, 0.5005969840431069], "73": [-0.049149419062329586, 0.6101938039537633], "74": [-0.055171029246594845, 0.7468481290894045], "75": [-0.06159345377274646, 0.9147463384194482], "76": [-0.0676943988842487, 1.1180733630929478], "77": [-0.07225561464691867, 1.360751666759492], "78": [-0.07351526384873236, 1.646271618116193], "79": [-0.06933452655303766, 1.9774231986512614], "80": [-0.05779978560133279, 2.355021414751831], "81": [-0.03854612414317625, 2.7739042075381755], "82": [-0.014466164091988552, 3.2166349261426785], "83": [0.008536389419502294, 3.6541701388063417], "84": [0.02523098411241043, 4.060227969919011], "85": [0.03389591442464827, 4.422041201261032], "86": [0.03560348155919925, 4.737204940260026], "87": [0.03247132129752688, 5.007551447380263], "88": [0.02658087542711359, 5.236206667062189], "89": [0.019545161392182733, 5.426820045404418], "90": [0.012429879457534094, 5.583399621274001], "91": [0.0058386461501220305, 5.710125888717622], "92": [5.0869139421312864e-05, 5.81108251929259], "93": [-0.004849863536201139, 5.890002111976375], "94": [-0.0088811305129816, 5.950094957305912], "95": [-0.012101470371320432, 5.993967252654126], "96": [-0.014575978051881325, 6.023602644218342], "97": [-0.01635828216775726, 6.040376300626799], "98": [-0.017481861307491426, 6.045078113841776], "99": [-0.017956348670481542, 6.0379306776775605], "100": [-0.01776660520203751, 6.01859485594934], "101": [-0.016873959094956276, 5.986161041887836], "102": [-0.0152204604839157, 5.939128893981399], "103": [-0.012738685423994022, 5.875383916897053], "104": [-0.00937186465256691, 5.792186899497314], "105": [-0.005111862262239453, 5.686201548861367], "106": [-6.466076225703193e-05, 5.5535921216681325], "107": [0.00544879374618421, 5.390214580228153], "108": [0.01076011525029495, 5.191886071848534], "109": [0.014719745460176794, 4.9546542605919335], "110": [0.015633007489824085, 4.674978404447175], "111": [0.0113895056459057, 4.3499561142838346], "112": [-6.9799822836130124e-06, 3.978385493491422], "113": [-0.019216938771261453, 3.5643320633335502], "114": [-0.0438260367829736, 3.123415351589449], "115": [-0.06816906699233173, 2.683767936055351], "116": [-0.08670420012676841, 2.2729108993444753], "117": [-0.09724506501980869, 1.905374775590461], "118": [-0.10060878627568409, 1.5845111887429235], "119": [-0.09885433853508033, 1.3088097900353022], "120": [-0.0941002993003223, 1.0752529007065315], "121": [-0.08802807292033887, 0.8802584119923768], "122": [-0.08177057413353893, 0.7198712034666166], "123": [-0.07598373495512567, 0.58993703866018], "124": [-0.07098183642261384, 0.4863665626381117], "125": [-0.06686898874510973, 0.4053972096196857], "126": [-0.06363841159819333, 0.3437773977020022], "127": [-0.06123665506030527, 0.29885996943597], "128": [-0.0596007938720472, 0.268628685394955], "129": [-0.05867815214902191, 0.2516889082130055], "130": [-0.05843592106784538, 0.24724700348161552], "131": [-0.0588652824770478, 0.25509377025898516], "132": [-0.0599823953567046, 0.27559960944081885], "133": [-0.061826849717397485, 0.3097233556018404], "134": [-0.06445659753641975, 0.3590314815913138], "135": [-0.06793652049364125, 0.4257181962083925], "136": [-0.07231538960971286, 0.5126087367587747], "137": [-0.07758318737669356, 0.6231187983734344], "138": [-0.08359905678164362, 0.7611382938673679], "139": [-0.08998335758639689, 0.9308207993660262], "140": [-0.09598156313390188, 1.1363054626332443], "141": [-0.10033744410869724, 1.3814599594332853], "142": [-0.10125578643044635, 1.6697135378571843], "143": [-0.09659112645416237, 2.003755192119488], "144": [-0.08449119545509118, 2.384124938586223], "145": [-0.06477167833607173, 2.8049766067136663], "146": [-0.0405823794476529, 3.247873718934041], "147": [-0.017909186839638394, 3.683440190845807], "148": [-0.0017717083747927989, 4.086205063752851], "149": [0.006359950028599109, 4.4443331336817025], "150": [0.00767983793710827, 4.755861806969707], "151": [0.004324034307183491, 5.022747833233771], "152": [-0.001653753098363317, 5.248141467555916], "153": [-0.008680592821205878, 5.435695191353858], "154": [-0.015726888685762427, 5.589405234777434], "155": [-0.022214846213393816, 5.713416403354609], "156": [-0.02788012483938788, 5.811749495909487], "157": [-0.03264564078900372, 5.888050230780669], "158": [-0.036529573615992836, 5.9454226706552475], "159": [-0.03958725363869467, 5.986350074694136],