{"0": [2.700108226148541e-06, 1.6692265654746696], "1": [0.00020149636333804076, 1.6979566379925215], "2": [0.0009250298509923781, 1.770806035018272], "3": [0.0027429942373731306, 1.8875046867518457], "4": [0.006517949068850317, 2.0474092488668267], "5": [0.013260316515794516, 2.249090303130582], "6": [0.023823427626539294, 2.489467523947215], "7": [0.03840242868011618, 2.7622773540394485], "8": [0.0559966726646878, 3.0563248505057317], "9": [0.07435524014913941, 3.3554542353127443], "10": [0.09084593199552135, 3.6420397151870123], "11": [0.10367274027781423, 3.9018041555609506], "12": [0.11237429915143468, 4.125825625235465], "13": [0.11749334146340172, 4.309458911837137], "14": [0.12000852025040142, 4.4505135047597335], "15": [0.1209082369321712, 4.547998024898326], "16": [0.12095889032284458, 4.601479672326044], "17": [0.12060455129128274, 4.610791562552743], "18": [0.11993350155909954, 4.575911094667113], "19": [0.11867378396828501, 4.4969430764797895], "20": [0.11621082361804087, 4.374198629430165], "21": [0.11165128425456049, 4.208405022769235], "22": [0.10398654019860364, 4.001166379287566], "23": [0.09242519285508599, 3.7559148506423674], "24": [0.07691553079739687, 3.479526544799726], "25": [0.058651679836057125, 3.183969984712456], "26": [0.0400073793697364, 2.885883388632097], "27": [0.02355672142770387, 2.6026570911944638], "28": [0.010908836071362437, 2.3478229591790893], "29": [0.0023498929232567975, 2.1295842027771767], "30": [-0.0027562346697537713, 1.952137119225557], "31": [-0.005408039974359228, 1.8174473501000528], "32": [-0.006570184706660855, 1.7264030158681494], "33": [-0.006965133728934006, 1.6793894719929656], "34": [-0.006985697319876792, 1.676549849354116], "35": [-0.006667215196585739, 1.7178893376683246], "36": [-0.005686006919149128, 1.803278405854881], "37": [-0.0033817239831930497, 1.932358098763253], "38": [0.0011677773132735096, 2.1043031399290184], "39": [0.008962039465983467, 2.317305557843637], "40": [0.020715940192189388, 2.5675282185916486], "41": [0.0363191444690691, 2.847413935146175], "42": [0.05437607899280075, 3.1441914275564407], "43": [0.07240772548028342, 3.440810221467526], "44": [0.0879280286486303, 3.720234153340724], "45": [0.0995301511679816, 3.969739178400938], "46": [0.10710088417455012, 4.181839605370401], "47": [0.11136142404781708, 4.352769308051458], "48": [0.11332261711421553, 4.4807743375516065], "49": [0.11392004722351351, 4.565063635406719], "50": [0.11382848824529213, 4.605296873640788], "51": [0.11338656568160448, 4.601354261425919], "52": [0.11257416628509738, 4.553249408560047], "53": [0.11101394650106484, 4.4611404117901055], "54": [0.10799936219053345, 4.325442121974645], "55": [0.10258245156293806, 4.147094626008289], "56": [0.09378181760011225, 3.9281441661237446], "57": [0.08097586093890366, 3.6728932341368985], "58": [0.06445616084636041, 3.389650590788171], "59": [0.04582393455006786, 3.0920046626047752], "60": [0.02763996758764966, 2.7973243798920286], "61": [0.012270795820910868, 2.5221668937791044], "62": [0.0009083930707786683, 2.2783963211281777], "63": [-0.006501980234601605, 2.07279122979464], "64": [-0.010756945803683693, 1.9087099203283757], "65": [-0.01287178196248228, 1.787708779251669], "66": [-0.013747580666743755, 1.710488256926512], "67": [-0.014007700104640409, 1.6773461418669156], "68": [-0.01393370420827648, 1.688379182601379], "69": [-0.01344759437437413, 1.743553202915462], "70": [-0.012116651200293246, 1.8426769300103207], "71": [-0.00918830106270652, 1.9852699918062402], "72": [-0.0036929810317166654, 2.1702573716749973], "73": [0.005321461370035325, 2.3953139418804215], "74": [0.018364360970640908, 2.6556039153843716], "75": [0.03494377660316685, 2.9419969316550745], "76": [0.053253643248912505, 3.2400926040654676], "77": [0.07068100914528333, 3.532321423835626], "78": [0.08501073299919225, 3.8027316880604167], "79": [0.09527473210766547, 4.04035840255131], "80": [0.10168793765505078, 4.239110871919423], "81": [0.1051116286983715, 4.396013407940527], "82": [0.10655730034348897, 4.509692491067439], "83": [0.10688613580005414, 4.57953172459913], "84": [0.10666641520437513, 4.605273382324261], "85": [0.10611982414062446, 4.586843654326362], "86": [0.10510814885712555, 4.524299528393541], "87": [0.10314187613497647, 4.417870997859624], "88": [0.09942330202939187, 4.268115500337923], "89": [0.09296694923272406, 4.076267140305627], "90": [0.08286331737983012, 3.8449777331641766], "91": [0.06873650489176501, 3.5796918456924067], "92": [0.05129692655760072, 3.2904275410378228], "93": [0.03254843088707578, 2.9923673669422204], "94": [0.015120708513474307, 2.7031405154462456], "95": [0.0010465947809331119, 2.43797046223556], "96": [-0.008934635368979404, 2.2068986911562756], "97": [-0.015187744296450274, 2.0153554042002964], "98": [-0.018627001929978574, 1.8659609692671313], "99": [-0.02025175074259673, 1.759920936750599], "100": [-0.020877913321468832, 1.6977741646411728], "101": [-0.021015117291958863, 1.6797407009638687], "102": [-0.02082242588663353, 1.7058712397080138], "103": [-0.020099215147333465, 1.7760831424815153], "104": [-0.018298141701421945, 1.8901010120810964], "105": [-0.014578180204578305, 2.0472764361411917], "106": [-0.007945374651748938, 2.2461871568575176], "107": [0.00245113995628741, 2.483798651568236], "108": [0.016830684368369767, 2.7539751153082084], "109": [0.03424848212405379, 3.045753224172324], "110": [0.052517456373245404, 3.3432275340991606], "111": [0.06903170365002707, 3.6288701777598105], "112": [0.08196917132299301, 3.8882994020185206], "113": [0.09081981043356979, 4.112405663341331], "114": [0.096085492829073, 4.296384816202992], "115": [0.09872115770208206, 4.4379432451805965], "116": [0.09970560679160335, 4.536028593012983], "117": [0.09980427569735649, 4.590173187720696], "118": [0.099464673854917, 4.600192452363638], "119": [0.09878058510230855, 4.566059364299827], "120": [0.09748695818675168, 4.487885780981793], "121": [0.0949780755711462, 4.366000581126606], "122": [0.09037252316711764, 4.20115998600605], "123": [0.08267736700500147, 3.995009407981198], "124": [0.07111917455571852, 3.7510312995333916], "125": [0.055659907049506185, 3.476140746438549], "126": [0.037490846893299165, 3.1822894964134827], "127": [0.018959232442742963, 2.8860130877755754], "128": [0.0026027959997064276, 2.6045618734736475], "129": [-0.009991757839362706, 2.351377227459018], "130": [-0.018539354355058532, 2.1346445693555802], "131": [-0.023664221212835016, 1.9585821447314282], "132": [-0.026349241087717763, 1.8251858851018674], "133": [-0.027544394887895136, 1.7353693316146124], "134": [-0.02795958198529967, 1.6895350540108087], "135": [-0.027976852994859427, 1.6878341004507729], "136": [-0.027622159807444917, 1.730268779539915], "137": [-0.026564242839922907, 1.816693555680885], "138": [-0.024139098637907974, 1.946716274522471], "139": [-0.019429237403718203, 2.11945244594007], "140": [-0.01145466277399732, 2.332991373682431], "141": [0.00045884234592943646, 2.5833274396211747], "142": [0.016142501477340407, 2.862675163876323], "143": [0.034151920616701706, 3.1580725973028105], "144": [0.05201191454262231, 3.452482997607366], "145": [0.06729941538467765, 3.729117983423292], "146": [0.07868236334049107, 3.9755554010628744], "147": [0.08609179751632837, 4.184510500819259], "148": [0.09025791142821629, 4.352306572217104], "149": [0.09217864931018406, 4.477216509097519], "150": [0.09276711321556184, 4.558451834099901], "151": [0.09267283567199461, 4.5956693582522945], "152": [0.09220920526310147, 4.588749978617273], "153": [0.09133191739200391, 4.537717754321999], "154": [0.0896420366852088, 4.442757443822596], "155": [0.08641816964119792, 4.304336397432023], "156": [0.08071274857556117, 4.1234923312898255], "157": [0.07157341943653196, 3.9024518246590856], "158": [0.05845000156325323, 3.645829346556556], "159": [0.04174335582994578, 3.362370983849916], "160": [0.02315006908096099, 3.06604146616494],