{"0": [9.944307360498918e-06, 2.881769947507224], "1": [0.0006537293213251293, 2.889893784438972], "2": [0.0022651180896120088, 2.9101576105148843], "3": [0.0047829466606780415, 2.941634649988543], "4": [0.00810438276904769, 2.9828615158190783], "5": [0.012081753497529369, 3.031882351539011], "6": [0.016523774299073684, 3.0863241962555272], "7": [0.021203825340110245, 3.1435088749792985], "8": [0.025875559347275492, 3.2005982852705257], "9": [0.030293163825487815, 3.2547596490482675], "10": [0.034231539287396015, 3.303330203264295], "11": [0.03750168762089006, 3.343960979390234], "12": [0.039958712865777575, 3.3747266727190506], "13": [0.04150280392516587, 3.394198943161796], "14": [0.04207589949423833, 3.4014887662469024], "15": [0.04165757156449998, 3.396266871872139], "16": [0.040263001252391635, 3.3787699621454435], "17": [0.0379442629379081, 3.3497959808804585], "18": [0.034794106152326115, 3.3106861866261843], "19": [0.030949643439605566, 3.263287022809737], "20": [0.026592440590518726, 3.2098827206269784], "21": [0.021942013058920903, 3.1530920157669793], "22": [0.01724179433973575, 3.0957298212200275], "23": [0.012739585265291127, 3.040644973598415], "24": [0.008666899644636416, 2.9905534744763473], "25": [0.005222127957820122, 2.9478883383129104], "26": [0.002560741342944461, 2.914681218950845], "27": [0.0007928500578423467, 2.892480861916732], "28": [-1.4157157788042974e-05, 2.882304311088027], "29": [0.00016862117648559495, 2.8846121643347185], "30": [0.0013342897167220326, 2.899299527798824], "31": [0.003439645374610915, 2.9256981996236613], "32": [0.006401802938940712, 2.962591045116692], "33": [0.010094188109385338, 3.0082446275704], "34": [0.014345298293277112, 3.0604690225749267], "35": [0.01894348936659507, 3.116712466300849], "36": [0.023649320775443152, 3.174192115452215], "37": [0.028214146906678936, 3.2300522205026123], "38": [0.03240097008539917, 3.2815317706930873], "39": [0.036002543687325896, 3.3261201735174595], "40": [0.038852947005403704, 3.361683860055368], "41": [0.04083161459344358, 3.3865563180648097], "42": [0.04186158845513806, 3.39959382039702], "43": [0.0419053414499823, 3.4002049427915018], "44": [0.04096151326335611, 3.38836268702026], "45": [0.039064630017798786, 3.364604791255693], "46": [0.03628794753405245, 3.3300225686207945], "47": [0.03274758725955948, 3.2862332720494725], "48": [0.0286047400214946, 3.235327422003491], "49": [0.024062506721703677, 3.1797827027789682], "50": [0.019355310476525667, 3.1223412402373216], "51": [0.014731487624449412, 3.0658565061522434], "52": [0.010432518498803311, 3.013125986291178], "53": [0.006673870187472373, 2.966730928426748], "54": [0.0036316989256535252, 2.92890191576177], "55": [0.0014371322102585745, 2.901420210411325], "56": [0.00017693665774323118, 2.8855546300367054], "57": [-0.00010254995176213575, 2.882026761916235], "58": [0.00060830329221784, 2.890995450731796], "59": [0.0022834836948800318, 2.912053974307042], "60": [0.004859124010627087, 2.9442382695886273], "61": [0.008229417447427065, 2.986050053333806], "62": [0.012243642875348086, 3.0355028325436946], "63": [0.01670781567950325, 3.0901996599796098], "64": [0.021393487542402764, 3.147447487095038], "65": [0.026053780030941786, 3.204404288429975], "66": [0.030443790116174405, 3.2582448888094757], "67": [0.03434056226259764, 3.3063247402660476], "68": [0.037558012892667025, 3.3463216210580042], "69": [0.039954405344404455, 3.376342940152397], "70": [0.0414329379213167, 3.3949966664129523], "71": [0.04193825089651887, 3.401431892242254], "72": [0.04145238329457194, 3.395358102713499], "73": [0.03999296155575206, 3.3770506056030403], "74": [0.03761470102273708, 3.3473450275138608], "75": [0.03441327391016824, 3.307618259659978], "76": [0.030528857471635133, 3.2597486055530913], "77": [0.026145847308610328, 3.2060460854021895], "78": [0.02148583745726632, 3.1491466478192556], "79": [0.016793121004140998, 3.0918717921368644], "80": [0.01231491845723749, 3.037065404556938], "81": [0.008280850820387434, 2.987427576290159], "82": [0.0048865227764312265, 2.9453663150569116], "83": [0.0022842576203849344, 2.9128816924210614], "84": [0.0005810948064410508, 2.8914867631405303], "85": [-0.00015835398918183043, 2.8821607126381656], "86": [9.230429456563506e-05, 2.8853254141902354], "87": [0.0013237428969115148, 2.900837230786943], "88": [0.0034901750834488315, 2.9279899416814987], "89": [0.006505852379441848, 2.965530135180763], "90": [0.010241140109492014, 3.0116914150055845], "91": [0.01452160476534699, 3.0642564006848736], "92": [0.019133299412757737, 3.120653886275954], "93": [0.023835607373859008, 3.178091824955192], "94": [0.028380126460535213, 3.2337167279309127], "95": [0.03253147658374355, 3.2847810815858725], "96": [0.036085038153866676, 3.3287974164968555], "97": [0.03887800235260586, 3.36366247611761], "98": [0.040792924150563244, 3.3877447134239644], "99": [0.04175569989325322, 3.399937930667556], "100": [0.04173136327125032, 3.399689352824408], "101": [0.0407209845160292, 3.387010823767439], "102": [0.03876162339896056, 3.3624783832827654], "103": [0.03592933519918493, 3.3272201818244387], "104": [0.032343279393317256, 3.2828874135923765], "105": [0.028167651185186722, 3.2315995862699274], "106": [0.02360805090256211, 3.175855935533395], "107": [0.01890037835121881, 3.118410344107941], "108": [0.01429306648150751, 3.062116730378113], "109": [0.010026274294883345, 3.009761590767726], "110": [0.0063130303557284, 2.9639050729518783], "111": [0.0033264416296153597, 2.9267488605076317], "112": [0.001194480654169749, 2.9000400918326807], "113": [9.835672641400942e-07, 2.8850104630152504], "114": [-0.0002103345531200132, 2.882343036745942], "115": [0.0005677142449081827, 2.8921577547509174], "116": [0.0023066243234783593, 2.914009358770257], "117": [0.004939794086870479, 2.946896464163297], "118": [0.008358416030765925, 2.9892859753888206], "119": [0.01240871729501284, 3.0391610153208473], "120": [0.01689404592015385, 3.0941011034836055], "121": [0.021584195946342453, 3.1513989612600732], "122": [0.026231853848560967, 3.208209411361927], "123": [0.030593124207392235, 3.2617156813655206], "124": [0.034447272696380205, 3.309292167703823], "125": [0.03761117403026213, 3.34864399002307], "126": [0.0399462628171895, 3.3779117155112064], "127": [0.041358739705375576, 3.3957399394047942], "128": [0.04179593705415672, 3.40131609920775], "129": [0.041242362355963104, 3.3943886049633547], "130": [0.03971810518612051, 3.375271490888317], "131": [0.03728055173547133, 3.3448381208963553], "132": [0.034028325821640754, 3.304500966595026], "133": [0.030104679688868118, 3.2561699815998555], "134": [0.025696815079265644, 3.2021805685930023], "135": [0.021028341873974357, 3.145185284787623], "136": [0.01634432053035253, 3.088011464779212], "137": [0.01189129112737938, 3.033497240059474], "138": [0.007896897962242235, 2.9843260368862627], "139": [0.004553907913987931, 2.9428802260509923], "140": [0.0020114778851166993, 2.9111278176253905], "141": [0.00037358065025376146, 2.890545831431103], "142": [-0.00029793880157509545, 2.8820753485972697], "143": [2.080613538108978e-05, 2.886099336185445], "144": [0.0013180432620113975, 2.902435281424361], "145": [0.003545374211339863, 2.9303388720899997], "146": [0.006614156570619653, 2.9685204428753824], "147": [0.01039167908682529, 3.0151808075668782], "148": [0.014700592220394703, 3.0680754895897326], "149": [0.019324700301263428, 3.1246144031195744], "150": [0.024022297674555604, 3.1819970235047257], "151": [0.028545326296678473, 3.237372925738178], "152": [0.032660113361122685, 3.288008869194722], "153": [0.03616472652685563, 3.331441172071643], "154": [0.038899494634611786, 3.365597405205339], "155": [0.04075009281599317, 3.3888813599289964], "156": [0.041645261313903434, 3.4002246333538375], "157": [0.04155258969660989, 3.399113294055407], "158": [0.04047558884930654, 3.385598171907363], "159": [0.03845387764754625, 3.360293697040018], "160": [0.0355663423064032, 3.3243648600251903],