{"0": [4.16197857892626e-05, 5.366755329637684], "1": [0.002721161267432231, 5.350143922408978], "2": [0.009272138405580591, 5.307934733402282], "3": [0.018996307788295086, 5.240041505895578], "4": [0.030686842822980932, 5.146348818535889], "5": [0.04254961941880816, 5.026680789496037], "6": [0.052133266854368275, 4.880680827917855], "7": [0.056281108550073386, 4.707575325232201], "8": [0.05110973863931775, 4.505831433526174], "9": [0.03204655188870552, 4.272789518045532], "10": [-0.0058899953093062025, 4.004578907605902], "11": [-0.06688313875352006, 3.697442378299266], "12": [-0.15053966114207779, 3.3534100049554567], "13": [-0.24565057717422373, 2.9908473934956854], "14": [-0.33231079651971024, 2.6419060324935475], "15": [-0.3969472163407948, 2.3285105320252324], "16": [-0.43768018694411887, 2.0547069745353927], "17": [-0.4583636906114628, 1.8170005304794221], "18": [-0.4640588976268481, 1.611273428656059], "19": [-0.4594967764363683, 1.4345965370066354], "20": [-0.4487181865272786, 1.285245813757822], "21": [-0.43502685980987293, 1.1623380606631835], "22": [-0.42101256546474763, 1.0654720045515707], "23": [-0.4085983166386961, 0.9944704599818006], "24": [-0.39910689247661, 0.9492386139254716], "25": [-0.39333699151524104, 0.9297158688826276], "26": [-0.3916286576101175, 0.9358781032381547], "27": [-0.39389650310197416, 0.9677476294822498], "28": [-0.3996190220240654, 1.0253881142493337], "29": [-0.4077876129815104, 1.1088915640626296], "30": [-0.4168328344094756, 1.2183915066306923], "31": [-0.42455113475057304, 1.3541484389336], "32": [-0.428049418444033, 1.5167432223476838], "33": [-0.42371399668868026, 1.707383506775912], "34": [-0.40721969049873413, 1.9282749640703944], "35": [-0.37368634375855925, 2.182863820561616], "36": [-0.3184289282601937, 2.4752252314565855], "37": [-0.23959737033786538, 2.806357842462191], "38": [-0.14402001220427557, 3.1646485851259807], "39": [-0.04978055914487735, 3.52078835698126], "40": [0.025884909814795524, 3.846942303519119], "41": [0.07744741469279633, 4.133626380879345], "42": [0.10742690938750574, 4.3827609973053505], "43": [0.12071216372845305, 4.598569248357864], "44": [0.12220056163332634, 4.784410610847321], "45": [0.11617138120293478, 4.942376801829842], "46": [0.10617294701706309, 5.073588371470578], "47": [0.09503025628542744, 5.178569402365368], "48": [0.084884105580962, 5.257542600820405], "49": [0.07725018166457394, 5.310610123824983], "50": [0.07309171083438891, 5.337831552357368], "51": [0.07288844342695708, 5.339236557407841], "52": [0.07668003341302024, 5.3148164383844225], "53": [0.08406853553672562, 5.264524317435184], "54": [0.09417897854372137, 5.188285925767522], "55": [0.10559188789023259, 5.085994063258076], "56": [0.11627008525319098, 4.957442911025384], "57": [0.12349930993115335, 4.802162638108491], "58": [0.12385168156711228, 4.619140397353043], "59": [0.11318227355413475, 4.406459521074083], "60": [0.08673175261439207, 4.160998404458527], "61": [0.03966284759756056, 3.878722952623953], "62": [-0.03092594999587332, 3.557342119808675], "63": [-0.12086643704168983, 3.2044750729076097], "64": [-0.21432074281819954, 2.8458999613005265], "65": [-0.2924718412759697, 2.512069236779469], "66": [-0.34698344910154744, 2.2167979810333827], "67": [-0.3790638543250816, 1.959894448127262], "68": [-0.3933250370274516, 1.7372818259950265], "69": [-0.39472991995392953, 1.545344993043924], "70": [-0.38770539854613506, 1.3817312068123078], "71": [-0.37596011885294045, 1.245139191151571], "72": [-0.3624759315898601, 1.1349451850120926], "73": [-0.3495409036487764, 1.0508863026695312], "74": [-0.33880294976541203, 0.992853451756021], "75": [-0.331338634788211, 0.9607909016579074], "76": [-0.32772237209173183, 0.9546699950903939], "77": [-0.3280746063869348, 0.9744934815406482], "78": [-0.33207199710101615, 1.0202972733340199], "79": [-0.3389157607926189, 1.0921422660529485], "80": [-0.34726951180933385, 1.1901181639078104], "81": [-0.3551877881097966, 1.3144006471673002], "82": [-0.36005555278728113, 1.4654024919936721], "83": [-0.3585492830100768, 1.6440366929639454], "84": [-0.3466286316992926, 1.852067345067481], "85": [-0.31961810913089694, 2.092428350305896], "86": [-0.27265554950663967, 2.3690567649614325], "87": [-0.2024231898432219, 2.6847001601933456], "88": [-0.1118319527501287, 3.033573236722596], "89": [-0.015270796337203522, 3.392153352218829], "90": [0.06803997335773912, 3.729270537627109], "91": [0.12824891058194549, 4.0287142877054665], "92": [0.16570642923492557, 4.289478565796725], "93": [0.1847959866454849, 4.515439093019159], "94": [0.19048460205931692, 4.710310986701989], "95": [0.1872645467589909, 4.876578532170739], "96": [0.17892203918174565, 5.015639859270138], "97": [0.1685167100814907, 5.128173582379905], "98": [0.15841064436814886, 5.214464131961554], "99": [0.1503186893369197, 5.27462193846569], "100": [0.14537424478994584, 5.308696479505592], "101": [0.14419702781191834, 5.316711553724222], "102": [0.14694207254375372, 5.2986650758669755], "103": [0.15331259114255258, 5.2545273770470144], "104": [0.16253182363682092, 5.184247359885365], "105": [0.1732841148774165, 5.087746750478576], "106": [0.18364565654647091, 4.9648627159655545], "107": [0.19102504654956254, 4.815198823279671], "108": [0.19212473484418402, 4.6378658635396475], "109": [0.18293286570626904, 4.4311357122468], "110": [0.15880410244428284, 4.192125804131455], "111": [0.11489984820613895, 3.916957693980356], "112": [0.047881759872818265, 3.6028936340683644], "113": [-0.039495720728858125, 3.2555246581508572], "114": [-0.13313140963473363, 2.8979634051117173], "115": [-0.21389924507706395, 2.56128195314489], "116": [-0.2717819793019681, 2.2619941269942867], "117": [-0.3069787346232515, 2.001349213333052], "118": [-0.32380613360099464, 1.7755637963274298], "119": [-0.32720767492708913, 1.5809461706710564], "120": [-0.3216678511599434, 1.4150146669365775], "121": [-0.31097056840050336, 1.276370238097369], "122": [-0.29817531908399136, 1.164335541326346], "123": [-0.2856449139147015, 1.0786311559102422], "124": [-0.2750945110204234, 1.0191547616170313], "125": [-0.2676555511859565, 0.9858659324475388], "126": [-0.2639411845336681, 0.9787479393433889], "127": [-0.2640929053427594, 0.9978053489669202], "128": [-0.2677916286312164, 1.0430646878632954], "129": [-0.27422894034659606, 1.114569992554838], "130": [-0.2820491236254585, 1.212393650606745], "131": [-0.28928220294793866, 1.3367018022876853], "132": [-0.29328737166303986, 1.487912498224237], "133": [-0.2907173502863808, 1.6669621440932612], "134": [-0.27751530339690533, 1.8756519934973594], "135": [-0.2490134292580275, 2.116941744104104], "136": [-0.20043759420167956, 2.394692276553112], "137": [-0.12878638391784153, 2.711215607630945], "138": [-0.03767311890569232, 3.0596090295765697], "139": [0.057948739938087704, 3.415359445627169], "140": [0.1394237324348053, 3.7481129294131597], "141": [0.1978555517288154, 4.043057573929385], "142": [0.23401130098986728, 4.299688757940526], "143": [0.25231880492542424, 4.521837337128724], "144": [0.25767888143616546, 4.7130623979658335], "145": [0.25449951130256276, 4.875714679250561], "146": [0.24648531404575086, 5.01110027422041], "147": [0.23662004073380077, 5.119839331141113], "148": [0.227195784041157, 5.202179140742005], "149": [0.21986258034141573, 5.258203995524803], "150": [0.21569143030759003, 5.287942712824604], "151": [0.21523642454678565, 5.291403898489004], "152": [0.21857600644613556, 5.268579146082556], "153": [0.22531820451465126, 5.21944365076506], "154": [0.2345677283918176, 5.143958256152321], "155": [0.24486719263902737, 5.042049388661685], "156": [0.2541328466096246, 4.913527373454285], "157": [0.2596026683747442, 4.757908365371566], "158": [0.2578062998549832, 4.5741309648074004], "159": [0.24457369657084652, 4.360208325780594], "160": [0.21517785421865657, 4.112988174768128], "161": [0.16500086273521847, 3.8286571643474536], "162": [0.09186439003346661, 3.5059565294541364],