{"0": [-1.3752673071908358e-05, 0.37769171095069365], "1": [-0.0009101596445565405, 0.391188787520575], "2": [-0.003204338754391938, 0.4260700728402335], "3": [-0.006931413033803661, 0.4839335095350708], "4": [-0.012104766614234937, 0.5672815164058733], "5": [-0.018642940576524335, 0.6793911175546216], "6": [-0.026247773731806878, 0.8240782548736006], "7": [-0.034230867544464784, 1.0053704565365542], "8": [-0.04131505217646033, 1.2272042276530672], "9": [-0.04548293965560732, 1.4933452546322064], "10": [-0.0439944945890365, 1.8075748388750816], "11": [-0.03378925781393351, 2.173473216010727], "12": [-0.012757723418001795, 2.591494004650046], "13": [0.01753113293846734, 3.0499015997576087], "14": [0.049691329763678786, 3.5162327989885456], "15": [0.07474306781690043, 3.952343134144454], "16": [0.08874530987284869, 4.338483596279302], "17": [0.09274954220495316, 4.671896418322746], "18": [0.08970376103848118, 4.95569983823002], "19": [0.08259632273467474, 5.193764681260931], "20": [0.07378373532995322, 5.389839906089918], "21": [0.06485626046174552, 5.547748275225006], "22": [0.05673919835932564, 5.671448912491363], "23": [0.04988324142157198, 5.764813044931257], "24": [0.04445385624218812, 5.831291870991025], "25": [0.040475781252233486, 5.87363802951421], "26": [0.03792548931646797, 5.893733203229286], "27": [0.03678197988934922, 5.892503700043729], "28": [0.037048264615963236, 5.8698893665939], "29": [0.03875063125156762, 5.8248442992758935], "30": [0.041915367600388435, 5.75537061349746], "31": [0.04651527286605553, 5.6586090764937], "32": [0.052373300668469125, 5.5310221661848145], "33": [0.059013615441301424, 5.3686848507593075], "34": [0.06546972994193365, 5.167621962340212], "35": [0.07009842714688215, 4.924021960975098], "36": [0.07049609971395071, 4.634161430970417], "37": [0.06367470948123095, 4.294268027528885], "38": [0.046821792791430505, 3.9016978725193745], "39": [0.019291886355387613, 3.460720884527051], "40": [-0.014362639210529713, 2.9935880981184733], "41": [-0.044987340866424724, 2.539215044922392], "42": [-0.06572317309905557, 2.127901319993571], "43": [-0.07554875170445975, 1.7692685672112085], "44": [-0.07681327844828471, 1.4620347617767198], "45": [-0.07261804917895286, 1.2024498079229773], "46": [-0.06566533118601692, 0.986732606726473], "47": [-0.05791680470733121, 0.8111486278639257], "48": [-0.05060301091199565, 0.6718236348485791], "49": [-0.044383826558333186, 0.5648427161902854], "50": [-0.0395461738013421, 0.4865561678970817], "51": [-0.03617287535358692, 0.4338983111826419], "52": [-0.03425961333709074, 0.40461383647110616], "53": [-0.03378404411929451, 0.3973824522905379], "54": [-0.03473954829810386, 0.4118728926885159], "55": [-0.03714331482184641, 0.4487548930069811], "56": [-0.04102148054551382, 0.5096773172059136], "57": [-0.04636631414661974, 0.5971966797606649], "58": [-0.05305416403798914, 0.7146231117164648], "59": [-0.060712531678638715, 0.8657582818161755], "60": [-0.06853823377183649, 1.0545579617677405], "61": [-0.07510222578821772, 1.2848591799407936], "62": [-0.07822333217027949, 1.560363903227823], "63": [-0.07504569110059682, 1.884826172351809], "64": [-0.06257433961837232, 2.261507968952008], "65": [-0.03922898081027199, 2.6891614766991156], "66": [-0.00778786945599756, 3.1518059765391473], "67": [0.0234307996332873, 3.613538906409196], "68": [0.04618482330276517, 4.038930204233706], "69": [0.057846245298864, 4.4128135937641], "70": [0.06010869091279703, 4.734437182600811], "71": [0.05602131293388814, 5.007250571459013], "72": [0.04845917258561416, 5.2350579599616855], "73": [0.03960954770615878, 5.421557044890235], "74": [0.03090561200409191, 5.570548221361029], "75": [0.023156282201196365, 5.685924400982909], "76": [0.016741461295746246, 5.771404006328283], "77": [0.011793075311221132, 5.8301990924996385], "78": [0.008327351874302372, 5.8647564091224655], "79": [0.006326410990962768, 5.8766039823231715], "80": [0.005780457362042968, 5.866279167803018], "81": [0.006701344104841291, 5.833307406938041], "82": [0.009111836114386594, 5.776218674985637], "83": [0.013007011356124728, 5.69261288461284], "84": [0.01827746217161581, 5.579304694487075], "85": [0.024582475111739284, 5.432575136968169], "86": [0.031172913912675834, 5.24850628609424], "87": [0.03669486641906233, 5.023271440357949], "88": [0.03905095819594328, 4.753186658945723], "89": [0.035447218541073536, 4.434527653513655], "90": [0.02285925092888634, 4.063908154641418], "91": [-0.0005616368568405437, 3.64173412263454], "92": [-0.03265281925816007, 3.1818506853064736], "93": [-0.06555968064717226, 2.7184924689656134], "94": [-0.0906731007079851, 2.28848402458624], "95": [-0.10473120250634037, 1.9092314001189121], "96": [-0.10911782221037071, 1.5824752142525529], "97": [-0.1068293139229956, 1.304962169734911], "98": [-0.10079181350324777, 1.0728975879518867], "99": [-0.0932730339463252, 0.882605567951819], "100": [-0.08578334540227592, 0.7303303061009426], "101": [-0.07919151913287102, 0.6122145901242959], "102": [-0.07391709587625855, 0.5245484766690198], "103": [-0.0701149227332594, 0.46410337029615745], "104": [-0.06781283328157917, 0.42840294914304256], "105": [-0.06699784368940463, 0.41588849542529566], "106": [-0.0676612758530672, 0.42599858186806844], "107": [-0.06981361102316032, 0.4591934021434181], "108": [-0.07347360543846122, 0.5169372459145605], "109": [-0.07862819865915667, 0.6016282095545594], "110": [-0.08515297421896828, 0.7164453373728501], "111": [-0.09268192068016028, 0.8650883802638405], "112": [-0.1004278919774579, 1.051440131232452], "113": [-0.10698771673783429, 1.279286139145571], "114": [-0.11021208221811943, 1.5522828534705415], "115": [-0.10727232241784382, 1.874137345685413], "116": [-0.09517081694423207, 2.2481150056094275], "117": [-0.07223907491576063, 2.6732239351636102], "118": [-0.04103397657192066, 3.13422423538832], "119": [-0.009689193233194362, 3.5958424079274587], "120": [0.013447902211425238, 4.022208560503572], "121": [0.025535201913778803, 4.397371557749124], "122": [0.028153054194125275, 4.7201977244009825], "123": [0.0243244997807999, 4.994028551985596], "124": [0.016936620911897772, 5.2226285913324], "125": [0.008201919332956848, 5.409649121213374], "126": [-0.00041934951997876595, 5.558827635063984], "127": [-0.008094711367665335, 5.673985371234316], "128": [-0.014425928433069597, 5.758765282465091], "129": [-0.01926741784256333, 5.816298276851278], "130": [-0.022592689263569055, 5.848938470017725], "131": [-0.02441188680237962, 5.858103847431031], "132": [-0.024729912384968612, 5.844201110231068], "133": [-0.023535076720876714, 5.806606453274691], "134": [-0.0208149206048491, 5.743692409826636], "135": [-0.016603935373417384, 5.652915341633946], "136": [-0.011074019828269648, 5.530993950423735], "137": [-0.004677202517450097, 5.374195098074795], "138": [0.0016668603773484945, 5.1786747168460545], "139": [0.00638292123171078, 4.940714977582035], "140": [0.007143255642384821, 4.656685515717168], "141": [0.0010110458491107569, 4.322898668122011], "142": [-0.01487643926282899, 3.936581329177767], "143": [-0.04146774011232094, 3.5010653724971106], "144": [-0.0747913205128348, 3.036606226978433], "145": [-0.10596088912402145, 2.5812374735061536], "146": [-0.12770083340086244, 2.166879396798614], "147": [-0.13851528526793747, 1.8048375427754508], "148": [-0.14055389611721478, 1.494488247568846], "149": [-0.13689301733639658, 1.2322440654798257], "150": [-0.13027947905396628, 1.0143974688570128], "151": [-0.12274033286636307, 0.8373172648608271], "152": [-0.11556982973045289, 0.6972634879949806], "153": [-0.1094799249342996, 0.5904654338869287], "154": [-0.10479609421167382, 0.5134195292332167], "155": [-0.10162867948306956, 0.4632156666797823], "156": [-0.09999322759139542, 0.43777762862547126], "157": [-0.09988152894122146, 0.4360000734803787], "158": [-0.101294381722731, 0.4578076445608562], "159": [-0.10424435274673696, 0.5041598219227076], "160": [-0.10872928788811899, 0.5770034662193301],