{"0": [-2.1899048686829053e-07, 0.005128117763639134], "1": [-1.4515547801766352e-05, 0.0052607963154361614], "2": [-5.136018401799008e-05, 0.005602731705493242], "3": [-0.00011221827312841394, 0.006167524543162299], "4": [-0.000199510173398262, 0.0069776394924767286], "5": [-0.00031670736055519584, 0.008065298478587892], "6": [-0.00046847024783951147, 0.009473761686837112], "7": [-0.0006608330778718953, 0.011259047056261044], "8": [-0.000901443062717121, 0.013492156200955877], "9": [-0.0011998629600222725, 0.016261894456689876], "10": [-0.0015679485310226484, 0.01967839569317815], "11": [-0.0020203148230941736, 0.023877489314522014], "12": [-0.0025749078784252965, 0.029026078099004562], "13": [-0.003253701077762576, 0.035328731617986435], "14": [-0.004083537410324432, 0.04303574085896973], "15": [-0.005097139558787906, 0.052452924283828584], "16": [-0.0063343069521430515, 0.06395352079906773], "17": [-0.007843309409841022, 0.07799254412854416], "18": [-0.009682464354662359, 0.09512399205674481], "19": [-0.011921837490978193, 0.11602127687812605], "20": [-0.014644915544915076, 0.14150112315389624], "21": [-0.01794993062848729, 0.1725508847551469], "22": [-0.021950214857916997, 0.21035863441514785], "23": [-0.02677245007969254, 0.25634428313774815], "24": [-0.03255084675245549, 0.3121881580045828], "25": [-0.039414047467134374, 0.37985073982513506], "26": [-0.04745994457526484, 0.4615738769063581], "27": [-0.05671206193961745, 0.5598510978570712], "28": [-0.06705090797107023, 0.6773560663571861], "29": [-0.07811700832653692, 0.8168293540435255], "30": [-0.0891915908844843, 0.980948765696469], "31": [-0.09907606229945966, 1.1722405818317196], "32": [-0.10600777928810988, 1.393099929059751], "33": [-0.10766348610426506, 1.6459315583289003], "34": [-0.10132859195383846, 1.9332457510643388], "35": [-0.08439990885046264, 2.2571709885970663], "36": [-0.05556596370253506, 2.6172314892079087], "37": [-0.016876226100458143, 3.0053809968153855], "38": [0.024867733738615748, 3.4020465201736845], "39": [0.06091741381307745, 3.7828546304694624], "40": [0.08581047834850793, 4.1316959602696315], "41": [0.09875355506261041, 4.443567386547443], "42": [0.10166095609024306, 4.719296171093715], "43": [0.09728797491041263, 4.961322815381546], "44": [0.08829149831485823, 5.172165353241936], "45": [0.07685665897224565, 5.354211459322503], "46": [0.0645913715470785, 5.50987106144786], "47": [0.05255627720678547, 5.641693215584159], "48": [0.041364350605435744, 5.752352893976589], "49": [0.031304029264127564, 5.844545817703199], "50": [0.02245345733214414, 5.920860607427247], "51": [0.014769599638396642, 5.9836766387479985], "52": [0.00814950280381034, 6.035104469842946], "53": [0.0024683489070640354, 6.076964785622873], "54": [-0.002398987967000883, 6.110793989849604], "55": [-0.0065669260478828, 6.137864707394376], "56": [-0.01013436097897107, 6.159212491705079], "57": [-0.01318322335785389, 6.17566323309429], "58": [-0.0157786949014505, 6.187858183300608], "59": [-0.017970098226671973, 6.196275068885573], "60": [-0.019791918148840244, 6.201244660004599], "61": [-0.021264668270344938, 6.202962617173902], "62": [-0.02239545908636832, 6.201496630311027], "63": [-0.023178201946075058, 6.196788907742429], "64": [-0.023593428779486506, 6.188654042432164], "65": [-0.023607742571774164, 6.1767722288149685], "66": [-0.023172956867839514, 6.160677768641364], "67": [-0.022225055467899994, 6.139742837122148], "68": [-0.020683236253927043, 6.113156652707564], "69": [-0.018449542497005162, 6.079900616566122], "70": [-0.015410001743198645, 6.038720829512174], "71": [-0.011438883383815745, 5.988100878753529], "72": [-0.006408754910004689, 5.926240129073603], "73": [-0.00021049540766091815, 5.851045928722512], "74": [0.007210925903984301, 5.760151339875643], "75": [0.015798147564949582, 5.650970721070376], "76": [0.025295440632630638, 5.520798852562211], "77": [0.03513663584311716, 5.366939784705587], "78": [0.044321664782641705, 5.18682030378501], "79": [0.051313055382959674, 4.978019101321728], "80": [0.0539982974676314, 4.738167340123151], "81": [0.04978186313041281, 4.464799412525929], "82": [0.035928185559583395, 4.155516528582426], "83": [0.010427233400222244, 3.8093607993408303], "84": [-0.026250607343752792, 3.430734693843574], "85": [-0.06911804314563869, 3.034753924733218], "86": [-0.10955979402271454, 2.6455067459371433], "87": [-0.1403891409912992, 2.2834046592472292], "88": [-0.15914381067101177, 1.9573261856467787], "89": [-0.16695459189923884, 1.6680576850426745], "90": [-0.1664025130651623, 1.4134970709460346], "91": [-0.16024565618077888, 1.1910999982055361], "92": [-0.15087330736260743, 0.9984508936021703], "93": [-0.14011883948444315, 0.8331809086826917], "94": [-0.12924674356196397, 0.6928156689030428], "95": [-0.11903119198487422, 0.5747388022261879], "96": [-0.1098745034032123, 0.47626996651386533], "97": [-0.10192748631690489, 0.39479174418023905], "98": [-0.09518917115312897, 0.32786599790637], "99": [-0.08957861968983694, 0.2733113051360537], "100": [-0.0849813276121716, 0.22923913243383365], "101": [-0.08127658200793443, 0.1940588580419021], "102": [-0.07835219656134688, 0.16646402174029692], "103": [-0.07611160906068279, 0.14540985388650948], "104": [-0.07447671791997532, 0.13008884251572894], "105": [-0.0733885603944066, 0.11990836030599385], "106": [-0.07280706703657662, 0.11447251894667848], "107": [-0.07271058244290182, 0.1135693107394634], "108": [-0.07309551491051278, 0.11716350060224177], "109": [-0.07397627877789399, 0.12539543945574502], "110": [-0.07538555694892364, 0.13858582569653677], "111": [-0.07737478549887264, 0.15724632167975144], "112": [-0.08001459802946574, 0.18209571940342772], "113": [-0.08339470603328547, 0.21408090405554797], "114": [-0.08762225470868747, 0.25440100004457467], "115": [-0.09281698016872589, 0.30453156875607623], "116": [-0.09910040034761305, 0.36624334972686], "117": [-0.10657477594795899, 0.44160685133391153], "118": [-0.11528594636704867, 0.5329709907303197], "119": [-0.12516330071708506, 0.6429035955212811], "120": [-0.13593200617811846, 0.774088896882165], "121": [-0.1469997287558182, 0.9291975134014439], "122": [-0.15733354538498012, 1.110775914474719], "123": [-0.1653593535767903, 1.321224312772237], "124": [-0.16893048987891865, 1.562902509769921], "125": [-0.16543125912312776, 1.8382721919436618], "126": [-0.15214318363038035, 2.1496873235817144], "127": [-0.12715738614191893, 2.4978945851016268], "128": [-0.09118498204770195, 2.8779344181291493], "129": [-0.0495201173932462, 3.273928703788183], "130": [-0.010842412026516255, 3.661620155754032], "131": [0.01793428361035779, 4.021269494735957], "132": [0.03464588642808283, 4.344689377502621], "133": [0.0405706970828297, 4.6313947152057615], "134": [0.03832485705623552, 4.8835469195150125], "135": [0.030650284742250553, 5.103675541686015], "136": [0.019901367898637227, 5.294176962288974], "137": [0.007872997450009965, 5.457410683558089], "138": [-0.00420461812985275, 5.595845392060457], "139": [-0.015583569546284428, 5.71208599838803], "140": [-0.02587886865312302, 5.808789887527635], "141": [-0.03494911050899721, 5.8885388362731375], "142": [-0.042798548286296756, 5.953724038938704], "143": [-0.04950705199347224, 6.0064704802896385], "144": [-0.0551850372629057, 6.0486017603295], "145": [-0.059946932735249016, 6.081634876015574], "146": [-0.06389684499487464, 6.106792630296832], "147": [-0.06712155100545732, 6.12502378309561], "148": [-0.06968753867037338, 6.137024319481615], "149": [-0.07164006393593204, 6.143255877070259], "150": [-0.07300304381772883, 6.143959172168878], "151": [-0.07377914850622429, 6.139161350094697], "152": [-0.07394980474624092, 6.1286768105719815], "153": [-0.07347507549874618, 6.11210145584603], "154": [-0.07229362183787666, 6.088800678976717], "155": [-0.07032326444900824, 6.057891950424214], "156": [-0.06746313771724607, 6.018223795562788], "157": [-0.06359917964600922, 5.968354537652556],