{"0": [-9.844827828993453e-06, 1.1961222080446374], "1": [-0.0006357866158297179, 1.2156122189282708], "2": [-0.002090063570781413, 1.2652166006580785], "3": [-0.004001627291835052, 1.3452457430314473], "4": [-0.00573833639607107, 1.456129110444946], "5": [-0.006382256981566646, 1.5983397228892862], "6": [-0.004734583926344494, 1.7723012826012152], "7": [0.0006079116222018168, 1.978232021316088], "8": [0.011043898977604282, 2.2157834952610007], "9": [0.02754950495428498, 2.483215584612439], "10": [0.050025747676679874, 2.7759066308549847], "11": [0.07665925063146815, 3.0847297038490606], "12": [0.1040054425181122, 3.3962308847633085], "13": [0.12828060306112976, 3.696080233388216], "14": [0.14696032630373887, 3.973342721169368], "15": [0.15934368045379937, 4.221892303841381], "16": [0.16609052238868965, 4.439164692074006], "17": [0.16851337362555338, 4.624463666620876], "18": [0.16806077612164025, 4.777884348342152], "19": [0.16603632750349562, 4.89981304533059], "20": [0.16348001357672914, 4.9907202320354145], "21": [0.16114194289610373, 5.051056592192508], "22": [0.15949965837576588, 5.081175544208477], "23": [0.15878650005379977, 5.081270572576373], "24": [0.159010843670283, 5.051338809686054], "25": [0.15995650279713453, 4.991181584955625], "26": [0.16116414863313086, 4.900442219838239], "27": [0.16190318664997874, 4.778670759629969], "28": [0.16115402576464385, 4.6254041386552665], "29": [0.15763295234510938, 4.440272546280395], "30": [0.14990766091925317, 4.223206173759998], "31": [0.13667162223833046, 3.9749273892094825], "32": [0.1172492869992495, 3.6980050992900257], "33": [0.09229453772165502, 3.398518146206282], "34": [0.06426911424148281, 3.0873119033854155], "35": [0.03692877976646045, 2.778668412181916], "36": [0.013751201250022847, 2.4860870312998156], "37": [-0.003393429338761104, 2.2187682097923624], "38": [-0.014367955832175344, 1.9813689573790676], "39": [-0.02013670431968647, 1.7756277045194864], "40": [-0.02210362142960479, 1.6018785703128895], "41": [-0.02168554449669874, 1.4598919716270335], "42": [-0.020098227360818163, 1.349240909310731], "43": [-0.018277245526830778, 1.2694566341450535], "44": [-0.016871623167597927, 1.220118899802195], "45": [-0.0162678327789507, 1.2009285210805611], "46": [-0.01661638215819621, 1.2117619565403226], "47": [-0.017844730200259475, 1.25269497974399], "48": [-0.01965034002786283, 1.3239880005738867], "49": [-0.02147717155168108, 1.4260370236870297], "50": [-0.02248876949778756, 1.5593025977069364], "51": [-0.02156214600504285, 1.724223512525896], "52": [-0.017339973788412205, 1.921086486784551], "53": [-0.008396287393466425, 2.149741227820963], "54": [0.006410196010202624, 2.408931279623304], "55": [0.027342256681758152, 2.6949855980439135], "56": [0.053093108453699626, 3.000107966832543], "57": [0.08059282636134205, 3.3118344152673758], "58": [0.10599007226186924, 3.6156356098309677], "59": [0.12631610441535873, 3.8993810503932598], "60": [0.1403924655462263, 4.1556903331192885], "61": [0.14857730557442173, 4.381200394796116], "62": [0.15206206286825374, 4.57482968081023], "63": [0.1522897302016265, 4.736514046662166], "64": [0.15061636393194122, 4.866578295014621], "65": [0.14815602902875766, 4.965473068138174], "66": [0.1457347084329602, 5.0336539785308645], "67": [0.1438990754457071, 5.071500041671748], "68": [0.14294376978547832, 5.07924682060409], "69": [0.14293396623424195, 5.056942289895324], "70": [0.1437108989779116, 5.004437530396212], "71": [0.14487777869477117, 4.921415514225429], "72": [0.14577309288837448, 4.807449985800048], "73": [0.14544852312708006, 4.662081965771146], "74": [0.14268046233911014, 4.484916492313099], "75": [0.13605885478681418, 4.275794163612732], "76": [0.12421648951951991, 4.035192516950086], "77": [0.10627404943332747, 3.765122299133182], "78": [0.0825080819613467, 3.4706754154778796], "79": [0.054942790069303964, 3.161543723646919], "80": [0.027129243483125034, 2.851473903196274], "81": [0.0027526407870192655, 2.5545377238655362], "82": [-0.015884747520459187, 2.2810876211193536], "83": [-0.02827650421000573, 2.03674713298253], "84": [-0.03518689891864441, 1.8238014789689223], "85": [-0.037957937359532026, 1.6428318961097965], "86": [-0.03802466451099772, 1.493708543280232], "87": [-0.03665798582096099, 1.3760426772865386], "88": [-0.0348597942131748, 1.2893752423911715], "89": [-0.033343374303641427, 1.2332757748512235], "90": [-0.032552651180597365, 1.2074177889004896], "91": [-0.03268948398137186, 1.2116380560273186], "92": [-0.033730259320089176, 1.2459678815235877], "93": [-0.03542339892949401, 1.310626972982454], "94": [-0.037269001362129184, 1.4059813139899537], "95": [-0.038491595264195495, 1.5324761530698103], "96": [-0.03802774077269456, 1.6905535950754171], "97": [-0.03456292239581612, 1.8805364313046047], "98": [-0.02666876633416846, 2.102388564197528], "99": [-0.013111361814893405, 2.3551475581878156], "100": [0.00660459550930949, 2.635758972411285], "101": [0.031536809889875846, 2.937381140191339], "102": [0.058946010463206425, 3.2484231202326956], "103": [0.08502175910097208, 3.5544509056296456], "104": [0.10651270871563508, 3.8425663156579275], "105": [0.12186994499868581, 4.104409611112097], "106": [0.13119003668148396, 4.335930280787686], "107": [0.13554441767295375, 4.535694343168745], "108": [0.13635443200526268, 4.703485941353517], "109": [0.1350068449120342, 4.839568999784532], "110": [0.13266806849683466, 4.944371252482665], "111": [0.13022066108965516, 5.0183457393901545], "112": [0.12826390014863645, 5.061885041497254], "113": [0.1271390129535883, 5.07525181134593], "114": [0.12695349912996204, 5.058529648649716], "115": [0.12759020453801273, 5.011606818652042], "116": [0.12869677794595366, 4.93419812234281], "117": [0.12966072893178882, 4.82589886304135], "118": [0.12958541320926312, 4.686258491626394], "119": [0.12729370582108335, 4.514872119321056], "120": [0.12140017256215682, 4.3115323800419825], "121": [0.110511161943271, 4.076576152588094], "122": [0.09362794237539492, 3.8116761359671685], "123": [0.07078287722347708, 3.5212849107895545], "124": [0.04368268014027467, 3.2142601099825434], "125": [0.015678084212558063, 2.903822312804428], "126": [-0.009459325258462393, 2.6042889692641387], "127": [-0.029136494472174316, 2.3267940093399826], "128": [-0.04256451068459129, 2.0777031108383586], "129": [-0.05033952171977506, 1.8597523039257147], "130": [-0.053741194320126646, 1.6737365592347482], "131": [-0.0542073374519571, 1.5196155774602214], "132": [-0.05304342313716084, 1.3970370533969878], "133": [-0.05129708202189169, 1.3055548519634106], "134": [-0.04972744118825305, 1.2447363995261176], "135": [-0.04881981413501971, 1.2142402680584747], "136": [-0.048812704241252995, 1.213878216440268], "137": [-0.04971656852409626, 1.2436513247990448], "138": [-0.05131438430147567, 1.3037497583191244], "139": [-0.05314378713663423, 1.3945157854029988], "140": [-0.05447028495087542, 1.5163799964997433], "141": [-0.05427165738141713, 1.6697813336409502], "142": [-0.05126600431894582, 1.8550583635083704], "143": [-0.04403179404364245, 2.0722349059718987], "144": [-0.03128798736268865, 2.3205130069975786], "145": [-0.01240358456924898, 2.5972021106879724], "146": [0.01191054915302794, 2.8960650614306136], "147": [0.03915368622155943, 3.2061387722086865], "148": [0.0655882107155715, 3.513173311711758], "149": [0.08780766556133689, 3.803843853139653], "150": [0.10401639322659774, 4.069133803784947], "151": [0.11412002083530047, 4.304491079095199], "152": [0.11909390877308626, 4.508210161399953], "153": [0.1203344027035014, 4.679953226121585], "154": [0.11924294063032612, 4.819932951633626], "155": [0.1170181529785939, 4.9285555015838405], "156": [0.11457940640467744, 5.006267256572446], "157": [0.11256089905788508, 5.053465399310837], "158": [0.11133478027874587, 5.070426930569523], "159": [0.11103613107401085, 5.057256747499312], "160": [0.11157412702365355, 5.013867112853122], "161": [0.11262383437491667, 4.9399950142007585],