{"0": [2.7336601643986608e-05, 2.632932571495982], "1": [0.0018046618336865796, 2.6496901359880454], "2": [0.006320376282956161, 2.6916392628012717], "3": [0.01355485550471428, 2.7571855970206074], "4": [0.02338111326424354, 2.843594194130846], "5": [0.03545804472510148, 2.946813302146951], "6": [0.04915223342624053, 3.0614102423972125], "7": [0.06355172971210914, 3.1807971265409654], "8": [0.07760248414317905, 3.297832270651279], "9": [0.09031815140898226, 3.4056441442534635], "10": [0.10095494875762694, 3.498346406267282], "11": [0.10907196970996196, 3.571401601219008], "12": [0.11448039675712725, 3.6216415365908174], "13": [0.11713971731890616, 3.6471099323262677], "14": [0.11706000998136139, 3.6468878549241035], "15": [0.11424572491582177, 3.620990420497196], "16": [0.10869501710009459, 3.570365862924176], "17": [0.100454638574339, 3.4969966519503246], "18": [0.08971650538887466, 3.4040713147060977], "19": [0.07692109000949196, 3.2961393174169453], "20": [0.06280932646868545, 3.179090371399186], "21": [0.04836482490845102, 3.0597934642854665], "22": [0.03464119225859474, 2.945385175717296], "23": [0.022552084456407162, 2.8424461310414593], "24": [0.01273256038814662, 2.7563972189867387], "25": [0.005523077518980711, 2.6912720409867266], "26": [0.0010468159318350457, 2.64978146769778], "27": [-0.000683186017826965, 2.6334916974955838], "28": [0.00032143455647716155, 2.6429794372363213], "29": [0.0040613626611113885, 2.6778999027462573], "30": [0.01052971242042545, 2.736949821412407], "31": [0.019639762450934354, 2.8177352959470263], "32": [0.0311207667626657, 2.9165925438197986], "33": [0.044425667116589664, 3.02847542558238], "34": [0.05871351110275482, 3.147083822503767], "35": [0.07295220285287655, 3.2653621521133505], "36": [0.0861167823339688, 3.3762886053113634], "37": [0.09738454018468215, 3.473652544503493], "38": [0.10623071555248051, 3.5525265593198867], "39": [0.11240460415497375, 3.6093706789278492], "40": [0.11583437626422545, 3.641907326316374], "41": [0.11652329418499704, 3.648940232051559], "42": [0.1144798354570799, 3.6302265177637465], "43": [0.10970092195598032, 3.5864460252145887], "44": [0.10221179913011198, 3.519275018011546], "45": [0.09215309125779383, 3.4315433632616794], "46": [0.07988690710906071, 3.3274064511630144], "47": [0.06606955083951213, 3.2123917161558984], "48": [0.0516283387589373, 3.0931441589954893], "49": [0.037617100416810226, 2.976800518402979], "50": [0.02500596802219092, 2.8701643699961186], "51": [0.014514305304758024, 2.779015144688564], "52": [0.006560320836839145, 2.7077750698762446], "53": [0.001317942170262842, 2.6595083455165502], "54": [-0.0011785792654702087, 2.636083377450395], "55": [-0.0009397040349057614, 2.6383429625191126], "56": [0.002031316991071252, 2.6661996452320125], "57": [0.0077345778543816916, 2.7186282907559156], "58": [0.016114841729741185, 2.79355824231277], "59": [0.026963292703359606, 2.887699800395189], "60": [0.0398164469130365, 2.9963981553436017], "61": [0.05391159281375501, 3.113677011135944], "62": [0.06825448154012505, 3.23262971124424], "63": [0.08179799608681657, 3.3461489622995675], "64": [0.09364915523564371, 3.4477410909467245], "65": [0.10319818189351285, 3.5321003142376117], "66": [0.11012531466224469, 3.5953077505709112], "67": [0.11431926765986695, 3.6347525636719094], "68": [0.11577081527494863, 3.6489530723182906], "69": [0.11449088764920202, 3.6374078446350926], "70": [0.11047815517080174, 3.6005361877570556], "71": [0.10374338664186211, 3.539723327108948], "72": [0.09438499702808399, 3.4574580849171115], "73": [0.08269372249186815, 3.3575107263854873], "74": [0.06924071921682409, 3.2450313602880105], "75": [0.054886183134196326, 3.1263939705634205], "76": [0.040667089472828814, 3.008669032416526], "77": [0.0275958104952127, 2.898825080597431], "78": [0.016471086210416964, 2.802970190508069], "79": [0.0077927559566379504, 2.725912053452576], "80": [0.001793460124572569, 2.671078337066128], "81": [-0.0014638663204749782, 2.6406507810786084], "82": [-0.001984235088164637, 2.635743807920288], "83": [0.00022510727822260072, 2.6565248364155463], "84": [0.005166715810238741, 2.7022361972595133], "85": [0.012808806579301635, 2.7711137190052635], "86": [0.022995654056163037, 2.8602258054831617], "87": [0.03534250899533038, 2.965306975970378], "88": [0.049169075451876314, 3.0807310780006962], "89": [0.06353276134043166, 3.1997965352241144], "90": [0.07738127754299638, 3.315376687066605], "91": [0.08976254815544604, 3.4207434705262965], "92": [0.09998314562524546, 3.5102317477165323], "93": [0.10764835133754475, 3.5795404693268162], "94": [0.1125992769976223, 3.6257140554872525], "95": [0.11480773705836425, 3.646975926203293], "96": [0.1142843580955802, 3.6425633441525593], "97": [0.11103124435447416, 3.612640531304693], "98": [0.1050506048356681, 3.5583148640242266], "99": [0.09640731830355401, 3.4817515692544414], "100": [0.08532871122548176, 3.3863484037990372], "101": [0.0723028189544469, 3.2768713109611283], "102": [0.058114833087368145, 3.1593855484951687], "103": [0.043769015150927834, 3.040832917308288], "104": [0.030304325398519245, 2.928284888328529], "105": [0.01859123716868033, 2.828140316220689], "106": [0.009212981194430883, 2.745582937063865], "107": [0.0024681167012419614, 2.6844115477895922], "108": [-0.0015439216996401743, 2.647132713502108], "109": [-0.0028174621883430085, 2.6351397769741154], "110": [-0.0013625720694430184, 2.6488548711243127], "111": [0.00282250345261832, 2.687779445627121], "112": [0.009722323933060939, 2.750440573384625], "113": [0.019225399210625393, 2.8342478038479264], "114": [0.031019320377399132, 2.935317658937082], "115": [0.04450751299380853, 3.048391306292762], "116": [0.05881032960025536, 3.1670203870833995], "117": [0.07288704983215126, 3.284123960714971], "118": [0.08573977100528328, 3.3927943026193206], "119": [0.09659542216138281, 3.4870336964039783], "120": [0.10498005380967407, 3.56216052571587], "121": [0.11067933128682272, 3.6148642429258206], "122": [0.11363902667117884, 3.643062888403016], "123": [0.11386562917955413, 3.64572767420142], "124": [0.11136510518047496, 3.6227708507266208], "125": [0.10613584527779586, 3.5750329923770803], "126": [0.09821720892519756, 3.504372342162567], "127": [0.08778159195703654, 3.413829125576959], "128": [0.07523803850274752, 3.3077851850805557], "129": [0.061291810628575805, 3.1919687269905883], "130": [0.04690043422153606, 3.0731363780330443], "131": [0.03311309356458382, 2.958398631421128], "132": [0.020861857213514842, 2.854399949162164], "133": [0.01081274831490353, 2.7666837519646017], "134": [0.00333633690460183, 2.699424198142092], "135": [-0.0014235427370075846, 2.6554639024798266], "136": [-0.003444489966710994, 2.6364838668932475], "137": [-0.0027370628979699334, 2.6431629217650694], "138": [0.0006976793111872935, 2.675255603855715], "139": [0.0068545695370268445, 2.731566811388334], "140": [0.015657805738418525, 2.8098302024339117], "141": [0.02685985636850788, 2.9065330593050143], "142": [0.039946628521421196, 3.016792856612441], "143": [0.05410993619595021, 3.1344538031515254], "144": [0.06833640300818755, 3.252542529535505], "145": [0.08159709941544531, 3.3640307670886442], "146": [0.09304593834459782, 3.462622685762326], "147": [0.10212740654279093, 3.5432634404526273], "148": [0.10856450829496894, 3.6022794023016216], "149": [0.11226949538240676, 3.637272250188673], "150": [0.11323992865090969, 3.6469406452860484], "151": [0.11148486454557577, 3.6309457507259606], "152": [0.1070024155033939, 3.5898701716632426], "153": [0.09981360075907413, 3.525280452981016], "154": [0.09004448732226536, 3.4398755123575895], "155": [0.07803088862893491, 3.3376586786081686], "156": [0.06439602359908012, 3.22400173561945], "157": [0.05003896065334192, 3.1054269673729107], "158": [0.03600276092234144, 2.989020306335462], "159": [0.023268821966214992, 2.8816204508823486], "160": [0.012582861931309808, 2.7891068096236986], "161": [0.004392098163324929, 2.716028769183877],