{"0": [1.4806035263018868e-05, 5.142530214837323], "1": [0.0009593626241272641, 5.123151265161812], "2": [0.0031847993433438446, 5.073836661676922], "3": [0.00621486975468763, 4.994292560197505], "4": [0.00923367046332781, 4.884095464851517], "5": [0.011045317619395237, 4.742724449493205], "6": [0.010061809395413228, 4.56957453649275], "7": [0.00436467419217503, 4.363990236938322], "8": [-0.008084349397561058, 4.125480690428933], "9": [-0.028953318869909307, 3.8544890127614098], "10": [-0.058615214219337554, 3.5542489947729328], "11": [-0.09494087826010872, 3.2335804490728655], "12": [-0.13296010366315156, 2.90788258245946], "13": [-0.16680218085433846, 2.5946381300769654], "14": [-0.19257708681925292, 2.30663215202913], "15": [-0.2093363548951013, 2.049928824516252], "16": [-0.21815577494837188, 1.8261952721000592], "17": [-0.2209643812983207, 1.635270249173029], "18": [-0.21980855392446, 1.4765085673947824], "19": [-0.2164988360180084, 1.3492501804581476], "20": [-0.21247507862111528, 1.2529223334304274], "21": [-0.2087834406427631, 1.1870500099932864], "22": [-0.20610494669475765, 1.1512733157834512], "23": [-0.20479767507168323, 1.1453816451802907], "24": [-0.20492765446349187, 1.1693433284686143], "25": [-0.20627482651676074, 1.2233107417170146], "26": [-0.20831170942360136, 1.307596814683839], "27": [-0.21016375631420114, 1.4226371163889853], "28": [-0.21057178729913362, 1.568960877481543], "29": [-0.20788882477924325, 1.747178983729039], "30": [-0.20016041937221396, 1.9579351966988414], "31": [-0.18537098730083298, 2.201630348331903], "32": [-0.16199610496254208, 2.4775085430707526], "33": [-0.13000046134680315, 2.7815944696244537], "34": [-0.0920081487379716, 3.103929976017926], "35": [-0.05332181330240879, 3.4283296503774174], "36": [-0.019641248921821897, 3.7377163227297943], "37": [0.005642955548300123, 4.020460756414232], "38": [0.022004911833750324, 4.271430440803477], "39": [0.030728626192191813, 4.48939582454214], "40": [0.033795736985677956, 4.67464912180982], "41": [0.03322584145792985, 4.827846761801309], "42": [0.030769867695226938, 4.949629682236036], "43": [0.02779932149344323, 5.040548505521953], "44": [0.025294842343493752, 5.101055053447343], "45": [0.023878771458974136, 5.1314816286704605], "46": [0.023856345481114993, 5.1320064031525], "47": [0.025242571658810307, 5.102627416090929], "48": [0.027763117927351668, 5.04316288713882], "49": [0.030828891705569357, 4.953278482911184], "50": [0.033495392896770254, 4.832524766929243], "51": [0.03442936195803898, 4.680362217687959], "52": [0.031917620999264956, 4.496173518868748], "53": [0.0239718335861661, 4.279336534804178], "54": [0.008621138973484573, 4.029584910309935], "55": [-0.015457508485284538, 3.74810936409539], "56": [-0.04786400274105351, 3.4398493838994213], "57": [-0.085396233415286, 3.1161008895562747], "58": [-0.12245164346082232, 2.7937588747112243], "59": [-0.15362802584894567, 2.489194905074876], "60": [-0.17612617832857086, 2.212677966193867], "61": [-0.1898680237872169, 1.9683620747394879], "62": [-0.19634073335063293, 1.7570493533752123], "63": [-0.1975660071195098, 1.5783302583516572], "64": [-0.1955232754625912, 1.4315446135816894], "65": [-0.19189142261579567, 1.3160740264798365], "66": [-0.1879628106650552, 1.2313925025343262], "67": [-0.1846434501269699, 1.1770748034020684], "68": [-0.18248907413332535, 1.1528207889876398], "69": [-0.18174446261053134, 1.158489685318839], "70": [-0.18236534893086404, 1.1941213318140294], "71": [-0.18401354617470952, 1.2599297541410657], "72": [-0.18602733625181317, 1.3562723442622564], "73": [-0.1873806233359493, 1.4836138960307839], "74": [-0.18665586551786179, 1.642506046302642], "75": [-0.18206889156396464, 1.8335713411451855], "76": [-0.1716055114673332, 2.0573925215403297], "77": [-0.15337378650028977, 2.314034447467759], "78": [-0.12632945598961262, 2.601705457938794], "79": [-0.0914214545174419, 2.9142386400298768], "80": [-0.05249257482133945, 3.2388458146062438], "81": [-0.015356248256415371, 3.558134140040219], "82": [0.015037775102201499, 3.8568012371338867], "83": [0.03655760581341023, 4.12610024601285], "84": [0.049575367306308224, 4.362850750666595], "85": [0.05576275553554586, 4.5666424586311], "86": [0.05716276210084998, 4.7379803632676065], "87": [0.055698922005979846, 4.877519390739083], "88": [0.05296523460250761, 4.9858520527081405], "89": [0.0501646099714352, 5.063477137120559], "90": [0.04812006821274586, 5.110789460669908], "91": [0.04731337910733271, 5.128052010112757], "92": [0.047921391432305734, 5.115363195067606], "93": [0.04983196743672013, 5.07264157228603], "94": [0.05263279528966534, 4.999638842148624], "95": [0.0555778243371571, 4.895973546987229], "96": [0.05754756387903573, 4.761164235207923], "97": [0.057031146444972855, 4.594645675579544], "98": [0.05217234532189532, 4.395794543162394], "99": [0.040947718817013784, 4.164098024774401], "100": [0.02159515190447452, 3.8997929435471494], "101": [-0.006549249285675363, 3.6054945817219077], "102": [-0.041863717020201564, 3.2888911753220724], "103": [-0.07984321508803037, 2.9643224147800424], "104": [-0.11461877619379882, 2.6493086207842285], "105": [-0.14186129940687664, 2.3576936483798026], "106": [-0.16015431573583797, 2.096609813061445], "107": [-0.1702984975253334, 1.8683205915066634], "108": [-0.17411951158360967, 1.6728999608513115], "109": [-0.17365796171314882, 1.5097742276922146], "110": [-0.17076419328524556, 1.3783029416451043], "111": [-0.1669345371663045, 1.2779225043298752], "112": [-0.16327290158213198, 1.2081641568551633], "113": [-0.1605117956800115, 1.1686679279719125], "114": [-0.15905217744178388, 1.1592133590827067], "115": [-0.15899545603770057, 1.1797491845724422], "116": [-0.16015246461836846, 1.2304014313706377], "117": [-0.162025648254533, 1.3114537844702765], "118": [-0.16377224494439363, 1.423312220687795], "119": [-0.1641677656380683, 1.5664760874130452], "120": [-0.16160104706766182, 1.7415248236617988], "121": [-0.15414840219344705, 1.9490720969606063], "122": [-0.13980604616875988, 2.1895098160422357], "123": [-0.11701514232390783, 2.4621515983113635], "124": [-0.0856212346775941, 2.763268501239254], "125": [-0.048040390523657446, 3.0833559403757196], "126": [-0.00939349972476779, 3.4066248793977896], "127": [0.024616429194809192, 3.71595488314895], "128": [0.05043954901949097, 3.999318968731854], "129": [0.06738542676337553, 4.251202196188783], "130": [0.0766390271863549, 4.470156211201104], "131": [0.08014016974876435, 4.656375378400209], "132": [0.07990011849095413, 4.81047404928383], "133": [0.07767808184396557, 4.9330698482347355], "134": [0.07486051749726336, 5.024694762192696], "135": [0.07244379504296658, 5.0857842254730565], "136": [0.07106326396265575, 5.116658255220004], "137": [0.07103258268729505, 5.117489152120725], "138": [0.07236992847307401, 5.088276717821743], "139": [0.07479913439262759, 5.028848348448318], "140": [0.07772530935535822, 4.9388848160299235], "141": [0.08019608018429125, 4.817955534418621], "142": [0.08087116971124095, 4.665542036450532], "143": [0.07803562582586963, 4.4810521288138485], "144": [0.06971139621488523, 4.263902973327698], "145": [0.053960826116187806, 4.013906741130743], "146": [0.029531352648989217, 3.732413473267787], "147": [-0.0030661566894370565, 3.424625570134637], "148": [-0.04052756161518694, 3.102100460416272], "149": [-0.07725826069632506, 2.781743924725971], "150": [-0.10799216371662321, 2.479635413114341], "151": [-0.13008053125722785, 2.205722971471454], "152": [-0.14352742858784645, 1.9639973344959567], "153": [-0.14983929742424298, 1.7552260360766783], "154": [-0.15102428487831548, 1.5790185972105182], "155": [-0.14903585557140342, 1.434746131262085], "156": [-0.14552443841686433, 1.32182059462984], "157": [-0.14175550842716844, 1.2397441586704336], "158": [-0.13861056855410794, 1.188118745980417], "159": [-0.13662196739102322, 1.1666701007037767], "160": [-0.13600968991164514, 1.1752797149175098], "161": [-0.13670028301652706, 1.2140027630081607],