{"0": [9.996391717276487e-06, 5.134264256210283], "1": [0.0006473200727006035, 5.114486914865513], "2": [0.0021447025022383642, 5.06411922445992], "3": [0.004167632594210336, 4.98276809184233], "4": [0.006138969121172858, 4.86988811379291], "5": [0.007207850627920223, 4.7248784258613705], "6": [0.0062454498153564405, 4.547199305469081], "7": [0.0019099973346585765, 4.336548812123262], "8": [-0.007157648435138326, 4.093239020361372], "9": [-0.021932124326759676, 3.8190377656255934], "10": [-0.04236913537987888, 3.5186928690247075], "11": [-0.06677693024479596, 3.2016085237896066], "12": [-0.0918831990333207, 2.881678319101421], "13": [-0.11407887714288478, 2.5737262819885234], "14": [-0.13096779353999313, 2.2890759941291243], "15": [-0.14191277111412098, 2.0340730513174767], "16": [-0.14758179009790418, 1.8113661457584913], "17": [-0.14925668308636011, 1.6216483838825964], "18": [-0.14833143786712988, 1.4647624245712287], "19": [-0.14604354793651592, 1.3402188604857834], "20": [-0.14336618050568262, 1.2474229026433543], "21": [-0.14099129101166635, 1.1858015981888566], "22": [-0.1393541688270385, 1.1549041298956289], "23": [-0.1386665089195612, 1.1544821194812782], "24": [-0.13893801155116337, 1.1845356983914732], "25": [-0.13997707991733307, 1.2453136161394294], "26": [-0.14137037227857316, 1.3372669301166078], "27": [-0.142450144288052, 1.4609673144090742], "28": [-0.1422688642588659, 1.617004316789234], "29": [-0.13961337877871818, 1.8058563596966586], "30": [-0.13310704358721165, 2.027667390375825], "31": [-0.12146774580901218, 2.2817449980914186], "32": [-0.10399338224488261, 2.5654922965438183], "33": [-0.081242370872467, 2.8727053271160354], "34": [-0.055515014020049235, 3.1922518387012175], "35": [-0.030381939228357222, 3.509389361926476], "36": [-0.00917076786456562, 3.81011174303851], "37": [0.006334011668419674, 4.084833755158941], "38": [0.016022228870117155, 4.328689973883716], "39": [0.020843372020438542, 4.539870190724515], "40": [0.022159302388280046, 4.71805678260662], "41": [0.021328695186987597, 4.863554078985005], "42": [0.019502885749366032, 4.976900671689745], "43": [0.017556082758263702, 5.058691413406815], "44": [0.01608719479168595, 5.109463189017984], "45": [0.015450061383643058, 5.1296007555215795], "46": [0.01578399118739774, 5.1192668468202305], "47": [0.017028504465214162, 5.078371554120233], "48": [0.018916163943547292, 5.006589186508619], "49": [0.02094642616589415, 4.9034186806978], "50": [0.022353011359993315, 4.768273902055972], "51": [0.022088569500352956, 4.600593027467335], "52": [0.018864245440138473, 4.399988941253064], "53": [0.011299371013951422, 4.166545107666294], "54": [-0.0017452745273050393, 3.9014880788584003], "55": [-0.020596296246183244, 3.608509086006469], "56": [-0.04408842701383854, 3.2955278204172282], "57": [-0.06934424837534041, 2.9753203386141145], "58": [-0.09268926648095945, 2.6629175566091092], "59": [-0.1112647712438412, 2.3709749177845456], "60": [-0.12393481496612793, 2.107245945257087], "61": [-0.13105441340581234, 1.875280944494289], "62": [-0.13378362192406043, 1.6762134747442163], "63": [-0.13351620604693273, 1.5100741650900549], "64": [-0.13154910282339058, 1.376450244402601], "65": [-0.12893540031452744, 1.2747723376080233], "66": [-0.12644639744903916, 1.2044593305334255], "67": [-0.12458757441888504, 1.1650237514941424], "68": [-0.12363123546405809, 1.1561584599347652], "69": [-0.1236423802055285, 1.1777935058861377], "70": [-0.12448553608544437, 1.2301094910338053], "71": [-0.12580980743462858, 1.3135035468667315], "72": [-0.1270185027830562, 1.4285161375177406], "73": [-0.12723982657355282, 1.5757334054133467], "74": [-0.1253272567970754, 1.7556680489220708], "75": [-0.11993332034939543, 1.968572207352407], "76": [-0.10971944119950895, 2.2140328453891973], "77": [-0.09377672305674992, 2.490078517377422], "78": [-0.07227124467928142, 2.7916122387133697], "79": [-0.04704005989489308, 3.1088109701244555], "80": [-0.021428835740891092, 3.4275633369962537], "81": [0.0010227350988613734, 3.733237703182034], "82": [0.01807389813773361, 4.01494543700396], "83": [0.029222521071974327, 4.266715407168076], "84": [0.035207490330030025, 4.486105900250586], "85": [0.03732869344456223, 4.672508478616438], "86": [0.03696839135632494, 4.826105333578497], "87": [0.03533967958196986, 4.947385822146054], "88": [0.033388474981386376, 5.036932727565262], "89": [0.03178118447646469, 5.095298623674354], "90": [0.03093029835413446, 5.122907594654724], "91": [0.031026314559572575, 5.119978331892585], "92": [0.032057063144550535, 5.086482959847422], "93": [0.033805952799616686, 5.02215222770308], "94": [0.03582988769140376, 4.926526147897766], "95": [0.037426985146246365, 4.799038205647959], "96": [0.03761506335703788, 4.639120020378712], "97": [0.035155016102208995, 4.446337403696828], "98": [0.028669812517770787, 4.2206384914259525], "99": [0.016929007932246526, 3.9629148385582122], "100": [-0.0006349978321951114, 3.6761602856809685], "101": [-0.023243914085146727, 3.3672049947338807], "102": [-0.048381114433716454, 3.047804236127342], "103": [-0.07242805398702772, 2.732843565971756], "104": [-0.09222854267555855, 2.4358429473860688], "105": [-0.10624680550231191, 2.165690218005653], "106": [-0.11455417495877443, 1.9267424618991427], "107": [-0.11818218625205315, 1.7205523155610984], "108": [-0.11850419886160182, 1.5473353919064317], "109": [-0.11685356867776804, 1.4067564464610471], "110": [-0.11434213721217629, 1.2982761763580104], "111": [-0.11180287493733605, 1.2213156164854517], "112": [-0.10979702227202093, 1.175366542805603], "113": [-0.10864493937166665, 1.1600822798937198], "114": [-0.10845443311281591, 1.1753418816213639], "115": [-0.1091320131422826, 1.2212732426770843], "116": [-0.11037238047194321, 1.2982287860892858], "117": [-0.1116305996325159, 1.4067195450045746], "118": [-0.11209128217241782, 1.5473218034400302], "119": [-0.11066080551483447, 1.7205636115388816], "120": [-0.10602298004910787, 1.9267580449191297], "121": [-0.09681681829710773, 2.1656578935440174], "122": [-0.08201083441506904, 2.4356808079428522], "123": [-0.06151086767369188, 2.7324674792949075], "124": [-0.0368061061075912, 3.0471756305310747], "125": [-0.011011802996064073, 3.3663432167985703], "126": [0.01224957122887885, 3.6750860638359155], "127": [0.030420387395765427, 3.9616036724789696], "128": [0.04268432568091804, 4.219037163800745], "129": [0.049592826325506344, 4.444397773453597], "130": [0.05237781327803733, 4.6368133849311475], "131": [0.05242708700966085, 4.79635239065439], "132": [0.050994445989225215, 4.923456074185277], "133": [0.04907784194412378, 5.018690474317108], "134": [0.047394448908171814, 5.082612988015847], "135": [0.046401356558330414, 5.115670969154833], "136": [0.04632757918250525, 5.11812042747399], "137": [0.04719627066715707, 5.089977718073802], "138": [0.04882686768612116, 5.03101629578902], "139": [0.050816308913510286, 4.940809808534109], "140": [0.05250780098058833, 4.818811263155735], "141": [0.05296617116987601, 4.664454362262177], "142": [0.05099156147857583, 4.477281751323672], "143": [0.045219150013658164, 4.257165941073167], "144": [0.03437174524356307, 4.004802002197502], "145": [0.017736016948048276, 3.7227538714157813], "146": [-0.004166567402263999, 3.4171290005842874], "147": [-0.029093818768273483, 3.098907874075996], "148": [-0.05352252038477498, 2.7827142994183283], "149": [-0.07412905575468405, 2.4825604949872466], "150": [-0.08909623671989368, 2.2081373975056575], "151": [-0.09827418054561109, 1.9644289797190169], "152": [-0.10258341649837054, 1.7533322092096073], "153": [-0.103369894899201, 1.575220238795639], "154": [-0.10198592849670172, 1.4298258979256961], "155": [-0.09958211498940475, 1.316638883153743], "156": [-0.09703447038351459, 1.2350879359852025], "157": [-0.09494401798089246, 1.1846558071915778], "158": [-0.09366544248786934, 1.1649726073798552], "159": [-0.09333655120582987, 1.1758844766256504], "160": [-0.09389234547146749, 1.2174830978375217],