{"0": [-6.7253518453310354e-06, 4.44699931396129], "1": [-0.00046987399311157946, 4.410802654390433], "2": [-0.0018864946955314099, 4.319275115384749], "3": [-0.0048564362149755985, 4.1735121846274605], "4": [-0.010189616745077297, 3.9758915001918784], "5": [-0.018588795061683247, 3.731271226735684], "6": [-0.030131418045099667, 3.4490369983464015], "7": [-0.043768965049125315, 3.145091574702877], "8": [-0.05743085851959802, 2.840892690722652], "9": [-0.06901513439905735, 2.558010317198075], "10": [-0.07741356185929314, 2.312555396322529], "11": [-0.08266477183208724, 2.1140500431162366], "12": [-0.08546555788730291, 1.9673983010437235], "13": [-0.08664255912297712, 1.8749804326999833], "14": [-0.08682394524156448, 1.8378841971653124], "15": [-0.08628757586156753, 1.8564686713972376], "16": [-0.0849137111667434, 1.9305443994299432], "17": [-0.0822060073454073, 2.0592803012248], "18": [-0.07739811918565162, 2.2407882528688052], "19": [-0.06970885836612335, 2.471164513425811], "20": [-0.058802808160440805, 2.7426985883366286], "21": [-0.04534366007835503, 3.0416463691183875], "22": [-0.03114858178050895, 3.347910859646847], "23": [-0.018439870601378826, 3.6392556256906428], "24": [-0.008698525417697294, 3.8975158109927355], "25": [-0.002210545792530663, 4.111239423701327], "26": [0.0015755686161889018, 4.27432535557705], "27": [0.003488836274655335, 4.383768598468972], "28": [0.004240897246981768, 4.438156636972579], "29": [0.004226998286514144, 4.43693377411571], "30": [0.0034521266609915716, 4.380120984647993], "31": [0.0015314223359793966, 4.268325795106241], "32": [-0.0022347228491417276, 4.1030425901562255], "33": [-0.008659790666074916, 3.887408632088403], "34": [-0.018275434602598947, 3.6277197189234287], "35": [-0.03077535344148878, 3.3356588471712296], "36": [-0.04466669721234793, 3.0295631332181454], "37": [-0.057729857459733525, 2.7316715487824483], "38": [-0.06816238371333852, 2.4619097869956432], "39": [-0.07531981191185828, 2.233784704620651], "40": [-0.0795543582600074, 2.054803492052369], "41": [-0.08165918993225772, 1.9287311199833717], "42": [-0.08240928130859809, 1.8573698818386006], "43": [-0.08230848548705162, 1.841496688773442], "44": [-0.08148437668616205, 1.8812574673671365], "45": [-0.07966828646893101, 1.9762394744592233], "46": [-0.07624430380434764, 2.1252691854666743], "47": [-0.0704040705949758, 2.3258241188041637], "48": [-0.06147769109491949, 2.57278049770651], "49": [-0.04945890339316391, 2.856332960940763], "50": [-0.035479598075637456, 3.160127484322824], "51": [-0.02163996126913015, 3.46255484116879], "52": [-0.009984270662449187, 3.7423653894084272], "53": [-0.0015285253027399162, 3.9839699999621265], "54": [0.0038282112921256602, 4.1782511384793795], "55": [0.006800295978992558, 4.320527501255138], "56": [0.008201670831234941, 4.40852647194226], "57": [0.008633489888021593, 4.441216303975485], "58": [0.008342020640001077, 4.418278458129521], "59": [0.007176943757532672, 4.339949871086019], "60": [0.004618027692514206, 4.207138061979246], "61": [-0.00010848010094619887, 4.021870756309855], "62": [-0.007759218394492966, 3.788312911235946], "63": [-0.018599263563284712, 3.514618860026263], "64": [-0.03186315810872139, 3.2150952510804403], "65": [-0.04566831281974783, 2.910184775153617], "66": [-0.05782883341307173, 2.6219181043521256], "67": [-0.06696934557085822, 2.3678716063955143], "68": [-0.07289399153058891, 2.1589516439174283], "69": [-0.0761917721398841, 2.0009299643171095], "70": [-0.07768678580026869, 1.8966471951238026], "71": [-0.0780633279511116, 1.8474335427552], "72": [-0.07768070568008012, 1.8537929066375043], "73": [-0.07650706426603489, 1.9156533713888715], "74": [-0.07412590801183627, 2.032332744842026], "75": [-0.06982070953293297, 2.202204410982133], "76": [-0.06279195397094162, 2.421882350886752], "77": [-0.052571767902318385, 2.6846261612951765], "78": [-0.03957846470304083, 2.9781158512767734], "79": [-0.025405374257368732, 3.283475302963873], "80": [-0.01227011061387365, 3.5784864251452095], "81": [-0.0018683030652447848, 3.8438145419068515], "82": [0.0052734050211922425, 4.066636730582429], "83": [0.009570408254937976, 4.239906041870309], "84": [0.011823729088829312, 4.360098040522099], "85": [0.012783460144238446, 4.4255291989987695], "86": [0.012914416848906853, 4.435490397840769], "87": [0.01230160670598996, 4.389892204303153], "88": [0.010637255900201403, 4.289220905076577], "89": [0.007278953178020213, 4.134774315676953], "90": [0.0014204702819965252, 3.929307033499992], "91": [-0.007555167524270173, 3.678371534076783], "92": [-0.019540391076540334, 3.392447101624221], "93": [-0.03327334779206234, 3.0885947937054703], "94": [-0.046612346663808715, 2.7886374542991175], "95": [-0.057605791393465416, 2.513311956229522], "96": [-0.06537872080554014, 2.277409127445977], "97": [-0.07012564640375811, 2.089435135823345], "98": [-0.07258722318348507, 1.953731851153539], "99": [-0.0735585294446331, 1.872403571965461], "100": [-0.07360028635841864, 1.8463919829934234], "101": [-0.07291121366460501, 1.8759506242738382], "102": [-0.07129483814941358, 1.9607687992462628], "103": [-0.06819509256302365, 2.099822179514666], "104": [-0.06282804082108728, 2.2908690113890424], "105": [-0.054476235879952865, 2.5293419066471006], "106": [-0.04298271261752131, 2.806408290028597], "107": [-0.02926356303592926, 3.1069276334341103], "108": [-0.015289861620987185, 3.409988438162038], "109": [-0.0031850859978984794, 3.693909162197294], "110": [0.005830376121083747, 3.941977804465134], "111": [0.011687257482361572, 4.144061378100879], "112": [0.015025296509932274, 4.294851311103523], "113": [0.016660098029653563, 4.391741242157167], "114": [0.017236379159935925, 4.433521456390698], "115": [0.017061920980883778, 4.41976547561794], "116": [0.016052208988886523, 4.3506211638630115], "117": [0.013746018574261375, 4.226881198962093], "118": [0.009404403332375659, 4.050368472121315], "119": [0.0022516890493942143, 3.8248399416728804], "120": [-0.008083620875589783, 3.5576936427332044], "121": [-0.021022120623881084, 3.2621627335838252], "122": [-0.034837407516556375, 2.957837842193491], "123": [-0.04732984241956144, 2.666827303194428], "124": [-0.05695902846974489, 2.407606699630123], "125": [-0.06335730887091502, 2.192068006108213], "126": [-0.06702102835088626, 2.0266466515716877], "127": [-0.06875819411283333, 1.914547045589888], "128": [-0.06928305825470882, 1.8572913574308105], "129": [-0.06900626365365466, 1.8554938131553718], "130": [-0.06795432456516813, 1.9091630935925068], "131": [-0.06576640658556976, 2.017707073654888], "132": [-0.06176588811526223, 2.1796479950723886], "133": [-0.05515439907015818, 2.391893290785541], "134": [-0.04539530992949862, 2.6482702203747515], "135": [-0.0327577121790965, 2.937352909001997], "136": [-0.01867377239794778, 3.2411547365075], "137": [-0.005321455849001169, 3.537669916251247], "138": [0.005486346233746442, 3.806927642021775], "139": [0.013061239971350756, 4.035200532115358], "140": [0.01771367751821213, 4.214763063102201], "141": [0.02021249139857382, 4.3417020329081435], "142": [0.02132423945800576, 4.414128478809662], "143": [0.02155456371993435, 4.431219497622682], "144": [0.02103869184213934, 4.392810417460493], "145": [0.01951939719684551, 4.2993152410472355], "146": [0.016395276436138688, 4.151923958197118], "147": [0.010874363840397973, 3.9531843238643245], "148": [0.0023008442829830374, 3.7082371200663444], "149": [-0.009329033585161097, 3.4268560924172444], "150": [-0.022902257937269615, 3.125267450678729], "151": [-0.03635330276056878, 2.82488129399142], "152": [-0.04766321359794195, 2.5467991156772527], "153": [-0.05581625339534855, 2.306585758698407], "154": [-0.06089692198212068, 2.113412179587483], "155": [-0.06360035678825186, 1.9720247125295596], "156": [-0.06472527078401753, 1.8847443028856778], "157": [-0.06486262455351402, 1.852629923563705], "158": [-0.06425275546611256, 1.876006956392883], "159": [-0.0627434069219367, 1.9546242229057054],