{"0": [-2.750900773171682e-05, 0.9737260999369146], "1": [-0.0017938387518547164, 0.9930797939308176], "2": [-0.006064874614817017, 1.042339834586019], "3": [-0.012242663431952436, 1.1218157582115], "4": [-0.019276748339920487, 1.2319509992409148], "5": [-0.025579132630267457, 1.3733239650046298], "6": [-0.02895742643042023, 1.5467439574809767], "7": [-0.026604562576013246, 1.7534524820711217], "8": [-0.015207204422087008, 1.9953175312405522], "9": [0.00866136478427804, 2.2746134411616583], "10": [0.04742213652325744, 2.592294213398684], "11": [0.09997812787102946, 2.942959478024434], "12": [0.1588394175885955, 3.3082879979816764], "13": [0.212301746494134, 3.6611256448455958], "14": [0.25214839004172035, 3.9817827812255278], "15": [0.27673548992958713, 4.26392543390104], "16": [0.28831719652048754, 4.5083004507101565], "17": [0.29033485403245807, 4.71725427710939], "18": [0.2861717613974632, 4.892761157114173], "19": [0.2787175446025985, 5.03613406849435], "20": [0.27024721678784003, 5.1482124752731115], "21": [0.26242616008282227, 5.229575438712603], "22": [0.25637356404173933, 5.2806527762814595], "23": [0.2527461232037771, 5.301738083998852], "24": [0.2518094907827003, 5.292956555913009], "25": [0.2534727263024476, 5.254241435719058], "26": [0.25727433151548224, 5.185345901401204], "27": [0.2623244080010029, 5.0858796308955965], "28": [0.26722266026412994, 4.955325589741421], "29": [0.2699828850034934, 4.792979014077985], "30": [0.2680002439423238, 4.597777311263655], "31": [0.2581112041882754, 4.368081493458499], "32": [0.2368638470601405, 4.101690117649797], "33": [0.2013283115550805, 3.7968984209172083], "34": [0.1511040232006167, 3.4562907135917063], "35": [0.09144658737014759, 3.093594233172391], "36": [0.033381395897840914, 2.734573798951391], "37": [-0.013044424812498418, 2.4028206221130346], "38": [-0.04420529486385522, 2.1086015896932753], "39": [-0.061446139869300136, 1.8527146900705083], "40": [-0.06800543610147444, 1.6330136752815172], "41": [-0.06734673786857034, 1.4473464421711306], "42": [-0.06253407746809707, 1.2942113730047793], "43": [-0.0560392798296937, 1.1726537540262056], "44": [-0.04971587521109282, 1.08203952359155], "45": [-0.04484740520802269, 1.0219080290353193], "46": [-0.042227057515645296, 0.9919309512853115], "47": [-0.04223469943675251, 0.9919345866611039], "48": [-0.0448835678071371, 1.0219287601832117], "49": [-0.04982078150620559, 1.0821059315640063], "50": [-0.05628146092432264, 1.1728099874091895], "51": [-0.06301207896147663, 1.2945104533458696], "52": [-0.06819117292856072, 1.447838789353199], "53": [-0.06938235837163498, 1.633729652267491], "54": [-0.06356354964702268, 1.853638969584656], "55": [-0.0473227965610994, 2.1096360076275325], "56": [-0.01747498384799343, 2.4037430732634677], "57": [0.027318012708505146, 2.735056502967103], "58": [0.08355456201444234, 3.093390260501124], "59": [0.14135810564513832, 3.4553736651109634], "60": [0.1896734059916542, 3.795224304094784], "61": [0.22311788025652973, 4.099089331833728], "62": [0.24204973410408867, 4.364385890566529], "63": [0.24941692496369913, 4.5928770453626635], "64": [0.24870047476683296, 4.786810184887754], "65": [0.2430896155845642, 4.94784649258985], "66": [0.2352120459528691, 5.077049797061451], "67": [0.22707624974505725, 5.175108236193421], "68": [0.22010443466871593, 5.242508312038523], "69": [0.21520622685711666, 5.279601837018338], "70": [0.21285789676681063, 5.286596236620773], "71": [0.21315742402506868, 5.263524634447713], "72": [0.2158362609843405, 5.210238712609632], "73": [0.22022378125431474, 5.126433756199647], "74": [0.22517657750084139, 5.011677908058118], "75": [0.22899838394407257, 4.865391977992134], "76": [0.22938443439018893, 4.686730934510584], "77": [0.2234311503568825, 4.474375039447357], "78": [0.20778621272861567, 4.226384807951332], "79": [0.17914538081749481, 3.9406271403949793], "80": [0.13560611863255473, 3.61704364474743], "81": [0.07943040974884996, 3.2633669522283504], "82": [0.01933785105061803, 2.9005604542554093], "83": [-0.03322480634355965, 2.5552887600908614], "84": [-0.07151271767617942, 2.2442395173839964], "85": [-0.09496245276207953, 1.971730995991368], "86": [-0.10620073178554898, 1.7364795008853284], "87": [-0.10868240120640539, 1.5362161806379142], "88": [-0.10567847496196087, 1.3691603337456537], "89": [-0.0999319235032358, 1.2341562822057421], "90": [-0.09357044493370643, 1.1304684150793625], "91": [-0.08812535763939928, 1.0575897393177622], "92": [-0.08459898134659176, 1.015153804176233], "93": [-0.08354391051650037, 1.002931887795587], "94": [-0.08512325728193204, 1.0208611621436225], "95": [-0.08913042399119742, 1.0690568734848975], "96": [-0.09496157612896704, 1.1477926786464945], "97": [-0.10155031741167912, 1.2574709853028045], "98": [-0.10728840753267975, 1.398633733404834], "99": [-0.10996538216897365, 1.572065145246724], "100": [-0.1067664156147498, 1.7789904448350518], "101": [-0.09439509081338385, 2.021245700484765], "102": [-0.0694988424514027, 2.3009837928233825], "103": [-0.029853957412864604, 2.6187832726293196], "104": [0.02307314633935319, 2.9684551264269334], "105": [0.08147774804403934, 3.33092734028871], "106": [0.133867411594361, 3.67939608795269], "107": [0.17257954954624294, 3.9952346552208398], "108": [0.19631780478941951, 4.272706425114798], "109": [0.20742059561539222, 4.512633455460937], "110": [0.20929662068283394, 4.717257554573215], "111": [0.20526320870938963, 4.888435478576622], "112": [0.19813991828378213, 5.02738898772701], "113": [0.190136953147189, 5.134888735783902], "114": [0.1828627170171838, 5.211455160241669], "115": [0.17738565985631527, 5.257461663829807], "116": [0.17431248352397108, 5.273147802117427], "117": [0.1738510467183202, 5.258594055311159], "118": [0.1758350974894097, 5.213707140596414], "119": [0.17970215945816387, 5.138235812817696], "120": [0.1844322936746595, 5.031799464913977], "121": [0.18847023646070768, 4.893881677443429], "122": [0.1896630843076927, 4.723736434612534], "123": [0.18525211793633767, 4.520196923935996], "124": [0.17198137387596568, 4.281496220612389], "125": [0.14648582219854017, 4.005496261633718], "126": [0.10638468902486647, 3.6913785632940814], "127": [0.052712790566810726, 3.3445121348407616], "128": [-0.007294163923748906, 2.9828053387667026], "129": [-0.062223402451153285, 2.6329270880546565], "130": [-0.10391363858970322, 2.314576051055265], "131": [-0.13060805153210855, 2.0343998952297455], "132": [-0.14444528665985407, 1.791912861211284], "133": [-0.14879057253311034, 1.5849175137849782], "134": [-0.14698017544658454, 1.4115225342705608], "135": [-0.14187409555794556, 1.2704710650864464], "136": [-0.13572838206510485, 1.1609744675497127], "137": [-0.13019520840640988, 1.082507847035086], "138": [-0.12638076193156358, 1.0346981575336536], "139": [-0.12492200156622821, 1.0173040665316373], "140": [-0.12605025927110913, 1.0302382663201246], "141": [-0.12961813200188982, 1.0735827128293582], "142": [-0.13508008846245742, 1.1475749644698072], "143": [-0.141433655786608, 1.252581249447374], "144": [-0.14714304130912076, 1.389102594511747], "145": [-0.15007702120180083, 1.5578659437093565], "146": [-0.14749950485653915, 1.760011827862488], "147": [-0.13617440857728216, 1.9972737957285902], "148": [-0.11274340729940385, 2.271764893275533], "149": [-0.07479137720696259, 2.584344611636205], "150": [-0.02323008167101668, 2.929864205497169], "151": [0.03489917266862497, 3.2907972626953885], "152": [0.08825871828043637, 3.640606181655719], "153": [0.1285634183322801, 3.9593066175079903], "154": [0.1539099201504364, 4.239946349620286], "155": [0.16636141965609888, 4.48287304270479], "156": [0.16925832369864072, 4.690247348324699], "157": [0.16593456379103141, 4.8639575503243995], "158": [0.15925669099222914, 5.005262396649107], "159": [0.15149050604854586, 5.1149487484112], "160": [0.1442982599612169, 5.1935355812065165], "161": [0.13879460710867014, 5.241388332192682], "162": [0.13562194531349353, 5.258741965242586],