{"0": [-1.4275313124387047e-05, 4.508817463681758], "1": [-0.000980552218648966, 4.490094498312273], "2": [-0.0037954337527555133, 4.442551759838943], "3": [-0.009413002213537459, 4.3661203809921165], "4": [-0.019339381076971654, 4.260623183887024], "5": [-0.035549562375754414, 4.125734435164737], "6": [-0.06029408898738205, 3.961064780722845], "7": [-0.09565974361644727, 3.766627706936843], "8": [-0.14265159214443532, 3.5441508327012485], "9": [-0.19969320062716117, 3.299532165469575], "10": [-0.26145899863233113, 3.0449422283367555], "11": [-0.3202523596931958, 2.79657925571094], "12": [-0.3698305523621124, 2.568119118178449], "13": [-0.40768715137462386, 2.3669354864192313], "14": [-0.4343408677568229, 2.1954899973922566], "15": [-0.4517436118883882, 2.0540027936844023], "16": [-0.46218820493145835, 1.9420746227000927], "17": [-0.4677678588134763, 1.859316654056063], "18": [-0.4701383680886076, 1.8054956164681029], "19": [-0.47041685147036727, 1.7805069934972626], "20": [-0.4691397416335988, 1.7843160206596271], "21": [-0.46624827379593553, 1.8169212031979662], "22": [-0.46109074117665455, 1.878357804417518], "23": [-0.45244318912925724, 1.9687389076063637], "24": [-0.4385635194733829, 2.0883094692151136], "25": [-0.41731841506437445, 2.2374434556656437], "26": [-0.38647510852493383, 2.4164133145996187], "27": [-0.34434341523519657, 2.6245741239336993], "28": [-0.29099538438501443, 2.8584780689538087], "29": [-0.22980823645460066, 3.1092324769961786], "30": [-0.16762861748717406, 3.362074274310836], "31": [-0.11187046611037164, 3.601299690164193], "32": [-0.06697956545100897, 3.816283130080046], "33": [-0.033776658035648464, 4.002413735442038], "34": [-0.0108726562491753, 4.1585973582280635], "35": [0.003932937875898774, 4.285029906603108], "36": [0.012864221136438491, 4.382133165729874], "37": [0.01780565488058593, 4.450216282598599], "38": [0.020145215885937984, 4.489439325612675], "39": [0.02070796255459383, 4.499864968786658], "40": [0.019729718594962666, 4.481509109242164], "41": [0.01685140270619439, 4.434357739472833], "42": [0.011129900512548481, 4.358343366027309], "43": [0.0010732989879573885, 4.253293351942921], "44": [-0.015274224884112397, 4.1188936987371365], "45": [-0.0401362451715697, 3.954780645154979], "46": [-0.07556127806224619, 3.7610161265275917], "47": [-0.12250527566971736, 3.5394027946744027], "48": [-0.17935058097828996, 3.2959122050694654], "49": [-0.24078495387968155, 3.0427051001661467], "50": [-0.29920205215867895, 2.7958411860883694], "51": [-0.3484620803900009, 2.5688357404774296], "52": [-0.38610652221113895, 2.3689913649232923], "53": [-0.41265091325338266, 2.1987746241949835], "54": [-0.43002215697056323, 2.058434646482425], "55": [-0.44048344650296256, 1.9475983295957722], "56": [-0.4460995240298868, 1.8658937882307183], "57": [-0.44850001803343054, 1.8130966637644579], "58": [-0.44877807446194995, 1.7891061483020914], "59": [-0.4474481287954888, 1.7938886762517672], "60": [-0.4444314710745065, 1.8274435553004773], "61": [-0.4390591504018156, 1.8898077125219581], "62": [-0.43009430953540345, 1.9810964447156119], "63": [-0.41578979239377123, 2.101553794870789], "64": [-0.39402234508608286, 2.2515387346242055], "65": [-0.36259894130791753, 2.4312691878510067], "66": [-0.31992333940175655, 2.6399592568026007], "67": [-0.2662359109751197, 2.8738874903956013], "68": [-0.2051084703002829, 3.1238255109637443], "69": [-0.14344197275791956, 3.374903179998963], "70": [-0.08846962116808069, 3.611712370710939], "71": [-0.04438357726257484, 3.8240438219033503], "72": [-0.011849546774817381, 4.007534350907743], "73": [0.01056710342990765, 4.161165986535958], "74": [0.02505244713749363, 4.285131951325119], "75": [0.03379156513137873, 4.379831639660145], "76": [0.03862144508077146, 4.4455547219739815], "77": [0.04088040780302444, 4.482449731953428], "78": [0.041344062757919055, 4.490574215240812], "79": [0.040200137014029705, 4.469941860877055], "80": [0.03704392683117424, 4.420535849656819], "81": [0.030891152193164878, 4.342283051027385], "82": [0.020217257014258166, 4.2350036756233225], "83": [0.0030509217619521492, 4.0983847826689095], "84": [-0.022811401745075142, 3.9321003027997827], "85": [-0.059326399909509546, 3.736350610900527], "86": [-0.10723330896970071, 3.513280868073891], "87": [-0.1645641781988047, 3.2694472359146673], "88": [-0.2257075254514497, 3.0175310811955183], "89": [-0.28312065616766474, 2.7734956249441574], "90": [-0.3310572135144291, 2.55019737783305], "91": [-0.3674316935620345, 2.3543285383614125], "92": [-0.39294424331466404, 2.18806190222163], "93": [-0.4095618504178098, 2.0515704206162004], "94": [-0.41951632632447694, 1.9444904204551], "95": [-0.4248115888787046, 1.8664773576952505], "96": [-0.4270054720159634, 1.8173284735305684], "97": [-0.4271158760036272, 1.7969546898158812], "98": [-0.42558178482752274, 1.805327432092111], "99": [-0.42225078629238844, 1.8424494736693988], "100": [-0.41638425382063704, 1.9083644400487159], "101": [-0.40668381683542504, 2.003199313126921], "102": [-0.39135756823674306, 2.127208616222142], "103": [-0.36827285912575786, 2.2807356582978398], "104": [-0.33530179824612, 2.4638917702257195], "105": [-0.29105784037542737, 2.675564873308011], "106": [-0.23620282001252468, 2.9113458802124166], "107": [-0.17483599123479224, 3.1611091050565663], "108": [-0.11406939675225164, 3.4096108591719094], "109": [-0.060765868570800845, 3.6420676096662157], "110": [-0.018529025763780967, 3.8492507921950607], "111": [0.012369113782212981, 4.02743169634401], "112": [0.03351180382983075, 4.175832126466303], "113": [0.04708898122617665, 4.294684361756089], "114": [0.055223946509123316, 4.3843624818745965], "115": [0.059665234808304046, 4.445124555700772], "116": [0.061652644136771996, 4.477098264213102], "117": [0.061860211110680983, 4.480331212778977], "118": [0.06037451130363648, 4.454832278397071], "119": [0.05669289645102027, 4.400578036778258], "120": [0.04974045076095307, 4.317482089755182], "121": [0.03791735630639644, 4.205346652258338], "122": [0.01920970370225878, 4.063854958917893], "123": [-0.00855850147387311, 3.892748567820501], "124": [-0.047172060154322806, 3.6924970870316307], "125": [-0.09694909972606919, 3.465919827113462], "126": [-0.15524991729235918, 3.2206966871607037], "127": [-0.21592387363184085, 2.970439408914314], "128": [-0.27158047689120507, 2.7308586632034326], "129": [-0.3171858208087644, 2.51360854669629], "130": [-0.3513022038220137, 2.324318985547713], "131": [-0.3749511662975493, 2.1646512652563965], "132": [-0.3901774161943257, 2.0346341415010634], "133": [-0.3991682877023746, 1.9339069665743533], "134": [-0.4038307010558525, 1.8621627400428882], "135": [-0.405604363753765, 1.8192301558705037], "136": [-0.40538124988824387, 1.8050374563458036], "137": [-0.40347267517608504, 1.8195637812074978], "138": [-0.3996005508107712, 1.8628183787818453], "139": [-0.3929067612126924, 1.9348578065580841], "140": [-0.38198707703719437, 2.0358307395461526], "141": [-0.3649729105997046, 2.166009901449915], "142": [-0.3397180207112395, 2.325706605740511], "143": [-0.30421498421519383, 2.514831387911229], "144": [-0.2574528540216139, 2.7316783991133176], "145": [-0.20081510651470613, 2.970650591148236], "146": [-0.1392216195810914, 3.2202235308923077], "147": [-0.07999600759056266, 3.4647816760566124], "148": [-0.029332497790502888, 3.6906789505813924], "149": [0.010057538454052632, 3.89017252833511], "150": [0.03845885636621641, 4.060428861336732], "151": [0.05765549800821064, 4.200997541684724], "152": [0.06983559658185388, 4.3121637010968055], "153": [0.0770284251002023, 4.394267826275166], "154": [0.08084995887507353, 4.447526488058025], "155": [0.08239215302627913, 4.472040541565183], "156": [0.08217611789125227, 4.4678449287047135], "157": [0.08013577423806198, 4.434941328626873], "158": [0.07562067484807113, 4.373294578005736], "159": [0.06741990836601609, 4.282795809884339], "160": [0.053823300047512755, 4.163219924163441],