{"0": [2.1248417130226746e-05, 5.712188422314491], "1": [0.0013999323367848196, 5.692171682464009], "2": [0.004866254873093089, 5.640650358408176], "3": [0.01028837552810695, 5.55586999982055], "4": [0.017327024277970626, 5.435287321933303], "5": [0.025261009631860298, 5.275914529277729], "6": [0.0327735888244709, 5.074647124014626], "7": [0.03776749320765466, 4.82835219803383], "8": [0.03731782460809358, 4.53358723557118], "9": [0.02794478302529949, 4.186398163182903], "10": [0.006666262234602312, 3.7841963217810477], "11": [-0.026238999350591583, 3.33412860804911], "12": [-0.0636879631449584, 2.866079463920243], "13": [-0.09473294539333806, 2.423287340235864], "14": [-0.11344421214654334, 2.0313449446129166], "15": [-0.12038560935568568, 1.6945479348971786], "16": [-0.11880834300465196, 1.409539094746115], "17": [-0.11218617782795667, 1.172329975165151], "18": [-0.10334715636943047, 0.9795446959359566], "19": [-0.09427962616448833, 0.8280989797084765], "20": [-0.08621320388750502, 0.7149568302564897], "21": [-0.07981403340531298, 0.6372605050182805], "22": [-0.07539459848901921, 0.5926653019033462], "23": [-0.0730781175489995, 0.5796663913853856], "24": [-0.07289572774594442, 0.597807348018403], "25": [-0.07481551205451199, 0.6477433161007901], "26": [-0.07870500415793148, 0.731157182842757], "27": [-0.08422497757084169, 0.850529913893447], "28": [-0.09065687756392572, 1.00879878975334], "29": [-0.0966904108142529, 1.2090292758751997], "30": [-0.10023859273437494, 1.4543220784206048], "31": [-0.09838892829440175, 1.7480868118935062], "32": [-0.08767141714632973, 2.094243276905515], "33": [-0.06509802125835626, 2.4953785031465214], "34": [-0.03089747230729077, 2.9444816726444056], "35": [0.0079396147625874, 3.4119570164367397], "36": [0.04049296415469004, 3.8546258647617897], "37": [0.06076962945391983, 4.246648468392001], "38": [0.06927828965895605, 4.583537949256716], "39": [0.06924891191240745, 4.868581139992985], "40": [0.06415205211304101, 5.105741033500374], "41": [0.05682004998132172, 5.298371460010146], "42": [0.04924857756579475, 5.449526202866321], "43": [0.042675256824450364, 5.562202119510075], "44": [0.03777344940729594, 5.63921184698602], "45": [0.03486116925094935, 5.682851060002905], "46": [0.03406471534582087, 5.6945729549565565], "47": [0.03541459335713231, 5.674781999148413], "48": [0.03887212323263749, 5.622775986999158], "49": [0.044287946759681805, 5.536838942232828], "50": [0.051290590815658635, 5.414481463272706], "51": [0.059109403440707455, 5.252786873945906], "52": [0.06636221722536541, 5.048725619221736], "53": [0.07087933466744341, 4.799213832422256], "54": [0.06967680579227846, 4.500816064425485], "55": [0.05927411117685978, 4.149631177535756], "56": [0.036857308258739216, 3.743560126034667], "57": [0.003209554267243813, 3.2914074924653174], "58": [-0.03399508421940072, 2.8251608786489744], "59": [-0.06399744296233068, 2.3874398556492187], "60": [-0.0815689059009388, 2.001500715012327], "61": [-0.087660924700003, 1.6705030248632151], "62": [-0.08559502320813243, 1.390951340424643], "63": [-0.07879361161749901, 1.158965910369411], "64": [-0.0700032487944196, 0.971270114094025], "65": [-0.06113553748474915, 0.8248527996324868], "66": [-0.05336255381768429, 0.7167649132747554], "67": [-0.04731517666295279, 0.6442784752564646], "68": [-0.043288285201447334, 0.6052256159370358], "69": [-0.04139656810863674, 0.5983128517936006], "70": [-0.04166121993251851, 0.6233086319235005], "71": [-0.044026341940858235, 0.6810787295205821], "72": [-0.048305619314649, 0.7734671627223338], "73": [-0.05405798879939442, 0.9030309556093213], "74": [-0.060400734703844924, 1.0726871596764016], "75": [-0.06579845309092199, 1.2854333008590342], "76": [-0.06790822526489057, 1.5443643791230341], "77": [-0.06360400629316486, 1.8530064427778468], "78": [-0.04941262049180382, 2.2151882492793473], "79": [-0.022968311552813835, 2.6317394974611625], "80": [0.01367668080642158, 3.0897029767510804], "81": [0.05156038307088366, 3.5525889491139977], "82": [0.08054485913231613, 3.97998328968936], "83": [0.09694673627212488, 4.3538196262737365], "84": [0.10250028536508238, 4.673243725073131], "85": [0.10065940631496074, 4.942053185201567], "86": [0.09473360920028578, 5.163971523053421], "87": [0.0872931072539961, 5.342158503450484], "88": [0.08008117264843995, 5.479575080976402], "89": [0.07414030610275868, 5.5791050621462155], "90": [0.07001770620967164, 5.643339014955765], "91": [0.06796213517183138, 5.674228162520797], "92": [0.06806433318370612, 5.672794532773266], "93": [0.07032646080918138, 5.638979524016494], "94": [0.07466028334347413, 5.571649105779113], "95": [0.08081390893056066, 5.468756171462061], "96": [0.08822747794465609, 5.327640958032373], "97": [0.09583386373082416, 5.145381994689815], "98": [0.10185569372698017, 4.919004672384477], "99": [0.10369175129335145, 4.645347709699969], "100": [0.09803568144733352, 4.320734883490744], "101": [0.08153897055444766, 3.9416861163610006], "102": [0.052791263051613475, 3.510195666631997], "103": [0.01600455810183381, 3.0464526454896683], "104": [-0.018478052917632014, 2.591783395184105], "105": [-0.04213036232305758, 2.180923650988777], "106": [-0.05339285488792371, 1.8249675253759305], "107": [-0.054854475074138084, 1.5223668349947448], "108": [-0.05003424740442917, 1.2691728208557247], "109": [-0.04203486875199739, 1.061893977316244], "110": [-0.0331601229065177, 0.8974983725893989], "111": [-0.024913621368456176, 0.7730793149462226], "112": [-0.01816086085132761, 0.6858550699087334], "113": [-0.01333853509434054, 0.6334501819324363], "114": [-0.010635535591827599, 0.6142367987373497], "115": [-0.010109673480633317, 0.627582013466665], "116": [-0.01173176119725375, 0.6739444898623884], "117": [-0.015357290802053638, 0.754810090409604], "118": [-0.020625122840939144, 0.8724711469821849], "119": [-0.026788136084268728, 1.029690765653665], "120": [-0.032504866032935585, 1.2293839551481434], "121": [-0.035661074525005075, 1.474534961433779], "122": [-0.03333135261640391, 1.7684651844511459], "123": [-0.02206744475308775, 2.1149730520086822], "124": [0.0010163784598573983, 2.516300959233642], "125": [0.03545539512393385, 2.964596356118531], "126": [0.07404608942200315, 3.4294085700877894], "127": [0.10604757716139165, 3.8680654056067865], "128": [0.12582517827130693, 4.255835585300166], "129": [0.13404803640066287, 4.588636973763519], "130": [0.13395118010836032, 4.86970013884246], "131": [0.12896102412557808, 5.102846303770084], "132": [0.12186059120880895, 5.291299715534749], "133": [0.11460655082548919, 5.437983787770707], "134": [0.10841294174621469, 5.545735236374931], "135": [0.10394364792157065, 5.617162138903996], "136": [0.10151552224403594, 5.654313580398625], "137": [0.10125335602185333, 5.658368043447012], "138": [0.10317421210702625, 5.629450580605639], "139": [0.10719789656838334, 5.5666106899939525], "140": [0.11308355021300895, 5.467963836619128], "141": [0.12029331334026484, 5.330977975470268], "142": [0.12779821750578654, 5.152822256593403], "143": [0.13387505009659215, 4.930591943096685], "144": [0.135984359997976, 4.661205114989722], "145": [0.130867655036088, 4.341079365617679], "146": [0.11515593816346854, 3.966710863701961], "147": [0.08722238377181658, 3.5394842778003945], "148": [0.05078595646818379, 3.077980213024381], "149": [0.01589358402850547, 2.622559835142481], "150": [-0.008586009988899176, 2.209232231237926], "151": [-0.020667259538046382, 1.8505265502651282], "152": [-0.02276478178065169, 1.5454130575362974], "153": [-0.018376509677159723, 1.2900278051887148], "154": [-0.010640362949433477, 1.0808910755213363], "155": [-0.0019112409863320792, 0.915009801006563], "156": [0.006257740740530159, 0.7895427630361549], "157": [0.012961535136207169, 0.7017787215312652], "158": [0.017736452800001645, 0.6494040140099461], "159": [0.020378556769631784, 0.6308413083947153], "160": [0.02082597642050739, 0.6454983712916805], "161": [0.019115606330332748, 0.6938629695345614],