{"0": [-1.2895847815894018e-05, 0.8873727380020306], "1": [-0.000843001757248524, 0.9084728008060559], "2": [-0.002868351054292648, 0.9624280728420865], "3": [-0.005846933982330277, 1.0502021822646337], "4": [-0.009319823557430836, 1.1731741776769031], "5": [-0.012533250452273981, 1.3329422899145524], "6": [-0.014371093416080956, 1.531115340711854], "7": [-0.013352968617469768, 1.7690975288134263], "8": [-0.007786677164976025, 2.047712903012867], "9": [0.0037915726827243775, 2.3661850205055353], "10": [0.021757081440829575, 2.719732021164396], "11": [0.04432982409579394, 3.0961138677836537], "12": [0.06745923443751804, 3.475163874630804], "13": [0.08674428336770525, 3.835547092449969], "14": [0.09974452091854537, 4.162869370925516], "15": [0.10637896328504677, 4.450882836678385], "16": [0.10794734956159648, 4.698188356827315], "17": [0.1061579370138742, 4.905404934961436], "18": [0.10258486651735327, 5.073867353865855], "19": [0.0984562176868729, 5.205157844993797], "20": [0.09462650887901744, 5.300883309595958], "21": [0.09163372759142656, 5.362474847612018], "22": [0.0897783352009631, 5.390989609119127], "23": [0.08918819564197586, 5.386954767776127], "24": [0.08985206116768947, 5.350287752386942], "25": [0.09161553540788815, 5.2803077157333815], "26": [0.09414015630071526, 5.175836878193694], "27": [0.0968336162877419, 5.03537325690914], "28": [0.09877208408426526, 4.857297416096711], "29": [0.09865623592371192, 4.6400790547434365], "30": [0.09487109535673777, 4.382535082353776], "31": [0.08575925171885451, 4.084434711910538], "32": [0.07025596611360362, 3.748112129620163], "33": [0.048923008568319507, 3.3815961811404547], "34": [0.02475191335881282, 3.001351739307616], "35": [0.002294284940107174, 2.6292932791651866], "36": [-0.01481663631056627, 2.2840181743284758], "37": [-0.02536623802207492, 1.9756715513157177], "38": [-0.03008773614691077, 1.7076962383072587], "39": [-0.030572332474160024, 1.4802697639216913], "40": [-0.028504266819854986, 1.292341069252903], "41": [-0.025299878414642214, 1.1424292702036574], "42": [-0.022000872116769942, 1.028924902675132], "43": [-0.0192975897760317, 0.9502910362196206], "44": [-0.017602407677247675, 0.9052659455773379], "45": [-0.017124675944160075, 0.8930454614866477], "46": [-0.017921217222140542, 0.9134039867633421], "47": [-0.019911333695824793, 0.9667294351074796], "48": [-0.02285383443175131, 1.0539655360562077], "49": [-0.026290056897878573, 1.176471089889085], "50": [-0.029466652093209943, 1.3358248039284693], "51": [-0.03126873610555155, 1.5336170666057989], "52": [-0.030218550801782387, 1.7712339794665548], "53": [-0.024628259321793775, 2.0494798177365916], "54": [-0.013039870227623908, 2.3675548992235136], "55": [0.004916848876745257, 2.720654589633452], "56": [0.02746292886081762, 3.09653359566766], "57": [0.05055938748441449, 3.4750544964566257], "58": [0.06982087009619413, 3.834925554733251], "59": [0.08281524976939764, 4.161771421039326], "60": [0.08946096628779605, 4.449335799696635], "61": [0.09105326457888833, 4.696201315884222], "62": [0.08929566071781005, 4.902968554188057], "63": [0.08575868091543286, 5.070954842219064], "64": [0.08166812957998479, 5.201724532347498], "65": [0.07787729116262716, 5.2968652611192075], "66": [0.07492340548829851, 5.357787578897281], "67": [0.07310597431979207, 5.385527771015376], "68": [0.07255088096474642, 5.38059343192128], "69": [0.07324293901073078, 5.34288584889539], "70": [0.07502081113301148, 5.271714060721491], "71": [0.07753513856199527, 5.165898739325549], "72": [0.08017842366327549, 5.023946433199152], "73": [0.0820085557373507, 4.844256154541106], "74": [0.08170886694096426, 4.625326222683815], "75": [0.07765647905499423, 4.366021662278841], "76": [0.06821066957079268, 4.066214877079982], "77": [0.05236942388093406, 3.728472354961578], "78": [0.030812087908318225, 3.3612362565615777], "79": [0.006646544158229161, 2.9813887073982595], "80": [-0.015573520764803672, 2.6108599420077585], "81": [-0.03233599392703941, 2.2678297829323424], "82": [-0.0425549641784009, 1.9620080532821715], "83": [-0.04703121933281156, 1.6966049819066085], "84": [-0.04737083173934261, 1.4717164753222938], "85": [-0.04524590711514064, 1.2862740282362792], "86": [-0.042051408396236424, 1.1388019404720129], "87": [-0.03880773483429012, 1.027708162402829], "88": [-0.03618781221980873, 0.9514850791444341], "89": [-0.03459090252955103, 0.9089115105850595], "90": [-0.034215987882631374, 0.8992314535295457], "91": [-0.03510971565495299, 0.9222691283093836], "92": [-0.03717842463835163, 0.9784566838150266], "93": [-0.040162208045399085, 1.068769140522137], "94": [-0.04357573660813976, 1.1945778396078615], "95": [-0.046631044212716834, 1.3574530249560197], "96": [-0.04817509898209089, 1.558956289647908], "97": [-0.0467002599811218, 1.8004183643113485], "98": [-0.04052029000311092, 2.082521773391021], "99": [-0.028248781890131417, 2.404167081415568], "100": [-0.009697717897611896, 2.759910204423894], "101": [0.01309406581392522, 3.136593738614637], "102": [0.035943642536172854, 3.513565350324179], "103": [0.054599172962888194, 3.8700015566277637], "104": [0.06689889158050608, 4.192460430867953], "105": [0.07295710484042119, 4.475351927217262], "106": [0.07414516233858037, 4.717553282313211], "107": [0.07216630938845871, 4.919761295764272], "108": [0.06855736552409059, 5.083315977868539], "109": [0.06450235860438852, 5.2097754042307], "110": [0.06081705998928177, 5.300698968634088], "111": [0.058009548775088175, 5.3574465944887555], "112": [0.05635762418751202, 5.380985028739228], "113": [0.055969372858477605, 5.371741830935596], "114": [0.05681099105395155, 5.329539139433857], "115": [0.058696689142414105, 5.253620041089209], "116": [0.06124242407754247, 5.142763445030425], "117": [0.06379364402414052, 4.995464963241182], "118": [0.06535173248829135, 4.810144079330524], "119": [0.06454597106632018, 4.585352587393441], "120": [0.0597280609493142, 4.320072306661153], "121": [0.04930784543482107, 4.014468874771022], "122": [0.032476328584367116, 3.671808046226237], "123": [0.01027034059150054, 3.301775597965369], "124": [-0.013862590247218984, 2.922453335101164], "125": [-0.03537847624692982, 2.5557374000548756], "126": [-0.05112082274690905, 2.218562086648662], "127": [-0.060366731167678704, 1.919395667726013], "128": [-0.06410547492308506, 1.6607838344154], "129": [-0.06398555918701071, 1.4425714024681275], "130": [-0.06164646312182168, 1.2636130882803676], "131": [-0.05842419720099583, 1.122418249206236], "132": [-0.05527980100174023, 1.0174135548864824], "133": [-0.05283742990033337, 0.9471428097167164], "134": [-0.05145988258981544, 0.9104673369098852], "135": [-0.051318429362560404, 0.9067357162657375], "136": [-0.052434682842732915, 0.935884262793867], "137": [-0.054685669239745584, 0.9984477505242201], "138": [-0.057771222005849235, 1.095477895610252], "139": [-0.061150117472275285, 1.2283845663386008], "140": [-0.06396320624969522, 1.3987340749669053], "141": [-0.06498098067696766, 1.6080423956648944], "142": [-0.0626398641825214, 1.857535271437389], "143": [-0.055268445407124764, 2.147636226683253], "144": [-0.04164696085111604, 2.4765871679160094], "145": [-0.021979938902364757, 2.8375773602323204], "146": [0.0011802822467758146, 3.2156507027510277], "147": [0.02343088833962803, 3.589377293418452], "148": [0.04084335936636957, 3.9390789362773817], "149": [0.05178222153517319, 4.2531335034231], "150": [0.05671304397811903, 4.527156332908834], "151": [0.05713274933787589, 4.760544075819781], "152": [0.05473380964506809, 4.954169129776101], "153": [0.050984641257826785, 5.109422013818789], "154": [0.046988689787625944, 5.227859133573507], "155": [0.04349071733833115, 5.310995834097081], "156": [0.04094414088810563, 5.360105157852399], "157": [0.03958627942724457, 5.376031751959189], "158": [0.03949214410634331, 5.359062205475179], "159": [0.040593605503760975, 5.3088798484255975], "160": [0.04266042522022873, 5.224612930386106],