{"0": [1.3213174508904288e-05, 1.7438235579227188], "1": [0.0009233837488088359, 1.7666836836883681], "2": [0.003717948609548397, 1.8247519757736483], "3": [0.009674032875111344, 1.9181946600740234], "4": [0.020809504067875583, 2.047438777569137], "5": [0.039759533951094425, 2.213279764740673], "6": [0.0694375541502703, 2.416669029046135], "7": [0.11213404669294474, 2.65741475415397], "8": [0.16750814532263572, 2.9304926729543643], "9": [0.22999703189490725, 3.220737196975182], "10": [0.2896492836158241, 3.504228127840594], "11": [0.3382738992100028, 3.7606521626720792], "12": [0.37329948273869007, 3.980808114491335], "13": [0.39614437576171363, 4.162987420965808], "14": [0.4096425995030588, 4.307973757737893], "15": [0.4166612214777723, 4.416762491832757], "16": [0.41955852124176674, 4.489985736293446], "17": [0.4199902259480286, 4.527936703344541], "18": [0.418840622723116, 4.53071629421927], "19": [0.41619969115695193, 4.4983370586889695], "20": [0.41136209634917786, 4.430735150908738], "21": [0.4028470790727247, 4.327687667770875], "22": [0.38845914531960096, 4.188675316780699], "23": [0.3654538685477797, 4.012826876523984], "24": [0.3309902921002332, 3.7993392711277454], "25": [0.2832920257358792, 3.5493207266182076], "26": [0.2239752597329923, 3.270232463221865], "27": [0.16017672029156252, 2.9803826859307487], "28": [0.10197705701426632, 2.7039530112135113], "29": [0.05602381252125601, 2.458176232141999], "30": [0.023467016646129185, 2.2495362821422273], "31": [0.0022963970918553588, 2.0786843211737427], "32": [-0.010398860876994038, 1.9446782338117679], "33": [-0.01735425001420764, 1.8466244033099057], "34": [-0.02072312140835973, 1.784007115950212], "35": [-0.021931264838500227, 1.756604684624153], "36": [-0.02162508582085899, 1.7643487632279835], "37": [-0.019655991714166307, 1.8072464246521944], "38": [-0.015085079961484445, 1.885397605263343], "39": [-0.006212739310291533, 1.999099421163873], "40": [0.009337200820978405, 2.148976255722282], "41": [0.03438886349216594, 2.335942863276872], "42": [0.07159842497511748, 2.5604690326490904], "43": [0.12195766348767516, 2.8200141168930535], "44": [0.1822321372737843, 3.103971487681769], "45": [0.2438328108206397, 3.39111353917934], "46": [0.2972091925290995, 3.658332647680941], "47": [0.33754555022687405, 3.892020010538864], "48": [0.3649737607997463, 4.088101081766476], "49": [0.38194110345858545, 4.246696423253279], "50": [0.3913531924320738, 4.368795695376866], "51": [0.39577059190418656, 4.45516591688914], "52": [0.3971123902669103, 4.506210094638281], "53": [0.39654981487401386, 4.522087224375104], "54": [0.3944687024229759, 4.502837493498249], "55": [0.3904608677206858, 4.4484297078036334], "56": [0.38333587925054996, 4.3587132301972265], "57": [0.3711646134392126, 4.233296859806563], "58": [0.3513986143192133, 4.07144734127051], "59": [0.32119316637576506, 3.8722839516757386], "60": [0.2782570076603878, 3.6359844569538047], "61": [0.22274804092348408, 3.367240262782826], "62": [0.15980574824190133, 3.080415854729506], "63": [0.09903459933659058, 2.7987874428694623], "64": [0.04872217206367588, 2.5429154730848595], "65": [0.011753764489340124, 2.3226374463685344], "66": [-0.013059608410966837, 2.1400802776600414], "67": [-0.028440002157114244, 1.9946317749840021], "68": [-0.0372089735401205, 1.8853458507366443], "69": [-0.04171044683864702, 1.8115951239820427], "70": [-0.04360056977125803, 1.7730798339362175], "71": [-0.043771875527804385, 1.769693284270913], "72": [-0.04232767891187766, 1.8014208259511815], "73": [-0.03858058917012209, 1.8683265237025128], "74": [-0.03107372399784087, 1.9706310424272637], "75": [-0.017645044509414405, 2.1088390336242804], "76": [0.0043991561324852185, 2.2837749262860654], "77": [0.037817923891944855, 2.496126888074488], "78": [0.0842608958300015, 2.7445614594206083], "79": [0.14197511308852434, 3.0213339074484127], "80": [0.2038330009154472, 3.3081119230050926], "81": [0.26000149268873196, 3.5811623756182116], "82": [0.30408636556893637, 3.8237146031743157], "83": [0.3350160324781879, 4.0294152357363116], "84": [0.35476523650048214, 4.1975562260659744], "85": [0.36617667738585574, 4.328997893998789], "86": [0.3719160345204171, 4.424577786779963], "87": [0.3740716066565905, 4.484782874947597], "88": [0.3740089895805107, 4.509823729529694], "89": [0.3723186498333357, 4.49976496519188], "90": [0.36880051607779035, 4.45459470066993], "91": [0.3624705188160693, 4.374201643303132], "92": [0.3515952172127835, 4.258271666769797], "93": [0.33378817685507917, 4.106174471566397], "94": [0.30626836585201295, 3.917056756308018], "95": [0.26654293414610497, 3.6907198219687394], "96": [0.21400488790467412, 3.4304225479050574], "97": [0.1524494906957005, 3.147898434067986], "98": [0.09068266030651814, 2.8648555049451234], "99": [0.03773937206975502, 2.6034054981990593], "100": [-0.002231080941684421, 2.3758781023214834], "101": [-0.02967588100486813, 2.185769808832668], "102": [-0.04707882725664935, 2.032878272694875], "103": [-0.05726730373623811, 1.9162836579008724], "104": [-0.06268816499429326, 1.8352942852782266], "105": [-0.06513829754417465, 1.7895534423094046], "106": [-0.06566646470788201, 1.778923106685584], "107": [-0.06453874896666593, 1.8033729028039025], "108": [-0.06123245692874103, 1.8629478407742222], "109": [-0.05445272993800647, 1.9578272482972057], "110": [-0.042187359079538266, 2.0884432937460398], "111": [-0.02185415733168776, 2.2555430402936483], "112": [0.009305814908692152, 2.4598603369214613], "113": [0.05322652191200597, 2.700585030452242], "114": [0.10894494795141332, 2.971481113904945], "115": [0.17035802965238855, 3.2562349229305396], "116": [0.22781371454769414, 3.531434521657033], "117": [0.27407044355892146, 3.7785814971093448], "118": [0.3072089083637975, 3.9896847521795356], "119": [0.3288023935696757, 4.163317321138703], "120": [0.3415932857854374, 4.300166505616881], "121": [0.34828021458551417, 4.401083356787094], "122": [0.35103733616671784, 4.466601581214349], "123": [0.351337587055222, 4.496965933845001], "124": [0.3498881425870142, 4.492258404827859], "125": [0.3466098396267848, 4.452478052795153], "126": [0.34064063416577556, 4.3775326825627685], "127": [0.3303662460118515, 4.267148220503915], "128": [0.313506892448948, 4.120756463009662], "129": [0.2873479122264921, 3.937550880132322], "130": [0.24934667734063015, 3.71722177074819], "131": [0.19857454943105085, 3.462428988448015], "132": [0.13814078411160136, 3.1835769067995283], "133": [0.07625955084886032, 2.9012152679977428], "134": [0.02216137576892575, 2.6378910371834365], "135": [-0.019345860091236438, 2.407255911727457], "136": [-0.04823858773949696, 2.2136919747806103], "137": [-0.06681189672450041, 2.0573219624761574], "138": [-0.07785924210084817, 1.9372871631621311], "139": [-0.0838594009549135, 1.8528777644388028], "140": [-0.08666820816230099, 1.8037099636454745], "141": [-0.0874051951134006, 1.7896283188779851], "142": [-0.08641294146535287, 1.810593705991708], "143": [-0.08324826575431334, 1.8666430390989341], "144": [-0.0766970588598045, 1.9579383102141648], "145": [-0.06482625241436776, 2.084877306100844], "146": [-0.045123117612993854, 2.248158553622436], "147": [-0.014863830429519331, 2.448491139614351], "148": [0.027950062882171858, 2.6851913940381955], "149": [0.0826280279981124, 2.9525373116294817], "150": [0.1435186950065484, 3.2350919154868967], "151": [0.20119140830863147, 3.5098552299921386], "152": [0.24816020531026947, 3.7578072565072884], "153": [0.2821491434389456, 3.9702534747760723], "154": [0.30452123007923787, 4.145386322009628], "155": [0.317938380790393, 4.283764662583915], "156": [0.32508386531479255, 4.386216867053621], "157": [0.32814496702337687, 4.453284572524014], "158": [0.3286205595121918, 4.4852234015771195], "159": [0.3272502033543152, 4.482122017196098], "160": [0.3239910026933301, 4.443982988320464], "161": [0.31802016229740754, 4.370718872899605], "162": [0.3077654998570291, 4.262067598226533],