{"0": [1.9359638651836858e-05, 5.413169310930971], "1": [0.001268142213981131, 5.39624057121132], "2": [0.004342383856316639, 5.3530440096161405], "3": [0.008964779225272276, 5.283032174285096], "4": [0.014624579851170914, 5.185413252712821], "5": [0.020503539441959713, 5.0592395432760515], "6": [0.02540029549501289, 4.903476406984472], "7": [0.027683401049548625, 4.717020931898382], "8": [0.025316517780963662, 4.498687285101023], "9": [0.016025873611491756, 4.247299597706956], "10": [-0.002257645840641304, 3.9622738660568584], "11": [-0.030469486536782827, 3.6453777084434966], "12": [-0.06696654213373132, 3.304020953589439], "13": [-0.10663432168928184, 2.953624961751639], "14": [-0.1426310055577415, 2.613664177936193], "15": [-0.16999886824553662, 2.2990884477059863], "16": [-0.18727569073291955, 2.0167949626366615], "17": [-0.19551632078914827, 1.7682408775841276], "18": [-0.19684571617703456, 1.5527059320061223], "19": [-0.19355413095381205, 1.3689666081473402], "20": [-0.18767534435140348, 1.2158255570385512], "21": [-0.18083162439988304, 1.0921841614510963], "22": [-0.1742151368216897, 0.9970230814507672], "23": [-0.16863767665803825, 0.9294204042776973], "24": [-0.16460661633475288, 0.8886194842219868], "25": [-0.16239789193006918, 0.8741146379569159], "26": [-0.16210730128235742, 0.8857191656159461], "27": [-0.1636703010359309, 0.9235925427917135], "28": [-0.1668471495261151, 0.9882185349890381], "29": [-0.17117570347407232, 1.080340224980833], "30": [-0.17590064138764666, 1.200872882166768], "31": [-0.17989668923828503, 1.3508290019236302], "32": [-0.18161398501259415, 1.5312893952336581], "33": [-0.17908616317677517, 1.7434165548483882], "34": [-0.17006440752874233, 1.9883997914762832], "35": [-0.15239486249078507, 2.267005321215126], "36": [-0.12484132909842918, 2.578090814782681], "37": [-0.08846349484677321, 2.9155476963450146], "38": [-0.04776202834056581, 3.2653845612823567], "39": [-0.009511035955957987, 3.6082674593042685], "40": [0.02077941107728966, 3.927927573561524], "41": [0.04103248671568835, 4.216077970614083], "42": [0.05195552353063486, 4.470531968033389], "43": [0.05555784578384476, 4.691769433687982], "44": [0.054137620474668115, 4.880973410629343], "45": [0.04978974232715531, 5.0393494648165875], "46": [0.0442141858082593, 5.168004453774731], "47": [0.03867846377587223, 5.267962952864135], "48": [0.03405812251144212, 5.340158884256111], "49": [0.0309099358495569, 5.3853752853086], "50": [0.02954657824841985, 5.404159691638167], "51": [0.03009222463178497, 5.396751640075261], "52": [0.0325078008605057, 5.363048038667777], "53": [0.03658170471847588, 5.302617142486312], "54": [0.041887445657447904, 5.214757399657514], "55": [0.04771592523971802, 5.0985824962615505], "56": [0.0529985662835556, 4.953099838603567], "57": [0.05624787239623213, 4.777247092104542], "58": [0.055553967347519315, 4.569882113997876], "59": [0.04869588016035102, 4.329816277489625], "60": [0.0334745963567406, 4.056179374440985], "61": [0.008458964650975214, 3.7497131434948336], "62": [-0.025703018973378886, 3.415618616371059], "63": [-0.06500324004727528, 3.066746316153793], "64": [-0.10281207393108298, 2.722102936042898], "65": [-0.13325531605685503, 2.3988358939180823], "66": [-0.15377090212509287, 2.10634284011133], "67": [-0.1647659466134812, 1.8474500033703918], "68": [-0.16813802072663292, 1.6219069850890304], "69": [-0.16617945245059873, 1.4285784190913113], "70": [-0.1610265666670725, 1.266256776423752], "71": [-0.15443701667818088, 1.13383021238468], "72": [-0.14773617518811985, 1.030272216643865], "73": [-0.14184955834319388, 0.9546432212705757], "74": [-0.13737314582882323, 0.9061443934304096], "75": [-0.1346487713628109, 0.8842004974994108], "76": [-0.13382261952725208, 0.8885350472001055], "77": [-0.13487438498759005, 0.9192101259235956], "78": [-0.13761209106159564, 0.9766182291783837], "79": [-0.1416333813504414, 1.0614281974724724], "80": [-0.14626029397477996, 1.1745022968352443], "81": [-0.15046280436026332, 1.3168159741620462], "82": [-0.1527966555655418, 1.489416281075839], "83": [-0.151392699926873, 1.6934286579022488], "84": [-0.14405375052651195, 1.9300349801046788], "85": [-0.12855935284380238, 2.200159792631182], "86": [-0.10336111073605576, 2.5032997837925994], "87": [-0.06884163093510816, 2.834832611572152], "88": [-0.028661797744108014, 3.1827066803945696], "89": [0.01069560302763209, 3.5282509563091704], "90": [0.04314226617007209, 3.8537948842360903], "91": [0.06577792958647885, 4.149158527523345], "92": [0.07878426519293819, 4.41102914932497], "93": [0.08396792912458986, 4.63947015770173], "94": [0.0836096830488637, 4.835571846435795], "95": [0.07987078498279884, 5.000538652751719], "96": [0.07454721799004432, 5.135483576368175], "97": [0.06900407696051263, 5.24143190707881], "98": [0.06420182436806235, 5.319323679113009], "99": [0.06076414361324746, 5.369964604295068], "100": [0.0590534245568205, 5.393944995346737], "101": [0.059230937817388474, 5.391563345792967], "102": [0.06128842548541228, 5.362783387746488], "103": [0.06504552178406504, 5.307238561612501], "104": [0.07011340782377676, 5.224282901079202], "105": [0.07583130656349002, 5.113072244418896], "106": [0.08119059861995634, 4.97264501775708], "107": [0.08477148851942966, 4.801966448506574], "108": [0.08472872809923529, 4.5999240546774764], "109": [0.07888096498030618, 4.36534480311644], "110": [0.06500063556419397, 4.097283542033389], "111": [0.04148196936104664, 3.796128926479105], "112": [0.008568418958913072, 3.4662039726460203], "113": [-0.030274239918134965, 3.119115924239266], "114": [-0.06866529243125362, 2.773304575787093], "115": [-0.10041744262654402, 2.4466884675652296], "116": [-0.1224450968845931, 2.1498817570475635], "117": [-0.13479796451646245, 1.8864861676329499], "118": [-0.1392256011094541, 1.6565572479943003], "119": [-0.13799795777053822, 1.4590382313715184], "120": [-0.13328749275237586, 1.292731217290181], "121": [-0.12690999321616195, 1.156526195688235], "122": [-0.12025191740659055, 1.0494023058640645], "123": [-0.11429291756529825, 0.9704235571756039], "124": [-0.10967201244503458, 0.9187851582995454], "125": [-0.10676280370294297, 0.8938932116227666], "126": [-0.10573425421160765, 0.895441337651179], "127": [-0.10658329361747698, 0.923454825660171], "128": [-0.10913334876998541, 0.9782877306126384], "129": [-0.1129990269203475, 1.060573453032629], "130": [-0.11752345051788377, 1.1711445707098396], "131": [-0.1217029177648833, 1.3109524198684623], "132": [-0.12412369001175683, 1.4810224572876767], "133": [-0.12294725942056864, 1.682457895061284], "134": [-0.11599838381284484, 1.9164224891177242], "135": [-0.10105206347930518, 2.1838558136705357], "136": [-0.0764955965897436, 2.4843798195115574], "137": [-0.042547336441715974, 2.81372070990141], "138": [-0.00262972840956575, 3.160363770891121], "139": [0.03691042851176142, 3.5059401412187965], "140": [0.06987950573753647, 3.832506095890072], "141": [0.093159187862351, 4.129364161756261], "142": [0.10677020257805192, 4.39284453502053], "143": [0.11244625990224279, 4.622855976140104], "144": [0.11245120909453665, 4.820439112612244], "145": [0.1089567975020102, 4.986783151812661], "146": [0.10378077607218046, 5.122990873506646], "147": [0.09831266106702174, 5.230075408701677], "148": [0.09353524984221254, 5.308964490206524], "149": [0.09009010451573994, 5.360454791145932], "150": [0.08835228040655667, 5.385132995518282], "151": [0.08849072135018006, 5.383299854378835], "152": [0.09050050322732436, 5.3549266427550295], "153": [0.09420099279733682, 5.299658588426383], "154": [0.09920021836188309, 5.216864565580776], "155": [0.10483214070327149, 5.105716951570345], "156": [0.1100817846488419, 4.965270885509733], "157": [0.11352335802374265, 4.794507229363728], "158": [0.11330811078302176, 4.59232842296577], "159": [0.1072570461049542, 4.357580297881382], "160": [0.09315654666493642, 4.089353748606247], "161": [0.0694351911964274, 3.788115889366779],