{"0": [-4.810177360825396e-07, 4.69416234780845], "1": [-4.7037341818743426e-05, 4.67490986996117], "2": [-0.00030970043065292927, 4.626047555809193], "3": [-0.0011709667979264854, 4.547617344047328], "4": [-0.003237371175192504, 4.439742043585702], "5": [-0.007303125402221104, 4.30271608643424], "6": [-0.014264873392315507, 4.137173423764593], "7": [-0.024956956164524945, 3.9444010671327714], "8": [-0.039883072474178695, 3.7268810404965422], "9": [-0.05886802666217747, 3.4890484902796204], "10": [-0.0807760255850102, 3.237931023136962], "11": [-0.10357605490296931, 2.9829327709940494], "12": [-0.12491973132657652, 2.7342858224270437], "13": [-0.14293856877133548, 2.5009287696190117], "14": [-0.15672002875829621, 2.289245555523931], "15": [-0.16627336397938472, 2.103120217874936], "16": [-0.17221075521623652, 1.9446664135992526], "17": [-0.17540772413716413, 1.8149559497549455], "18": [-0.17675739707456736, 1.714505011233645], "19": [-0.1770258417959796, 1.6435460391109837], "20": [-0.17678019494428307, 1.6021714521470838], "21": [-0.17635958242190256, 1.5904105744583816], "22": [-0.17586647219486695, 1.6082684644401115], "23": [-0.17516531717067269, 1.6557358894978622], "24": [-0.1738846820039093, 1.732771996705768], "25": [-0.17142837341671127, 1.8392572842413701], "26": [-0.16701038772882681, 1.9749051850151382], "27": [-0.15973748012564637, 2.1390986458795527], "28": [-0.1487697422424902, 2.3305848031237044], "29": [-0.13358401907003398, 2.546944650408453], "30": [-0.11431982645763467, 2.783842245159035], "31": [-0.0920681798710677, 3.0343694809844513], "32": [-0.06882661583011497, 3.2892102529034455], "33": [-0.0469423661862185, 3.538134024807385], "34": [-0.028315005964264638, 3.772118418498927], "35": [-0.013899851707784525, 3.984665015137883], "36": [-0.0037226306325758947, 4.171793633154938], "37": [0.002808583687932258, 4.33132758790549], "38": [0.00656194600414641, 4.462158774116039], "39": [0.00843177183009429, 4.563751143738129], "40": [0.009190094133289207, 4.635861499182946], "41": [0.009412265414247443, 4.678391761062342], "42": [0.009446470633447421, 4.691309967333251], "43": [0.009404459770557472, 4.674610154216555], "44": [0.009159997471442511, 4.628301299956694], "45": [0.008350859689309579, 4.552423584220524], "46": [0.006389531449283618, 4.447094192461699], "47": [0.0024970522056950383, 4.312593866621901], "48": [-0.004216540304006563, 4.149526775485621], "49": [-0.0145949874592258, 3.9591192630526706], "50": [-0.029176467287591584, 3.743740662473347], "51": [-0.04784987803279416, 3.5076474805218245], "52": [-0.06956079265746158, 3.257650062552946], "53": [-0.09234025212869873, 3.0029893745652423], "54": [-0.11384393703338125, 2.753889551428822], "55": [-0.13214836123024237, 2.519437590399523], "56": [-0.1462636153222618, 2.3062244818520385], "57": [-0.1561349308322151, 2.118309916775776], "58": [-0.1623369554804897, 1.9579235159044939], "59": [-0.16573114634348105, 1.8262042609561453], "60": [-0.16721226107936824, 1.7237053035027237], "61": [-0.16755681933499586, 1.6506792345206796], "62": [-0.16734660148726546, 1.6072291736537692], "63": [-0.16693696819998635, 1.5933894993835898], "64": [-0.1664470528945924, 1.6091670215510128], "65": [-0.16575803927245752, 1.6545529038515463], "66": [-0.16451506429556964, 1.7295072536840064], "67": [-0.16213760956811, 1.8339142737261303], "68": [-0.15785253412189656, 1.9674971341778968], "69": [-0.15077291308840562, 2.129660789510525], "70": [-0.14005267746213923, 2.3191982547110603], "71": [-0.12514273245373925, 2.5337772428882253], "72": [-0.10613271504444478, 2.7692016475423205], "73": [-0.08404860915197666, 3.0187372144800824], "74": [-0.06083614283735404, 3.2732040249267764], "75": [-0.03883568674624139, 3.5223872648815644], "76": [-0.019987944886588217, 3.757153214200468], "77": [-0.005309263582151578, 3.9708401287297996], "78": [0.005122724322569777, 4.15932599039849], "79": [0.011868636931595438, 4.320338914448885], "80": [0.015784108900223474, 4.452714860055455], "81": [0.017763720511162172, 4.555886558508011], "82": [0.018587068218202607, 4.6295935144412], "83": [0.018840604699554203, 4.673728262875967], "84": [0.018884997040010985, 4.688254276918137], "85": [0.018844870890624872, 4.673163985640982], "86": [0.018606941913804773, 4.628466201361279], "87": [0.01782185960951862, 4.554200899817503], "88": [0.01591440928306722, 4.450483374524269], "89": [0.012116005178696673, 4.317588363677159], "90": [0.0055424205259283375, 4.156105363107829], "91": [-0.004653408478449379, 3.9672288063654624], "92": [-0.019027640984247373, 3.753266004709467], "93": [-0.037505415020326144, 3.5183710993079416], "94": [-0.05908111186313615, 3.2692237862887588], "95": [-0.08182657799782468, 3.0149578694683417], "96": [-0.10340587205800632, 2.765777403463666], "97": [-0.1218673611558855, 2.5308459953092384], "98": [-0.13617636121173327, 2.3168744771118686], "99": [-0.14623871740448383, 2.1280296307993525], "100": [-0.15260447415165745, 1.9666144931876], "101": [-0.15612448050512448, 1.8338120368466595], "102": [-0.157692622757371, 1.7302004798926176], "103": [-0.15809022156352764, 1.6560466309069324], "104": [-0.15790667469759323, 1.6114615436827977], "105": [-0.15750609961349848, 1.5964835855748303], "106": [-0.15701673036024788, 1.611120979348549], "107": [-0.15632893340501455, 1.6553648094063687], "108": [-0.15509702606940184, 1.72917465331502], "109": [-0.1527493998927465, 1.8324348638867451], "110": [-0.1485207351536121, 1.9648710350449208], "111": [-0.14152910135831373, 2.125895775163327], "112": [-0.13092765279512605, 2.3143206422143763], "113": [-0.11615683485239464, 2.527851632655017], "114": [-0.09728322451919086, 2.7623585982007404], "115": [-0.07530007528772521, 3.011195039252488], "116": [-0.05212381191631527, 3.2652578161719523], "117": [-0.03008585529342777, 3.5143540336428876], "118": [-0.011142789707643543, 3.7493062175852976], "119": [0.003660390542725024, 3.9633759281803638], "120": [0.014219448640049951, 4.152369406938705], "121": [0.021077450934956624, 4.313963873455471], "122": [0.025081612650193215, 4.446963769881098], "123": [0.02712468576918278, 4.550783228523711], "124": [0.02798840704073773, 4.625150795178647], "125": [0.02826341565702401, 4.669952631392232], "126": [0.02831543541193942, 4.685148869978994], "127": [0.028274432219215103, 4.670730767891347], "128": [0.028032548446762375, 4.626707483745736], "129": [0.027245930027491958, 4.553120252200675], "130": [0.02534487867587347, 4.450085920750582], "131": [0.021566041502308387, 4.317880291171402], "132": [0.015029349486090136, 4.157092023846179], "133": [0.004889317724081818, 3.968909980886984], "134": [-0.009413450543033205, 3.755626270536946], "135": [-0.02781431188447164, 3.5213646986536484], "136": [-0.049324458080204144, 3.272759745052557], "137": [-0.07203326669923364, 3.018899563466658], "138": [-0.09361370229158646, 2.7699660945950746], "139": [-0.11210999563036753, 2.5351352108821326], "140": [-0.1264747924016424, 2.3211516755937267], "141": [-0.1366002476125459, 2.1322183601427316], "142": [-0.14302611785833766, 1.97066622778455], "143": [-0.14659720339374072, 1.837696950346831], "144": [-0.14820472994713563, 1.7339006650146156], "145": [-0.14862957301292362, 1.6595517547851917], "146": [-0.14846192761616037, 1.6147660056547748], "147": [-0.14806729038718114, 1.5995844189969153], "148": [-0.147575489699176, 1.614016106610424], "149": [-0.14687857547083863, 1.6580515119111843], "150": [-0.14563269021398806, 1.7316482123773735], "151": [-0.14326835685356093, 1.8346873091147495], "152": [-0.13902289416390554, 1.966889880382672], "153": [-0.13201765501778712, 2.1276626435806865], "154": [-0.12140963565434598, 2.3158099582861587], "155": [-0.10664310081350137, 2.5290303123972184], "156": [-0.08778703433084026, 2.76318877395448], "157": [-0.06583364170585818, 3.0116418925905855], "158": [-0.04269364918624479, 3.2653008653951305], "159": [-0.020689908779696262, 3.5139943213849416],