{"0": [3.430592378422548e-05, 2.41121256150546], "1": [0.002276899921679786, 2.4300822810006193], "2": [0.008086744797320836, 2.4776611092230487], "3": [0.017729218775554192, 2.5530450911116755], "4": [0.031479148913797536, 2.6545350718484277], "5": [0.049395998220026424, 2.779245050312495], "6": [0.0710467555038338, 2.9225970866372215], "7": [0.09529584136372671, 3.0779676520291654], "8": [0.12035713279634094, 3.236957468132145], "9": [0.14420640765032955, 3.390537953126242], "10": [0.1651502273263911, 3.530578034884875], "11": [0.1821839731174645, 3.6508482655015433], "12": [0.19498650959323852, 3.7471432407202694], "13": [0.2036843197919347, 3.8168638467697673], "14": [0.208576194185955, 3.858516173735664], "15": [0.20992181411827898, 3.8713482898520057], "16": [0.20781938691112295, 3.8551552552377593], "17": [0.2021684415970514, 3.810223424919749], "18": [0.19271396477392913, 3.737398775088309], "19": [0.17917573766442269, 3.638295867211442], "20": [0.16146529327119927, 3.5156735302674633], "21": [0.13996080972798605, 3.373934831015025], "22": [0.11572990336280851, 3.2195101823593477], "23": [0.09050852645064264, 3.060661966341797], "24": [0.06631895175556565, 2.9064123912097193], "25": [0.04490152756405551, 2.7650176102617894], "26": [0.027327200068551844, 2.6428910895841025], "27": [0.013972157162993583, 2.544407648624501], "28": [0.00474046498313259, 2.4722911903210685], "29": [-0.0006592357797609969, 2.4281195222067513], "30": [-0.002495183659608921, 2.4127022763985733], "31": [-0.0008823148010277493, 2.426289787495974], "32": [0.004262273290243319, 2.468640181803389], "33": [0.01318255761964149, 2.538962409910317], "34": [0.026162278140572523, 2.635721287978784], "35": [0.04331578481905844, 2.756277489089186], "36": [0.0643161222741679, 2.896394305669943], "37": [0.08816154810047531, 3.0498298622168463], "38": [0.11316785375008535, 3.208463332920461], "39": [0.1373195360052448, 3.363291796286273], "40": [0.15883415804100104, 3.505947154493885], "41": [0.17657670803237754, 3.6298391179830296], "42": [0.1901157275433395, 3.7304251350025743], "43": [0.1995151857543959, 3.8048558488666098], "44": [0.20505738240979543, 3.851468712796161], "45": [0.2070177289618064, 3.86939615077146], "46": [0.20552695208323923, 3.8583429574860904], "47": [0.20051939610004524, 3.818507980329895], "48": [0.19176265227611, 3.7506301534014037], "49": [0.17897112468231224, 3.6561701163396227], "50": [0.1620074744826077, 3.537654921638191], "51": [0.14115093509465237, 3.39916325363079], "52": [0.11733966282903437, 3.2467535938763867], "53": [0.09220505049923683, 3.0884018631898775], "54": [0.06775145807068789, 2.9330799564249697], "55": [0.04579866259038527, 2.7892550303034183], "56": [0.027543264858039256, 2.6636865713356896], "57": [0.013471956039173545, 2.5610826781936264], "58": [0.0035539692706968336, 2.484418517190377], "59": [-0.0024824022762349896, 2.4354420817478077], "60": [-0.0049183925253728274, 2.415079104455919], "61": [-0.0038995649725496865, 2.423669173967699], "62": [0.0006228769209808128, 2.461055123829043], "63": [0.008869367994068511, 2.526547540172132], "64": [0.021125885406090804, 2.6187558462949463], "65": [0.037550082199398135, 2.735258463314948], "66": [0.05790707249392132, 2.8721266138765857], "67": [0.08131984782072114, 3.0234796218378888], "68": [0.10621044858879727, 3.181488625765419], "69": [0.13058958268981233, 3.3372233187291367], "70": [0.1526047665582959, 3.4821300194566356], "71": [0.17100046696246268, 3.6092880234466], "72": [0.18523504183770695, 3.7138263506881106], "73": [0.19530499748748756, 3.7926439851327443], "74": [0.20147001504485315, 3.8439069260497214], "75": [0.20401584063059272, 3.8666311133801785], "76": [0.20310191273651804, 3.860433036466082], "77": [0.1986958496448749, 3.825429430979769], "78": [0.19058948227992245, 3.7622625913745913], "79": [0.1784977508361612, 3.672257189049155], "80": [0.16224515196401168, 3.5577357213873233], "81": [0.14202545963937732, 3.4224849241837902], "82": [0.11865708050066563, 3.272213595712887], "83": [0.09366433157680969, 3.114602461523492], "84": [0.0690179576538381, 2.9585308468310205], "85": [0.04659866616620669, 2.8126268618426447], "86": [0.027718121016431063, 2.683964177032446], "87": [0.012972402995422716, 2.5775735348177107], "88": [0.0024001451412840108, 2.4966815213879703], "89": [-0.0042449804602425895, 2.443208547592952], "90": [-0.007251967800302838, 2.418197119871488], "91": [-0.006793167117179816, 2.4220742256822723], "92": [-0.0028521192100745725, 2.4547623920651005], "93": [0.004766889571790563, 2.5156642172650967], "94": [0.016346865622496765, 2.6035170743102154], "95": [0.032078899969752904, 2.7160915441305544], "96": [0.05180724235162632, 2.849735340098695], "97": [0.07476947150581578, 2.998905368058921], "98": [0.09949475954837181, 3.1560691509858603], "99": [0.12403395292274669, 3.312406596776322], "100": [0.14648242089393118, 3.4592267487544603], "101": [0.1654752819945553, 3.589311417535642], "102": [0.18036274403046973, 3.697473639816384], "103": [0.19107033397788833, 3.780361859406681], "104": [0.1978298081138672, 3.8359690200546344], "105": [0.20093219512869465, 3.8631941115355484], "106": [0.20056179847412178, 3.861567107835293], "107": [0.1967175491024066, 3.831127317139166], "108": [0.18921628693031625, 3.7724293194812737], "109": [0.17777804544327275, 3.686677286693971], "110": [0.16219821731954726, 3.576013194560201], "111": [0.14259746439686063, 3.4439621852656446], "112": [0.11968487718866189, 3.2959079884021465], "113": [0.09487826688632622, 3.1392355738666415], "114": [0.07010257323831584, 2.9826986549667573], "115": [0.04728225746439935, 2.83504002696155], "116": [0.027832426753980583, 2.7036138314837173], "117": [0.0124556586426743, 2.593759322614824], "118": [0.0012627912863981453, 2.508952107996911], "119": [-0.00596225364987781, 2.4512859488837324], "120": [-0.009511382183653662, 2.421920346405279], "121": [-0.009579902767765049, 2.4213679253351494], "122": [-0.006181571352124801, 2.4496265035737284], "123": [0.0008542020931856799, 2.506182390861668], "124": [0.01180349510428011, 2.5898865293432], "125": [0.02688254084073609, 2.6986790984164584], "126": [0.04600298628586354, 2.829155091663851], "127": [0.06850640646080025, 2.9760837075858824], "128": [0.09302725690693858, 3.1322259923316325], "129": [0.11766703088386038, 3.288900697316622], "130": [0.1404853012616324, 3.4373235731983747], "131": [0.16001977477243284, 3.5700131405295608], "132": [0.1755161960096495, 3.6814821366134027], "133": [0.1868270081688194, 3.7681321343413154], "134": [0.19415161963170585, 3.8277827901451533], "135": [0.19778171625476917, 3.85921620316758], "136": [0.19792267869202132, 3.861877599090751], "137": [0.1946024965948372, 3.8357330232846008], "138": [0.1876630939059353, 3.7812570843382307], "139": [0.17683300529683577, 3.699546840970051], "140": [0.16188609171668036, 3.592584921074004], "141": [0.14288102069989608, 3.4636629046759158], "142": [0.12042820420255916, 3.317865140199522], "143": [0.09584190845725866, 3.1622867082767323], "144": [0.07099237056849536, 3.0055313135063386], "145": [0.047832362813233956, 2.856414934977432], "146": [0.027868306026014426, 2.72253779509422], "147": [0.011904862555879586, 2.6095305693119615], "148": [0.00012649473303668495, 2.52111296639341], "149": [-0.007648659521326609, 2.4595516022135726], "150": [-0.011711031828792465, 2.426122600671838], "151": [-0.012275162256891611, 2.4214224197490677], "152": [-0.009382662794357035, 2.445520201752134], "153": [-0.0028878510761789935, 2.4979787216957146], "154": [0.00747551787361437, 2.5777500112944445], "155": [0.02194192919127888, 2.682923977501428], "156": [0.04047993252540849, 2.8103160556870135], "157": [0.06252450852631239, 2.954981885805965], "158": [0.08681147828105133, 3.1099675568137113], "159": [0.11150035125329787, 3.2667510389594554], "160": [0.13462937598265168, 3.416493662046357], "161": [0.15465105477706284, 3.551484973820626],