{"0": [-4.8131230456011395e-05, 0.879833776665668], "1": [-0.0031353831162343245, 0.904374757630776], "2": [-0.01056584780917052, 0.9667196853670423], "3": [-0.021190013065566175, 1.0669362832807427], "4": [-0.032985727319172195, 1.2051187205951426], "5": [-0.042919406568978316, 1.3816417965975936], "6": [-0.04684294409282466, 1.5978061884266008], "7": [-0.03941646868021071, 1.8568901923411976], "8": [-0.014115745343122276, 2.1653546547044615], "9": [0.03594519032358421, 2.53255314221812], "10": [0.11292537222882615, 2.9607290245370157], "11": [0.20131997327261922, 3.414719301443983], "12": [0.2729279778202864, 3.8309800095916455], "13": [0.3164708358241173, 4.184028773979958], "14": [0.336064974788011, 4.47981765745832], "15": [0.3388759648298723, 4.727649787349485], "16": [0.3312932572360002, 4.933360903718189], "17": [0.3184511673506688, 5.099755386565052], "18": [0.30429008416577896, 5.2278662782471725], "19": [0.29165357413577103, 5.317935297907783], "20": [0.2824018812336046, 5.369976149380282], "21": [0.2775479768137361, 5.383980016620694], "22": [0.27737279034613244, 5.359927999042092], "23": [0.28146212842044105, 5.297780388922025], "24": [0.2886443427294009, 5.197501116192265], "25": [0.2968623857218154, 5.059022641671279], "26": [0.3030420259592533, 4.881968319744113], "27": [0.3029929987453229, 4.664988563454655], "28": [0.29133486517213325, 4.404703323574746], "29": [0.2615249554879901, 4.094535705925465], "30": [0.2068015758673893, 3.7252689862757995], "31": [0.1256810310941038, 3.296059734138237], "32": [0.03478900185936962, 2.8446956047748135], "33": [-0.03824181188012334, 2.433562589607807], "34": [-0.08342330173203763, 2.085461857833948], "35": [-0.10521228753043277, 1.7939668515016745], "36": [-0.11071871901610862, 1.550058237893069], "37": [-0.10622681444112347, 1.348174697129422], "38": [-0.09677363717659827, 1.1856846156094747], "39": [-0.08621216377161807, 1.0616503840330875], "40": [-0.07730688821530791, 0.9758820091128961], "41": [-0.07184576547413216, 0.9283992625538877], "42": [-0.07077001652357245, 0.9192352062447784], "43": [-0.07427708368627194, 0.9484171586371107], "44": [-0.08184360162683521, 1.0159689798415323], "45": [-0.0921548487419454, 1.1218970525918952], "46": [-0.1029792832983975, 1.2662689857103586], "47": [-0.11104688512723704, 1.449563022382878], "48": [-0.11195858667138833, 1.6734086365096483], "49": [-0.10012048859009183, 1.9416906610821543], "50": [-0.06884965052361215, 2.261595212696734], "51": [-0.011807553817866117, 2.6419867199885414], "52": [0.06988476556931644, 3.078414733762492], "53": [0.15560352841257374, 3.524013343945728], "54": [0.21984127443600124, 3.921142936790211], "55": [0.2567043073773908, 4.2556717458522995], "56": [0.27173802507032907, 4.53563751111435], "57": [0.2719442903304863, 4.769348605310236], "58": [0.2633261516032131, 4.961619578237264], "59": [0.2506491391423055, 5.114612975071023], "60": [0.2375173796030908, 5.229027843808102], "61": [0.22646883083686775, 5.304956325635814], "62": [0.2190884406749095, 5.342343187902291], "63": [0.21613008899687472, 5.3411399312253165], "64": [0.217598164226914, 5.301319917201298], "65": [0.22274429901375506, 5.222883134343369], "66": [0.229980585673423, 5.105846688701375], "67": [0.2367564362099051, 4.950086261256639], "68": [0.23945074054895135, 4.754862396026035], "69": [0.23329154118299902, 4.517953376058992], "70": [0.21231488200192727, 4.234500189630077], "71": [0.16969623126090883, 3.8963652139579557], "72": [0.10042161660358508, 3.496544651118626], "73": [0.011307069854602437, 3.0515573720292166], "74": [-0.0719645141911949, 2.6197995028284025], "75": [-0.1297482032212228, 2.24573169815789], "76": [-0.16167473406709795, 1.9321778378149936], "77": [-0.17432429317367196, 1.6700139668759353], "78": [-0.17440421873466086, 1.4521947955122425], "79": [-0.16746387605506072, 1.2749953764278927], "80": [-0.15783940833576035, 1.136898774575797], "81": [-0.14873992791484592, 1.0375101607210337], "82": [-0.14234471985896874, 0.9768434671228955], "83": [-0.13991800572547375, 0.9549785878435938], "84": [-0.14191586829945155, 0.9719648126221675], "85": [-0.14803430747394192, 1.027811076071433], "86": [-0.1571705508819628, 1.1224837704680684], "87": [-0.16731961432163459, 1.2559740322528812], "88": [-0.17545917030757344, 1.4285912535133598], "89": [-0.1774584358579443, 1.6416163764093128], "90": [-0.16801096250373992, 1.8983231688866167], "91": [-0.14068516317404872, 2.205068417223027], "92": [-0.08892695846386459, 2.57056228254956], "93": [-0.011570331960311618, 2.9947296062108846], "94": [0.07491166078021706, 3.4397307075600154], "95": [0.14385007704803227, 3.8449235857581274], "96": [0.18565234037946682, 4.188000014592851], "97": [0.20462954564288985, 4.474838906838866], "98": [0.20771961787461557, 4.7140148736352785], "99": [0.20108217269694686, 4.910839858206748], "100": [0.18965644859400438, 5.067806657979754], "101": [0.17721099552378422, 5.185764757552589], "102": [0.16643308973068663, 5.2648311432084025], "103": [0.1590309756145379, 5.304917523972784], "104": [0.15584444279038112, 5.305942434998858], "105": [0.15692214610552938, 5.267877534987152], "106": [0.1615233106793496, 5.190752839963978], "107": [0.16804234956067043, 5.074625101711117], "108": [0.173898485938775, 4.9193886620116505], "109": [0.17543719046331552, 4.724277027422406], "110": [0.1678554922987026, 4.486987748076967], "111": [0.14517715948833226, 4.2025584918045], "112": [0.10067337121233189, 3.8629237095219775], "113": [0.029882685075143897, 3.4621725961493426], "114": [-0.05902395061444328, 3.0199730516065064], "115": [-0.14021843945187884, 2.595322970127303], "116": [-0.19585297670390017, 2.22891486419695], "117": [-0.2263947731813636, 1.9221133344566128], "118": [-0.23841941226661773, 1.6660835124621558], "119": [-0.23847763755696214, 1.4542184123035367], "120": [-0.23196685904304457, 1.2830863108771222], "121": [-0.22308715125682055, 1.151336552195042], "122": [-0.21492318419659218, 1.0586629025924985], "123": [-0.20953731035858159, 1.0051293721939607], "124": [-0.20807500561560832, 0.9908446595234599], "125": [-0.21085448835390858, 1.015861308948564], "126": [-0.21739514099890211, 1.0801592792799775], "127": [-0.2263675459369495, 1.1836647702978462], "128": [-0.23549413214752554, 1.3263865046009358], "129": [-0.24144873206553352, 1.5088176451939705], "130": [-0.23977819486622667, 1.7327012038213507], "131": [-0.2248557895263106, 2.002104305404709], "132": [-0.19009057186020623, 2.3242365977004593], "133": [-0.1298184717889587, 2.706746350988655], "134": [-0.047342075603800264, 3.1402586431500956], "135": [0.03516001798077141, 3.573866843496429], "136": [0.095084840356728, 3.955976609864695], "137": [0.12890076065274156, 4.2769882319672385], "138": [0.14241109572236935, 4.544868816168861], "139": [0.14233966379630691, 4.767040971122598], "140": [0.1343872776586058, 4.947667546581785], "141": [0.12304957230434373, 5.088528572697866], "142": [0.11168569698569894, 5.190116306906694], "143": [0.1026057821545711, 5.252407525958598], "144": [0.09716983837810825, 5.275276727194285], "145": [0.09587986589013209, 5.258649550773777], "146": [0.09842221759050365, 5.202536267068621], "147": [0.10363510346269571, 5.107018186548849], "148": [0.10942041660970787, 4.972132880139395], "149": [0.11264562128997269, 4.797520952543083], "150": [0.10906447348148873, 4.581724891638462], "151": [0.09326461954601445, 4.321162303651668], "152": [0.058802504403251236, 4.009199145763859], "153": [-0.0003654029701959348, 3.6378512820939823], "154": [-0.0831770696140659, 3.211948059248351], "155": [-0.17032832543761547, 2.776053389923175], "156": [-0.23741818590155064, 2.386025807315591], "157": [-0.27820825048821046, 2.057285611405817], "158": [-0.2977674346044218, 1.7830127420228972], "159": [-0.3028411853996819, 1.5554426423645873], "160": [-0.2992815191997093, 1.3699954199653357], "161": [-0.29174070673450053, 1.2246264535059022], "162": [-0.2837247053726191, 1.118720569860742],