{"0": [-4.990223475250548e-06, 4.639277798293524], "1": [-0.00038752537258324627, 4.6106062925484785], "2": [-0.0019076227227045293, 4.537798258986838], "3": [-0.006014782424497089, 4.420684269332873], "4": [-0.01499372985271094, 4.258735590720063], "5": [-0.03177895107565895, 4.050934365646713], "6": [-0.05939327023148005, 3.7964148687792085], "7": [-0.09941893548547347, 3.497632733987722], "8": [-0.14903671414108252, 3.167803904774112], "9": [-0.19946538877250197, 2.8354171519206113], "10": [-0.24120130552714375, 2.530746726388569], "11": [-0.27034908119120454, 2.269564530109572], "12": [-0.28801547455109083, 2.055358132784842], "13": [-0.29717559341860356, 1.8873563799798574], "14": [-0.30087437529070665, 1.764401499649717], "15": [-0.30155486815487637, 1.6858387092296847], "16": [-0.3008392801284779, 1.651431434166829], "17": [-0.29946254506063197, 1.6611285654628447], "18": [-0.29725601003728114, 1.7149336546448364], "19": [-0.2931517889765568, 1.8129336169143808], "20": [-0.28521622558795257, 1.9554731404697105], "21": [-0.2707659140101259, 2.1433589211840127], "22": [-0.2467259302646162, 2.377669092635747], "23": [-0.21065858535847232, 2.65792955062489], "24": [-0.16315802961287926, 2.9764457544920093], "25": [-0.1106745972973318, 3.3107319817745866], "26": [-0.06334277612796035, 3.6287908626085614], "27": [-0.027681288554290046, 3.908117326082712], "28": [-0.004285727936661366, 4.141137246198266], "29": [0.009326962734701082, 4.327528036385881], "30": [0.01627598186362359, 4.468469957393293], "31": [0.0192785407513412, 4.564827564876749], "32": [0.020296159219631047, 4.6169768622043055], "33": [0.020422952110988934, 4.625021098009735], "34": [0.01985407472802713, 4.5889734473232515], "35": [0.01788249873935111, 4.508793824206405], "36": [0.012918298227486252, 4.384268451727155], "37": [0.002562866376640733, 4.2147961160034235], "38": [-0.016156737886047597, 3.9993455690031583], "39": [-0.04609560603694551, 3.737424170968942], "40": [-0.08819861352971167, 3.433001913735161], "41": [-0.13847317848453894, 3.1022912726037695], "42": [-0.18751095281164948, 2.7754528935145446], "43": [-0.22671955689528148, 2.48041606751116], "44": [-0.25341444206142544, 2.2299340328415482], "45": [-0.26923741474295726, 2.0262512269843476], "46": [-0.2772206409908191, 1.868436949535737], "47": [-0.28028284112222224, 1.75545642924644], "48": [-0.280683818164599, 1.6867716878042815], "49": [-0.27984682743720596, 1.662203426273699], "50": [-0.2783048126403845, 1.6817168075681759], "51": [-0.275688607159939, 1.7453260199722274], "52": [-0.27073671110833564, 1.853157605087966], "53": [-0.2613435810535117, 2.0056415156224507], "54": [-0.24471715289222853, 2.203663846536199], "55": [-0.2178519129813581, 2.4481150242364538], "56": [-0.17883135951001342, 2.7373203898631497], "57": [-0.12953212377390352, 3.0603890807118566], "58": [-0.07774735537869808, 3.3913249332983177], "59": [-0.033210657015412835, 3.699156068040871], "60": [-0.0008157061364201202, 3.9655165386747293], "61": [0.019885189599075256, 4.185339056186598], "62": [0.03164536607404469, 4.3589199313307665], "63": [0.037498824745071144, 4.487374511212072], "64": [0.03995778779102292, 4.57140841214959], "65": [0.04074290619373656, 4.61129904739008], "66": [0.040698234849639976, 4.607114075254856], "67": [0.03976835284287721, 4.5588556447582365], "68": [0.03700068339974316, 4.466452418015282], "69": [0.030577119859488435, 4.329606022799158], "70": [0.01792277096190594, 4.147596546680242], "71": [-0.0039630433197367435, 3.9194318251918685], "72": [-0.0375633818588018, 3.645466196670673], "73": [-0.08262042991640325, 3.3325921683068214], "74": [-0.1333006754704934, 3.0017650874870547], "75": [-0.1797348750061332, 2.684373608391346], "76": [-0.2150250600498549, 2.403970970107986], "77": [-0.2381321120517117, 2.169245780527419], "78": [-0.25131882638516506, 1.9810112023067186], "79": [-0.2576351735995204, 1.8382145248544095], "80": [-0.2597950067274663, 1.7399983107662513], "81": [-0.2597828801290834, 1.6859708618118325], "82": [-0.25872666500024105, 1.6760180938992124], "83": [-0.25685998647922503, 1.7101231627758813], "84": [-0.25351748449745204, 1.7883236157518347], "85": [-0.2471551697594271, 1.9108218902259526], "86": [-0.23542738689417622, 2.07818432701403], "87": [-0.21542470846644496, 2.2913633368154582], "88": [-0.18436528953954667, 2.5507143981833167], "89": [-0.14135802653004786, 2.85212969617068], "90": [-0.09033577973263132, 3.179503755205589], "91": [-0.040491027786819206, 3.5031681705640763], "92": [-0.00025027112547802493, 3.7955542551761488], "93": [0.02769170457455609, 4.043842644478019], "94": [0.04489531771216886, 4.245596021792459], "95": [0.054317128796076024, 4.401612169484478], "96": [0.05881743761247964, 4.512860977461008], "97": [0.06060963492549149, 4.579855792029542], "98": [0.0610775652334703, 4.602770116266201], "99": [0.06071888040714278, 4.581638689937483], "100": [0.05913259609735928, 4.5164448271912185], "101": [0.05503122206564594, 4.407053481628965], "102": [0.04629644647927908, 4.25302732860949], "103": [0.030154952122883938, 4.053512068777783], "104": [0.0036952504029935398, 3.807804228550435], "105": [-0.03474798657081634, 3.518165368844038], "106": [-0.08287311007265533, 3.196584228512659], "107": [-0.1326633833348746, 2.8696992108595896], "108": [-0.17477485199772508, 2.5675275608634083], "109": [-0.20484938069183425, 2.307117731175118], "110": [-0.22355915100793694, 2.093013197236787], "111": [-0.23365388552678618, 1.924898450908598], "112": [-0.23808210637367513, 1.8017529665911247], "113": [-0.23924983305363626, 1.7229447523546964], "114": [-0.2387686495170218, 1.6882307785147357], "115": [-0.23737505393240887, 1.6975529107576641], "116": [-0.23490904309010294, 1.7509137267388901], "117": [-0.23031960747213462, 1.8484021543233138], "118": [-0.22170573854033404, 1.9903527817116389], "119": [-0.2064500275744397, 2.177506013185566], "120": [-0.1816145249329108, 2.410708042746701], "121": [-0.145033384400759, 2.6888805390160613], "122": [-0.09770929021231509, 3.0032726372909457], "123": [-0.046283075880898444, 3.330792025820851], "124": [-0.000417727208067176, 3.640534416457653], "125": [0.034013958512801236, 3.91154250106761], "126": [0.05666192493604715, 4.1367936133130625], "127": [0.06996028257928091, 4.315881591579847], "128": [0.07688680124552114, 4.449797931182937], "129": [0.08000350311691405, 4.539279838487236], "130": [0.08112135029171043, 4.584645639620368], "131": [0.0811904835176115, 4.585982691606711], "132": [0.08026826062296857, 4.543299858928756], "133": [0.07751881833234466, 4.456539324776819], "134": [0.07124360263470012, 4.32544558965648], "135": [0.05898568656965972, 4.149387570890131], "136": [0.037841068275013066, 3.927487455260509], "137": [0.005333567607516238, 3.660085042156974], "138": [-0.03852004737034474, 3.3535037666765377], "139": [-0.0884393617984943, 3.027343541495202], "140": [-0.13492394485281564, 2.7121283438476405], "141": [-0.17084869799400243, 2.4320869196813466], "142": [-0.1947771359892384, 2.1969271704338005], "143": [-0.2087337477011825, 2.0079996785848464], "144": [-0.21566896225258944, 1.8644316367154066], "145": [-0.2182647619720185, 1.7654030627438373], "146": [-0.21850336208539023, 1.710519535666329], "147": [-0.21752347187491589, 1.6996597203656023], "148": [-0.21557616670450866, 1.7328036119481711], "149": [-0.21201871051886365, 1.8099880169294098], "150": [-0.20533730604972392, 1.9314089167178983], "151": [-0.19323073193851875, 2.0976012018567434], "152": [-0.17286188737668248, 2.309418174106942], "153": [-0.14157227684547902, 2.5669696063272354], "154": [-0.09865393486465637, 2.8656971758372713], "155": [-0.04816580007042249, 3.1891187000266044], "156": [0.0008764394416256724, 3.5079415776106173], "157": [0.0404104143924847, 3.795461535935576], "158": [0.06792365490560673, 4.039269658703145], "159": [0.0849613268177701, 4.236893712113156], "160": [0.09439597187826902, 4.388998361858571],