{"0": [-1.0344520952373297e-05, 1.0404113502856882], "1": [-0.0006699201517636166, 1.0672787051362134], "2": [-0.0022175184386592954, 1.1359162322854113], "3": [-0.004287703929891196, 1.2473587241685646], "4": [-0.006216273557826072, 1.4029987818645573], "5": [-0.006979874736373912, 1.6042778291928466], "6": [-0.005205258790749158, 1.8522968136076907], "7": [0.0006395915304060569, 2.1471249131888874], "8": [0.011717516005322746, 2.4861491861829177], "9": [0.02787947925143253, 2.860752201958087], "10": [0.04680178497232048, 3.2529511154452404], "11": [0.06457032146568352, 3.637951681225949], "12": [0.07792558446115197, 3.993878581027048], "13": [0.0857841651049079, 4.308243735616029], "14": [0.08885953727176392, 4.576366239032773], "15": [0.08862390154381715, 4.797498199322841], "16": [0.08657865505625559, 4.972447232274434], "17": [0.08392953768448068, 5.10257136022716], "18": [0.08151171221532111, 5.1893154179852665], "19": [0.07982935866609425, 5.2338837445316715], "20": [0.07912293781076242, 5.236978430812655], "21": [0.07941556273725336, 5.198643958542579], "22": [0.08051726955293528, 5.118256492761264], "23": [0.08198558526602169, 4.9946617602839005], "24": [0.08305975575816826, 4.826429413592431], "25": [0.08261186642605522, 4.6121792510705335], "26": [0.07919443427920671, 4.351018137845425], "27": [0.07131040293197578, 4.043416986311945], "28": [0.05806162210985144, 3.693295924329117], "29": [0.040160586540063846, 3.31171598992235], "30": [0.020532349842801324, 2.9192470729274578], "31": [0.0031492891620215216, 2.5409162585857663], "32": [-0.009287066999889295, 2.196181122717566], "33": [-0.016299833902713258, 1.8949294006992081], "34": [-0.018915735157088366, 1.640384899859097], "35": [-0.01866707723105392, 1.4327006786220877], "36": [-0.01698867278591721, 1.2708570475957128], "37": [-0.014980519022559879, 1.153443816140509], "38": [-0.01337663202274158, 1.0790636731530787], "39": [-0.012599051369536568, 1.046641442863593], "40": [-0.012822292343272658, 1.0556598697137132], "41": [-0.014008526009371094, 1.1062752129356719], "42": [-0.015898457652358856, 1.1992831525088514], "43": [-0.017961570318149656, 1.335942151694845], "44": [-0.019329867251194063, 1.5176944949247064], "45": [-0.01876811078656874, 1.7458193061346263], "46": [-0.014773137298176158, 2.0209170459003665], "47": [-0.005942091872790606, 2.341764129549112], "48": [0.008248645862354183, 2.7027112729911447], "49": [0.026425612676932955, 3.0898486336828705], "50": [0.045134887465005546, 3.480331970923843], "51": [0.060569322955578785, 3.849872213444446], "52": [0.07070013087545282, 4.18191157864773], "53": [0.07561614529288124, 4.46900419699668], "54": [0.07658461641017833, 4.7091445085870705], "55": [0.07514988247281665, 4.90265229802183], "56": [0.07265695733427958, 5.050709974099198], "57": [0.07009206438122592, 5.154749926500646], "58": [0.06808724272674938, 5.216092434452338], "59": [0.06698314328808037, 5.235655558901199], "60": [0.0668870894511176, 5.213751751871939], "61": [0.06769513927708659, 5.1500172032935785], "62": [0.06906917004958027, 5.043492699859645], "63": [0.07037850359200762, 4.892837290377248], "64": [0.0706382709408884, 4.6966293376639765], "65": [0.06850890599924715, 4.453744126797451], "66": [0.062464020236056926, 4.163997594909377], "67": [0.05127818177042085, 3.829665290851491], "68": [0.034931916656021945, 3.4586351755810734], "69": [0.015524804864395156, 3.067940944714689], "70": [-0.003117330985008285, 2.682019668026049], "71": [-0.017592527126946582, 2.3233859652253686], "72": [-0.02660514992904614, 2.005450008751243], "73": [-0.03073643170133969, 1.7334912915012608], "74": [-0.03141718602777642, 1.5085364928756788], "75": [-0.030159305352982512, 1.3299004391430302], "76": [-0.028198854567422993, 1.1962836518936264], "77": [-0.02640330676412951, 1.1062643790108895], "78": [-0.025303565761675216, 1.0586319619243942], "79": [-0.025159933215255868, 1.0526536518560814], "80": [-0.02601041885372438, 1.0882386579173324], "81": [-0.027678130348605594, 1.1659593710191711], "82": [-0.029734834885325665, 1.2869231712263445], "83": [-0.031436945764341334, 1.4525248746060493], "84": [-0.03167574001563388, 1.6641244706836695], "85": [-0.029019383310441692, 1.922617843023925], "86": [-0.02197008259356501, 2.227589798028958], "87": [-0.00959164296981604, 2.57530244597606], "88": [0.007492514761217549, 2.9550704161208046], "89": [0.02645692646337531, 3.3467367940950603], "90": [0.04334669568111678, 3.725328527030341], "91": [0.05538286323481885, 4.071036729088448], "92": [0.061999759217947356, 4.3735827229796165], "93": [0.06417469956793799, 4.629506789062559], "94": [0.06342650248571109, 4.83854046314389], "95": [0.06119576426410756, 5.001642983721092], "96": [0.05859519081554477, 5.12018736735697], "97": [0.05637159158919969, 5.19554851915668], "98": [0.0549568826012763, 5.228792670276944], "99": [0.054531818746801804, 5.220440400883475], "100": [0.05506156649157402, 5.17034883738053], "101": [0.05628740137142628, 5.077743210339756], "102": [0.05767797332327729, 4.941391191945095], "103": [0.05836435453003781, 4.759880225120974], "104": [0.05711205469879767, 4.531964723594506], "105": [0.05242270821068858, 4.2570861343823365], "106": [0.04290496137301232, 3.9365289466183446], "107": [0.028053901027254465, 3.576030234395458], "108": [0.009260278178534014, 3.189585343641677], "109": [-0.010025388806615139, 2.800039559084993], "110": [-0.026024182071700007, 2.431576382681548], "111": [-0.03673597329543592, 2.100643890349137], "112": [-0.04226140027544447, 1.814642933119587], "113": [-0.043866057699359855, 1.5755812100873101], "114": [-0.04308727807842332, 1.3831589075036754], "115": [-0.0412625628631558, 1.2362193745032537], "116": [-0.0393718935282799, 1.1333594734589099], "117": [-0.03804229919964047, 1.0732907667586238], "118": [-0.03760960986493909, 1.0551270807110154], "119": [-0.03817496817112892, 1.0785835746299512], "120": [-0.03962520069451522, 1.1440420486545781], "121": [-0.04160855173211767, 1.2524648781528533], "122": [-0.04347621793189547, 1.405177703361256], "123": [-0.04422343768707094, 1.603566102992734], "124": [-0.04249667630298657, 1.8486901214648261], "125": [-0.03677668177623804, 2.140607423366046], "126": [-0.02588952955012826, 2.4767727150274776], "127": [-0.00992789492699277, 2.8488007553244237], "128": [0.008879379170564344, 3.2390892538175984], "129": [0.026680824461775107, 3.623077737422767], "130": [0.040190486564489494, 3.978740917927041], "131": [0.04825290459586816, 4.293259205364074], "132": [0.05152491280736187, 4.561690038394139], "133": [0.05145210970167275, 4.783131217705464], "134": [0.04953028392420512, 4.958295864925242], "135": [0.04696989741869861, 5.088472464454229], "136": [0.04461379752318311, 5.175049145134353], "137": [0.042972370914124196, 5.219185498492602], "138": [0.04228829802530762, 5.221553131875717], "139": [0.04258146594242336, 5.182183101907746], "140": [0.04365236630316653, 5.100458070624739], "141": [0.04504264012459611, 4.975252474372788], "142": [0.04597129230402682, 4.805187829346923], "143": [0.0452917691112073, 4.588961424582562], "144": [0.04155196007664322, 4.325800703752665], "145": [0.03328529218557716, 4.016399046565948], "146": [0.019684732368876863, 3.665107712381311], "147": [0.0016104823954464981, 3.2836437391090514], "148": [-0.01790492824382279, 2.8930684374248883], "149": [-0.03494715031517305, 2.518186179324214], "150": [-0.04698700965503721, 2.1777391881688626], "151": [-0.05368315976839721, 1.8810484103688159], "152": [-0.05611201952345926, 1.6310922636833962], "153": [-0.055799248337972576, 1.4279651736648782], "154": [-0.05415050266765381, 1.2706631278001361], "155": [-0.052233311269918904, 1.1578248783835003], "156": [-0.05075344810078616, 1.0881252530150551], "157": [-0.050109251061753644, 1.06057717070832], "158": [-0.05045236527001388, 1.0747545282646005], "159": [-0.05171745645577559, 1.1308901436678782], "160": [-0.05360777160878464, 1.2298230929796836],