{"0": [6.305541897990317e-05, 2.4534083762438543], "1": [0.004187722766323527, 2.4729640862467273], "2": [0.014899723333680831, 2.522459881485665], "3": [0.03275855084580077, 2.6014204296443877], "4": [0.058365409246611974, 2.708662415996147], "5": [0.0918437954025975, 2.8414807876283055], "6": [0.13209256663539398, 2.9943910994752705], "7": [0.17620246651329438, 3.1581461845027707], "8": [0.21985344004618873, 3.3206374581629254], "9": [0.25888092296434073, 3.470086018313382], "10": [0.2907068458642672, 3.5979549491135727], "11": [0.3145189905893661, 3.699408342065229], "12": [0.330599596313675, 3.772159015582017], "13": [0.3395978742831722, 3.8152554229082534], "14": [0.3420556181057707, 3.8283530069178116], "15": [0.3381713543438507, 3.8113887450051562], "16": [0.3277358551161943, 3.7644998759686525], "17": [0.31021331073429187, 3.6881294126734314], "18": [0.28499703591787623, 3.5833852357842555], "19": [0.25190488756220264, 3.4528105495152066], "20": [0.2119106512159775, 3.301609827828508], "21": [0.16776364734012128, 3.138698720633148], "22": [0.12369878046308601, 2.9760113693237025], "23": [0.08394375893173886, 2.8254528413564284], "24": [0.05122561802834335, 2.6958619664453676], "25": [0.026485570427028874, 2.592346724093895], "26": [0.00950876598890659, 2.517360733147249], "27": [-0.000338380725033556, 2.4719385182724425], "28": [-0.0036130838473493396, 2.4564624498017316], "29": [-0.0005440266975097898, 2.4710142680517597], "30": [0.009045219734692668, 2.5154724460397317], "31": [0.025666936426704316, 2.5894221272234366], "32": [0.04992965648606066, 2.691820829860151], "33": [0.08206478023084442, 2.8202673253850863], "34": [0.12121147995137328, 2.9698083272454676], "35": [0.16476937724165477, 3.131838099224672], "36": [0.20859274612748505, 3.2946054222382792], "37": [0.24840709445819859, 3.4461122279849032], "38": [0.2813505243303468, 3.577246889925686], "39": [0.3063584099588145, 3.6826428087107574], "40": [0.32357804223653036, 3.7596836579135684], "41": [0.333624827220547, 3.8072523514371617], "42": [0.3370681581024402, 3.8249285549841288], "43": [0.334163760215183, 3.8126120127569023], "44": [0.3247656928236279, 3.770409763205083], "45": [0.308384682237566, 3.6987121208313702], "46": [0.28441321156285704, 3.5985049567093266], "47": [0.2525788008187658, 3.4720652960815], "48": [0.2136426498896457, 3.3241221311583216], "49": [0.17006773416966092, 3.1629941110486186], "50": [0.1259091271288396, 3.0002462238698713], "51": [0.08547387807848827, 2.8479406774307945], "52": [0.05174468886928482, 2.71543298302786], "53": [0.025902994656498875, 2.60833313727246], "54": [0.007868294407675171, 2.529414925796891], "55": [-0.002954666775956431, 2.4798767559015777], "56": [-0.007144521946877508, 2.460176722451245], "57": [-0.0049810327939329505, 2.470433302435402], "58": [0.0036536295123527542, 2.5105528418047705], "59": [0.0192265512524854, 2.580166403455245], "60": [0.04234202314634912, 2.678336993176777], "61": [0.07330649764242239, 2.802895863772059], "62": [0.11144611908372482, 2.9493132785807683], "63": [0.1544235198013712, 3.1095342012281058], "64": [0.198273594247554, 3.272178800470192], "65": [0.23866886353219707, 3.425145357246477], "66": [0.27251960614595333, 3.5588627456907034], "67": [0.2985350336461171, 3.667494265671589], "68": [0.3167305052489215, 3.748115352881476], "69": [0.32767972324567285, 3.799448340855684], "70": [0.33196792863138674, 3.820997947277977], "71": [0.329896037697944, 3.81262788084495], "72": [0.3213719211801221, 3.7744194336185406], "73": [0.3059496194132557, 3.706722963228493], "74": [0.28302972438603013, 3.6104334317212436], "75": [0.2522779794896235, 3.4876256202321567], "76": [0.21429218185265572, 3.342653278817195], "77": [0.17129592404233923, 3.1833315152703503], "78": [0.12716681956189377, 3.0208597284446608], "79": [0.08624265659570889, 2.86735856966651], "80": [0.051706846272118676, 2.732587492753795], "81": [0.02495138629582481, 2.6225920298026035], "82": [0.00602360335493338, 2.540439518259934], "83": [-0.005627801083848717, 2.4874840173490886], "84": [-0.010592350767919829, 2.464257046618086], "85": [-0.009189369141306076, 2.4709121768456237], "86": [-0.0013500025957123524, 2.5073795066543547], "87": [0.013351834690877699, 2.573324757259829], "88": [0.03550947716602814, 2.667888901176458], "89": [0.06547963508265187, 2.7890782116612307], "90": [0.1027302165699813, 2.9326933104053574], "91": [0.14513969429863915, 3.091135447116702], "92": [0.18891401177496492, 3.2533779439644688], "93": [0.22971331827268068, 3.407298014755296], "94": [0.264273257252179, 3.542973931899203], "95": [0.2911092995038951, 3.654170103657192], "96": [0.31011461818992264, 3.7376856270577163], "97": [0.3218177794751306, 3.7920936890566903], "98": [0.3268105655923418, 3.81682785951614], "99": [0.3254281003288867, 3.8117179614437586], "100": [0.3176223899757394, 3.776823450511082], "101": [0.3029858194221666, 3.712464788206437], "102": [0.2809319294886221, 3.6194705400260845], "103": [0.2510861996874035, 3.499765082242999], "104": [0.2139245133718885, 3.3574135168272634], "105": [0.17147780801813278, 3.199821466215531], "106": [0.12746168321130102, 3.037852996766009], "107": [0.08621151650797045, 2.883619688400454], "108": [0.0510605382726443, 2.747180882940983], "109": [0.02357673836734248, 2.6349428123674934], "110": [0.0039226109333722016, 2.55022966945625], "111": [-0.008407837217652479, 2.4945366543763896], "112": [-0.014006912784360776, 2.4684634132445953], "113": [-0.013223076370409878, 2.472195911766538], "114": [-0.00602680219372077, 2.5056842015399305], "115": [0.007972572231354077, 2.568619566987237], "116": [0.029354151425576604, 2.6601989519329], "117": [0.05850622913839093, 2.7785566611243513], "118": [0.09500040878216552, 2.91974314848231], "119": [0.13688517453156754, 3.0765231835456492], "120": [0.18051737441966798, 3.2381833172048458], "121": [0.2215711088656293, 3.392633421699518], "122": [0.25665562594003477, 3.529699721622998], "123": [0.28412881421152447, 3.6428251856648766], "124": [0.30377690698492993, 3.728573534450483], "125": [0.3160839315783086, 3.7853862191017855], "126": [0.32164126028546497, 3.812632424353475], "127": [0.3208083695789963, 3.8101113589878346], "128": [0.31357184551104506, 3.777864411497966], "129": [0.2995563753087002, 3.71619047397681], "130": [0.2781904247036446, 3.625871616872464], "131": [0.24907544854478975, 3.5087246449338996], "132": [0.21260038717831564, 3.3686010417935033], "133": [0.17064815395942542, 3.2125877957090583], "134": [0.1267961522849834, 3.0512611756755157], "135": [0.08535714093292703, 2.896682327545787], "136": [0.0497687724865995, 2.7591177750843756], "137": [0.02173778062879388, 2.645255281379364], "138": [0.001524333593461515, 2.5586312250749494], "139": [-0.01133463991227369, 2.5008618591074594], "140": [-0.01742837503858105, 2.472606791262556], "141": [-0.01712518207991593, 2.4740805319208214], "142": [-0.010425447745771784, 2.505249284470298], "143": [0.0030324530931493737, 2.565822172012794], "144": [0.023812481241287098, 2.655033936484406], "145": [0.052320343713626406, 2.7711076124775214], "146": [0.08819913350233259, 2.9102733652994983], "147": [0.12962408748895876, 3.0655709311870756], "148": [0.17307634805052968, 3.2265467171854025], "149": [0.2142588090240036, 3.3811737566933213], "150": [0.2496968237315215, 3.5191130077338735], "151": [0.2776286047967389, 3.6335661061493427], "152": [0.2977528452830617, 3.7209092026515407], "153": [0.31051302443807843, 3.779474518064488], "154": [0.3164952712718885, 3.8085763301739335], "155": [0.31607468047191173, 3.807987652749461], "156": [0.30926317956354626, 3.777735687769914], "157": [0.29571113175570723, 3.7181050206548125], "158": [0.27486198593249606, 3.6298479889982804], "159": [0.24630560557106088, 3.514710156134679], "160": [0.2103737614878095, 3.376395184719453], "161": [0.1688431520197429, 3.2217574887433678], "162": [0.12518163921649555, 3.0611432385643145],