{"0": [-4.395596776285548e-05, 0.5554262163998638], "1": [-0.002896626743963637, 0.5678676979111595], "2": [-0.010085773268175571, 0.599654566569789], "3": [-0.021437580317813308, 0.6512797793517968], "4": [-0.03657676360587682, 0.723432222969429], "5": [-0.05480708755102376, 0.8168822321137702], "6": [-0.07497075468060141, 0.932378776160057], "7": [-0.09531475621394267, 1.0706175110339395], "8": [-0.11339079772325082, 1.2323377245784624], "9": [-0.12599761387219166, 1.418577523240715], "10": [-0.12915251526621624, 1.6310740022213641], "11": [-0.11808702741532746, 1.8727479690125681], "12": [-0.08737232389641711, 2.148076479706594], "13": [-0.031706319139564856, 2.4625357862880954], "14": [0.05093340528484478, 2.818264246967563], "15": [0.15184576230185468, 3.202072590543733], "16": [0.248894524777166, 3.5799484283740153], "17": [0.3229458288020262, 3.922759211633866], "18": [0.3694311539512087, 4.2236294052704535], "19": [0.39208907557751443, 4.486812687939901], "20": [0.3965492933164506, 4.7177956444636955], "21": [0.38814283855160764, 4.920614440651765], "22": [0.3714391849947487, 5.09778951131599], "23": [0.3502035328526826, 5.250790719627656], "24": [0.32742280819889547, 5.380510058098097], "25": [0.30534735329947305, 5.487619652568222], "26": [0.28556268809727114, 5.572777377418535], "27": [0.26910016614344284, 5.636682111325821], "28": [0.2565725777498211, 5.680018300813038], "29": [0.2483071931786926, 5.703349508758325], "30": [0.244450642499299, 5.707015184994037], "31": [0.24502991356597661, 5.6910654443164805], "32": [0.2499628355694704, 5.6552497546738545], "33": [0.2590170100346664, 5.599062046047572], "34": [0.27172095488690023, 5.521832601271957], "35": [0.28723899126321695, 5.422840163549432], "36": [0.30423211192492333, 5.30139657534439], "37": [0.3207339983225793, 5.1568427155361345], "38": [0.33406475531528473, 4.98840431875419], "39": [0.34078397082259226, 4.794890988081948], "40": [0.3366679936023825, 4.574264559616015], "41": [0.3167260143510084, 4.323161720624306], "42": [0.275445569815716, 4.036680322443108], "43": [0.2080733237119945, 3.7096948421475857], "44": [0.11507558049465229, 3.343424453374977], "45": [0.009934128567453153, 2.9584233512190057], "46": [-0.08396462359432502, 2.5907044431735393], "47": [-0.15209848497404438, 2.2622346798409745], "48": [-0.19350782994565763, 1.9748025206612632], "49": [-0.21294698369974388, 1.723207036518383], "50": [-0.21603638069326955, 1.502381032754289], "51": [-0.2078636384838532, 1.3088423124196056], "52": [-0.1927277424900423, 1.1404845814636408], "53": [-0.17413300905739193, 0.996090844836204], "54": [-0.15482039907481962, 0.874895402993037], "55": [-0.13681736362163502, 0.7762762913243615], "56": [-0.12152212799227961, 0.699601973243652], "57": [-0.10982355157905671, 0.6442169958064781], "58": [-0.10223651558263892, 0.6095179187379164], "59": [-0.09902456659450731, 0.5950595080275456], "60": [-0.10028695171810813, 0.6006426678721833], "61": [-0.1059973635708074, 0.626355896550082], "62": [-0.11598990063486567, 0.6725597095845377], "63": [-0.12989357766054208, 0.7398174552405226], "64": [-0.14702358937566584, 0.8287916184836444], "65": [-0.1662474971239685, 0.9401450437682684], "66": [-0.1858538601138389, 1.0745046703661754], "67": [-0.20345037743871283, 1.2325460249846238], "68": [-0.21590260143618467, 1.4152309282821762], "69": [-0.21930289765682975, 1.6241896537703175], "70": [-0.20896424520851856, 1.86219193217571], "71": [-0.17953277646088145, 2.1335252869914774], "72": [-0.12570159315379664, 2.443536943642919], "73": [-0.04510174482630768, 2.79471525523762], "74": [0.05460146480339163, 3.175332197272054], "75": [0.15214903963748797, 3.5526351408910046], "76": [0.22783641454957787, 3.8964655009393265], "77": [0.2762044414073278, 4.198548177801403], "78": [0.30060964496671794, 4.46262281831093], "79": [0.30659457416111424, 4.69410936238076], "80": [0.29949472949558525, 4.897083218969181], "81": [0.28390717686007044, 5.074104384741717], "82": [0.26363146612810345, 5.226656594688674], "83": [0.24169348541654445, 5.355614305273089], "84": [0.22038690161935515, 5.4616015471400745], "85": [0.2013429037502296, 5.545202710950289], "86": [0.18563680438158434, 5.607026013964454], "87": [0.17391847995831525, 5.647657371659929], "88": [0.16653971947391516, 5.6675630752358135], "89": [0.16365245715844298, 5.666995829102083], "90": [0.16526114512080292, 5.645940177401194], "91": [0.17122201095244916, 5.604113619146299], "92": [0.18118913690881985, 5.54102338281084], "93": [0.19451459900588977, 5.456062293921721], "94": [0.2101197008488574, 5.34860693304081], "95": [0.2263639990176916, 5.218062379244086], "96": [0.24093992534900927, 5.06379443524312], "97": [0.2508068074305459, 4.884912636978881], "98": [0.2521566900010803, 4.679907202243167], "99": [0.24040420118663908, 4.4461885366069875], "100": [0.21027512895505268, 4.179686185668197], "101": [0.15640449224303263, 3.875141345233659], "102": [0.075845029772568, 3.5294021037779473], "103": [-0.025316385955030073, 3.1518842483288867], "104": [-0.12708860802969674, 2.773407035923873], "105": [-0.2087029658896491, 2.4258827237480314], "106": [-0.26315903197668905, 2.1199170690156413], "107": [-0.29319503893015686, 1.8525391809698692], "108": [-0.30425217673523847, 1.6183364328818952], "109": [-0.3017123674505508, 1.4130864920975201], "110": [-0.29024885593819977, 1.2341011242808855], "111": [-0.2737408780022867, 1.0798192361045629], "112": [-0.25529362645543974, 0.9493383175135711], "113": [-0.2372779624771852, 0.8420446519509392], "114": [-0.22139636928756162, 0.757387732688045], "115": [-0.20878480127575452, 0.6948018725704929], "116": [-0.20013948592228334, 0.6537408030715041], "117": [-0.19584261649525755, 0.6337682882357404], "118": [-0.19606028373374426, 0.6346491499031415], "119": [-0.20079468587222307, 0.6564026099402477], "120": [-0.20988254593307934, 0.6993002758595751], "121": [-0.22293979723192905, 0.7638090835478786], "122": [-0.23926088721436745, 0.8504977696971525], "123": [-0.2576912950542458, 0.9599464005415325], "124": [-0.2765007763016643, 1.092716019600102], "125": [-0.293284029127863, 1.24943558400622], "126": [-0.3048998840457287, 1.4310380665121232], "127": [-0.30744002258492714, 1.639137224746138], "128": [-0.2962251948424973, 1.8764882700963754], "129": [-0.2659304714106145, 2.147341560913652], "130": [-0.21133997058308926, 2.456913773156724], "131": [-0.13032373839055233, 2.8073094721196727], "132": [-0.03090601731863269, 3.186161872748002], "133": [0.06570293983855915, 3.560679355982345], "134": [0.14038748434718681, 3.9015152192103173], "135": [0.18806778098560953, 4.200855635084019], "136": [0.21215561511502865, 4.4624172991478], "137": [0.21814595186147667, 4.691482174594891], "138": [0.21131641506119409, 4.8920057802297805], "139": [0.1962131792268539, 5.066460846964494], "140": [0.17659251474055612, 5.216266977400193], "141": [0.15544461069819263, 5.34224511124485], "142": [0.13503641970267982, 5.444964300447469], "143": [0.1169826022456723, 5.524943108230294], "144": [0.10235103422976019, 5.582708850695354], "145": [0.09178876383597864, 5.618753555125968], "146": [0.08564147455568287, 5.633444489754339], "147": [0.08404078271964353, 5.6269425560453445], "148": [0.08694294779241399, 5.599163172636801], "149": [0.09411256374847371, 5.549793488908513], "150": [0.10505363268656201, 5.4783604872713845], "151": [0.11889998919135232, 5.384324190800738], "152": [0.13428759777508095, 5.26714904718334], "153": [0.14923743110452184, 5.126294039508857], "154": [0.16107129011145407, 4.961071431052772], "155": [0.16636377156263996, 4.770356572522572], "156": [0.1609193528073909, 4.552173219167211], "157": [0.13979591342840894, 4.303242539060775], "158": [0.09757675415175232, 4.018823202253209], "159": [0.029710920055561637, 3.694142800189236], "160": [-0.0629970385591996, 3.3310633432448524], "161": [-0.16695687976388365, 2.950520651989076], "162": [-0.2594379332824751, 2.587727416437584],