{"0": [-4.5264006794354215e-06, 0.04238743657217011], "1": [-0.00030026008575790387, 0.043694026732520035], "2": [-0.0010644767707100235, 0.047070772657091836], "3": [-0.0023329839956604016, 0.052676935960392295], "4": [-0.004165027950345449, 0.060776560806020584], "5": [-0.006645712422910294, 0.07175023606451421], "6": [-0.009889271307171535, 0.08611166166947563], "7": [-0.014043024931027562, 0.10452917645596947], "8": [-0.01929159636788505, 0.1278520881490994], "9": [-0.025860459062865448, 0.15714088184839559], "10": [-0.034016950374946335, 0.19369884303125615], "11": [-0.0440652656043325, 0.23909987479861164], "12": [-0.05632940252659381, 0.29520295448330625], "13": [-0.0711146326060906, 0.3641381374148584], "14": [-0.08863495234383346, 0.44824489614589536], "15": [-0.10889434151085042, 0.5499478151700592], "16": [-0.13151887778007335, 0.6715781448706911], "17": [-0.15555799791278638, 0.8151978582893509], "18": [-0.1792977348031888, 0.9825359760443219], "19": [-0.200132702186715, 1.1751564838025512], "20": [-0.2145103558112951, 1.3949132670660027], "21": [-0.21791628096340177, 1.644650936893127], "22": [-0.20488785782514926, 1.9290185691967157], "23": [-0.16928416329265142, 2.254936263125957], "24": [-0.10600207974791047, 2.629539206099666], "25": [-0.017476685395284363, 3.0487478745905108], "26": [0.07688155435668875, 3.478388705950356], "27": [0.1517971012785942, 3.8736373455971336], "28": [0.19795851033155992, 4.218810668585333], "29": [0.2185498271623604, 4.518740283010623], "30": [0.21979964188996853, 4.78120052235953], "31": [0.20762487535551963, 5.011891413498686], "32": [0.18700499406508833, 5.214350408316093], "33": [0.16193917742378, 5.3907445618184795], "34": [0.13546936072379825, 5.542645525911428], "35": [0.10972103422258951, 5.67159591196229], "36": [0.08599987040063503, 5.779399300052987], "37": [0.06495500012159515, 5.868148205662287], "38": [0.046776034058320363, 5.940085119418974], "39": [0.031377389550106966, 5.997414563609826], "40": [0.01854041092990974, 6.042146576465678], "41": [0.008007603613071792, 6.075999272495175], "42": [-0.000462142232689696, 6.100353792738675], "43": [-0.007064586919611185, 6.116243144091308], "44": [-0.011936581899014259, 6.12435751855111], "45": [-0.015150511908375526, 6.125053880372832], "46": [-0.016712412792605515, 6.118362665787784], "47": [-0.016561756013980085, 6.103988293773833], "48": [-0.014572705476380999, 6.081303177252919], "49": [-0.010558415243158486, 6.04933782856084], "50": [-0.004282114132514482, 6.006773282934695], "51": [0.004518349985793505, 5.951946922131634], "52": [0.01608232593522426, 5.882888256845851], "53": [0.03054174341553797, 5.797403949874955], "54": [0.047789296242259874, 5.693223402901736], "55": [0.06730060063257995, 5.568187023341067], "56": [0.0879345202862806, 5.420407833097217], "57": [0.10775738816003275, 5.248290661523107], "58": [0.12393232693096955, 5.0503006711772365], "59": [0.1326755804572603, 4.824449047713125], "60": [0.12924510623133642, 4.567556976671159], "61": [0.10797933712062166, 4.274468481752722], "62": [0.06275282392156671, 3.9378923782821427], "63": [-0.010511601201906971, 3.5519515090702267], "64": [-0.10578477092840691, 3.126911793754724], "65": [-0.20007665815175185, 2.7036028950539763], "66": [-0.2710020289609954, 2.321524285409811], "67": [-0.3134230371098067, 1.989184812716315], "68": [-0.3318601386338891, 1.7000692460658526], "69": [-0.33257997314197396, 1.4468391495489652], "70": [-0.3212672893865243, 1.2244347056625755], "71": [-0.30264555121222947, 1.02977403393322], "72": [-0.280467601226073, 0.8609408111710625], "73": [-0.25754217723111006, 0.7164603058715628], "74": [-0.2357871238858246, 0.5948065005929042], "75": [-0.2163446664563867, 0.494187945915271], "76": [-0.19975713954893884, 0.4125751004919474], "77": [-0.18616401846568303, 0.3478632577861397], "78": [-0.17547696347704342, 0.29806056819853594], "79": [-0.16751007072199758, 0.2614356392006244], "80": [-0.1620643594579774, 0.23660811654200958], "81": [-0.15897682808672114, 0.22259325439591485], "82": [-0.15814618258196467, 0.2188187835102926], "83": [-0.15954451294545455, 0.22512924742507853], "84": [-0.1632202217474453, 0.2417867105183792], "85": [-0.16929365908434824, 0.2694702822401866], "86": [-0.17794319246779483, 0.3092705740347896], "87": [-0.18937551495836225, 0.3626686570026592], "88": [-0.20377004747123953, 0.4314830299367402], "89": [-0.22118499345416026, 0.5177663454917957], "90": [-0.24141595069606525, 0.6236445821439455], "91": [-0.26381189490682566, 0.7511246242777698], "92": [-0.2870770073448302, 0.901948652948463], "93": [-0.3091049436211188, 1.0776128217491043], "94": [-0.3268809846537646, 1.279646997421959], "95": [-0.33644555442809426, 1.5101699641480135], "96": [-0.33288568972157095, 1.7726441706543061], "97": [-0.3104071438822736, 2.072616212905542], "98": [-0.26299693663831636, 2.417519189854992], "99": [-0.18771901905372057, 2.8116139239950386], "100": [-0.09377775989178529, 3.239002766955759], "101": [-0.006011756189520459, 3.6553737522711174], "102": [0.05625531629078096, 4.026813730170504], "103": [0.09062952815728849, 4.349363316693927], "104": [0.10231567049728599, 4.630222105911071], "105": [0.09752255636983853, 4.876282797597431], "106": [0.08174199796194485, 5.092125407158388], "107": [0.05949876271689132, 5.280508890983882], "108": [0.0343562961584496, 5.443177041693844], "109": [0.008947105416412852, 5.581535871724757], "110": [-0.014962344550397143, 5.697086417130933], "111": [-0.0363422970909469, 5.791581822100366], "112": [-0.054716692409015596, 5.866962434390362], "113": [-0.06996847191086097, 5.925179286501213], "114": [-0.08217286436765835, 5.968008211501754], "115": [-0.09147647324221492, 5.996908872384832], "116": [-0.09802034108488947, 6.0129384061619975], "117": [-0.10189643297291655, 6.01670710036643], "118": [-0.1031268817497815, 6.008359734658029], "119": [-0.101659234628972, 5.987571520757993], "120": [-0.09737599614406119, 5.953555824673781], "121": [-0.09012197946146687, 5.905089579325427], "122": [-0.07975786270635823, 5.840570023585714], "123": [-0.06625139566507396, 5.7581196027263015], "124": [-0.049815271764092076, 5.655746793909542], "125": [-0.031088021585092485, 5.531539910148583], "126": [-0.0113316146610352, 5.383820427801069], "127": [0.007399362491594819, 5.211141759363233], "128": [0.02215377292451855, 5.012034439035629], "129": [0.029042504345745658, 4.784476296549703], "130": [0.02322758409118629, 4.525156414348269], "131": [-0.001016282158495823, 4.228731080601344], "132": [-0.04971071340109821, 3.8879076105798935], "133": [-0.12616923884303044, 3.497954087072506], "134": [-0.22233771504349917, 3.072807992834795], "135": [-0.3141336776835501, 2.655471658455685], "136": [-0.3812951018286684, 2.2816731621751174], "137": [-0.4205201948883675, 1.9569479244758468], "138": [-0.4367526203206878, 1.6744287996649014], "139": [-0.4361905028078461, 1.4271563924896902], "140": [-0.42436983650957083, 1.2104486943656312], "141": [-0.405868591368413, 1.021486800717134], "142": [-0.3843065788118999, 0.8585193068524167], "143": [-0.36237611380056467, 0.7201808026382817], "144": [-0.3419052042609913, 0.6050488905486894], "145": [-0.3239832756774792, 0.5114746198894062], "146": [-0.30914123543060845, 0.4376378722033743], "147": [-0.2975455896931055, 0.3817207924501659], "148": [-0.28916670926756916, 0.34209665020762703], "149": [-0.2839020733007625, 0.3174771426124038], "150": [-0.28165486740757933, 0.30700549135080474], "151": [-0.2823772008804562, 0.3103053778363427], "152": [-0.2860871182977026, 0.3274993797253337], "153": [-0.2928640076225566, 0.35920423478809127], "154": [-0.30282101366605235, 0.40650062060993525], "155": [-0.31604740648778556, 0.4708663279419121], "156": [-0.3325107039193474, 0.5540586980892064], "157": [-0.35191164890381543, 0.6579433282138917], "158": [-0.37349918547262856, 0.7842996231313533], "159": [-0.3958753178237669, 0.9346841306987138], "160": [-0.4168351788457642, 1.1104660562614166],