{"0": [-2.312583614968692e-05, 1.2008862405014722], "1": [-0.0014835470649205802, 1.2251839579796377], "2": [-0.004780855112828874, 1.2868866807871966], "3": [-0.00879815338398551, 1.3860754724291933], "4": [-0.011668023901337948, 1.523002833132732], "5": [-0.010732814771447892, 1.698347255199277], "6": [-0.002563646395029739, 1.9135906018553301], "7": [0.01685063593493881, 2.171277442441328], "8": [0.05137622327721642, 2.4742348110201027], "9": [0.10247890459292842, 2.82117668293115], "10": [0.16476814323448272, 3.1963778058859904], "11": [0.2249047540462092, 3.566226302771429], "12": [0.2711255567045331, 3.90085428966903], "13": [0.3003788769079798, 4.1898110912306885], "14": [0.31522984347859534, 4.433950135041857], "15": [0.31978430058364987, 4.636361831378587], "16": [0.31797235753565906, 4.799360118334313], "17": [0.3130447320478323, 4.924187549222566], "18": [0.30746018004562786, 5.011371511108396], "19": [0.3028938320171325, 5.061083857567029], "20": [0.30028401544593103, 5.073359881247768], "21": [0.29987627692539004, 5.048193432780761], "22": [0.3012364839460325, 4.9855584231574275], "23": [0.3032250187081803, 4.8853741833471345], "24": [0.30394860660157674, 4.747381686952132], "25": [0.30072391272872434, 4.570882954381373], "26": [0.2901029088873247, 4.35436529117458], "27": [0.26807816784749106, 4.095270772617133], "28": [0.23085745277202643, 3.790886156276576], "29": [0.17722091088893244, 3.443002067161965], "30": [0.11298164754553278, 3.0683123473315637], "31": [0.05159644594857759, 2.700739438737487], "32": [0.0043912659232075955, 2.369193985860222], "33": [-0.02597608397781863, 2.0833181096265343], "34": [-0.04219316531470288, 1.8420669181390934], "35": [-0.04835698705422209, 1.6424036155067532], "36": [-0.04835163777530372, 1.4820977885503015], "37": [-0.0453746578797816, 1.3599665701595454], "38": [-0.041832331426225756, 1.27551632767576], "39": [-0.03934962331446045, 1.228591819227701], "40": [-0.038815877316338857, 1.2191648970428244], "41": [-0.04042591025291719, 1.2472436671181741], "42": [-0.04368980322787153, 1.3128544933741606], "43": [-0.04740536513306533, 1.4160836871990408], "44": [-0.04961132898094342, 1.557213777351889], "45": [-0.04755627635996418, 1.736997590519671], "46": [-0.037736469565421725, 1.9570329124146435], "47": [-0.016136186812085045, 2.2199337174748264], "48": [0.020892472065536745, 2.528200522875827], "49": [0.07404536602559905, 2.8789789290385523], "50": [0.1366043039713551, 3.2535302001347555], "51": [0.19486174073219853, 3.6173219146947533], "52": [0.23836499014502563, 3.9433960571568485], "53": [0.26523665654020273, 4.2237333260322885], "54": [0.27841966858980033, 4.459795154797386], "55": [0.2820099924138041, 4.654547940635391], "56": [0.27981403966787394, 4.810080181035405], "57": [0.274934448012347, 4.927470941668778], "58": [0.26968222899691147, 5.007156592971225], "59": [0.2655912592297992, 5.049266478721709], "60": [0.26346329888961834, 5.053819272556035], "61": [0.26340495457225244, 5.020804628092332], "62": [0.2648322732302179, 4.950194150689914], "63": [0.2664401973385431, 4.841888008673189], "64": [0.2661574864671707, 4.69555922097801], "65": [0.26112375694834966, 4.510359685783487], "66": [0.24774787074721524, 4.284551388864117], "67": [0.22200874589484423, 4.015442395348559], "68": [0.1805156355460571, 3.7009324513721826], "69": [0.12345069426067917, 3.3456838544776666], "70": [0.05889971508739238, 2.9715311234186714], "71": [0.0007429791024261296, 2.6134292574800004], "72": [-0.04193870870289931, 2.295260712818619], "73": [-0.06834017264419598, 2.022835393297432], "74": [-0.08173100870091222, 1.7941776108014245], "75": [-0.08619404471217328, 1.6064354125204554], "76": [-0.08542185528063806, 1.4577167591556695], "77": [-0.08238034891527889, 1.3470819159713674], "78": [-0.07924359402949124, 1.2741687870718503], "79": [-0.07741473148905935, 1.2388795987223513], "80": [-0.07757010664234512, 1.2412058284589162], "81": [-0.07969057397933589, 1.2811598989018347], "82": [-0.08305919154729353, 1.358775038304851], "83": [-0.0862270444628115, 1.4741761376418048], "84": [-0.08697115577684558, 1.6277624823764807], "85": [-0.08228380148194188, 1.8205258412724117], "86": [-0.06846345058984755, 2.0543985784254573], "87": [-0.04151438824593255, 2.332129495522042], "88": [0.0015075186394365378, 2.6550659667953367], "89": [0.05907356065084611, 3.0157097664541217], "90": [0.1213592650536256, 3.3882664813623546], "91": [0.17470603998474785, 3.73827616245286], "92": [0.2119262846951261, 4.046076761808108], "93": [0.233440187761914, 4.308327626618979], "94": [0.24284186373863717, 4.527470369221565], "95": [0.24416630657372126, 4.706171971269138], "96": [0.24095093771104917, 4.846080819002061], "97": [0.23598301784891978, 4.947973323865977], "98": [0.2312593977568253, 5.012128549032464], "99": [0.22801435858313535, 5.0386114080524225], "100": [0.22676179152796444, 5.027421387990913], "101": [0.22731896327824425, 4.978544168076898], "102": [0.22879596950584252, 4.891936482702017], "103": [0.2295582527298651, 4.767430560885772], "104": [0.22719005742792686, 4.6045165833396196], "105": [0.21850251665443468, 4.402000960142185], "106": [0.19967649026604686, 4.157712488615716], "107": [0.16682248454553084, 3.8689548311125708], "108": [0.11775936062861458, 3.5357715609898555], "109": [0.05595844157207465, 3.1698555709440286], "110": [-0.006901604318156714, 2.8012526769586263], "111": [-0.05814581002153441, 2.462169057659775], "112": [-0.0929101013094501, 2.1671545635183227], "113": [-0.11282564016276386, 1.9172010563094455], "114": [-0.12174078649899006, 1.7095728243258714], "115": [-0.12358881024433882, 1.5418716085599078], "116": [-0.12170663395528904, 1.4127269708871595], "117": [-0.11866139608702354, 1.3215360354535362], "118": [-0.11623422349141943, 1.2681026255628836], "119": [-0.11545404342424333, 1.252391630764015], "120": [-0.11663579790942022, 1.2744100540946453], "121": [-0.11939458615822629, 1.334174916995448], "122": [-0.122626240563623, 1.4317493877396499], "123": [-0.1244681933235005, 1.5673719198485405], "124": [-0.12227285717229329, 1.7417152364050865], "125": [-0.11264513915928215, 1.9562413096955216], "126": [-0.09167045530945292, 2.2133719484646197], "127": [-0.05573634071952967, 2.5154645111447076], "128": [-0.003934965666478822, 2.8599896482816067], "129": [0.05766550658037836, 3.2295129458638567], "130": [0.1159278797855205, 3.5906285100413022], "131": [0.16019383801303436, 3.9157358905378703], "132": [0.1881112796696927, 4.195689095672054], "133": [0.20234687264850693, 4.4313819517461335], "134": [0.20688463638315316, 4.625603934247839], "135": [0.20549037823302085, 4.780407486724657], "136": [0.2012534019862827, 4.896869352460422], "137": [0.19648058994922357, 4.975423324473888], "138": [0.19270097708973868, 5.016191118406788], "139": [0.1907031203076721, 5.019184605118764], "140": [0.19056648080786048, 4.984393299778957], "141": [0.19166405042242354, 4.911793814036569], "142": [0.19263462907167495, 4.801284950976033], "143": [0.19134548605601587, 4.652514907996814], "144": [0.18488281947461657, 4.464578636169438], "145": [0.16963731713898061, 4.235680304382046], "146": [0.1416772342923638, 3.9632223772895414], "147": [0.09799702262146123, 3.6458155488992254], "148": [0.03972596550628133, 3.290198151464516], "149": [-0.024009349386688517, 2.920701255725019], "150": [-0.07975081096690506, 2.571466159519875], "151": [-0.11985146271199207, 2.2632979257924326], "152": [-0.1443154094208557, 2.000454231775832], "153": [-0.15655632022048618, 1.7808251411585447], "154": [-0.16055356538739107, 1.6018096084752709], "155": [-0.1598361917668746, 1.4617525432663738], "156": [-0.1571995622714995, 1.3598645879681641], "157": [-0.1546525017822403, 1.2958629511366668], "158": [-0.15343789395413598, 1.269685545283486], "159": [-0.15406982562402372, 1.2813352204370771], "160": [-0.15635478766777816, 1.3308242301842683], "161": [-0.159381752516106, 1.4181921336701593],