{"0": [-3.4318426357017554e-05, 3.538350993939538], "1": [-0.0022621484496130745, 3.5284136187207986], "2": [-0.007892876493457608, 3.5034660272461724], "3": [-0.016848645778833146, 3.46424943852143], "4": [-0.028958568723068873, 3.4120054724587434], "5": [-0.04390458205085282, 3.3485315475298774], "6": [-0.06117300344341514, 3.2762157268595278], "7": [-0.08003701958602183, 3.198008808813282], "8": [-0.09959210229942916, 3.1172962713030032], "9": [-0.11884747819917037, 3.03766608558081], "10": [-0.13684836053904567, 2.9626198984680876], "11": [-0.15278547067551487, 2.895308173627157], "12": [-0.16605599417772154, 2.838355697600508], "13": [-0.17626686745097922, 2.7937950401050378], "14": [-0.18319619423447, 2.7630810546397178], "15": [-0.18673843346773328, 2.7471429992435685], "16": [-0.1868557106367889, 2.7464377134353954], "17": [-0.18354934507294796, 2.7609819623584273], "18": [-0.1768579878050944, 2.790354584484349], "19": [-0.1668826886480443, 2.833668042687803], "20": [-0.15383328572859611, 2.8895176503073086], "21": [-0.13808311591892297, 2.955928642743365], "22": [-0.12021075656364213, 3.0303358170758767], "23": [-0.10100317792434002, 3.1096389364953976], "24": [-0.08140238696969511, 3.190364213640176], "25": [-0.06240080335839523, 3.2689207727097616], "26": [-0.04491824973182389, 3.341890760000567], "27": [-0.029704548342777547, 3.4062716303460028], "28": [-0.01729653193394121, 3.459617133925895], "29": [-0.008029893596173628, 3.5000750693845943], "30": [-0.0020853678897480663, 3.526356872436051], "31": [0.00045638912735751925, 3.5376820777801], "32": [-0.0004287819103316123, 3.5337299074858124], "33": [-0.004729267021443913, 3.5146156227000196], "34": [-0.012391129604650837, 3.4808980001733363], "35": [-0.02328569699167142, 3.433615857689138], "36": [-0.03715894400191808, 3.3743421732076424], "37": [-0.053578219719957174, 3.305231277489007], "38": [-0.07189966527916833, 3.229020573719214], "39": [-0.09128118477130832, 3.1489446335013955], "40": [-0.11075326876075524, 3.068541282562453], "41": [-0.1293335755867677, 2.9913768181965485], "42": [-0.14614643678285374, 2.920762533027951], "43": [-0.16050540162812243, 2.859540083245349], "44": [-0.1719383180093617, 2.8099740042034043], "45": [-0.18016238662745168, 2.773739240920883], "46": [-0.18503283328509812, 2.7519633545870166], "47": [-0.18648981935149603, 2.7452824914970084], "48": [-0.18452101426692594, 2.7538834463528192], "49": [-0.17914901038210376, 2.777518064903828], "50": [-0.17044614750630901, 2.8154863442893796], "51": [-0.15857356600597747, 2.8665928816769153], "52": [-0.14383460108549162, 2.9290916904036437], "53": [-0.1267244043899879, 3.000648402245607], "54": [-0.10795095966975073, 3.0783612837180563], "55": [-0.08840475669564532, 3.1588797047546358], "56": [-0.06907184573321778, 3.23862790385656], "57": [-0.050913093411016824, 3.3140910446138205], "58": [-0.03475225405441824, 3.3820845221975246], "59": [-0.02121020174236595, 3.439937362782416], "60": [-0.010696939870856622, 3.48556756775505], "61": [-0.0034473191698664845, 3.5174732735484895], "62": [0.00042482654192288813, 3.5346826326519745], "63": [0.0008769918563697057, 3.5366999582101726], "64": [-0.002092445665163591, 3.523471234703389], "65": [-0.00844845004570318, 3.4953792685387652], "66": [-0.01809652427825353, 3.4532695784479626], "67": [-0.030837933611685162, 3.3984995879940647], "68": [-0.04631523439256522, 3.3329921523723534], "69": [-0.06396867929547632, 3.2592599922569745], "70": [-0.08302899107126639, 3.18035814657323], "71": [-0.1025655982579617, 3.099732084744987], "72": [-0.12158748929499083, 3.020968251893257], "73": [-0.13916594314412298, 2.9475044803912955], "74": [-0.15453526290135897, 2.882381549355414], "75": [-0.16714072685437975, 2.8280929989453134], "76": [-0.17663094013858582, 2.786539444081216], "77": [-0.1828138068528648, 2.7590545413275462], "78": [-0.1856017447440964, 2.746459483400504], "79": [-0.18496675832626402, 2.7491126310374208], "80": [-0.1809176013049422, 2.7669355201487207], "81": [-0.1735039762143778, 2.799408076575111], "82": [-0.162846845820987, 2.845534421401863], "83": [-0.1491877892206114, 2.903789798262988], "84": [-0.13294260310179695, 2.972071866381837], "85": [-0.11473641021311157, 3.04769377847808], "86": [-0.09539520840123938, 3.1274614783796024], "87": [-0.07587996573732178, 3.207858429788402], "88": [-0.057174865662539875, 3.2853151495144224], "89": [-0.04016689501906446, 3.356494355554174], "90": [-0.025559267144100527, 3.4185130528264045], "91": [-0.013841463346963359, 3.469059086731964], "92": [-0.005310583359070356, 3.506410496031355], "93": [-0.00012120784122088794, 3.529396586933928], "94": [0.001661101659991959, 3.537342186851208], "95": [2.075657961587193e-05, 3.5300239377798817], "96": [-0.0050226476800333715, 3.507653398524594], "97": [-0.0134018012561687, 3.4708913240785666], "98": [-0.024964516480509017, 3.4208891915915816], "99": [-0.03942118061784336, 3.359343978451729], "100": [-0.05629419381729314, 3.2885384771275525], "101": [-0.0748937872407015, 3.211326560930667], "102": [-0.09434354589585066, 3.131023783607349], "103": [-0.11366287450230937, 3.0511919602737128], "104": [-0.13188599378158916, 2.975356356850443], "105": [-0.14817586664120586, 2.906732694555245], "106": [-0.16189445665492103, 2.8480354432447106], "107": [-0.1726153113070371, 2.801393896641356], "108": [-0.18009077496067993, 2.7683552740426043], "109": [-0.18419867822636574, 2.7499326301184412], "110": [-0.18489181203155422, 2.746659171529019], "111": [-0.1821656548289378, 2.7586247082774253], "112": [-0.17605190142389984, 2.7854830666336095], "113": [-0.16663907008080778, 2.8264286861277106], "114": [-0.15411565493465512, 2.880149061269468], "115": [-0.13882422333513011, 2.9447708729187685], "116": [-0.12130659180849222, 3.0178319756676144], "117": [-0.10231478883044205, 3.096321698861269], "118": [-0.0827677098523242, 3.1768235536738256], "119": [-0.06365407980441042, 3.2557575882636707], "120": [-0.045910322557973116, 3.329668857836317], "121": [-0.030316895085931814, 3.3954812820553344], "122": [-0.01744563451582498, 3.450656541699923], "123": [-0.007663256753914639, 3.493247577361019], "124": [-0.0011731354973178773, 3.5218771936972786], "125": [0.0019301611313602095, 3.5356848206933233], "126": [0.0016147549687247497, 3.5342758663173366], "127": [-0.0021133579066356955, 3.5176935188707534], "128": [-0.009208353556987554, 3.4864209619326783], "129": [-0.019556321257725006, 3.4414132805832254], "130": [-0.032927210110133436, 3.3841493848218134], "131": [-0.04892107306794083, 3.316681907641307], "132": [-0.06693073117164403, 3.2416487865687573], "133": [-0.08614602614383644, 3.1622039896106853], "134": [-0.10561496563881795, 3.0818416863828753], "135": [-0.12435251713290868, 3.0041322177528693], "136": [-0.1414615650026123, 2.9324359461895337], "137": [-0.1562231519911028, 2.8696743980255137], "138": [-0.16813111931212865, 2.818205014400248], "139": [-0.17687435044850067, 2.7797949487989624], "140": [-0.18228849084261783, 2.7556565528823564], "141": [-0.18430219243378043, 2.7465026899678504], "142": [-0.18289659817002832, 2.7525918933808864], "143": [-0.17808847565271252, 2.7737476054443877], "144": [-0.1699405436868875, 2.809346416528325], "145": [-0.15859677319773277, 2.8582785562110384], "146": [-0.14433401133078833, 2.9188936796702323], "147": [-0.12761327289346175, 2.988958424548189], "148": [-0.10910677202666182, 3.0656654375349888], "149": [-0.08967691304739096, 3.1457342313686416], "150": [-0.0702982257569767, 3.225618395915854], "151": [-0.051940329991848194, 3.301784765110906], "152": [-0.03545239212649646, 3.3709893970615914], "153": [-0.02148869945554428, 3.4304769865382925], "154": [-0.010491617858614554, 3.4780731069878326], "155": [-0.0027214075161476944, 3.512186883100647], "156": [0.0016914225422062638, 3.5317654695637084], "157": [0.0026949039415144235, 3.5362394767110055], "158": [0.0002816504912597233, 3.5254847355025376],