{"0": [2.3324618839927303e-05, 5.550363878186446], "1": [0.001530228485242933, 5.529200676119194], "2": [0.0052585016704963785, 5.475000171442674], "3": [0.010904952958195642, 5.386605545234976], "4": [0.017852527942567073, 5.262389314065249], "5": [0.025017101784175766, 5.100476694503879], "6": [0.03069286138420435, 4.898868617865299], "7": [0.032465239809873675, 4.655345258677562], "8": [0.02729236316420607, 4.367239845329399], "9": [0.01196213720490901, 4.031771858912222], "10": [-0.015563006938356841, 3.648925956438027], "11": [-0.05332262090354931, 3.2295844241951475], "12": [-0.09321854259985196, 2.802821316853865], "13": [-0.12541909501456547, 2.402872712943665], "14": [-0.1453232279795794, 2.0480753682433237], "15": [-0.1537201833771202, 1.7415127151020409], "16": [-0.153614833592487, 1.4808093194807133], "17": [-0.1482492481349944, 1.2630541227580263], "18": [-0.14035691191918265, 1.0858400768138792], "19": [-0.131964616457978, 0.9471160171755681], "20": [-0.12442560909936688, 0.8449905614946608], "21": [-0.11855497629617534, 0.7777613466489804], "22": [-0.11478923325031509, 0.7441058469825379], "23": [-0.11331659883980498, 0.7432933269502175], "24": [-0.1141489592219444, 0.775315504642422], "25": [-0.11712483189192353, 0.840890714299835], "26": [-0.1218428772579415, 0.9413395209204055], "27": [-0.12753545767632035, 1.0783723551590694], "28": [-0.13290977075760582, 1.2538870970833866], "29": [-0.13600936216516923, 1.4699169857601364], "30": [-0.13417423541132867, 1.728802204826465], "31": [-0.12422393855224705, 2.0333380299395047], "32": [-0.10315447916140982, 2.3858349156433607], "33": [-0.06998919781841832, 2.783546720055724], "34": [-0.028887553453081888, 3.209172209378548], "35": [0.010547327168061964, 3.629047379489043], "36": [0.03987891212039937, 4.013235724528447], "37": [0.05678057847162755, 4.350006925877698], "38": [0.06317147423179381, 4.639168120439152], "39": [0.06227898697242648, 4.883547640268741], "40": [0.057201495079628906, 5.085869589526939], "41": [0.050419619844905214, 5.248359734451929], "42": [0.04370342092927352, 5.372976720964622], "43": [0.03819279216726693, 5.461531020102857], "44": [0.03454831296922445, 5.5155824838997916], "45": [0.03310372574679992, 5.536228590940609], "46": [0.033975534433513595, 5.523916680666215], "47": [0.037108313679179834, 5.478360868657795], "48": [0.042249428052693855, 5.3985911773422846], "49": [0.04885634269595501, 5.283120603840915], "50": [0.0559527486034622, 5.130166267460793], "51": [0.06197166518480095, 4.937802579075893], "52": [0.06464937767516583, 4.703915011734395], "53": [0.061062355796467974, 4.425979408975864], "54": [0.04798035869458086, 4.101186695071131], "55": [0.022967485752457766, 3.728567240894033], "56": [-0.013097018379532088, 3.3159720695569237], "57": [-0.053313570035612615, 2.8889018007380183], "58": [-0.08759782348128785, 2.482459315470147], "59": [-0.11006010355765676, 2.118868410306068], "60": [-0.12064020177808252, 1.8035286743147025], "61": [-0.12208844895059269, 1.5346570534433885], "62": [-0.11767106066591931, 1.3093434740310577], "63": [-0.11024151815312025, 1.1251183838234373], "64": [-0.10196677092236059, 0.9799222387792692], "65": [-0.09432600946374108, 0.8718857042485606], "66": [-0.08823087496485317, 0.7993135900713481], "67": [-0.08418292682548636, 0.7608514389876215], "68": [-0.08240992570441645, 0.7556979255647434], "69": [-0.08294704392098562, 0.7837496293352172], "70": [-0.08564918765042728, 0.8456226890604782], "71": [-0.09013267853563398, 0.9425436166624381], "72": [-0.09565510075623526, 1.0761462106083404], "73": [-0.1009597226280597, 1.2482686196385342], "74": [-0.10413577586266952, 1.4608891491984208], "75": [-0.10257120776028288, 1.7162820166894641], "76": [-0.09311788437632135, 2.017175038568599], "77": [-0.07274385793841322, 2.3659170511093883], "78": [-0.04028873497425501, 2.760217270352658], "79": [0.0004742092594721423, 3.1838683869827284], "80": [0.04019247947537476, 3.6039152343430674], "81": [0.07020489820678763, 3.9896751132312525], "82": [0.08783981831924584, 4.328384768318441], "83": [0.09484326645275197, 4.619387836143298], "84": [0.09440081485506836, 4.865403131208812], "85": [0.08962469853482327, 5.069139869802741], "86": [0.083028858364355, 5.232807035296806], "87": [0.07642034870087616, 5.358328379112451], "88": [0.07097165428834436, 5.447470888359487], "89": [0.06736752733846837, 5.501754210694976], "90": [0.06595612548740594, 5.522245653337509], "91": [0.06685843449328213, 5.509374916399956], "92": [0.07001319521791916, 5.462852439032683], "93": [0.07515045414029682, 5.381720404182008], "94": [0.08169746741616342, 5.264520336569299], "95": [0.08863484876085331, 5.109508961063177], "96": [0.09434333360513295, 4.91479712228827], "97": [0.09650702146802793, 4.678286566827994], "98": [0.09216875660965722, 4.397455565782735], "99": [0.07812380590662223, 4.069576503674886], "100": [0.052111841082105405, 3.6941363166740686], "101": [0.015441568660127084, 3.2802351496556668], "102": [-0.024542825349886683, 2.854763738532848], "103": [-0.05791262090058391, 2.4523861560237954], "104": [-0.07933621180727803, 2.093703020602057], "105": [-0.0890997260925973, 1.7832091517316375], "106": [-0.09004067123533491, 1.5189507295770313], "107": [-0.08539801001921242, 1.298082561616648], "108": [-0.07796338518168029, 1.118219063319007], "109": [-0.0698390241090832, 0.9773649422836631], "110": [-0.062449749546750366, 0.8737118333650394], "111": [-0.05666736148346852, 0.8056419457931839], "112": [-0.05296578717980234, 0.7719006892372439], "113": [-0.05155058634117207, 0.7718011173409582], "114": [-0.05243073098369134, 0.8053518427420694], "115": [-0.05542003542569527, 0.8732581077284822], "116": [-0.06006792659813109, 0.9767947090481399], "117": [-0.06553153414290054, 1.1175985473752692], "118": [-0.07042077705878554, 1.2974874275977493], "119": [-0.07267340469297413, 1.5184427144047745], "120": [-0.06954289867095792, 1.7827960696323413], "121": [-0.05783911823935574, 2.093283434928683], "122": [-0.034758596983262564, 2.451708631247189], "123": [3.2344796554434514e-05, 2.85352902055969], "124": [0.0413732335578403, 3.2783879333742627], "125": [0.07941314282814115, 3.6917757445816863], "126": [0.10667703511646792, 4.066595754016018], "127": [0.12175680370173221, 4.3936514711699735], "128": [0.1269092939640753, 4.673521864555872], "129": [0.1253698182232075, 4.9090070824535195], "130": [0.12013066438577659, 5.102658222872162], "131": [0.11354256565827284, 5.256559081078574], "132": [0.10725851529789025, 5.372549782940147], "133": [0.10232851601067189, 5.452302658472369], "134": [0.09935039508215028, 5.497196009738254], "135": [0.0986118295734346, 5.508108270210338], "136": [0.10018298742839246, 5.485257992242525], "137": [0.1039411447381081, 5.428159853151623], "138": [0.10952329452917653, 5.3357132876143], "139": [0.11621458339592337, 5.2063918379851], "140": [0.12279780840836273, 5.038443788837329], "141": [0.1274135977165505, 4.829968220584861], "142": [0.12750613972512326, 4.578778186147357], "143": [0.11997006833588636, 4.282239224659008], "144": [0.10175633944172098, 3.937998546715426], "145": [0.07152386502031512, 3.547917082840435], "146": [0.03262827158357343, 3.1270396886966356], "147": [-0.005901783158561425, 2.7074141776325287], "148": [-0.035210418793088775, 2.3204068973066527], "149": [-0.0522460306562633, 1.9799429845675742], "150": [-0.058545450911988074, 1.687255099899572], "151": [-0.057234441486555335, 1.4397849278233905], "152": [-0.05143237571025625, 1.2348603231767046], "153": [-0.0436853743291986, 1.0703050895321033], "154": [-0.03583918782419329, 0.944248955781718], "155": [-0.02910175559202963, 0.8549911664960769], "156": [-0.02418457848493559, 0.8010774926612687], "157": [-0.021451118401507135, 0.7814956173383131], "158": [-0.02102457750681506, 0.7958546813335848], "159": [-0.022830744647172916, 0.8444620367308256], "160": [-0.02656848685663694, 0.9282671775521546], "161": [-0.03161271866736129, 1.0486926105136969],