{"0": [-1.5133590958129563e-05, 1.2469360538981016], "1": [-0.0009750616686943761, 1.2649446141102754], "2": [-0.0031845528610104767, 1.3107049288187347], "3": [-0.006026256086418336, 1.3843328294297288], "4": [-0.008470810690928494, 1.4860192013099796], "5": [-0.009054235547043222, 1.6160599817284242], "6": [-0.005882586473455424, 1.7749100228555277], "7": [0.0032978388546471595, 1.9632190107684675], "8": [0.02089258360281194, 2.181709592769218], "9": [0.04896738213049622, 2.4305703397548672], "10": [0.08824834425088732, 2.707815548605763], "11": [0.1366223705727966, 3.0064459703522965], "12": [0.18831307115059565, 3.312638222965393], "13": [0.2358193022860929, 3.6093075327778537], "14": [0.27367601792554275, 3.88329737912582], "15": [0.3001186325449264, 4.128321261769734], "16": [0.3160935914031371, 4.342810758871121], "17": [0.32376378202117384, 4.52712353227999], "18": [0.32555867543159867, 4.682028413791735], "19": [0.3237200950659691, 4.8081762075775], "20": [0.3201153805780193, 4.906010584724835], "21": [0.3161780979450325, 4.975813543177396], "22": [0.31290835221708735, 5.017760243324984], "23": [0.3108965871353124, 5.031948719547808], "24": [0.3103477586666781, 5.018408719308694], "25": [0.3110913853393092, 4.977103235058989], "26": [0.3125722875323675, 4.90792925974735], "27": [0.31382691006445596, 4.8107117661725685], "28": [0.3134595937030887, 4.685177500497257], "29": [0.3096418554636461, 4.530903861008302], "30": [0.3001701647843623, 4.347275820006449], "31": [0.2826473108224193, 4.13357158964704], "32": [0.25491958666970627, 3.889469971534683], "33": [0.21598781189208718, 3.6165027170318904], "34": [0.16746038159169227, 3.320760559833896], "35": [0.11460307110887771, 3.015111090264249], "36": [0.06487011661876681, 2.7165668007831782], "37": [0.02418629294962495, 2.439170944247574], "38": [-0.005169922723846857, 2.1901491217216544], "39": [-0.02384382392340563, 1.971576904374828], "40": [-0.033885837315155445, 1.78326813758823], "41": [-0.03771565946294575, 1.6244766526422056], "42": [-0.03761175082295793, 1.4945311585103176], "43": [-0.03549632867934509, 1.392965245570246], "44": [-0.032862485358459224, 1.319481753863436], "45": [-0.030768019640610596, 1.2738962145594686], "46": [-0.02985689520505188, 1.2561031993000038], "47": [-0.03038387570630127, 1.2660650164258367], "48": [-0.03222671090503671, 1.3038095856035343], "49": [-0.034879415176034795, 1.3694296415184735], "50": [-0.03743023545610103, 1.4630876418798182], "51": [-0.0385375253513169, 1.5850392183875752], "52": [-0.036425475980151, 1.7356817745685966], "53": [-0.028933244799909195, 1.915601374502423], "54": [-0.013677671477202516, 2.125510790722468], "55": [0.011548360557911955, 2.365811164387592], "56": [0.04793169035573952, 2.635278188069304], "57": [0.09423539167735712, 2.9284832496567867], "58": [0.14561262427198693, 3.233339165072177], "59": [0.19471265654661524, 3.5330164612630783], "60": [0.23529333184482895, 3.812853305359787], "61": [0.26466596381230695, 4.064866202071757], "62": [0.2832172994129327, 4.286537317723521], "63": [0.2928931602203431, 4.477890532460113], "64": [0.2960963630427532, 4.639642216425193], "65": [0.29512914370078686, 4.772475644790675], "66": [0.2919540336096205, 4.876873983178125], "67": [0.2881092783991057, 4.953145903554593], "68": [0.28469698535821986, 5.001482670205579], "69": [0.2824022949423472, 5.021994815499083], "70": [0.2815180123628658, 5.0147256079476525], "71": [0.2819582230978148, 4.979653848288765], "72": [0.2832534894112492, 4.916694688462457], "73": [0.2845302443128416, 4.8256953412401264], "74": [0.284486720652611, 4.706413457066349], "75": [0.28138655244906213, 4.55847052557511], "76": [0.2731022913065345, 4.3813032135852135], "77": [0.2572658014402326, 4.174210713425153], "78": [0.23164060928118949, 3.936748160256367], "79": [0.19491956295925883, 3.669945543604674], "80": [0.14808629243894514, 3.378784486870051], "81": [0.09567730721684466, 3.0747777391580176], "82": [0.04492968818257517, 2.7745505554082124], "83": [0.0022839210814893252, 2.493156805396643], "84": [-0.029275178881009962, 2.239132847215866], "85": [-0.04993501982257245, 2.0153422268982903], "86": [-0.06155511709262686, 1.8218971869346285], "87": [-0.06651937207144942, 1.6581122967840465], "88": [-0.06714314880957115, 1.523299659207055], "89": [-0.06541556109719725, 1.4169657267398068], "90": [-0.0629057800509651, 1.3387944942387089], "91": [-0.06074666300463688, 1.2885906587692981], "92": [-0.05965193801114136, 1.2662408526863], "93": [-0.05994053809794489, 1.2716984676004202], "94": [-0.06155102749636179, 1.3049802207060013], "95": [-0.06403808791146134, 1.366165317583279], "96": [-0.06655302050318733, 1.455399502182558], "97": [-0.06782000342971961, 1.5729156759693705], "98": [-0.06612870972621605, 1.7190791571569148], "99": [-0.05937476168549969, 1.8944368460764678], "100": [-0.04520312736834733, 2.0996774806687344], "101": [-0.021365350973872058, 2.335263430466108], "102": [0.013510931729219836, 2.6002679560876243], "103": [0.05858982382157586, 2.889966668743449], "104": [0.10952999288484391, 3.1932042853633598], "105": [0.15918682988490224, 3.4935205711277066], "106": [0.20101905780703697, 3.775656580389273], "107": [0.2318637224875931, 4.030738705051412], "108": [0.25177973124810393, 4.255677077776213], "109": [0.26256671349054167, 4.450263205283145], "110": [0.266591755355156, 4.615155778613689], "111": [0.266174585595597, 4.751041253696322], "112": [0.26331794253278923, 4.858417075089264], "113": [0.25960791091645324, 4.937602054547749], "114": [0.2561944797117605, 4.988792593213769], "115": [0.25380722193332894, 5.012102641738246], "116": [0.25277916847874593, 5.0075800304968805], "117": [0.2530615035363703, 4.975210417080504], "118": [0.2542207269475945, 4.914918122543453], "119": [0.25541989817889893, 4.826562008200092], "120": [0.2553953921680276, 4.709915115907126], "121": [0.2524495164162727, 4.564620050226794], "122": [0.24449017077245283, 4.390140192369037], "123": [0.22917198539675818, 4.185797678593297], "124": [0.20424817377954724, 3.9511335440185777], "125": [0.16832900236037107, 3.68704962276868], "126": [0.122199533739523, 3.3981858474947377], "127": [0.07012215623083827, 3.095558142040813], "128": [0.01918771529662376, 2.7955347077336286], "129": [-0.024043904279969948, 2.5134212426107165], "130": [-0.056349643524576346, 2.258210856895343], "131": [-0.07773722042589283, 2.0330871761578106], "132": [-0.08997789067417539, 1.8383061379537267], "133": [-0.0954267771464534, 1.6732277821428843], "134": [-0.09640053737942703, 1.5371720460664706], "135": [-0.0949031797779826, 1.4296439906784078], "136": [-0.09252391861003866, 1.3503266785589672], "137": [-0.0904162827881845, 1.2990256390484187], "138": [-0.08931288421689786, 1.2756285548905357], "139": [-0.0895487512374241, 1.2800883774499647], "140": [-0.09107580889220912, 1.3124190510254965], "141": [-0.09346012956017663, 1.3726947253533792], "142": [-0.09586354555278956, 1.4610542467704908], "143": [-0.09702103557466, 1.5777219553737647], "144": [-0.09523425714618605, 1.7230523352397884], "145": [-0.08841256487022872, 1.8975776356730898], "146": [-0.07421639619039852, 2.1019662239020187], "147": [-0.050412997362762044, 2.3366543793057], "148": [-0.01564021442607741, 2.6006916100055495], "149": [0.02927507896313901, 2.8893575861320833], "150": [0.08003482455329253, 3.1915609241280216], "151": [0.1295578476660505, 3.4909420576933337], "152": [0.1713408180060914, 3.772293668424439], "153": [0.20221672907922628, 4.026718269799234], "154": [0.2222208996418575, 4.251074556242725], "155": [0.2331294198088973, 4.445111217598942], "156": [0.2372913939121619, 4.609459195574718], "157": [0.23701359895184293, 4.744787882705106], "158": [0.23428931702049094, 4.851583506629823], "159": [0.23069730577079997, 4.930156484151105], "160": [0.2273811335317657, 4.9806963525722905], "161": [0.22506366403649647, 5.003311651474923], "162": [0.2240698018596855, 4.99804675994634],