{"0": [2.1114531021471364e-05, 5.75222958584389], "1": [0.0013928773920374809, 5.738856856740501], "2": [0.004862861956245637, 5.704551517077968], "3": [0.010378374218163563, 5.648407686695885], "4": [0.017796188395718393, 5.569058867964313], "5": [0.026799041831630427, 5.4648007178527624], "6": [0.036780013798678755, 5.333746663090575], "7": [0.046708085995888146, 5.173971441856304], "8": [0.055004303831860744, 4.9835682479537295], "9": [0.059471945654627385, 4.760555458970733], "10": [0.05733790418480591, 4.502669436057606], "11": [0.04551165359575265, 4.207335537983117], "12": [0.021331760582687497, 3.8726630321928988], "13": [-0.015680941730520672, 3.5011367006511307], "14": [-0.061164372838436384, 3.1063226019180368], "15": [-0.10571814660649212, 2.714019700402289], "16": [-0.14047344301896125, 2.348602522820598], "17": [-0.16198180615094912, 2.0213008881418237], "18": [-0.17128227719059086, 1.7333151824930384], "19": [-0.1712347769209424, 1.4823779256931933], "20": [-0.1649450703579798, 1.2658867798105866], "21": [-0.15512788475654268, 1.0816198843367477], "22": [-0.14389982144264438, 0.9276273074765984], "23": [-0.13276358241657576, 0.8020251774761457], "24": [-0.1226902684473514, 0.7029233785039558], "25": [-0.11424697604177624, 0.6284975754312752], "26": [-0.1077292564021534, 0.5771358474239381], "27": [-0.10327193081433142, 0.5475892818181813], "28": [-0.10092704923967538, 0.5390866391601946], "29": [-0.10070806867638807, 0.5514010700734995], "30": [-0.10260274103677347, 0.5848695575169057], "31": [-0.1065558728337425, 0.6403663407423086], "32": [-0.11242035306154237, 0.7192283425665529], "33": [-0.11987401735397012, 0.8231325957640421], "34": [-0.12830433444835582, 0.9539408937760874], "35": [-0.13667442153531187, 1.113556923208638], "36": [-0.14339992347985347, 1.3038700495204745], "37": [-0.14628021202478902, 1.5268488671168925], "38": [-0.1425413543654423, 1.7847461868329157], "39": [-0.12909821260187757, 2.080119930737715], "40": [-0.10330756183042834, 2.4148184970627877], "41": [-0.06472989445455155, 2.7862595774526167], "42": [-0.017777162826329986, 3.1807428710805024], "43": [0.02814676361645659, 3.572443125447369], "44": [0.06423559602070676, 3.937122722037808], "45": [0.08710131470887449, 4.263678351584079], "46": [0.09780650159341671, 4.550946485397978], "47": [0.09921170340537715, 4.801185086682321], "48": [0.09441519977872277, 5.016977158244764], "49": [0.08612262724195974, 5.200526651205848], "50": [0.07644247248985245, 5.353767050892174], "51": [0.06687146706429013, 5.478564266808457], "52": [0.05837728602661706, 5.576786259424948], "53": [0.05152593030053938, 5.65022970889544], "54": [0.04661353502917516, 5.70047333041557], "55": [0.04377627988139646, 5.72872799656979], "56": [0.043067237563445174, 5.735723295167705], "57": [0.044499111668505405, 5.721642702548435], "58": [0.04805510192614405, 5.686107155453822], "59": [0.05366879580608757, 5.628206182962628], "60": [0.061171420231681935, 5.546578365800593], "61": [0.07020450285741042, 5.439539430280384], "62": [0.08010130110297793, 5.305238957175266], "63": [0.08975270380564938, 5.141795616311894], "64": [0.09748935188057874, 4.947335105597423], "65": [0.10102502620977885, 4.719875864291423], "66": [0.09752228449136768, 4.457126143763513], "67": [0.08390219911881676, 4.156544046118779], "68": [0.05770562627896871, 3.816623131820843], "69": [0.019028908832422142, 3.4411252216771997], "70": [-0.02689107254137233, 3.0457402752371308], "71": [-0.07032388118205864, 2.65710969484132], "72": [-0.10310279997589113, 2.2978995258128263], "73": [-0.12263527807394037, 1.9773743264220163], "74": [-0.13037956619746074, 1.6959008642074336], "75": [-0.12928990370180649, 1.4510849923923093], "76": [-0.12242756713063681, 1.2404024001362344], "77": [-0.11241589832057454, 1.0617153340955559], "78": [-0.10127221321013508, 0.9131255124705151], "79": [-0.09041101565190711, 0.7927855508445473], "80": [-0.08073564198188231, 0.6988530966251713], "81": [-0.07276800125801697, 0.629579606107997], "82": [-0.06677792941148164, 0.583460833885852], "83": [-0.06288809865627001, 0.559382570452852], "84": [-0.06114507180750823, 0.5567265047241634], "85": [-0.06155611242133885, 0.5754263637054481], "86": [-0.06409375054155195, 0.6159746879539026], "87": [-0.06866842937473742, 0.679380415358431], "88": [-0.07506736634677709, 0.7670759281895683], "89": [-0.08285867524344458, 0.8807788145873259], "90": [-0.0912669401241716, 1.0223350332493988], "91": [-0.09904024174361574, 1.1936023608732826], "92": [-0.10434439426215959, 1.39645057100423], "93": [-0.10473257946789637, 1.6329125441933408], "94": [-0.09726056664268244, 1.9053656640267334], "95": [-0.07890436052309657, 2.21626637320312], "96": [-0.04766067256373384, 2.5662450841369537], "97": [-0.00480242733500417, 2.9488952119641163], "98": [0.042895771965328636, 3.3447914391133438], "99": [0.08545969352850509, 3.726696486454865], "100": [0.11613715029216913, 4.075408009585744], "101": [0.13371606592167162, 4.384800510079281], "102": [0.14026361671787832, 4.655693505356956], "103": [0.13884708820871305, 4.89063236357762], "104": [0.1324359087312192, 5.092026282708968], "105": [0.12349276692587685, 5.261911126604601], "106": [0.11386462972226895, 5.402141678305977], "107": [0.10481578938434227, 5.5145467675190005], "108": [0.0971339653307657, 5.600932571201996], "109": [0.09126271079701792, 5.662969322512323], "110": [0.08742522818700027, 5.702037210550156], "111": [0.08571978127858614, 5.719090044682119], "112": [0.086180307581198, 5.714563798072367], "113": [0.08880285478719457, 5.68833608920041], "114": [0.09353940059030315, 5.639736054850558], "115": [0.1002585591176212, 5.567605172428158], "116": [0.10867134476145858, 5.470408750474212], "117": [0.11822321082762942, 5.346385861982962], "118": [0.12796348231137383, 5.1936985722720745], "119": [0.13641861113411458, 5.01051087300102], "120": [0.14151025825137742, 4.794928107628682], "121": [0.14057206188393873, 4.544807714288896], "122": [0.13055737887575766, 4.257671233193195], "123": [0.10866610672962568, 3.9314293840050327], "124": [0.07387030878921434, 3.5674468309762344], "125": [0.029495375630980356, 3.1768957478441138], "126": [-0.015782435167316554, 2.7838690075680685], "127": [-0.05259269023031241, 2.4140763911694014], "128": [-0.0764854291397579, 2.0811782913869923], "129": [-0.08789050950088857, 1.7877049276780617], "130": [-0.08946586901653109, 1.531767771355575], "131": [-0.08431439862948109, 1.3107992198949614], "132": [-0.07522663100127376, 1.1225651176897962], "133": [-0.0644211611256123, 0.9651423480099084], "134": [-0.05350344891200616, 0.8367138660275583], "135": [-0.04353403290092277, 0.7354729592307105], "136": [-0.03514965694127437, 0.6596749121034862], "137": [-0.02869508762591503, 0.6077750872145588], "138": [-0.024336497034677294, 0.5785805545915332], "139": [-0.022142439216217395, 0.5713693840579563], "140": [-0.022129485805942723, 0.5859603827664364], "141": [-0.024273865526115403, 0.622730874389408], "142": [-0.028489803838858543, 0.6825827402333561], "143": [-0.034573268421712315, 0.7668561103883949], "144": [-0.042110344009940064, 0.8771957770550209], "145": [-0.050355856893089565, 1.0153951426620111], "146": [-0.05810100720939853, 1.183273787680375], "147": [-0.0635644599674949, 1.3826644838850326], "148": [-0.06435401453397217, 1.6155500578379234], "149": [-0.05756600197742115, 1.88424795215635], "150": [-0.040167533407869487, 2.1912075484483458], "151": [-0.010017238239263657, 2.5373059172864183], "152": [0.031985366366169464, 2.916954647043026], "153": [0.07955367991441892, 3.3118806377515826], "154": [0.12279524525982055, 3.6950031858623777], "155": [0.15454531000066346, 4.04607385935271], "156": [0.173191606104726, 4.358034806889419], "157": [0.18061911356757204, 4.631332370077539], "158": [0.17985369913872204, 4.868434421572092], "159": [0.17388414789806406, 5.071751246956961], "160": [0.16521536131307804, 5.2433157453410395], "161": [0.15574245085052196, 5.384958906824356],