{"0": [-3.976521739930081e-05, 1.2351786474732422], "1": [-0.0025595447863669993, 1.2538195596457722], "2": [-0.008340944766184785, 1.3010074706956678], "3": [-0.01574982357997018, 1.3764636337144744], "4": [-0.022149245125993942, 1.4799707629889964], "5": [-0.02388882506192384, 1.6117154068743487], "6": [-0.016234175238148286, 1.77278008600316], "7": [0.006823053506606991, 1.965830043779846], "8": [0.05290169312089438, 2.1960545793903514], "9": [0.13139544362791228, 2.4720705916929377], "10": [0.2510004307166951, 2.8035771892769588], "11": [0.40524150271443155, 3.1819407716288466], "12": [0.5543325687234917, 3.553338082969348], "13": [0.6639547334476997, 3.8717058525466643], "14": [0.7329570944443315, 4.135409866963342], "15": [0.7711329355012551, 4.355037139029296], "16": [0.787756548796617, 4.538646381256423], "17": [0.7901670852898213, 4.69087256729758], "18": [0.7841071286649701, 4.814008989642201], "19": [0.7740662625778147, 4.908924265928635], "20": [0.7634584794466774, 4.975708481938418], "21": [0.7546847384699246, 5.014128671832606], "22": [0.7491406296898797, 5.023937702099511], "23": [0.7472083644884215, 5.00505074774791], "24": [0.748252096649089, 4.9575929818141695], "25": [0.750621721393406, 4.881818528155766], "26": [0.7516589258562211, 4.777898433013134], "27": [0.7476833497195715, 4.645572754990752], "28": [0.7339156926372398, 4.48365045494569], "29": [0.704280415986424, 4.289311350708847], "30": [0.6510761910687364, 4.057163911363121], "31": [0.5649196638773403, 3.7784647809101144], "32": [0.43782409866834543, 3.4443005507574167], "33": [0.27895752950057134, 3.0669884697909113], "34": [0.12934287726653024, 2.7022394185826792], "35": [0.01973758183630243, 2.3913833990650692], "36": [-0.05049163072594771, 2.133944744042469], "37": [-0.09111107071036603, 1.9196093370684513], "38": [-0.11111330049193302, 1.7407883293140574], "39": [-0.1176037834784177, 1.5931585483013213], "40": [-0.1161400235063731, 1.4746054757046643], "41": [-0.11104891079844091, 1.3843483584530314], "42": [-0.10558667689257258, 1.3223224192401755], "43": [-0.10199313548929906, 1.2887446652922379], "44": [-0.10149678609606283, 1.2838245355518607], "45": [-0.10430718012012156, 1.3076074405995535], "46": [-0.10961179749820259, 1.3599486658181992], "47": [-0.11558088340583557, 1.4406180779700526], "48": [-0.1193709614047373, 1.5495377491955784], "49": [-0.11710046037210631, 1.6871583444621803], "50": [-0.10375074713097883, 1.8549953479598547], "51": [-0.07293958264786404, 2.0563753662622712], "52": [-0.01660389832741616, 2.2973953185650515], "53": [0.07469923326282035, 2.5872926117158], "54": [0.20666646085931814, 2.932423969556321], "55": [0.3621032471397037, 3.3095807873588616], "56": [0.4978135611854851, 3.6598965093838203], "57": [0.5922201734999645, 3.954445614547079], "58": [0.6499391267766722, 4.198411120001054], "59": [0.6807355776303536, 4.401568025059158], "60": [0.6930267399001918, 4.570502869673143], "61": [0.6934262083227506, 4.708847078675814], "62": [0.687101186521116, 4.818301833637919], "63": [0.6780402795925955, 4.899429657933438], "64": [0.6691778346249123, 4.952212783437147], "65": [0.6624306809720679, 4.976441944777281], "66": [0.658697879756127, 4.97196437532442], "67": [0.6578539957517978, 4.938798839593373], "68": [0.6587488514032176, 4.877118776067436], "69": [0.6592131330257369, 4.787102649362651], "70": [0.6560546834588231, 4.668649020074039], "71": [0.6450115723677741, 4.5209469390180566], "72": [0.6206110622787953, 4.341870979941893], "73": [0.575899320814965, 4.127152340618427], "74": [0.5022246994090692, 3.8694803334299466], "75": [0.39062723034802466, 3.5594959889166], "76": [0.24175758044507656, 3.1986829466603353], "77": [0.08616992896831414, 2.8286506375172067], "78": [-0.037080183283089554, 2.502600594816711], "79": [-0.11980048847624396, 2.2316517897511607], "80": [-0.17013282008646685, 2.006920951796353], "81": [-0.19739007707089468, 1.819915009196506], "82": [-0.2091461000956676, 1.6654384887314804], "83": [-0.21132506024521205, 1.5407787464203724], "84": [-0.2085354564293542, 1.4447748950654777], "85": [-0.2042690660985416, 1.3771394055818091], "86": [-0.20098089282831724, 1.3379811796821988], "87": [-0.2001059737447916, 1.3274827715341415], "88": [-0.20205462772733182, 1.3457146002263711], "89": [-0.20620843598828015, 1.3925825583944595], "90": [-0.21092345529359843, 1.4679091606838195], "91": [-0.21353305968796382, 1.5716495048739023], "92": [-0.21032597065713196, 1.7042466477198197], "93": [-0.19645640092254557, 1.8671445912840656], "94": [-0.16573823726664683, 2.06350146017193], "95": [-0.11036213244468082, 2.2990942699043866], "96": [-0.02120057027323729, 2.582653467378712], "97": [0.10745316673549381, 2.920320269149765], "98": [0.2601142332683018, 3.290919871305734], "99": [0.3954968953549609, 3.6378783910357706], "100": [0.49108527679986685, 3.930688271654319], "101": [0.5504587402573469, 4.1730806556466575], "102": [0.5830323835737934, 4.374429414870526], "103": [0.5971075223737446, 4.541257930837004], "104": [0.5992319051522546, 4.677217932542419], "105": [0.5945087374598219, 4.784055965679524], "106": [0.5868529554445275, 4.862390383146398], "107": [0.579114195187794, 4.912262273303217], "108": [0.5731149499352798, 4.933516330607122], "109": [0.5696521347776299, 4.926039166783859], "110": [0.5684919306216956, 4.8898624335400775], "111": [0.5683703739864562, 4.825131434182977], "112": [0.5669973189423118, 4.731938461955298], "113": [0.5610454762933199, 4.610018242203141], "114": [0.5460879524219705, 4.458293645113279], "115": [0.5164362758952532, 4.274238249598566], "116": [0.46487386099155764, 4.053031831923968], "117": [0.3826422155976997, 3.786883672028998], "118": [0.2620569270319564, 3.4676868244034105], "119": [0.1097629867002698, 3.104925937339185], "120": [-0.03812492732245783, 2.748200522384292], "121": [-0.14995072687819325, 2.4407525297061534], "122": [-0.22366845039093378, 2.1859525298766997], "123": [-0.2680469255724626, 1.9747024030073146], "124": [-0.2917918037965201, 1.799610957320617], "125": [-0.30188139643555667, 1.6563153684777343], "126": [-0.30376132234352415, 1.542603536378248], "127": [-0.3016282835096973, 1.4575778979936052], "128": [-0.2985851541246809, 1.401051753537829], "129": [-0.29669791640808474, 1.3731286258835187], "130": [-0.2970046187059306, 1.3739298276954945], "131": [-0.29951103572159304, 1.403459128133385], "132": [-0.303189724382426, 1.4616029157178154], "133": [-0.30598348422582633, 1.5482663577662081], "134": [-0.3047984243057912, 1.6636473608716447], "135": [-0.2954540526764567, 1.8086572838694899], "136": [-0.2725446882959242, 1.9855161063829372], "137": [-0.22919483851982628, 2.198550545797547], "138": [-0.1569614714982255, 2.4549416486913933], "139": [-0.047686838823605054, 2.7630691345708733], "140": [0.09573367837966702, 3.1182407316081573], "141": [0.2417643804120288, 3.4770351317722876], "142": [0.35525951262579414, 3.7911948725325653], "143": [0.43023976733608266, 4.05214728611767], "144": [0.4746658412501552, 4.268224900550519], "145": [0.4973514873762356, 4.447174529102742], "146": [0.5054758059920612, 4.593736620178093], "147": [0.504649181701962, 4.710388198782419], "148": [0.4991984542251232, 4.7981960779655735], "149": [0.49233742397239844, 4.857445734353703], "150": [0.48623466321516073, 4.88808093939365], "151": [0.4820276551323541, 4.88999148042245], "152": [0.4798198355308909, 4.863162230060548], "153": [0.4786792439897443, 4.807685804678169], "154": [0.4766412618597866, 4.723638461117294], "155": [0.4707018573463881, 4.610817688257826], "156": [0.4567702790487984, 4.4683333606807265], "157": [0.4295375117306487, 4.29402710779667], "158": [0.3822446401077023, 4.083695718067443], "159": [0.3065955852830677, 3.830367335584401], "160": [0.19453293479157002, 3.5258740420367873], "161": [0.04851051200463182, 3.1744396191391124], "162": [-0.10117725729173718, 2.8179145584933187], "163": [-0.21947218021478998, 2.504594496437306],