{"0": [1.7390053509300944e-05, 2.2817845578346954], "1": [0.0011564563813403837, 2.2999882053472667], "2": [0.0041284722933939465, 2.3458974333030453], "3": [0.009125238247302237, 2.418691408056065], "4": [0.016383144855057083, 2.516917182050412], "5": [0.026076529444310374, 2.6382869180415875], "6": [0.03818087042916125, 2.779412007020472], "7": [0.052342161722769245, 2.9355623867864598], "8": [0.06782011775160461, 3.1006330718629704], "9": [0.08357403504907514, 3.26751360324493], "10": [0.09849163824540524, 3.4288650824052214], "11": [0.11165603884618604, 3.578003896055908], "12": [0.12251360810498223, 3.709498319160352], "13": [0.1308856471917609, 3.819320834591044], "14": [0.13686602960775518, 3.904682712206662], "15": [0.14068044599944682, 3.9637612016336754], "16": [0.14256109475948572, 3.9954576721595125], "17": [0.14265918792277665, 3.999235189427562], "18": [0.14099906649994198, 3.975036863956952], "19": [0.13747221981820734, 3.9232762249911017], "20": [0.13187076847477205, 3.8448978595603727], "21": [0.12396205423264477, 3.7415154249233407], "22": [0.11360320840305246, 3.6156309756337635], "23": [0.1008805981478817, 3.4709055538494713], "24": [0.08623080772341847, 3.312372566157358], "25": [0.07047113713606751, 3.14639741673071], "26": [0.0546793589253988, 2.9802102555387213], "27": [0.03994526432547821, 2.8210730691779773], "28": [0.02711535042401648, 2.675430141665219], "29": [0.016658033067008186, 2.5484062669426852], "30": [0.008682410075883917, 2.4437398709693388], "31": [0.0030548154848180744, 2.363987612150403], "32": [-0.0004606310139657714, 2.310798097887111], "33": [-0.002084029677696118, 2.2851379904477933], "34": [-0.001941313871513359, 2.2874361502506075], "35": [-2.7196623311508258e-05, 2.3176490016581672], "36": [0.0037923137656420253, 2.3752551411388096], "37": [0.009737700300469748, 2.45917874801414], "38": [0.01803238319601784, 2.5676338531486653], "39": [0.028780853252216756, 2.697889658590916], "40": [0.04182862201317735, 2.846000325442668], "41": [0.05665449016332196, 3.006628763670951], "42": [0.07236959814119097, 3.1731702254180125], "43": [0.08787118520397842, 3.3383150802804544], "44": [0.10210457029995279, 3.494920078007564], "45": [0.1143003513846978, 3.6368051666128625], "46": [0.12407452583163558, 3.7591563314881773], "47": [0.1313821306613708, 3.858515361922095], "48": [0.13639005628975667, 3.932545817155096], "49": [0.13933885743286903, 3.9797637286555583], "50": [0.14043283221383174, 3.9993286917909296], "51": [0.1397708208980694, 3.99091780618319], "52": [0.13731793345157783, 3.954676267158326], "53": [0.1329166238207973, 3.8912378995918306], "54": [0.1263377859814062, 3.8018182235516065], "55": [0.11737321648728721, 3.6883880995565494], "56": [0.10596389420923318, 3.5539218916737965], "57": [0.09233818834069042, 3.4026610344388946], "58": [0.07710250892152824, 3.240242455791156], "59": [0.0612099999739775, 3.073483847208827], "60": [0.04577540869624547, 2.9097313582657143], "61": [0.031806390997005794, 2.755969639051721], "62": [0.01999018966911457, 2.6180941676101823], "63": [0.010628562599026172, 2.5006080258652186], "64": [0.0037083936987113023, 2.40669958971669], "65": [-0.0009638796032620065, 2.338496882102795], "66": [-0.00362826583021592, 2.2973280793762414], "67": [-0.0044699291294124305, 2.283912300991273], "68": [-0.0035591887932539166, 2.298467904637761], "69": [-0.0008319905461745005, 2.3407461957427222], "70": [0.0038903678471999357, 2.4099955148678798], "71": [0.01084111521650988, 2.5048511467226064], "72": [0.020206814431818827, 2.623143839406509], "73": [0.031993860357304164, 2.761640847011495], "74": [0.04589497712515648, 2.9157965091946094], "75": [0.06121958571894116, 3.079682661162256], "76": [0.07695930344321614, 3.2463002600759485], "77": [0.09200098388184305, 3.4083113786691097], "78": [0.10539487247935853, 3.5589269339985616], "79": [0.11653924628504628, 3.6925516439620933], "80": [0.12521118925606503, 3.8049902103940063], "81": [0.13147540372483063, 3.8933126146119137], "82": [0.13554567779855367, 3.9555877157927255], "83": [0.1376565845555012, 3.990635002707169], "84": [0.13797120831232676, 3.9978524158320257], "85": [0.13653031825369083, 3.9771254318619427], "86": [0.13324156785220165, 3.928808886916059], "87": [0.12790799159935906, 3.8537786120306463], "88": [0.1202972662698968, 3.753559076359469], "89": [0.11025129317854968, 3.630532242184579], "90": [0.0978233794815856, 3.4882036622608816], "91": [0.08340376587271352, 3.3314290253667798], "92": [0.06776435724191343, 3.1664138944067965], "93": [0.05195808457928261, 3.000302235637118], "94": [0.037082696381919356, 2.840378319147506], "95": [0.0240204961641462, 2.693202405951957], "96": [0.013286035192095516, 2.5640586693541776], "97": [0.0050278684053197175, 2.4568406270619447], "98": [-0.0008635083991573815, 2.3742321354968388], "99": [-0.004615845827950532, 2.3179785512434945], "100": [-0.006453753445125764, 2.2891200835751726], "101": [-0.0065156880789950895, 2.2881452041267027], "102": [-0.004812251909348778, 2.3150645839069046], "103": [-0.00122413244206444, 2.3694137959574677], "104": [0.004460488953071033, 2.450185518040347], "105": [0.012467472909611537, 2.5556838911814586], "106": [0.022919296517389484, 2.6832992614854314], "107": [0.035696130471322966, 2.8292397039354094], "108": [0.05032192247600895, 2.9883372183437715], "109": [0.06594820302527826, 3.154128269117564], "110": [0.08148962260643472, 3.319364642040357], "111": [0.09587743957323248, 3.4768607022290254], "112": [0.10830479017571046, 3.620313897311108], "113": [0.11834428786136234, 3.7447575331471463], "114": [0.1259163506911047, 3.8465914933124883], "115": [0.13116834396693589, 3.923365515174113], "116": [0.13433596752843432, 3.9735095059120025], "117": [0.13562972460396205, 3.996116988676574], "118": [0.13516130647911384, 3.990810366226286], "119": [0.1329109588614391, 3.9576835868454534], "120": [0.12873420663328114, 3.8973149751244147], "121": [0.12240832596400782, 3.8108517036084617], "122": [0.11371999377414484, 3.7001737229415386], "123": [0.10258975546763928, 3.5681337989306527], "124": [0.0892103233472904, 3.418822379766306], "125": [0.07414495434597346, 3.257717845026344], "126": [0.058311948180086545, 3.0915165191826164], "127": [0.04281578520358192, 2.9275267531993876], "128": [0.0286831799779481, 2.772792179195592], "129": [0.016639300091376232, 2.6333335914264815], "130": [0.007025934869862655, 2.5137980762512413], "131": [-0.00014018788004822608, 2.417502617474776], "132": [-0.00503731993515965, 2.3466765232822078], "133": [-0.007903402056497078, 2.3027244573347234], "134": [-0.00893109298178986, 2.2864249212999135], "135": [-0.008203601361188795, 2.298046586278129], "136": [-0.005671071551496722, 2.337389339218977], "137": [-0.0011661701925598056, 2.403755737558934], "138": [0.005540229133963521, 2.4958493087006515], "139": [0.014642343846236817, 2.6115922891517296], "140": [0.026169079667664588, 2.747873242274002], "141": [0.039849169969470265, 2.900293096359081], "142": [0.05503244176416318, 3.0630698994896033], "143": [0.07073945285398474, 3.22930543551513], "144": [0.08586068847919447, 3.391677753934226], "145": [0.09942351076644472, 3.5433258875740092], "146": [0.11078886951378987, 3.678529744004275], "147": [0.11969758262280965, 3.792960139169679], "148": [0.12618910259883948, 3.883571538398748], "149": [0.1304656678363641, 3.9483431367729644], "150": [0.13276210185840054, 3.9860266321317326], "151": [0.1332499013155124, 3.995966563870008], "152": [0.13198250808305828, 3.978002013852679], "153": [0.12888068415367387, 3.9324416203261965], "154": [0.1237570678762628, 3.8601081380025857], "155": [0.11638119881295247, 3.7624579200249952], "156": [0.10658498375669839, 3.6417811909125524], "157": [0.09439756918111689, 3.501463368304556], "158": [0.08017350582168821, 3.3462194923409463], "159": [0.06464771468596624, 3.182122826270118], "160": [0.04885024385349081, 3.0162371589960126], "161": [0.033881139804680854, 2.8558502423049448],