{"0": [-1.0920553689135298e-05, 4.135598934224264], "1": [-0.0007279184674303114, 4.119179882449414], "2": [-0.0026146318262768226, 4.077698990801053], "3": [-0.005836582850717563, 4.011696197638927], "4": [-0.010622328922341336, 3.9221169696436293], "5": [-0.01720429285879199, 3.810429892729783], "6": [-0.02573593595203137, 3.678790659303623], "7": [-0.036195374701743485, 3.5302290324891676], "8": [-0.048302016225165424, 3.3687924057164245], "9": [-0.06148849721840744, 3.199534107965348], "10": [-0.07496574822229732, 3.028242167673002], "11": [-0.08787834848214249, 2.860915550496043], "12": [-0.09948986460664247, 2.703157741506955], "13": [-0.10931597267989597, 2.559719257988007], "14": [-0.11716026190090738, 2.4343132020478224], "15": [-0.12306514280842307, 2.3296661096912534], "16": [-0.12722056018441824, 2.2476869053989303], "17": [-0.12986943509073356, 2.189652844533029], "18": [-0.1312311593975193, 2.15636080525471], "19": [-0.1314496420269877, 2.1482296409701926], "20": [-0.13056504424962426, 2.16535557755983], "21": [-0.12850683328377943, 2.2075252788043085], "22": [-0.12510734945128735, 2.2741881326119593], "23": [-0.12013735956004257, 2.364385145374499], "24": [-0.11336590369126086, 2.476630037881754], "25": [-0.10464364149870337, 2.6087442965349905], "26": [-0.09399920178961439, 2.757670581052854], "27": [-0.08172145087188412, 2.9193322810046167], "28": [-0.06838519599099868, 3.088651756579312], "29": [-0.05478323893818252, 3.259829623781025], "30": [-0.04176927750297558, 3.426873395756045], "31": [-0.030073247468405506, 3.5842019352919086], "32": [-0.02017084959267518, 3.7270954713113875], "33": [-0.012250630632198223, 3.851872012309268], "34": [-0.006264839890948245, 3.9558316027137628], "35": [-0.0020211486062199553, 4.0370860165008695], "36": [0.0007232123624426125, 4.094373588038653], "37": [0.0021856898053918094, 4.126909425772625], "38": [0.002507210186659724, 4.134284577083595], "39": [0.0017245858759668256, 4.116411970098941], "40": [-0.00023581910549499884, 4.073514568340524], "41": [-0.003543897737626778, 4.006154314864693], "42": [-0.008429559223771182, 3.915304576280997], "43": [-0.015122167179856748, 3.802470434344213], "44": [-0.02376665223655814, 3.6698546337216005], "45": [-0.03432721788505676, 3.52054373164466], "46": [-0.0465062606510854, 3.358645167511019], "47": [-0.05972118045986275, 3.189262040595502], "48": [-0.07317535862175008, 3.0182053563191444], "49": [-0.08601704163726052, 2.851460390986428], "50": [-0.09752321846299852, 2.694584490269896], "51": [-0.10722727664675522, 2.5522649947748506], "52": [-0.1149489025119533, 2.4281512318030183], "53": [-0.12074140236576912, 2.324915314506916], "54": [-0.12479955464087832, 2.2444238033048163], "55": [-0.1273659256715493, 2.187922035907391], "56": [-0.1286558895791875, 2.15618232885028], "57": [-0.12880722294821217, 2.1496032228923116], "58": [-0.1278532148858019, 2.1682621372947013], "59": [-0.12571697695190126, 2.2119259318262654], "60": [-0.12222629362285946, 2.2800206638877625], "61": [-0.11715058939495053, 2.3715577300375634], "62": [-0.11026224311400475, 2.4850121135505074], "63": [-0.10142103609493076, 2.6181554052041305], "64": [-0.09067036443892168, 2.7678701787762807], "65": [-0.07831703160270774, 2.930016570373729], "66": [-0.06495176375864764, 3.0994649297878265], "67": [-0.051375054184806125, 3.270392452780459], "68": [-0.03843646423051526, 3.4368218923789424], "69": [-0.026851638641826818, 3.593221190615455], "70": [-0.017077637577328473, 3.73493713028362], "71": [-0.009286184524828385, 3.8583545805047836], "72": [-0.0034182175755462793, 3.960830500636218], "73": [0.0007235431929462667, 4.040520933642781], "74": [0.0033814003314302987, 4.096197586171832], "75": [0.004768521658848703, 4.127101291486338], "76": [0.005019364007931346, 4.132844425278741], "77": [0.004163519572680916, 4.11335971931041], "78": [0.0021207019666258826, 4.068891045791723], "79": [-0.0012837090497862646, 4.00002502771053], "80": [-0.006280935008703841, 3.9077663882060127], "81": [-0.013096694931910362, 3.7936612360472886], "82": [-0.0218661792190674, 3.659965103249734], "83": [-0.03253795061342564, 3.50982794915417], "84": [-0.044795544435801124, 3.3474236387839555], "85": [-0.05803979221922812, 3.1779094028751786], "86": [-0.07146629690772509, 3.007119928201479], "87": [-0.0842279646586395, 2.841023523276035], "88": [-0.09561697297444974, 2.685125409202128], "89": [-0.10518627611068891, 2.5440429795454618], "90": [-0.11277308507868689, 2.4213556597225274], "91": [-0.11844240119014238, 2.3196762211358637], "92": [-0.12239404331503988, 2.240825109990114], "93": [-0.12486997886833939, 2.1860128811330473], "94": [-0.12608102957164186, 2.1559849905712705], "95": [-0.12615816020387935, 2.151117648000022], "96": [-0.1251270932628195, 2.171467472097309], "97": [-0.12290400302173893, 2.216779296918922], "98": [-0.11931178991709299, 2.286453125002191], "99": [-0.1141186178952804, 2.379467210285836], "100": [-0.10710084401696308, 2.4942531687475857], "101": [-0.09812863724481254, 2.6285268615153834], "102": [-0.08726192732823682, 2.779104120278021], "103": [-0.07482729906204831, 2.941775523927876], "104": [-0.06143266077300198, 3.111355298499026], "105": [-0.04788631233950894, 3.281996889888439], "106": [-0.03503257637263506, 3.447741930566297], "107": [-0.02357098294522571, 3.603113638574228], "108": [-0.01393810394314308, 3.7435321499110294], "109": [-0.006287463255302765, 3.8654552285674035], "110": [-0.0005479532711438605, 3.9663015342981387], "111": [0.0034828064616177056, 4.0442750079512395], "112": [0.006046366247317217, 4.098183504575385], "113": [0.007351055668166121, 4.127295825824562], "114": [0.007524172764495817, 4.131247668452631], "115": [0.006587398603666528, 4.109993562375541], "116": [0.004453231154581454, 4.063800536182938], "117": [0.0009420250076724016, 3.993282670165732], "118": [-0.004178626970974862, 3.899479658263984], "119": [-0.011130102630994721, 3.783983370600153], "120": [-0.02003652723261581, 3.6491080637917768], "121": [-0.0308290174033225, 3.4980738021080304], "122": [-0.04317041258447269, 3.3351270928771917], "123": [-0.05644378732722871, 3.165483143785001], "124": [-0.06983697168875391, 2.9950002568507017], "125": [-0.08250874715476715, 2.8296257599381187], "126": [-0.09376836016754389, 2.6748063407366733], "127": [-0.10319016855676542, 2.5350826239974817], "128": [-0.11063022947698137, 2.413958199490991], "129": [-0.11616590612453917, 2.313981850635857], "130": [-0.12000214791816273, 2.2369244053620987], "131": [-0.12237999524319426, 2.1839589504809256], "132": [-0.1235051331994557, 2.155801893839566], "133": [-0.12350101609605452, 2.1528051465624243], "134": [-0.12238511309189218, 2.1750025301913896], "135": [-0.12006611368278226, 2.222114576697578], "136": [-0.1163617687283663, 2.293512399258036], "137": [-0.1110391561149254, 2.3881374079419317], "138": [-0.10387936793365815, 2.5043730065283136], "139": [-0.0947643470238732, 2.639873282029637], "140": [-0.08377240123427938, 2.7913805769292255], "141": [-0.07125171825728016, 2.9546097958697244], "142": [-0.057828495840940436, 3.1243154847979158], "143": [-0.044318707769969844, 3.2946278226880064], "144": [-0.031560105796029005, 3.4596117186254], "145": [-0.02023416941596927, 3.613852286461106], "146": [-0.010755159828767158, 3.7528498519353635], "147": [-0.003257138529122102, 3.873140899119112], "148": [0.0023436442553048035, 3.972210289433392], "149": [0.006254698651353478, 4.048313237531113], "150": [0.008716451309872794, 4.100296339519202], "151": [0.009931784183347427, 4.127458496769911], "152": [0.010020128652405785, 4.1294606700052965], "153": [0.008994572979767084, 4.106281187561419], "154": [0.006759871209209462, 4.058212542363243], "155": [0.0031311218038926254, 3.985899167962288], "156": [-0.002125042817956337, 3.8904195230219183], "157": [-0.009224839135249931, 3.7734162005317358], "158": [-0.01827987744541942, 3.6372683370181624], "159": [-0.02920194501731529, 3.4852728897331056],