{"0": [-1.525797110431093e-05, 3.9849606588735758], "1": [-0.0010127913277887053, 3.970301456813713], "2": [-0.0035987072383849893, 3.933303342681479], "3": [-0.007903170994514852, 3.874543093972144], "4": [-0.014094637207146064, 3.7950144582570196], "5": [-0.022319492907331897, 3.6962267049678603], "6": [-0.032623340570472024, 3.5803339251221225], "7": [-0.044867793156434355, 3.450266466742411], "8": [-0.05866974047443799, 3.3098035484281008], "9": [-0.07339813244339206, 3.1635033851031], "10": [-0.08825150943094985, 3.0164331964073727], "11": [-0.10240201722301431, 2.8737340029992384], "12": [-0.1151506582387479, 2.740158587626157], "13": [-0.12603084682775123, 2.6197398220445436], "14": [-0.13483071260738846, 2.51566112826592], "15": [-0.14154733644317058, 2.4302944584449158], "16": [-0.14630709310478532, 2.3653226761986637], "17": [-0.14928310200276076, 2.321874984664329], "18": [-0.15062785915952742, 2.3006370899437836], "19": [-0.15042800719563815, 2.3019236484971795], "20": [-0.1486823811795748, 2.3257125953369395], "21": [-0.14530288302478817, 2.3716432712781486], "22": [-0.14013819925364512, 2.438978347431076], "23": [-0.13302074970962646, 2.526527819751649], "24": [-0.1238354060065953, 2.6325362982581715], "25": [-0.11260231915114674, 2.7545479057249427], "26": [-0.09955481829712558, 2.8892898422255664], "27": [-0.08518077583067306, 3.0326478975372964], "28": [-0.07019408387766385, 3.179814861840261], "29": [-0.05542577626084804, 3.3256384324011803], "30": [-0.041667496547739005, 3.465087277412251], "31": [-0.029531111213737925, 3.5936753306664677], "32": [-0.019377444230564495, 3.7077128217450612], "33": [-0.011325103007309333, 3.804359033400096], "34": [-0.0053142985289037345, 3.8815398332439526], "35": [-0.0011906283894994626, 3.9378134265974274], "36": [0.0012172096143991079, 3.9722425600507916], "37": [0.0020387386476000756, 3.9842993047456035], "38": [0.0013260189123914558, 3.973808442845926], "39": [-0.000958931389422884, 3.9409280932201303], "40": [-0.00493398786944058, 3.8861662085147484], "41": [-0.01076375179647479, 3.8104339011196786], "42": [-0.01860334471037926, 3.7151369558237373], "43": [-0.0285225410937355, 3.602300468816936], "44": [-0.04042199203763176, 3.4747029559654705], "45": [-0.053966042259518864, 3.3359652413539043], "46": [-0.06856662143595588, 3.190512488019686], "47": [-0.0834455336082607, 3.0433420626990833], "48": [-0.09776907213312283, 2.8996116561335423], "49": [-0.1108058659527621, 2.7641704733297465], "50": [-0.12204318190282115, 2.6411955820615676], "51": [-0.13122419646703642, 2.5340253372190378], "52": [-0.13831257028032923, 2.445172010239643], "53": [-0.14341661470084777, 2.3764343655892275], "54": [-0.14670573206584137, 2.3290340977531905], "55": [-0.1483396301326516, 2.3037318452385733], "56": [-0.1484189328010788, 2.300906614879772], "57": [-0.1469590353887962, 2.320596854667287], "58": [-0.14388684383916614, 2.3625050990138043], "59": [-0.13906027602893822, 2.425966636689361], "60": [-0.1323109340190183, 2.5098806103972624], "61": [-0.12350906610151582, 2.6126036998621607], "62": [-0.11264466468964769, 2.731817384246375], "63": [-0.09990804381408282, 2.8644040687940056], "64": [-0.08574029859724334, 3.0063999872364406], "65": [-0.07081921964417784, 3.1531078416267073], "66": [-0.05596411728523826, 3.299410636971229], "67": [-0.04198407623360238, 3.4402259936550172], "68": [-0.029530232462380873, 3.57094904968286], "69": [-0.019010021065137942, 3.6877396268158034], "70": [-0.010582564209984624, 3.787608072669785], "71": [-0.004214964949170593, 3.8683513211340284], "72": [0.00023544221850163767, 3.92842320469591], "73": [0.002941155561752358, 3.9668031127657133], "74": [0.004042022614625717, 3.982894270051776], "75": [0.0036054038558010074, 3.9764602797061586], "76": [0.001609495008851111, 3.9475992341883064], "77": [-0.002050619296969785, 3.8967537474744844], "78": [-0.0075340032684500366, 3.82475745845152], "79": [-0.015001783848709396, 3.7329195980154037], "80": [-0.024544403815387267, 3.6231444112985267], "81": [-0.0360980757539294, 3.4980661266918123], "82": [-0.049372503947281876, 3.3611508938859385], "83": [-0.06382325934764466, 3.2166873287505475], "84": [-0.07869917147580073, 3.0695913569880227], "85": [-0.09316619043653242, 2.9250210542983766], "86": [-0.10646550878236247, 2.7879068862383782], "87": [-0.11804091713492768, 2.6625602494351526], "88": [-0.12759081212270912, 2.552470341593202], "89": [-0.13504390468217814, 2.460289472100981], "90": [-0.14048819829558795, 2.387933553842169], "91": [-0.1440871292159051, 2.3367180486227714], "92": [-0.1460057450635194, 2.3074791335542355], "93": [-0.1463573344960599, 2.3006598472548934], "94": [-0.14517319799714193, 2.31635777949221], "95": [-0.14239536578949738, 2.354336062197221], "96": [-0.1378920221937144, 2.4139985242150805], "97": [-0.13149601264763464, 2.4943276588478294], "98": [-0.12306599009067878, 2.593784796060849], "99": [-0.11256533219263794, 2.7101807026903972], "100": [-0.10014437561661907, 2.8405466390783953], "101": [-0.08619853918203034, 2.9810681134852803], "102": [-0.07136760990762941, 3.127164408494582], "103": [-0.056454588743852153, 3.2737675583387857], "104": [-0.042280592582133014, 3.415760229824016], "105": [-0.02953198148872554, 3.5484317715413662], "106": [-0.018661213423653403, 3.6677988730946267], "107": [-0.009868523959828256, 3.7707252320563547], "108": [-0.0031497642951213165, 3.854878377076299], "109": [0.0016237563839630017, 3.918606496318253], "110": [0.004623665357552875, 3.9608046602501688], "111": [0.005998514021739221, 3.980807058221903], "112": [0.005829923981958191, 3.978316872012597], "113": [0.004111914016762691, 3.953374006447574], "114": [0.000752984617202424, 3.90635886481195], "115": [-0.00439898766228113, 3.838032297769971], "116": [-0.011508718769651363, 3.749613377551199], "117": [-0.02068407457159727, 3.6428932362058513], "118": [-0.031893410792892124, 3.52036942929422], "119": [-0.044889409625261764, 3.3853580626570134], "120": [-0.05917131324839281, 3.2420094798376904], "121": [-0.07401801049459786, 3.0951485904543103], "122": [-0.08860016455363087, 2.949918888618023], "123": [-0.10213648034410182, 2.8113170948653035], "124": [-0.11403029881804261, 2.6837783839162035], "125": [-0.12393585388382919, 2.57093782119826], "126": [-0.13174573319040792, 2.475586797958804], "127": [-0.13752560612370487, 2.399759246509707], "128": [-0.14143079446486345, 2.344865523381858], "129": [-0.1436298297029242, 2.311817945452707], "130": [-0.14424730093629193, 2.3011233559869892], "131": [-0.14332965294286812, 2.3129372937460744], "132": [-0.14083399212876882, 2.347081171030698], "133": [-0.1366395686836755, 2.403023675345631], "134": [-0.13058224084741793, 2.4798253540940847], "135": [-0.12251179665972624, 2.5760452705051797], "136": [-0.11236834905900886, 2.689615668109071], "137": [-0.1002653581883045, 2.817709952522402], "138": [-0.08655409058757654, 2.956660490897083], "139": [-0.07183511762709417, 3.1020079002102148], "140": [-0.0568911839919948, 3.2487451794296467], "141": [-0.04255029570100481, 3.391735289883579], "142": [-0.029529825053891224, 3.526175025131875], "143": [-0.018325262293329352, 3.647946013230908], "144": [-0.009178148133339017, 3.7537683827621753], "145": [-0.0021146452205831703, 3.8411803205701727], "146": [0.002977889324693146, 3.9084233680114533], "147": [0.0062682089028308855, 3.9543073995951192], "148": [0.007911939837844141, 3.9780973484281024], "149": [0.00800385853992694, 3.979436612960503], "150": [0.006553327026523377, 3.958308540179289], "151": [0.0034825278379866835, 3.915034135264485], "152": [-0.0013525720912199906, 3.8503057149392785], "153": [-0.00811815666652742, 3.7652580812798604], "154": [-0.01693653556972141, 3.6615765590608285], "155": [-0.027804897014165764, 3.5416295889900207], "156": [-0.040516323987138544, 3.4085885435963705], "157": [-0.054613222213320295, 3.266465298392249], "158": [-0.06940688112939543, 3.119986090808687],