{"0": [1.53918367113782e-05, 2.42724536349419], "1": [0.0010194551391436968, 2.4425174713691655], "2": [0.0036016004949656856, 2.480960497645867], "3": [0.007836538446461127, 2.5417026959661424], "4": [0.01379958767013257, 2.623262102878571], "5": [0.02150634731296209, 2.72344014612929], "6": [0.030844124386460663, 2.839209657844797], "7": [0.04151679328156765, 2.96665365567296], "8": [0.05303172695367646, 3.101032863179033], "9": [0.06475000602665457, 3.237040943004036], "10": [0.0759934038216116, 3.369226932727178], "11": [0.08616803634708588, 3.4924657418004026], "12": [0.09485350115280862, 3.6023254228346904], "13": [0.10182855509879915, 3.6952463914266893], "14": [0.10703900955599165, 3.768548823612554], "15": [0.11053424962497545, 3.820341994206584], "16": [0.11239957063664434, 3.8494084532229076], "17": [0.11270220218051884, 3.855108101667781], "18": [0.11145951601209537, 3.8373216425810432], "19": [0.10863232318496442, 3.7964390664431025], "20": [0.10414366707752847, 3.7333937232647014], "21": [0.09792171896980464, 3.6497392983233956], "22": [0.08996165641122482, 3.547758457407209], "23": [0.08039393303593077, 3.4305724107225077], "24": [0.06953620866263899, 3.3021919307604026], "25": [0.05790024090267478, 3.1674314082780444], "26": [0.046134636104844313, 3.031632857873362], "27": [0.03491377925938321, 2.9002315244383357], "28": [0.024815736054426808, 2.7782901309899484], "29": [0.016239286542616485, 2.670149953189732], "30": [0.009385309660217844, 2.579272526283569], "31": [0.004293645090363002, 2.5082466357465205], "32": [0.0009081266206040935, 2.4588846007062655], "33": [-0.0008566344346644435, 2.4323374101058035], "34": [-0.0010634435612334534, 2.4291868751065215], "35": [0.0002766071630090084, 2.449497384737549], "36": [0.0032080681071615475, 2.492822455334522], "37": [0.007809633263268725, 2.558165830257196], "38": [0.014148877310121722, 2.643900368976769], "39": [0.0222189660902865, 2.7476574966334226], "40": [0.031870964155126975, 2.866220790747136], "41": [0.04276548375644801, 2.9954861832162876], "42": [0.05437224176354256, 3.1305670950631144], "43": [0.06603425697557506, 3.2660909114328693], "44": [0.07708248809631325, 3.3966437975814547], "45": [0.08695574932507241, 3.517229842767507], "46": [0.09527717879757006, 3.6236006877079467], "47": [0.10186588875232606, 3.712393166960034], "48": [0.10669566722326063, 3.781108816639361], "49": [0.10982870086436752, 3.8280127810593148], "50": [0.11134986762353227, 3.8520198407179222], "51": [0.11131719609437463, 3.8526062344086793], "52": [0.10973543638609486, 3.829762765537406], "53": [0.1065549209062917, 3.7839932427144016], "54": [0.10169576452724846, 3.716358197289944], "55": [0.09509544093352283, 3.628560004101448], "56": [0.08677332838895263, 3.523054947616852], "57": [0.07689753243812272, 3.4031557056133086], "58": [0.06582928380490678, 3.273058890266259], "59": [0.05411668696804024, 3.1377200270280023], "60": [0.0424237182522891, 3.0025370323879517], "61": [0.031412576661651107, 2.8728966275073664], "62": [0.021626571925683923, 2.7537236380804497], "63": [0.013420434527330794, 2.6491714848746186], "64": [0.006955494942198774, 2.5625048056563786], "65": [0.002245085546138915, 2.4961325328867643], "66": [-0.0007782406515066725, 2.451713007584582], "67": [-0.0021982641468519235, 2.4302663410775622], "68": [-0.0020679107173927247, 2.4322584346107794], "69": [-0.00038555921191689023, 2.457642949638108], "70": [0.002903293684912323, 2.5058578551958544], "71": [0.007879140214454156, 2.5757769119273757], "72": [0.014598635068657094, 2.665620689869259], "73": [0.023028964542055733, 2.7728434200257617], "74": [0.03298220357342842, 2.894035270346917], "75": [0.04407524763515404, 3.0249081093073116], "76": [0.055742974989127926, 3.16044102472223], "77": [0.06731585571583135, 3.2952163015291602], "78": [0.07814001961553789, 3.423880020777227], "79": [0.087690958114302, 3.5415825259631033], "80": [0.09563620217646904, 3.644267132779526], "81": [0.10183348655457805, 3.7287677332701725], "82": [0.10628158669727283, 3.792764070937965], "83": [0.10905245294579234, 3.83467337011428], "84": [0.11022820078716751, 3.8535400001238442], "85": [0.10985635547057407, 3.848955779918081], "86": [0.10792892945696639, 3.821022986117469], "87": [0.10438690341464725, 3.7703628366640345], "88": [0.09914979992433838, 3.698168777214668], "89": [0.09216768653699788, 3.606299150821804], "90": [0.08348770344007804, 3.497390948621281], "91": [0.07331819954621079, 3.374951893983489], "92": [0.062064094481139226, 3.243360324341027], "93": [0.05030662320951453, 3.107698660785879], "94": [0.03871937247846972, 2.97339872889853], "95": [0.027946418053517056, 2.845775997547558], "96": [0.018492618594992363, 2.7296010737920477], "97": [0.010668134753864496, 2.628832331925441], "98": [0.004596713820688478, 2.54653749600418], "99": [0.00026826462898060685, 2.484949059310946], "100": [-0.0023929151569707357, 2.445575176578213], "101": [-0.003466729356627788, 2.4293075883108664], "102": [-0.0029950345265941365, 2.436496842582968], "103": [-0.0009635169350648686, 2.4669842595162246], "104": [0.0026909999967342285, 2.5200884008800375], "105": [0.008048319043344819, 2.594547052023394], "106": [0.015150774313354255, 2.688421067120338], "107": [0.02393601291416129, 2.798980545387945], "108": [0.03417470927532766, 2.9226193155504268], "109": [0.04544028192065349, 3.0548704510827145], "110": [0.05713638583943611, 3.1905942155442166], "111": [0.06858692217476652, 3.3243505242927767], "112": [0.07915904551734018, 3.450867939644219], "113": [0.08836831484676871, 3.565458566618716], "114": [0.09592684222438297, 3.664263691350076], "115": [0.10172879902429678, 3.74431368800161], "116": [0.105794783002687, 3.8034628644448123], "117": [0.10820350522739176, 3.8402767526463815], "118": [0.10903213379723695, 3.853926952014013], "119": [0.108316619286181, 3.8441205150583224], "120": [0.10603639843596771, 3.81107305435762], "121": [0.10212453605025239, 3.7555273317652165], "122": [0.09650260150909083, 3.6788159569898164], "123": [0.0891367584131111, 3.5829607937340775], "124": [0.08010544884766937, 3.47078627590265], "125": [0.06965946970109818, 3.345997379727782], "126": [0.058246811891728874, 3.213147687111302], "127": [0.046477829817946285, 3.077429745487177], "128": [0.03502954974475963, 2.9442859073058854], "129": [0.024522189277370442, 2.818938090548622], "130": [0.01541908924012777, 2.7059880451701317], "131": [0.007985982115264719, 2.6091936946843917], "132": [0.0023114257753328988, 2.5314269833878997], "133": [-0.0016348613002932623, 2.474747805712783], "134": [-0.003933866155155962, 2.4405178619617223], "135": [-0.004659521392063159, 2.4295027197677466], "136": [-0.0038416665036726085, 2.4419377013246932], "137": [-0.001453602978652134, 2.4775496656622296], "138": [0.002574923780270297, 2.5355333527656807], "139": [0.00832023743529237, 2.614484069956344], "140": [0.015806756592545396, 2.7122953023837932], "141": [0.024939088537383674, 2.826046538645657], "142": [0.03544453529359796, 2.9519338595030105], "143": [0.046854052212831086, 3.0853192904435924], "144": [0.058544471060713116, 3.220962280542117], "145": [0.06983945425961022, 3.3534243151448244], "146": [0.08013276236681353, 3.4775383665647217], "147": [0.0889827486054482, 3.588792022816357], "148": [0.09614563862651133, 3.6835290641657727], "149": [0.10154945236328361, 3.758974689359891], "150": [0.10523332189254575, 3.8131537646143943], "151": [0.10727979034028645, 3.8447764585613906], "152": [0.10775908095504284, 3.8531395758610647], "153": [0.10669475054988921, 3.8380655036784606], "154": [0.10405411835948095, 3.799885575281576], "155": [0.09976409083264681, 3.7394687955794663], "156": [0.0937512227506172, 3.658293687907743], "157": [0.08600145117210321, 3.558553361436093], "158": [0.07662796011767081, 3.4432658541404706], "159": [0.06592570671922905, 3.3163339276184263], "160": [0.05438432675952282, 3.18247734666816], "161": [0.04263851539458118, 3.0469795655150236],