{"0": [2.0051684814581824e-05, 5.554575220996545], "1": [0.0013159057952316828, 5.533503373588295], "2": [0.004525708687495124, 5.47949779838623], "3": [0.009397828686086143, 5.391300346247322], "4": [0.015412953439376655, 5.267116965731895], "5": [0.021644534520421106, 5.104859845918588], "6": [0.02661335130530083, 4.902330853512706], "7": [0.0282034507508942, 4.657237798084335], "8": [0.023745343706764187, 4.367128194268632], "9": [0.010465900615692268, 4.029902689692997], "10": [-0.013277676159696043, 3.646693528603164], "11": [-0.045646303634476526, 3.2290612075984106], "12": [-0.07979401792826928, 2.804547159140948], "13": [-0.10750277744779858, 2.4050682471212372], "14": [-0.12474136447247106, 2.048858056042191], "15": [-0.13202467131845597, 1.7401754457092449], "16": [-0.13189973980763192, 1.4775619365486106], "17": [-0.12720021739816056, 1.2584979485990262], "18": [-0.12032805159205331, 1.0806019166299603], "19": [-0.11305167751672601, 0.9416582965711795], "20": [-0.10653638773858314, 0.8395545296050857], "21": [-0.10147340805697498, 0.7723922580740934], "22": [-0.09822760051220873, 0.7387130199456853], "23": [-0.0969548096483907, 0.737715789989562], "24": [-0.09766568114973681, 0.7693845339683131], "25": [-0.10022866793648622, 0.8344929902375058], "26": [-0.10431190756144416, 0.9344849649363682], "27": [-0.10927023308142444, 1.071258609412813], "28": [-0.11399877072917591, 1.246931397614745], "29": [-0.11680042710573636, 1.46370717305906], "30": [-0.11534606366957437, 1.7239158159382246], "31": [-0.10685529163471123, 2.0299940977075175], "32": [-0.08875971029464005, 2.383411636299732], "33": [-0.06033240782396091, 2.780373554941533], "34": [-0.025177225232381983, 3.2037576151129965], "35": [0.008693390590436419, 3.622210187396172], "36": [0.03411469565538222, 4.0073036938219655], "37": [0.04887639141446358, 4.3465250582748025], "38": [0.054478490839520055, 4.63843346648399], "39": [0.05369604190348411, 4.885129440500904], "40": [0.04925321722263592, 5.089105230605105], "41": [0.04333454296601641, 5.252652908804183], "42": [0.037485506718721695, 5.377932750284113], "43": [0.03268839491835474, 5.466979822617217], "44": [0.02950454592861682, 5.5215393855589205], "45": [0.028214552354874647, 5.542832809234577], "46": [0.028917219754321023, 5.531367511625018], "47": [0.03157083611019375, 5.486853927992656], "48": [0.035972532774528006, 5.408249591424779], "49": [0.04167755204173464, 5.293921429697334], "50": [0.04786967839112932, 5.141880172929161], "51": [0.053213948518869715, 4.949987922372222], "52": [0.05575136570967279, 4.7160197241077215], "53": [0.05293011355722745, 4.437592283162816], "54": [0.041940409688685606, 4.112435861143694], "55": [0.02070904193241572, 3.7404836412930726], "56": [-0.009992726919626913, 3.3300354791658764], "57": [-0.04444521778754956, 2.9050162447455516], "58": [-0.07420980833583576, 2.498147393983564], "59": [-0.09402460167989017, 2.131652118645867], "60": [-0.10352720559530798, 1.8124109667129842], "61": [-0.10497369947072799, 1.5397766512620907], "62": [-0.10121181857031593, 1.3113328963112876], "63": [-0.09476982916801668, 1.1246812852136543], "64": [-0.08756623742424713, 0.977614357889218], "65": [-0.08089940800683092, 0.8680346406786968], "66": [-0.07556041469483855, 0.7940242016282877], "67": [-0.07198013727759381, 0.7540525645081904], "68": [-0.07035465764577607, 0.7472019091003737], "69": [-0.07072018143463, 0.773315007653267], "70": [-0.07296718203540083, 0.8330228967672076], "71": [-0.07679234865055856, 0.9276452901276812], "72": [-0.0815936631295345, 1.0589877430027592], "73": [-0.08632792391562448, 1.2291059625455705], "74": [-0.08937467039260386, 1.4401552552373478], "75": [-0.08848124598449283, 1.6944098631447484], "76": [-0.0809086123561201, 1.994274951822189], "77": [-0.06401621717997016, 2.3414188142922634], "78": [-0.03674830025992496, 2.7329869860582683], "79": [-0.0020927487365291534, 3.153776703064598], "80": [0.032303776999350754, 3.5735860103946533], "81": [0.05889756734712268, 3.9626907961957496], "82": [0.07489458208310167, 4.306723981502477], "83": [0.08148946263790402, 4.603356986454996], "84": [0.08138528176462304, 4.854465511235299], "85": [0.07733845174376294, 5.062514416719204], "86": [0.0716007325901523, 5.229782870690439], "87": [0.06578811813259483, 5.358403351203284], "88": [0.06094184318137392, 5.450385448841601], "89": [0.05766549332189219, 5.507468333451464], "90": [0.056266086592822576, 5.530891173103885], "91": [0.056856658626327786, 5.5211983250233505], "92": [0.059401536317192374, 5.478148625137695], "93": [0.06369902284814222, 5.4007525935895675], "94": [0.06930320134824419, 5.287429589882651], "95": [0.07539638214573648, 5.136238566561437], "96": [0.08064353079569693, 4.945083587865392], "97": [0.08308844093023525, 4.711776111617104], "98": [0.08018618813200902, 4.433968876885051], "99": [0.06913916873640824, 4.1094382026492395], "100": [0.047891604091784425, 3.7381837761311822], "101": [0.017228771098854838, 3.328574237152674], "102": [-0.017144283345678073, 2.904522050687217], "103": [-0.0468368627387745, 2.498630077819892], "104": [-0.06662264856862574, 2.133042208999655], "105": [-0.07614290942653917, 1.8146537695776392], "106": [-0.07764311150945899, 1.542863665564226], "107": [-0.07395916588397364, 1.3152978162412312], "108": [-0.06761023496859163, 1.1295941834790342], "109": [-0.060509169988649324, 0.9835824004676212], "110": [-0.05395176332830861, 0.8752077431838686], "111": [-0.0487284721080204, 0.8026019293985168], "112": [-0.045269774471072756, 0.764289141296507], "113": [-0.043769299265870414, 0.7594071494011638], "114": [-0.04425584226406923, 0.7878492885404011], "115": [-0.04660379285418193, 0.8502843502370068], "116": [-0.050480788451283856, 0.9480487787427357], "117": [-0.05523919548031286, 1.0829395286549814], "118": [-0.059773385427652474, 1.2569845550127883], "119": [-0.062390274589564594, 1.4723108347563305], "120": [-0.06077187202158219, 1.7311775110971546], "121": [-0.05215793119220638, 2.0359407519463617], "122": [-0.03400971098420515, 2.3879591698390414], "123": [-0.005630173870770403, 2.7833052189663245], "124": [0.029384858834200167, 3.2048191176037637], "125": [0.06310267814887441, 3.6213323099668036], "126": [0.08844461271758429, 4.004622290642514], "127": [0.10322289579877102, 4.342186376307216], "128": [0.10891936498828127, 4.632491299929645], "129": [0.10828402456177265, 4.8775448146356375], "130": [0.1040209019411455, 5.079763202698978], "131": [0.09830146096955322, 5.241366834877372], "132": [0.09266477368218837, 5.364436045410574], "133": [0.08809150377540528, 5.450912457818034], "134": [0.08514309980925877, 5.502436078388692], "135": [0.08409794668778975, 5.520117736265462], "136": [0.08504518199565311, 5.504359230501781], "137": [0.08791932495940748, 5.454784237435305], "138": [0.09247147402754183, 5.370298895047746], "139": [0.09818042419525062, 5.24926722907625], "140": [0.10411911355293495, 5.089743295714646], "141": [0.10881400813695813, 4.889650843457655], "142": [0.11016449813617146, 4.646805650309257], "143": [0.10552806509744511, 4.35886778082994], "144": [0.09216988793658755, 4.023880373384499], "145": [0.06848633700696838, 3.6431458143381534], "146": [0.03631320544543663, 3.2282990595539203], "147": [0.0023943427588930984, 2.806658535838035], "148": [-0.025188033254673566, 2.409812919739674], "149": [-0.04244878226049037, 2.0559492040649325], "150": [-0.04987516647689852, 1.7494778053485882], "151": [-0.049972784012428266, 1.48909834782411], "152": [-0.04554256201689692, 1.2724132738928569], "153": [-0.038965596261587555, 1.0971473151525397], "154": [-0.03200018135225793, 0.9611984660738484], "155": [-0.02580945118739148, 0.8625864203710746], "156": [-0.021086230914476728, 0.7995638536063789], "157": [-0.0181952195057598, 0.7708343567099476], "158": [-0.017283459849553207, 0.7757568393477443], "159": [-0.018335318168223026, 0.8144546646409372], "160": [-0.02116422911663305, 0.8877970782595822],