{"0": [-1.2371547753726076e-06, 4.659142883543424], "1": [-9.720617106294341e-05, 4.636635781443896], "2": [-0.0004875073251381241, 4.579534806881814], "3": [-0.0015580991402767107, 4.487959302403532], "4": [-0.003911169981532131, 4.362212568152584], "5": [-0.008306843699879034, 4.202965631405364], "6": [-0.015535276163729884, 4.011588709127196], "7": [-0.026187415253632558, 3.7907263086972285], "8": [-0.040328075888881605, 3.545149199000709], "9": [-0.057183892156065085, 3.282589635584783], "10": [-0.07511048460696886, 3.0137308351188685], "11": [-0.0920583416130763, 2.750599729755578], "12": [-0.10632893244055809, 2.5040202584202653], "13": [-0.1170799420542576, 2.281902411501404], "14": [-0.1243271259712935, 2.089147595506969], "15": [-0.128641248760013, 1.928470255328812], "16": [-0.13081480163725714, 1.8012709069674016], "17": [-0.13162375305362822, 1.7082322859292], "18": [-0.1316929066548365, 1.6496624410436151], "19": [-0.131433642560414, 1.6256830526341646], "20": [-0.13102127939199798, 1.636328620334707], "21": [-0.13038953008458812, 1.6815836156535202], "22": [-0.1292325277386741, 1.7613644756915237], "23": [-0.1270184186145424, 1.875443942606516], "24": [-0.1230318112732154, 2.023301234106766], "25": [-0.11647409924328846, 2.2038505272291955], "26": [-0.10665563030555902, 2.4149595452578723], "27": [-0.0932943206724238, 2.6526833859296906], "28": [-0.07685471366148339, 2.9103590210961596], "29": [-0.058709789931946796, 3.1782158741760913], "30": [-0.040848890185434944, 3.444421246778193], "31": [-0.025166361427601844, 3.697484984810895], "32": [-0.01281815591898342, 3.9284262829400385], "33": [-0.004054711327659192, 4.131390767630301], "34": [0.0015450903296882412, 4.303026363817414], "35": [0.0047292873456110905, 4.4415652965704036], "36": [0.006297793596367264, 4.546127234163302], "37": [0.006935387666913786, 4.616301647341612], "38": [0.0071288465725040905, 4.651916690729786], "39": [0.007133916748725135, 4.65291446461499], "40": [0.006965650416160753, 4.619294367674546], "41": [0.0063981090106451696, 4.55111268139477], "42": [0.004972877585916114, 4.448538007206945], "43": [0.0020292761472464923, 4.311972955388319], "44": [-0.0032183339339746635, 4.142277116249041], "45": [-0.011522473182787527, 3.9411669175517345], "46": [-0.02333812010927706, 3.711884997499809], "47": [-0.03848192296921315, 3.460100731971958], "48": [-0.05587887779357563, 3.1945756180682667], "49": [-0.0736828447063458, 2.9266674802535877], "50": [-0.08988402457425154, 2.6682626453149525], "51": [-0.10303744014351256, 2.4293245253391604], "52": [-0.11260326449773791, 2.2167193576407276], "53": [-0.11881602554800012, 2.0345310025975065], "54": [-0.12234910851170062, 1.8849658422138145], "55": [-0.12400731979161936, 1.7691443643672358], "56": [-0.12452515122586147, 1.6876033508086266], "57": [-0.1244597769117959, 1.6405780693784682], "58": [-0.12414483772407678, 1.6281562282115833], "59": [-0.12367513033925127, 1.65035496927425], "60": [-0.1229039092649612, 1.7071394172688956], "61": [-0.12144778211371277, 1.7983861071315248], "62": [-0.11870768359852418, 1.9237853180983435], "63": [-0.11392739247035298, 2.0826574535528097], "64": [-0.10632139556642647, 2.2736219041802443], "65": [-0.09530345558750614, 2.4940235307370187], "66": [-0.08081181054618088, 2.7390852972484607], "67": [-0.06361862679207664, 3.0010808800993076], "68": [-0.04536133261207509, 3.2693503693562103], "69": [-0.028079151692529333, 3.5319004577883626], "70": [-0.013462376020391555, 3.7779345032240133], "71": [-0.0023505117010283088, 3.9995534954281373], "72": [0.005270277150763319, 4.191853559992078], "73": [0.009966542525516422, 4.352111815250262], "74": [0.012526171342608005, 4.4789184752865365], "75": [0.013721018271849496, 4.571582795410589], "76": [0.01417244916335028, 4.629790586131419], "77": [0.014288938362836217, 4.653416174462297], "78": [0.014243215174830775, 4.642423586595896], "79": [0.013966617358155268, 4.596829884503236], "80": [0.01315127880066972, 4.516723754999059], "81": [0.011264278043495756, 4.4023420029926825], "82": [0.007591127349086582, 4.254220919596306], "83": [0.0013375941391274193, 4.073470630835013], "84": [-0.008176550487695418, 3.862260423635619], "85": [-0.021218510378472423, 3.6245866307489973], "86": [-0.03730663728309457, 3.367169272921347], "87": [-0.055057073567385796, 3.0998151550383586], "88": [-0.07248468974688169, 2.834343206748427], "89": [-0.08771368124438894, 2.5821815358429245], "90": [-0.09960990792360891, 2.3522360410159475], "91": [-0.10793788973329503, 2.150304818255231], "92": [-0.11312431353862729, 1.9797091083744316], "93": [-0.11591578102240675, 1.8422038125056777], "94": [-0.11710695122309278, 1.7386657935395167], "95": [-0.11737578564317087, 1.6695061273125698], "96": [-0.11720185782453343, 1.6348983024196397], "97": [-0.11683375964016217, 1.6349011094112378], "98": [-0.11627954748684166, 1.6695137154769046], "99": [-0.11530663798806125, 1.7386745016635068], "100": [-0.11345098847777285, 1.8422038033279626], "101": [-0.11004880368998496, 1.9796794976332772], "102": [-0.1043164052338823, 2.1502091643491226], "103": [-0.0955117741474071, 2.3520222358256566], "104": [-0.08320196087132083, 2.5817920582388787], "105": [-0.06760248256629871, 2.8337380931134697], "106": [-0.04981947693309363, 3.098994092617747], "107": [-0.031710072895670335, 3.3661654065101354], "108": [-0.01526472223878664, 3.623430760470523], "109": [-0.0018907300949178479, 3.8609546987286705], "110": [0.007906680275396025, 4.071993532057946], "111": [0.01438193241963058, 4.252545726218209], "112": [0.0182138284780829, 4.4004492192976095], "113": [0.020203026828524425, 4.5146039881807445], "114": [0.021074939328711163, 4.594481345865921], "115": [0.021375680776164814, 4.63984843219866], "116": [0.021427303412234713, 4.650618112722547], "117": [0.02131302093787418, 4.62677479604994], "118": [0.020874783719103795, 4.568358481165573], "119": [0.019718836052804455, 4.475504091280129], "120": [0.017238362822870418, 4.348542775125495], "121": [0.012675209570034351, 4.1881916414388645], "122": [0.0052526268770658755, 3.9958955499763507], "123": [-0.005590712027476649, 3.774415051359332], "124": [-0.019873761480746203, 3.5286803318185527], "125": [-0.036773815808787566, 3.266589479553538], "126": [-0.05462100357514612, 2.9989111702297944], "127": [-0.07138589978345847, 2.7376053317307614], "128": [-0.08542532582105147, 2.4933090856579687], "129": [-0.09595455122028879, 2.2737318332139984], "130": [-0.1030257705653358, 2.083632253115966], "131": [-0.10722195786522802, 1.9256466841581446], "132": [-0.1093307815153717, 1.8011405197610588], "133": [-0.11011428897299715, 1.7107838797860615], "134": [-0.11017960995636134, 1.6548823331573606], "135": [-0.10991942813002885, 1.6335583153891102], "136": [-0.10949036698363274, 1.6468456190862357], "137": [-0.10880782258867823, 1.694722380003052], "138": [-0.1075487748923265, 1.7770887884951063], "139": [-0.10516759083774828, 1.8936861671583027], "140": [-0.10094300299046118, 2.043938729877636], "141": [-0.09408574597170359, 2.2266670858147184], "142": [-0.083939805180609, 2.4395842510153813], "143": [-0.07028671475165416, 2.6785115948199922], "144": [-0.05367483477391731, 2.936499266091204], "145": [-0.035544724315546374, 3.2035496669604013], "146": [-0.017890755012364194, 3.4678136423344506], "147": [-0.002541219826910922, 3.718024013038929], "148": [0.009442379738523523, 3.9455234866458686], "149": [0.017884483388022097, 4.144730620083235], "150": [0.023243574465267397, 4.312464613613476], "151": [0.02627334145116048, 4.447047313815717], "152": [0.02775991242236588, 4.547639911883078], "153": [0.028364807251125057, 4.613848876120436], "154": [0.028547980365086243, 4.645508151835542], "155": [0.02853750676985664, 4.642562555806327], "156": [0.028320906406751393, 4.6050175837939324], "157": [0.027645664983048067, 4.532945240016803], "158": [0.026029934393379375, 4.4265464957720635], "159": [0.022797739115016875, 4.286283081948735],