{"0": [3.6817003496860934e-06, 4.817041421195545], "1": [0.0002141605183072377, 4.789130834970619], "2": [0.0004745335481493709, 4.718231384114825], "3": [5.1890245679874034e-05, 4.604240144438191], "4": [-0.002230479424612826, 4.44706547933525], "5": [-0.007911896724078408, 4.24678419366134], "6": [-0.018644187433585528, 4.0041293103140765], "7": [-0.035626063625139814, 3.721847257155269], "8": [-0.058636102883887556, 3.407454378744268], "9": [-0.08512030034056838, 3.0761400022688914], "10": [-0.11069121751184609, 2.7491632163345283], "11": [-0.13143407093316403, 2.446139007854652], "12": [-0.14571012684097118, 2.1791140391166004], "13": [-0.15396909532314063, 1.9533052959727184], "14": [-0.1576891363858773, 1.7703714975825937], "15": [-0.15854387829673497, 1.6306471165642555], "16": [-0.15797180282565493, 1.5340873046483894], "17": [-0.1570045690732371, 1.4805776395456778], "18": [-0.156221364075869, 1.4700330937748767], "19": [-0.15574795484818604, 1.5024370559447995], "20": [-0.15525863709102017, 1.5778463300959764], "21": [-0.1539728138481094, 1.696362187165871], "22": [-0.1506707517366156, 1.858061948941345], "23": [-0.14378820079091809, 2.0628208397980194], "24": [-0.1316937919557017, 2.3097588785663197], "25": [-0.11329807237395004, 2.5957455724144576], "26": [-0.08905083005311787, 2.912513816342035], "27": [-0.0617684987923979, 3.2440022354034506], "28": [-0.03590361577497075, 3.5687343236529507], "29": [-0.015159881179084478, 3.867799666973647], "30": [-0.0009019405741424766, 4.13004868515474], "31": [0.007483977985368339, 4.350806230484883], "32": [0.011525456831542064, 4.528629363455244], "33": [0.012880230688373576, 4.663245252221605], "34": [0.012942810856983962, 4.754708312345739], "35": [0.012692117173977327, 4.803127898359373], "36": [0.01265355794506944, 4.808579712405501], "37": [0.012899449525761629, 4.77107102520379], "38": [0.013050064595411802, 4.690539740196669], "39": [0.012270919616661338, 4.566887302371544], "40": [0.009294832251440016, 4.400054606411395], "41": [0.002533112916919307, 4.1902276498332265], "42": [-0.00961412287597067, 3.938472734126248], "43": [-0.028098794817330623, 3.648395433796049], "44": [-0.0522011921617037, 3.3291504792557096], "45": [-0.07882115454368055, 2.9977432769575323], "46": [-0.10347127855754813, 2.6757653179217864], "47": [-0.122707362213967, 2.3812617237148963], "48": [-0.13546361475768673, 2.1244050097114036], "49": [-0.14252140593842602, 1.9093115579097195], "50": [-0.14545311215431558, 1.7372088597032345], "51": [-0.1458938049193484, 1.6083096354570365], "52": [-0.14518705508678695, 1.5225506611022455], "53": [-0.1442524038662799, 1.4798282946532573], "54": [-0.14355509379415549, 1.480076907352136], "55": [-0.1431075722202594, 1.523299037151879], "56": [-0.14246958024911163, 1.6095617934342694], "57": [-0.14074677874849323, 1.738959409152782], "58": [-0.1366209448302114, 1.9115274534871707], "59": [-0.12848151353045084, 2.127001159910842], "60": [-0.11477525389068335, 2.3840777314557893], "61": [-0.09472199223355876, 2.6785672574876984], "62": [-0.069355332356139, 3.0002818949431322], "63": [-0.04207060943205793, 3.331232891056265], "64": [-0.01734501324549697, 3.6498661032196855], "65": [0.00168784404782788, 3.9391702741460524], "66": [0.014279503724698665, 4.190009387014998], "67": [0.02137674918878892, 4.398826497433115], "68": [0.024589104034992208, 4.564602254893614], "69": [0.025520975637346666, 4.687180321063323], "70": [0.025457679383291635, 4.766631373252931], "71": [0.02525273971319234, 4.803052511648991], "72": [0.025304900186208457, 4.796498542557477], "73": [0.02556032600369589, 4.746956843650506], "74": [0.02551175762796939, 4.654355942077705], "75": [0.0241993739406043, 4.518608224153489], "76": [0.020251448537552418, 4.3397089203897785], "77": [0.012040793834509747, 4.118024940280387], "78": [-0.0019188576105945568, 3.855159682940417], "79": [-0.0221950581552864, 3.5560176535954486], "80": [-0.047395629211715806, 3.231968588448912], "81": [-0.07383245985050212, 2.9019775633022737], "82": [-0.09709893063866526, 2.5873578826538064], "83": [-0.1144228239499091, 2.303920612441384], "84": [-0.12538370530363258, 2.059730704320914], "85": [-0.13108585731121655, 1.857800645193747], "86": [-0.13316554814686962, 1.6989548775145553], "87": [-0.13318747817884974, 1.5832987918440102], "88": [-0.13237115022077384, 1.510756069168354], "89": [-0.13149747311376248, 1.4812371331385223], "90": [-0.1308924082312131, 1.494698712793811], "91": [-0.13042942076613256, 1.5511635420026504], "92": [-0.12952785875491965, 1.650706362482312], "93": [-0.12715729584093793, 1.7934049671270618], "94": [-0.12189156179242196, 1.9792233632966005], "95": [-0.11209556979023033, 2.2076612251557095], "96": [-0.0963766308848977, 2.4767327071817404], "97": [-0.0744277938291712, 2.780665408409806], "98": [-0.0480423200483656, 3.106764981974687], "99": [-0.021180393793774895, 3.4351586951135396], "100": [0.0018965544921213258, 3.7450249444918073], "101": [0.01882453387883744, 4.021904607725769], "102": [0.029512841894924285, 4.258810398981738], "103": [0.035209883006582954, 4.453245162681365], "104": [0.03756589442574779, 4.604561528542286], "105": [0.03809602140812025, 4.712698455815897], "106": [0.037946272216254316, 4.777735778331192], "107": [0.03781841605820207, 4.799754453042275], "108": [0.037959388750893476, 4.778785591029677], "109": [0.03816352662378842, 4.714796636768226], "110": [0.03777053600888255, 4.607711217730532], "111": [0.03567499277871877, 4.457465783378632], "112": [0.030397389248227418, 4.264150835281132], "113": [0.020307922729221155, 4.028442070442731], "114": [0.004141704670938881, 3.752811839371538], "115": [-0.018092651059332665, 3.444077153642139], "116": [-0.044164842956856576, 3.1163790941305036], "117": [-0.06988598868137866, 2.790352705527625], "118": [-0.09122581841368914, 2.4860399908201916], "119": [-0.10626735756606072, 2.216424251294993], "120": [-0.11524165343855096, 1.9874377226763829], "121": [-0.11952293661181937, 1.8011031634067507], "122": [-0.12076074201273886, 1.6579118320977833], "123": [-0.12041027377652537, 1.5578876483674882], "124": [-0.11953636004275257, 1.5009495780892648], "125": [-0.11875520841378169, 1.4870264450406787], "126": [-0.11822850865501915, 1.5160997656226787], "127": [-0.11766503150767796, 1.5882112288795769], "128": [-0.11631884076124033, 1.703436522641883], "129": [-0.11300617107629701, 1.8618188383186143], "130": [-0.1061980232412051, 2.0631940777587494], "131": [-0.09428875792177932, 2.306654853550699], "132": [-0.07618447405224323, 2.589111082639966], "133": [-0.052270198557748615, 2.9025037573125703], "134": [-0.025236611736886815, 3.2311640291000723], "135": [0.0005681591101221496, 3.5539282412655124], "136": [0.021437279536286914, 3.851841279397108], "137": [0.03592758023200637, 4.113479188143023], "138": [0.04457412042729424, 4.333913957495604], "139": [0.048854532200398544, 4.511547471617676], "140": [0.05040162038771064, 4.646022002259655], "141": [0.05060000391887592, 4.737343368135416], "142": [0.05042575618916525, 4.785591407658772], "143": [0.05040321718827379, 4.790826348243838], "144": [0.05060261057939617, 4.7530538210714575], "145": [0.050640718364368405, 4.672224185369935], "146": [0.04968037405420593, 4.548265624309816], "147": [0.04645761699476521, 4.381163838590698], "148": [0.03940145193422705, 4.171183168844816], "149": [0.02695649159832572, 3.919538150935797], "150": [0.008253210618907103, 3.6300999107074916], "151": [-0.015882868004707732, 3.312379626141092], "152": [-0.04229763827928025, 2.983587593390838], "153": [-0.06658052572547503, 2.665089852715036], "154": [-0.08543964729820581, 2.374452287806577], "155": [-0.0979171656065155, 2.1215059521881647], "156": [-0.10482529267215165, 1.9102503217585713], "157": [-0.10771948296621889, 1.741914080279627], "158": [-0.10819899301612586, 1.61674422699027], "159": [-0.10756722824712564, 1.5347123582478832], "160": [-0.10670414082005977, 1.4957422257593431],