{"0": [-2.231825954514983e-05, 1.0649606654002437], "1": [-0.0014336460744413743, 1.0992492549364785], "2": [-0.004629845696806925, 1.1866226230146946], "3": [-0.0085125944921138, 1.3278604545402382], "4": [-0.011142314309362114, 1.5241586513428855], "5": [-0.00965089476572022, 1.777404033981328], "6": [-0.00038781295460172684, 2.0905549205964573], "7": [0.02025487561155542, 2.466398989359843], "8": [0.053216409272777494, 2.8995003594344193], "9": [0.09229029045633864, 3.3592568706870587], "10": [0.12574016074196165, 3.7946928691502166], "11": [0.1467319016875492, 4.173273721866105], "12": [0.15589330311275004, 4.488764519915203], "13": [0.15682632275362327, 4.744019181143858], "14": [0.1532633520275088, 4.942169878952848], "15": [0.14816855909955112, 5.085189598941383], "16": [0.14357356360260054, 5.174277659910298], "17": [0.14065795188032695, 5.210177531410367], "18": [0.139882997484958, 5.193196178059078], "19": [0.14106627964127322, 5.123150860312561], "20": [0.14334663344446205, 4.999408866517476], "21": [0.1450630875241294, 4.820941310437851], "22": [0.1436405646378831, 4.586150020674021], "23": [0.13563834635567756, 4.2924469238383836], "24": [0.11728739901588457, 3.9366573395095315], "25": [0.08640644354048185, 3.5202276228101184], "26": [0.046642425023756734, 3.0645384155101625], "27": [0.008938518484129522, 2.6177170137391275], "28": [-0.01752345968815027, 2.2210591783682596], "29": [-0.0314892888626975, 1.8871918797506353], "30": [-0.036063792715815675, 1.6146383030045461], "31": [-0.03507775295988798, 1.4000573892725117], "32": [-0.03175612870134213, 1.2411723725671802], "33": [-0.028405771479011264, 1.1366237154821737], "34": [-0.026445553112500114, 1.0855668200856323], "35": [-0.02653521129005672, 1.0875749298638733], "36": [-0.028673196781068097, 1.1426906248845703], "37": [-0.03219363527623901, 1.2514158135741131], "38": [-0.03566467353616345, 1.4146467355898809], "39": [-0.03676320905803023, 1.6337696260037995], "40": [-0.032262774037181516, 1.911048481831458], "41": [-0.018391354524226418, 2.24964790423204], "42": [0.007745994397789439, 2.650290123255591], "43": [0.04447704936691294, 3.098555364043287], "44": [0.08232674963587112, 3.551708634020844], "45": [0.11062762444652999, 3.962797649922319], "46": [0.12618642044613523, 4.312368569605286], "47": [0.13141405195393752, 4.599820213709658], "48": [0.13013258011299778, 4.828482377655493], "49": [0.12576623035952322, 5.000906130984132], "50": [0.12085764585135662, 5.118614439967861], "51": [0.11703899910670727, 5.18253929493705], "52": [0.11514724164729322, 5.193198012734653], "53": [0.11533600768250106, 5.150660900029728], "54": [0.1170989424566726, 5.054538775486414], "55": [0.1191886187416244, 4.904044079841799], "56": [0.1194899785545496, 4.6979473949012736], "57": [0.11497085054353631, 4.4342428870605675], "58": [0.10192553197965867, 4.109918453466429], "59": [0.07706783452249116, 3.7231296800527454], "60": [0.040672032234507764, 3.283488719685512], "61": [0.0006180268319411443, 2.827877795357315], "62": [-0.03173722461200033, 2.4059489473054425], "63": [-0.05144769695624488, 2.0434839705681487], "64": [-0.06012093170874629, 1.7436214379622068], "65": [-0.061482172720847196, 1.5032656801383362], "66": [-0.05909558522962186, 1.319648158283959], "67": [-0.05569633679833489, 1.1910909443950541], "68": [-0.05309856794055002, 1.1165858663332127], "69": [-0.052291949433074816, 1.095549042926664], "70": [-0.05356032564443437, 1.127823937444102], "71": [-0.05652515781872624, 1.2137070141165176], "72": [-0.060083335489722015, 1.3538967041431407], "73": [-0.06228452812100658, 1.5495051807509488], "74": [-0.060259403380561044, 1.802342289142542], "75": [-0.05039001159645161, 2.1152393047501783], "76": [-0.029186944772959342, 2.4905903974758155], "77": [0.004011138755877601, 2.9219208748524945], "78": [0.042727704098883365, 3.377464454245968], "79": [0.07547264251291741, 3.806966601607619], "80": [0.09589023040025516, 4.179462027578395], "81": [0.10478370969549505, 4.489174712697408], "82": [0.10572545604191352, 4.738798782718962], "83": [0.10236752531553571, 4.93124963584053], "84": [0.09759337765297513, 5.068338476064304], "85": [0.09336394662179896, 5.151136942425171], "86": [0.09079382388141491, 5.180275430839147], "87": [0.09027147435611621, 5.155972123794406], "88": [0.09151681935326277, 5.078002362989677], "89": [0.09353463054180947, 4.945738878370736], "90": [0.09449788319623705, 4.758157049599087], "91": [0.09166361467516179, 4.513590327534454], "92": [0.08149739006650251, 4.209368812001937], "93": [0.06041292135817094, 3.8428526317732947], "94": [0.02715546888631261, 3.4185742229579086], "95": [-0.012874631233203555, 2.964410357212416], "96": [-0.0483440429566473, 2.530112972092979], "97": [-0.0718862507596974, 2.1504193247430097], "98": [-0.08360383401100066, 1.8334662415653724], "99": [-0.08689980004148339, 1.5770298170945949], "100": [-0.08547281475870988, 1.3781168890597364], "101": [-0.08231160246847219, 1.2348158113524947], "102": [-0.07948640383475532, 1.1460079212286105], "103": [-0.07820616461595281, 1.1110340456578849], "104": [-0.0789371966910725, 1.1296364439081237], "105": [-0.08146963305883134, 1.201988708833657], "106": [-0.08488229456551558, 1.3286643211568363], "107": [-0.0874320997830132, 1.5106241903320732], "108": [-0.08646420192863347, 1.7494354114620756], "109": [-0.0785099123767863, 2.04764385832506], "110": [-0.05994489934885169, 2.4079756949667352], "111": [-0.02917112729115501, 2.8269956805494925], "112": [0.00912740423793575, 3.2793891329646017], "113": [0.043853004713163, 3.7162170182855383], "114": [0.06701254282989311, 4.100368188639525], "115": [0.07819314862503364, 4.421931716226257], "116": [0.08065103379712743, 4.68270604085659], "117": [0.07810204558279082, 4.88570575876912], "118": [0.07359957423623048, 5.032902803119537], "119": [0.06928463807241145, 5.125442297534546], "120": [0.06642799593735803, 5.163995493062143], "121": [0.06554580975537684, 5.148839916361434], "122": [0.06647050481127159, 5.079833218799885], "123": [0.06832273461028458, 4.956438816089266], "124": [0.06940569920693711, 4.777738964589003], "125": [0.06711416912037042, 4.542228564415694], "126": [0.05802081357943512, 4.2474433008096595], "127": [0.038496268140422334, 3.890657324598061], "128": [0.006789986998553385, 3.474835569903776], "129": [-0.032779352074633394, 3.0240093137177237], "130": [-0.06929557241702261, 2.5864967171307645], "131": [-0.09448122345265421, 2.200517303587233], "132": [-0.10764403931873773, 1.8769674368091644], "133": [-0.11194670626509774, 1.6143326514606915], "134": [-0.11110303972111461, 1.4096167510172541], "135": [-0.10819316061464189, 1.2608310959459608], "136": [-0.10539018428574198, 1.1668278118869693], "137": [-0.10399300380991168, 1.126939873252801], "138": [-0.10453868094819435, 1.140887828972916], "139": [-0.10687391791473241, 1.2088012780656674], "140": [-0.11012978569139413, 1.3311961313510046], "141": [-0.11261925223543351, 1.5089658051513377], "142": [-0.11174866423120183, 1.7435871608562654], "143": [-0.10410529568999005, 2.037485338225913], "144": [-0.08607639225907979, 2.3933286676287846], "145": [-0.055919576261803064, 2.8081025339449783], "146": [-0.017922566374481752, 3.257849355915839], "147": [0.01706509003535031, 3.6944501012780546], "148": [0.040788704591086786, 4.079721598377928], "149": [0.05253357421434485, 4.402659174093759], "150": [0.05543877959466888, 4.664690685116695], "151": [0.053203169694944374, 4.868766677996501], "152": [0.048897726194626796, 5.0168485237897995], "153": [0.04468937175619635, 5.11006172588892], "154": [0.041871085372999654, 5.149053112666552], "155": [0.04097133102927765, 5.134087718591703], "156": [0.041822769473111275, 5.065031703590583], "157": [0.04353562030345162, 4.941374486217853], "158": [0.04439668456268284, 4.76222871809489], "159": [0.04178666910032309, 4.526113272358063], "160": [0.032281426980248835, 4.230602332968038], "161": [0.01230607373639937, 3.8731434354756744],