{"0": [-1.4019334169671802e-05, 0.7006568876640201], "1": [-0.0009226076200939206, 0.7138037988740352], "2": [-0.0032007574099342006, 0.7474217222321867], "3": [-0.00676140973047826, 0.8021298216378645], "4": [-0.011430046684150472, 0.878867257174308], "5": [-0.016898516762903503, 0.9788191129032802], "6": [-0.022664837678185303, 1.1033218461790615], "7": [-0.027968278223809696, 1.2537633996750266], "8": [-0.031738097047306645, 1.431497228464211], "9": [-0.032585733867003676, 1.6377736243584478], "10": [-0.02888509251441755, 1.873633943449026], "11": [-0.019008840827069648, 2.1395950699785757], "12": [-0.0018163425282077621, 2.4347944671719945], "13": [0.022553332266941388, 2.755286935527927], "14": [0.051865377816683475, 3.0920405741543626], "15": [0.08187559185591865, 3.4310380635141935], "16": [0.10798903719040671, 3.757418940578686], "17": [0.1272551687480454, 4.060470253574053], "18": [0.13895628225222098, 4.334935476134914], "19": [0.14394666222425306, 4.579296550946222], "20": [0.14378568341106088, 4.79382472690497], "21": [0.14014963148526663, 4.979481000122876], "22": [0.13452782713517758, 5.137480722662413], "23": [0.12810309106746745, 5.26915355128292], "24": [0.12173816843750397, 5.375877120430721], "25": [0.11601732135531759, 5.459000703859479], "26": [0.11130942901370847, 5.5197500319190524], "27": [0.10783104821073704, 5.559130685916887], "28": [0.10569762168835656, 5.577847600268519], "29": [0.10495796935283373, 5.576250120875903], "30": [0.10561096220510847, 5.554305451554932], "31": [0.10760447676505028, 5.511600675419635], "32": [0.11081660155473834, 5.447373461889128], "33": [0.11501903281039326, 5.3605712992256995], "34": [0.11982407072268508, 5.2499359338040525], "35": [0.12462082800640233, 5.114102570053514], "36": [0.12851371039284748, 4.9516955983821855], "37": [0.13028640828950083, 4.761405113512969], "38": [0.12842721149880362, 4.542060378911759], "39": [0.12126935799316681, 4.292799894305979], "40": [0.10732780922652017, 4.0135816139593254], "41": [0.08592723794804402, 3.7064025515794774], "42": [0.05807590902320728, 3.377304146126252], "43": [0.027016331441849173, 3.0378124720404442], "44": [-0.0025790219071866226, 2.7030120818135974], "45": [-0.026676131538992672, 2.3863376846164055], "46": [-0.043358896182161065, 2.09595319954451], "47": [-0.05273094757806432, 1.8351592945542736], "48": [-0.056056155134448636, 1.6044804672304052], "49": [-0.05499814455592019, 1.4032537913663117], "50": [-0.05117185283991327, 1.2303799862353495], "51": [-0.045934610951019736, 1.084587884140609], "52": [-0.04032205800320037, 0.964523995488394], "53": [-0.03506438115136606, 0.8688190903927302], "54": [-0.030640828796804423, 0.7961744106169718], "55": [-0.027344661836031726, 0.7454599403616996], "56": [-0.025341674821422182, 0.7158053280364152], "57": [-0.02471398137099615, 0.706669329926147], "58": [-0.02548624618980672, 0.7178817247708145], "59": [-0.027634022792393333, 0.7496564600748056], "60": [-0.031074297894136092, 0.8025760050688426], "61": [-0.03563811780200763, 0.8775467656523701], "62": [-0.04102572004644438, 0.9757268498920296], "63": [-0.04674728531792009, 1.0984326293727449], "64": [-0.05205821583358308, 1.247038774873723], "65": [-0.05590673561339615, 1.4228910253197544], "66": [-0.056922871385125404, 1.6272366947205013], "67": [-0.05349240054693797, 1.8611231897907272], "68": [-0.04398196673503826, 2.125100469070242], "69": [-0.027209592406516298, 2.4184068425740572], "70": [-0.0032206782322660075, 2.7373167983360545], "71": [0.025882215029761655, 3.073116777197434], "72": [0.05594772482623715, 3.412013255120516], "73": [0.08235399622983967, 3.739066951909508], "74": [0.10203412611470004, 4.043267717059355], "75": [0.11415658757509035, 4.319080004919094], "76": [0.11950865896675726, 4.564822409106547], "77": [0.11962465219383461, 4.780690801601187], "78": [0.11618102125948841, 4.967612300534646], "79": [0.11067958060803312, 5.126782624352221], "80": [0.10432002808079077, 5.259515873764936], "81": [0.09798180700049329, 5.367176579429216], "82": [0.09226336111194024, 5.45110433214632], "83": [0.08754438998243441, 5.512519339555652], "84": [0.0840489695992105, 5.5524256166671035], "85": [0.08189723627052599, 5.571529632960281], "86": [0.08114042219745438, 5.570184380934101], "87": [0.08177794769484115, 5.548362076236573], "88": [0.0837565926250316, 5.505655842576945], "89": [0.08695172607965662, 5.441310480758012], "90": [0.09113060471426948, 5.354282008811755], "91": [0.09589929361105516, 5.243322386674676], "92": [0.10063903905795153, 5.107078679745294], "93": [0.10444543118445461, 4.944188336946713], "94": [0.10609390964423407, 4.753355407538971], "95": [0.10406780893211083, 4.533425623343816], "96": [0.09670325293940162, 4.283563362318902], "97": [0.08253296039408524, 4.00377817105747], "98": [0.06092231050643497, 3.696168653675214], "99": [0.03294226130422322, 3.3669338742272], "100": [0.0018907283405490854, 3.027744873951015], "101": [-0.027559835292150253, 2.6936932688759767], "102": [-0.05143586258170226, 2.37806910386056], "103": [-0.06789302147500806, 2.0888672944731375], "104": [-0.07708065052350978, 1.8292847293331191], "105": [-0.08027988878753399, 1.5998047363222678], "106": [-0.07915402988642564, 1.3997555441578238], "107": [-0.07530947255963531, 1.2280410181820145], "108": [-0.07009249444672867, 1.0833972460014547], "109": [-0.06452824858298678, 0.9644808222876747], "110": [-0.05933844093105596, 0.8699362313378202], "111": [-0.05499620278438209, 0.798482724426644], "112": [-0.05179071910154142, 0.7490124750278759], "113": [-0.049885044263183194, 0.7206807012003994], "114": [-0.04935898163676623, 0.7129738691177575], "115": [-0.05023426874874609, 0.7257500395203131], "116": [-0.05248170203654399, 0.7592500802212799], "117": [-0.05601026234380657, 0.8140796580747465], "118": [-0.060638157335351835, 0.891161980776455], "119": [-0.06604644349965208, 0.9916630753413131], "120": [-0.07171889320045065, 1.1168969762865586], "121": [-0.07687791336842204, 1.2682264096444118], "122": [-0.08043548644710377, 1.446977805480915], "123": [-0.08098960373687239, 1.6543716900120164], "124": [-0.07691179083072462, 1.8914088165470317], "125": [-0.06659507543721803, 2.158531313615924], "126": [-0.04895801547109598, 2.454724329016763], "127": [-0.024247711289955582, 2.7757737242126135], "128": [0.005173827404776734, 3.112321177265888], "129": [0.035005666791257765, 3.450192321258899], "130": [0.060728600456887126, 3.7747036072929627], "131": [0.07953766089187532, 4.075489073532037], "132": [0.09083191322824771, 4.347561172395704], "133": [0.09552203949624535, 4.589529862685272], "134": [0.09517910569454015, 4.801704786363117], "135": [0.09146773304056759, 4.985047681308412], "136": [0.08585650877219889, 5.140762036442415], "137": [0.0795064980378669, 5.270159853669185], "138": [0.07326175119201861, 5.3745947327030725], "139": [0.06769242058904867, 5.455383796208249], "140": [0.06315771850078294, 5.513712035774568], "141": [0.05986784583483719, 5.55053676503679], "142": [0.05793354595525377, 5.566509250823265], "143": [0.057398636297579936, 5.561922607396558], "144": [0.05825442559558479, 5.536688751009856], "145": [0.060436027188300254, 5.490344747303038], "146": [0.06380052495443077, 5.422088640029245], "147": [0.06808720383723997, 5.330843981646514], "148": [0.07286206186109369, 5.215348237725693], "149": [0.07745371234247328, 5.074252586808033], "150": [0.08089586751346227, 4.906214130433853], "151": [0.08190222706665548, 4.709968984196624], "152": [0.07891291437505409, 4.484416463355809], "153": [0.07027146145888112, 4.228841743021178], "154": [0.054619860125302094, 3.943555968357065], "155": [0.031595175291156866, 3.63131336901861], "156": [0.002699384802791687, 3.299367092902788], "157": [-0.028380816739363112, 2.960363233545031], "158": [-0.05695040546213555, 2.6294502290770234], "159": [-0.07940767956807968, 2.318988524230232], "160": [-0.09435909347652445, 2.035880735776561],