{"0": [-1.937729673645009e-06, 0.06912703732172437], "1": [-0.00012863873688520307, 0.07160414726135787], "2": [-0.00045692616676956373, 0.07802443756981177], "3": [-0.0010044682000708031, 0.08873978757953559], "4": [-0.0018005119621623033, 0.10433649270276531], "5": [-0.0028870230175954232, 0.12566544911333916], "6": [-0.004320033945575397, 0.1538847108392502], "7": [-0.0061708018434926395, 0.19051463684110118], "8": [-0.008525913141163698, 0.23750452513103076], "9": [-0.011484586063854014, 0.2973065716367119], "10": [-0.015149824708176466, 0.37294702477402836], "11": [-0.019607491532427433, 0.46807443457188214], "12": [-0.02488390907386664, 0.5869517041421083], "13": [-0.030869871832189064, 0.7343492959441243], "14": [-0.037201729001704716, 0.9153101208058829], "15": [-0.04310689613553373, 1.1348160921475232], "16": [-0.04725869255164963, 1.3974748216049693], "17": [-0.047741270602812996, 1.7073188985221877], "18": [-0.04230051217635503, 2.0673719527238488], "19": [-0.02917926231102793, 2.4775324910833727], "20": [-0.008831261227229544, 2.928552106363607], "21": [0.014451024402359902, 3.3952179281255574], "22": [0.034244928883545356, 3.8433586364076597], "23": [0.04650849425333262, 4.249071516734802], "24": [0.05102219252299642, 4.604276312406837], "25": [0.04965275928340887, 4.909421881272912], "26": [0.04467742294439551, 5.167732438150143], "27": [0.037998163713371315, 5.383312936519393], "28": [0.030919513020577386, 5.560788738556824], "29": [0.024196179961925586, 5.705118387366749], "30": [0.018181428621307495, 5.821286441193427], "31": [0.012980526640510593, 5.913980166879243], "32": [0.008567549359579516, 5.987364721769441], "33": [0.004859608403023147, 6.044982969096839], "34": [0.0017581749204062735, 6.089749696303369], "35": [-0.0008304930485179779, 6.123998453256895], "36": [-0.0029866187290995146, 6.149548769592428], "37": [-0.004774081211063362, 6.167774331947074], "38": [-0.006240234556590807, 6.179662254277481], "39": [-0.007416661963442779, 6.1858592212203], "40": [-0.008320018540263712, 6.186703125188448], "41": [-0.008952568824061844, 6.182239993428378], "42": [-0.009302259619804031, 6.17222630315326], "43": [-0.009342306232269603, 6.1561167029355754], "44": [-0.009030394150520451, 6.133037028109245], "45": [-0.00830778665431659, 6.101742625853601], "46": [-0.007098985511973233, 6.060562814312673], "47": [-0.005313280507125145, 6.007334469096361], "48": [-0.002850794243654642, 5.93933230175598], "49": [0.00038221168017784924, 5.853211606559011], "50": [0.004440830835867066, 5.744991435342471], "51": [0.009280501369815923, 5.6101184965551605], "52": [0.014655911693509141, 5.443650978521244], "53": [0.01997819843637574, 5.240562691641236], "54": [0.024157575690951814, 4.996083201250358], "55": [0.025507773977896386, 4.705941513302202], "56": [0.021853981861228482, 4.366610899822891], "57": [0.011086705445192274, 3.9764821465372755], "58": [-0.007484920465313455, 3.540131333703561], "59": [-0.031180814647871632, 3.0760163492509704], "60": [-0.05393990342615037, 2.616832887239792], "61": [-0.0703187245775112, 2.192478278189057], "62": [-0.07867227513492522, 1.8168568192463894], "63": [-0.0802737817555066, 1.4920224787225818], "64": [-0.07737212537394288, 1.2154914762231028], "65": [-0.0720691990688053, 0.9834453765473072], "66": [-0.06591477784764199, 0.7914671544146649], "67": [-0.05987086177340156, 0.6347213216990789], "68": [-0.054434178520277446, 0.5082162140748862], "69": [-0.049795113431296174, 0.40713930102359036], "70": [-0.045971446999900585, 0.3271308361974708], "71": [-0.042899087368516754, 0.26443429278164426], "72": [-0.04048525591097298, 0.21593738255642891], "73": [-0.038636180410363846, 0.17914475402351862], "74": [-0.03726985901259931, 0.15211964317099194], "75": [-0.036320989190603406, 0.13341900067740678], "76": [-0.03574221987037506, 0.12203552590832109], "77": [-0.035503966369382446, 0.1173529603318156], "78": [-0.03559391842592493, 0.11911720846306108], "79": [-0.036016765367113665, 0.1274241291439652], "80": [-0.03679432145148532, 0.14272419510352785], "81": [-0.037965992723252885, 0.16584397379745366], "82": [-0.03958925193862517, 0.1980239974435844], "83": [-0.041739336201081244, 0.24097147258381557], "84": [-0.044506553424564534, 0.296923600018583], "85": [-0.04798809855199099, 0.36871187514609394], "86": [-0.05226884062667642, 0.45980844317539604], "87": [-0.057382173681107006, 0.5743227504024518], "88": [-0.0632390373054632, 0.7169062368802818], "89": [-0.06951486682923362, 0.8925316191543756], "90": [-0.0754985554941358, 1.1061657935443003], "91": [-0.07994212178626829, 1.3624440783430478], "92": [-0.08100348748181065, 1.6654562126043182], "93": [-0.07644607760560053, 2.0183908347647557], "94": [-0.0643744602123416, 2.4217694506403764], "95": [-0.04483361909248826, 2.868001746620737], "96": [-0.02159671725404554, 3.334042035484213], "97": [-0.0010448178960450183, 3.785853094985808], "98": [0.012290809487052051, 4.197433865933616], "99": [0.01775752738506117, 4.558932042890722], "100": [0.017057926337317467, 4.870074368661307], "101": [0.012472061551138067, 5.133858488541482], "102": [0.005969701775915066, 5.35427831079417], "103": [-0.0010656821255620279, 5.535865708308094], "104": [-0.00781348808405217, 5.683509720748958], "105": [-0.013874535478291672, 5.802160884998657], "106": [-0.019115250927790012, 5.896500406495103], "107": [-0.023545302356428377, 5.970696771621268], "108": [-0.02723810953325525, 6.028286664397633], "109": [-0.03028571028445728, 6.07215437942902], "110": [-0.03277588507280245, 6.104567678843818], "111": [-0.034781895392925415, 6.127235971089236], "112": [-0.03635863923055418, 6.141369514858272], "113": [-0.03754168623362331, 6.147728337293259], "114": [-0.03834732967392921, 6.146655595988243], "115": [-0.03877275573065515, 6.13809324332032], "116": [-0.03879598748762353, 6.121579309047358], "117": [-0.03837564873792245, 6.096226883026759], "118": [-0.03745100393463126, 6.06068575108068], "119": [-0.035943365089227505, 6.013089442682651], "120": [-0.03376106931638129, 5.950994251454935], "121": [-0.03081213783476031, 5.871323877780647], "122": [-0.027031649259514984, 5.770344500518932], "123": [-0.022434339749821678, 5.643708046994888], "124": [-0.017204515249142512, 5.486605717428178], "125": [-0.011828922080476393, 5.294047168975253], "126": [-0.007254987925522319, 5.0612057434781335], "127": [-0.005012552208580061, 4.783696836739596], "128": [-0.007176403737335768, 4.457783469037511], "129": [-0.015959276765820967, 4.0811519223615536], "130": [-0.03259689628747238, 3.6561442924880114], "131": [-0.05543329311380489, 3.1969804515133387], "132": [-0.07904617397230132, 2.7336779195494527], "133": [-0.0973855948048311, 2.2987862206277234], "134": [-0.10778118527691521, 1.910474696861299], "135": [-0.11094937593134613, 1.573065944497085], "136": [-0.10902680814917749, 1.2848132045547263], "137": [-0.10421009020466801, 1.0421469939151933], "138": [-0.09820379046944129, 0.8408154980385587], "139": [-0.09211420424071899, 0.6761089307461262], "140": [-0.08654495397112645, 0.5430894261228857], "141": [-0.08175413167480215, 0.43692235985071126], "142": [-0.07779741655864078, 0.3531775024518734], "143": [-0.0746299416436994, 0.28801507407740495], "144": [-0.07216822218093434, 0.23825561046923738], "145": [-0.070323551005389, 0.20137174202738858], "146": [-0.06901813971935748, 0.17544180688436248], "147": [-0.06819198356016042, 0.15909342452322336], "148": [-0.06780526266290754, 0.15145328555086832], "149": [-0.06783890846260848, 0.1521113543210368], "150": [-0.06829464171243552, 0.1611031283300469], "151": [-0.069195001554806, 0.1789112501379351], "152": [-0.07058333564905807, 0.2064863968439574], "153": [-0.07252315699523963, 0.24528592855312914], "154": [-0.0750954376469048, 0.29732619190931353], "155": [-0.07839099769935955, 0.3652393804539123], "156": [-0.08249283675572196, 0.4523171608969171], "157": [-0.08743998430394383, 0.562510849790044],