{"0": [-7.168806306586816e-06, 0.3072806571661869], "1": [-0.00047419253829238865, 0.3134133302252599], "2": [-0.0016685784234329619, 0.3291512332851907], "3": [-0.003612112521446288, 0.3549399499143376], "4": [-0.0063359141681891525, 0.391498527863013], "5": [-0.00987404537182466, 0.4398217469494682], "6": [-0.014252403119116302, 0.5011779058905199], "7": [-0.019470576120888667, 0.5770967310872364], "8": [-0.025473833369761837, 0.6693408442248451], "9": [-0.032112611576820785, 0.7798547304711927], "10": [-0.03908867813913227, 0.9106890289993687], "11": [-0.04589164335829987, 1.0639061909495389], "12": [-0.05173732481584029, 1.2414833063911093], "13": [-0.05553019647218279, 1.4452286266751855], "14": [-0.055884966641736464, 1.6767004799241088], "15": [-0.05125869228696569, 1.9370384498664008], "16": [-0.04026729925275632, 2.2264807549638097], "17": [-0.022266735787946437, 2.543228672023088], "18": [0.0018498336970676089, 2.8815939930941656], "19": [0.029140862202509367, 3.2306502622739592], "20": [0.05529716005672412, 3.5759334505341958], "21": [0.07648852784973628, 3.9042744295877174], "22": [0.09078017823018494, 4.207422385560356], "23": [0.0981401389640714, 4.4819310870151865], "24": [0.09968004666629829, 4.727262826709348], "25": [0.09693159017072643, 4.944234776763756], "26": [0.09140011698203955, 5.134248590007597], "27": [0.08434895407818968, 5.299005340807339], "28": [0.07672935994312678, 5.440403099028109], "29": [0.06919325353173546, 5.560463263819816], "30": [0.062146093508384466, 5.661241862156922], "31": [0.05581155611584382, 5.744733206003167], "32": [0.050291367286118605, 5.812784311000282], "33": [0.04561298813593416, 5.867031522082841], "34": [0.04176401384724526, 5.908861073679591], "35": [0.03871522258685897, 5.939389158796655], "36": [0.03643512501046636, 5.9594550113615075], "37": [0.03489864028826897, 5.969620966058559], "38": [0.034091876818721036, 5.970174940356029], "39": [0.034014288833895207, 5.9611324224358], "40": [0.03467883671714645, 5.942236536443232], "41": [0.03611019504490457, 5.9129560983193095], "42": [0.03834047318679897, 5.872482908829194], "43": [0.04140128051128076, 5.819731001070628], "44": [0.04531026588065372, 5.753342202815605], "45": [0.050049586059783, 5.671703939902741], "46": [0.05553343023087191, 5.57298592329941], "47": [0.06156241199866366, 5.455200789909532], "48": [0.06776534300406484, 5.31628825091153], "49": [0.07353462800241539, 5.154212851882914], "50": [0.07797054914835111, 4.9670573802600435], "51": [0.07986125724214033, 4.753101369641431], "52": [0.07773905782424667, 4.510918842299232], "53": [0.07007225835632158, 4.239631131643853], "54": [0.055673988630529934, 3.9395965192924915], "55": [0.034386372539330336, 3.6138509787937685], "56": [0.007861821945564972, 3.270014332352977], "57": [-0.020279933953873248, 2.9207704296581185], "58": [-0.04567933552952239, 2.5807026378542663], "59": [-0.06513502143592417, 2.261334854991571], "60": [-0.07749600798023944, 1.9689268275260519], "61": [-0.08326065596766666, 1.7055973842210137], "62": [-0.08376881842157904, 1.4712391847936581], "63": [-0.08057910340421323, 1.2647620067580287], "64": [-0.07512036468390261, 1.084636495907861], "65": [-0.06854014146800057, 0.9290829547526961], "66": [-0.0616719984517381, 0.7961524345574208], "67": [-0.0550675345039508, 0.6838050261317309], "68": [-0.04905631327655252, 0.590003642153514], "69": [-0.04381003971344955, 0.512808358816994], "70": [-0.03939821133423912, 0.4504545073022528], "71": [-0.035830667429627996, 0.40140695579366215], "72": [-0.033087376890307045, 0.3643917109378991], "73": [-0.03113793365603796, 0.33841044796952274], "74": [-0.029953602904480646, 0.32274448037183], "75": [-0.02951431086483901, 0.3169536839030037], "76": [-0.029812269567107055, 0.32087427210847574], "77": [-0.03085323130763935, 0.33461770409131375], "78": [-0.032655738263624716, 0.3585715512385339], "79": [-0.035248139586679925, 0.39340178310123824], "80": [-0.03866253141978911, 0.44005450327601336], "81": [-0.042924092250071294, 0.4997535701893551], "82": [-0.04803357004295605, 0.5739888657536496], "83": [-0.05394013032982611, 0.6644887278186848], "84": [-0.060501890529417915, 0.7731703755183659], "85": [-0.06743311124432898, 0.9020657081247645], "86": [-0.0742412658889808, 1.0532277432101123], "87": [-0.08016476945428094, 1.228632797209853], "88": [-0.08413267279917165, 1.4300954597241002], "89": [-0.08478026143681407, 1.6591885924665573], "90": [-0.08057043928372964, 1.9170864230923186], "91": [-0.07009284702233703, 2.2041167153859216], "92": [-0.05262247656577041, 2.5186863377976856], "93": [-0.028908330631901957, 2.85546778173499], "94": [-0.0017357403625402343, 3.2039324355957146], "95": [0.02464096667130582, 3.549751271906113], "96": [0.046296211444181806, 3.8794973319152484], "97": [0.0611366111125014, 4.184508670714745], "98": [0.06900732907088776, 4.461027949227911], "99": [0.07095885919508949, 4.708351803226073], "100": [0.06850754876599058, 4.9272210913127745], "101": [0.06316881056210016, 5.118998586377691], "102": [0.05622717857265376, 5.285358614235002], "103": [0.04865764256414023, 5.428177205698642], "104": [0.04113365614559721, 5.549458330278252], "105": [0.03407796839636991, 5.651246183087678], "106": [0.027726992373189225, 5.735528588051582], "107": [0.022191268749068266, 5.804149845656719], "108": [0.017504121633160695, 5.858745171649699], "109": [0.01365700474021995, 5.900699092203751], "110": [0.010623314843381526, 5.931123696365123], "111": [0.00837348722449266, 5.9508503227185034], "112": [0.006884017054159459, 5.960428592878458], "113": [0.006142411717400417, 5.960128162140836], "114": [0.0061493570471535496, 5.949940232812546], "115": [0.006918709588239448, 5.929577431545493], "116": [0.008475307908224945, 5.898472082456511], "117": [0.010849975881211258, 5.855774344024135], "118": [0.014070417568379068, 5.800353249192351], "119": [0.018145979261962004, 5.730805382449361], "120": [0.023043618620651934, 5.645477393075655], "121": [0.028652268531658833, 5.542508849033474], "122": [0.03473387145970481, 5.419899513827327], "123": [0.04086274137907229, 5.275598506623967], "124": [0.046361477350893555, 5.107602949408155], "125": [0.05025140106846397, 4.914047903953346], "126": [0.05124752680572363, 4.693284043975175], "127": [0.04784269630648307, 4.443997140203809], "128": [0.03854585371821494, 4.1655399072872115], "129": [0.02235822152287546, 3.858788698339778], "130": [-0.0004850977279441315, 3.527774996487488], "131": [-0.027803624886068367, 3.181474211498542], "132": [-0.05562699427139232, 2.8334846061094283], "133": [-0.07973271772666721, 2.4980250975687426], "134": [-0.09742011872042394, 2.185324616449805], "135": [-0.10802604509401798, 1.9004172057944682], "136": [-0.11233374241088313, 1.6447023137253232], "137": [-0.11178306637359414, 1.4177481797690874], "138": [-0.1079212558140911, 1.2183301341089439], "139": [-0.10211307346256764, 1.0448532213406156], "140": [-0.09542573991611958, 0.8954974052815687], "141": [-0.08861686472331022, 0.7682930734715191], "142": [-0.08217629774759946, 0.6612038876889339], "143": [-0.07638876680350183, 0.5722227266872926], "144": [-0.07139661684901634, 0.4994633952810014], "145": [-0.0672522598978218, 0.4412332849240112], "146": [-0.0639573058863426, 0.39608196007841234], "147": [-0.06148946598534183, 0.3628283392040445], "148": [-0.05981989833099668, 0.34057255567338496], "149": [-0.05892375379017776, 0.3286988407237973], "150": [-0.058786120036490724, 0.3268745093627477], "151": [-0.05940483597298824, 0.3350484483304778], "152": [-0.06079094856597636, 0.35345087854140655], "153": [-0.06296693905142435, 0.38259466968486644], "154": [-0.06596221182083757, 0.4232770151187354], "155": [-0.06980466291559947, 0.47657869644074663], "156": [-0.07450641640712845, 0.5438564607285148], "157": [-0.08004114939846033, 0.6267224883283531], "158": [-0.08631017159747172, 0.727004382994083], "159": [-0.09309528773588849, 0.8466810621972944],