{"0": [-2.1630407400597007e-05, 0.9792733251451488], "1": [-0.0013987796557001682, 1.0120321934738332], "2": [-0.004607288594950867, 1.0956863677638915], "3": [-0.008808931883448478, 1.2313831376319029], "4": [-0.012465462831774176, 1.420704563975582], "5": [-0.01320401306720753, 1.665675260975934], "6": [-0.00786179319436002, 1.9689996553916815], "7": [0.006972620561866437, 2.333456168324058], "8": [0.03314973311088692, 2.7567184975853687], "9": [0.0672634773031025, 3.217439107591035], "10": [0.0996028027488242, 3.670014376659204], "11": [0.1219130231097237, 4.074788338617796], "12": [0.13284745122048075, 4.418384016172241], "13": [0.13511118154024154, 4.701425711504616], "14": [0.13219713080565113, 4.927038567973533], "15": [0.1270824250220686, 5.097741346131405], "16": [0.1219024323449319, 5.215380671822206], "17": [0.11798738784257783, 5.2813588495471535], "18": [0.11601559458943195, 5.296573121366121], "19": [0.11614772302521752, 5.2612307295489975], "20": [0.11806416174182194, 5.174789202209617], "21": [0.12088638170263234, 5.036095058117901], "22": [0.12302403426893806, 4.843569074758525], "23": [0.12204895611220039, 4.595175697254728], "24": [0.1147628601465577, 4.288195480356537], "25": [0.09779644645828077, 3.9200024470332053], "26": [0.0695475247682584, 3.49378866689813], "27": [0.033920436141190294, 3.032815329470174], "28": [0.0008139989864411187, 2.5834518330860563], "29": [-0.021984001177148084, 2.1835623323191595], "30": [-0.03355329978112941, 1.845003915413486], "31": [-0.03672254336713959, 1.5667802316465873], "32": [-0.03496233681858608, 1.3458119678949552], "33": [-0.0311865020651777, 1.179668488792793], "34": [-0.027464569324254708, 1.0665683481509107], "35": [-0.025071103680995636, 1.0051702629631352], "36": [-0.024638937230518028, 0.9946484500681705], "37": [-0.02628554418929094, 1.0348691929971623], "38": [-0.029639209852000924, 1.126430450573514], "39": [-0.033751470047261624, 1.2705126239067017], "40": [-0.036943730978638, 1.468710291998967], "41": [-0.036695539999848335, 1.7230984470305792], "42": [-0.029752018372443415, 2.036434846154491], "43": [-0.012825097135115884, 2.411068036731151], "44": [0.015248729778659821, 2.8422706177136843], "45": [0.04974453932098051, 3.30362996441727], "46": [0.08054131401553577, 3.7478856002311525], "47": [0.10063511768181016, 4.140195684883045], "48": [0.10975109706620156, 4.470996308080434], "49": [0.1108936889767836, 4.741815980559691], "50": [0.10749368384935537, 4.955666792290587], "51": [0.10236503973777107, 5.114858954174106], "52": [0.0974745657647156, 5.221088764513545], "53": [0.09401043244913894, 5.275616584323425], "54": [0.09253539540831454, 5.279169434517202], "55": [0.09310129119446021, 5.2317769670062235], "56": [0.09525888046345476, 5.132760538603269], "57": [0.09795791004413497, 4.980895374544724], "58": [0.09939426254108848, 4.774552101500646], "59": [0.09692066642602933, 4.511584100960308], "60": [0.08721587742874418, 4.189188091857936], "61": [0.06714573674712011, 3.805521810771866], "62": [0.03623798801651845, 3.367765301345776], "63": [0.0003450225639503972, 2.906683998691583], "64": [-0.030318166536499762, 2.4699113619124984], "65": [-0.049881679658319585, 2.0879317289007133], "66": [-0.058862375629048086, 1.767532554916623], "67": [-0.06045117153116925, 1.5066247549461131], "68": [-0.0580089371368217, 1.302304927648686], "69": [-0.0542115450039174, 1.1524104922411715], "70": [-0.050888337566344616, 1.0553474519504693], "71": [-0.0491131844982254, 1.0099578696800053], "72": [-0.049355751191326576, 1.015642150906362], "73": [-0.051579253583681414, 1.072502999748539], "74": [-0.055229040623331144, 1.1813198480599747], "75": [-0.05911821373009841, 1.3433760718433165], "76": [-0.06127881410429933, 1.5603585860982585], "77": [-0.05890708362197735, 1.8345213565270417], "78": [-0.04862542515916074, 2.1686836000010556], "79": [-0.027582340622069677, 2.5637655742826144], "80": [0.0036655949150331867, 3.0088667394180884], "81": [0.037905044232129294, 3.4679313303611705], "82": [0.06517504197468743, 3.8943389135872413], "83": [0.08107985802880073, 4.263217360666811], "84": [0.08697831850185364, 4.570669482690402], "85": [0.08621441537090753, 4.81924563685651], "86": [0.08203667357002593, 5.011686377647619], "87": [0.07694383084995705, 5.149986927557515], "88": [0.07259616553249727, 5.235623894143629], "89": [0.06992881534911702, 5.269628485670278], "90": [0.06929688194415211, 5.252442902179761], "91": [0.07055069207130656, 5.18380736717446], "92": [0.07299880495651528, 5.062827690485278], "93": [0.07527928856683885, 4.88814957563958], "94": [0.0752220313382428, 4.657999369775808], "95": [0.06984667126930115, 4.369981064074038], "96": [0.05576348444944148, 4.021369493487518], "97": [0.030621269997555975, 3.6129015288976927], "98": [-0.0035665930936381435, 3.1608601777340533], "99": [-0.038180976764177726, 2.7067992799391782], "100": [-0.06409534835622066, 2.294035749041206], "101": [-0.07863873592328176, 1.9409761152031915], "102": [-0.08395590559971909, 1.6488985906497928], "103": [-0.08347257916575591, 1.4149814355688053], "104": [-0.08027347837755204, 1.2367000305406182], "105": [-0.07664222432702641, 1.112237383887318], "106": [-0.07404279079313446, 1.0402494410574343], "107": [-0.07325093233523296, 1.0198599829876218], "108": [-0.07448659490347531, 1.0508143860276393], "109": [-0.07746038612321782, 1.1335485337906184], "110": [-0.08130806243179436, 1.2690787862474449], "111": [-0.08445079838487693, 1.4588440514335526], "112": [-0.08448070673546973, 1.704743638382883], "113": [-0.07823898788273025, 2.0093334858911556], "114": [-0.06242702121816054, 2.3749672308145793], "115": [-0.035543991569470475, 2.7980051520047646], "116": [-0.0015315876533860723, 3.254886383710593], "117": [0.029893628001366336, 3.6997555586295303], "118": [0.051168512438952325, 4.095428801919036], "119": [0.06142038090904481, 4.430087297455913], "120": [0.06342883345160757, 4.704492207554406], "121": [0.06060473475767936, 4.92151367644275], "122": [0.05581374743965544, 5.083422491587651], "123": [0.051090043342439787, 5.191854181994979], "124": [0.04767951526559175, 5.248001725473019], "125": [0.04618134164064113, 5.2525537569589416], "126": [0.046659175530390236, 5.205549425567429], "127": [0.04865274406019879, 5.106365884268338], "128": [0.05108339415928846, 4.953862488984175], "129": [0.05211132797604381, 4.746494903908601], "130": [0.04906346706897479, 4.482189453672786], "131": [0.03863508819497195, 4.158270866836885], "132": [0.017822676225002533, 3.773366000818855], "133": [-0.013499810768188234, 3.335982086670932], "134": [-0.0491038272299981, 2.878472785821898], "135": [-0.07897657135996204, 2.447823944254441], "136": [-0.09779062428326607, 2.072574080257974], "137": [-0.1063200849286839, 1.7587026666793104], "138": [-0.1077652235607214, 1.5041408359441761], "139": [-0.10541557909168249, 1.3061680182901583], "140": [-0.10186465306835786, 1.16278163902352], "141": [-0.09886920215066697, 1.072527889462696], "142": [-0.09744127631254199, 1.0343902134488607], "143": [-0.09798847505893934, 1.0479031208655447], "144": [-0.10039419739071871, 1.1132645570526551], "145": [-0.10398976821634195, 1.231285174744921], "146": [-0.10743474518554903, 1.4032311651431422], "147": [-0.10858550937228138, 1.6307877712064107], "148": [-0.10449516701429758, 1.9162495771911732], "149": [-0.09180953157759801, 2.262214959324876], "150": [-0.06819023490966171, 2.6678558465426496], "151": [-0.035576039778824974, 3.117084469943844], "152": [-0.0024195253210826, 3.56888239169969], "153": [0.02222090950667437, 3.9800758161501775], "154": [0.03560676685482442, 4.3319163280791075], "155": [0.03981008277140475, 4.622830895337375], "156": [0.03821631803299064, 4.855491524746331], "157": [0.033891490369274004, 5.032336405686737], "158": [0.02911160531877687, 5.155107728203068], "159": [0.025336577890440914, 5.225072855455904], "160": [0.02333430977949302, 5.243037817288972], "161": [0.023305521189131057, 5.209210426526294],