{"0": [-1.3096862951009175e-05, 3.5962757995586223], "1": [-0.0008636297408034187, 3.5866575897284316], "2": [-0.003016345657825316, 3.5624992663110993], "3": [-0.0064505593579228, 3.5244755377977293], "4": [-0.011118917574140066, 3.4736823156537593], "5": [-0.016930517033809326, 3.411646432875805], "6": [-0.023734844009396374, 3.3403228180906495], "7": [-0.03131267503554873, 3.262065143262373], "8": [-0.03937948158952695, 3.179557510041339], "9": [-0.047603776844346704, 3.0957027261370826], "10": [-0.0556377050298122, 3.013476084917102], "11": [-0.06315219833032557, 2.9357665792799112], "12": [-0.06986702153477285, 2.8652326844024003], "13": [-0.075568250234955, 2.804193895462371], "14": [-0.08011079630794454, 2.75456587963982], "15": [-0.08340867076579815, 2.717833945434413], "16": [-0.08541863828190992, 2.695052008771769], "17": [-0.08612338539054268, 2.6868531063095347], "18": [-0.08551911877215333, 2.6934604365155135], "19": [-0.08361063754159735, 2.7146922578425308], "20": [-0.08041497060915181, 2.749958317544283], "21": [-0.07597276058045306, 2.7982496379765975], "22": [-0.07036463404371025, 2.858127774460344], "23": [-0.06372789806765058, 2.9277240150779007], "24": [-0.05626755222295049, 3.004762196272839], "25": [-0.0482557656344428, 3.0866183552144157], "26": [-0.04001654457010044, 3.1704238284007724], "27": [-0.03189716303731449, 3.2532058245335334], "28": [-0.024233171708028124, 3.3320457911937025], "29": [-0.017316591105644825, 3.4042286171519254], "30": [-0.011375502711690487, 3.4673594699111505], "31": [-0.006568550715349801, 3.5194374619497064], "32": [-0.002992574043816594, 3.558889103121493], "33": [-0.0006981076067748546, 3.584573375789823], "34": [0.00029344183168578597, 3.595772569756148], "35": [-2.381238130348661e-05, 3.5921806758830788], "36": [-0.0016468349059271035, 3.573896917310894], "37": [-0.004561772642020308, 3.5414276064275088], "38": [-0.008733994396758897, 3.4956953472752166], "39": [-0.014092425957141929, 3.4380503647515988], "40": [-0.02051247238243349, 3.370274348609251], "41": [-0.027803347182067343, 3.2945635960460193], "42": [-0.0357058625513773, 3.2134777109941077], "43": [-0.04390468951818763, 3.129845358268505], "44": [-0.05205461991404745, 3.046630166918397], "45": [-0.05981497843582651, 2.9667739402770295], "46": [-0.0668828358257664, 2.8930434707325436], "47": [-0.07301619568712252, 2.8279057934800083], "48": [-0.07804254106999371, 2.7734455750101064], "49": [-0.08185353155914679, 2.7313242342682305], "50": [-0.08439060857855032, 2.7027702284387347], "51": [-0.08562769644602808, 2.6885863743858525], "52": [-0.08555653325059444, 2.6891617029379153], "53": [-0.08417846638936716, 2.7044793627080828], "54": [-0.08150459193120811, 2.7341165130540435], "55": [-0.07756419626924023, 2.777236344484138], "56": [-0.07241953831067283, 2.832576560952862], "57": [-0.06618306299545072, 2.8984430516127815], "58": [-0.05903146990187641, 2.972721386637826], "59": [-0.05121047632010628, 3.0529201542494135], "60": [-0.043025639602451086, 3.1362562505448617], "61": [-0.03481864719777138, 3.2197817838224845], "62": [-0.0269338842148483, 3.300538163106179], "63": [-0.019684195422892847, 3.3757121956171465], "64": [-0.013325120667418543, 3.4427681508856813], "65": [-0.008043266974819639, 3.4995393347618475], "66": [-0.003959079878797406, 3.544276845478177], "67": [-0.0011398695814416443, 3.5756645246759815], "68": [0.000383000176266619, 3.59281400452469], "69": [0.0005985433398854782, 3.595252960288971], "70": [-0.0004935789920844666, 3.5829159427504744], "71": [-0.00288467441856663, 3.5561427342279424], "72": [-0.006550174594710254, 3.515684931023093], "73": [-0.01143589644603808, 3.462717289712911], "74": [-0.01744092671321801, 3.3988460077463833], "75": [-0.024402419508581623, 3.326101984980745], "76": [-0.032088484853515564, 3.2469049967697963], "77": [-0.04020431898919442, 3.1639873452137133], "78": [-0.048413163790405965, 3.0802747425106385], "79": [-0.056368379141618505, 2.9987359958810553], "80": [-0.06374830566062072, 2.9222251181479715], "81": [-0.07028436187856489, 2.8533426550257968], "82": [-0.07577574111396213, 2.794335248648994], "83": [-0.08008934795969336, 2.7470386197386185], "84": [-0.08314839856823737, 2.712856791438454], "85": [-0.08491558537319405, 2.692764123187184], "86": [-0.08537678592364777, 2.687316559671011], "87": [-0.08452990283814155, 2.6966618547242933], "88": [-0.08238150985394437, 2.72054293295782], "89": [-0.07895203767627794, 2.758292842389331], "90": [-0.0742883256319654, 2.8088239006550033], "91": [-0.06848041838393255, 2.8706179624973776], "92": [-0.06167763909382362, 2.941729003337629], "93": [-0.05409782375936776, 3.019811942438012], "94": [-0.04602416080462139, 3.1021901753862973], "95": [-0.03778713280423557, 3.1859664334193143], "96": [-0.029734157453060756, 3.2681683241444137], "97": [-0.022194511050162367, 3.3459068633097053], "98": [-0.0154491854025371, 3.4165209373633854], "99": [-0.009713181471240784, 3.477686379792326], "100": [-0.005132719659579422, 3.5274815569956495], "101": [-0.0017947633156764125, 3.564414538273365], "102": [0.0002567513057261589, 3.5874245519154897], "103": [0.0010040939859706892, 3.5958716622371747], "104": [0.0004432638714155534, 3.5895257333708104], "105": [-0.0014210695662086436, 3.56856141783733], "106": [-0.004572084930558155, 3.5335615665892313], "107": [-0.008969571109787324, 3.485527307818856], "108": [-0.014533655486260021, 3.4258887652671968], "109": [-0.02112811901843227, 3.356506037050365], "110": [-0.028549280285341785, 3.2796468296246255], "111": [-0.03652630194497105, 3.197927516927645], "112": [-0.044736245999982674, 3.1142108804985407], "113": [-0.05283239951181395, 3.0314662566216932], "114": [-0.06047915113470074, 2.9526115200020904], "115": [-0.0673838565456427, 2.8803637477192336], "116": [-0.07331744671601695, 2.817121850933119], "117": [-0.07812018114019756, 2.7648922044104323], "118": [-0.08169423781861512, 2.7252545447070133], "119": [-0.08398834598784592, 2.6993564387261078], "120": [-0.08498064207796281, 2.687922218907661], "121": [-0.08466500562158945, 2.6912645508240494], "122": [-0.08304434405395046, 2.709290991910267], "123": [-0.0801323407204529, 2.741502285944995], "124": [-0.07596326900688909, 2.786983303570444], "125": [-0.0706075484754, 2.8443917679991113], "126": [-0.06418878961627665, 2.91195428927907], "127": [-0.056896539093194705, 2.9874828480976854], "128": [-0.04898867704241194, 3.0684254581847656], "129": [-0.04077941834467615, 3.151959611001359], "130": [-0.03261330168219738, 3.235125628313565], "131": [-0.024830921562809756, 3.3149830183343525], "132": [-0.017735695443834062, 3.3887636858468535], "133": [-0.01157050900609374, 3.453997119243348], "134": [-0.006508928118119028, 3.508593662035646], "135": [-0.002660275128405745, 3.5508860421700064], "136": [-8.387337389680532e-05, 3.579639571507844], "137": [0.001193705988904097, 3.594045092166288], "138": [0.0011639378942293757, 3.5937071954947766], "139": [-0.00017196309427199222, 3.578636253500301], "140": [-0.0028030417623011654, 3.5492483872113203], "141": [-0.006700304791846958, 3.5063732999476978], "142": [-0.011802054890603278, 3.451265715348256], "143": [-0.017996728639650055, 3.3856117773805363], "144": [-0.025108780959996618, 3.3115178567924763], "145": [-0.032893763886567395, 3.2314677775902845], "146": [-0.041047262168380956, 3.1482382808116465], "147": [-0.049228350628344936, 3.0647728727331116], "148": [-0.05709285805288898, 2.9840282398214213], "149": [-0.06432758777495923, 2.90881823010675], "150": [-0.07067621676952904, 2.841681442927057], "151": [-0.07595114747210081, 2.7847890490638556], "152": [-0.08003096377503056, 2.7398953926118668], "153": [-0.08284756869847089, 2.7083225316889], "154": [-0.0843690668216479, 2.6909648879770547], "155": [-0.08458417760291706, 2.688300886320702], "156": [-0.08349241859706574, 2.700402160333262], "157": [-0.08110236191964819, 2.726935319574035], "158": [-0.07743833858504039, 2.767155512654482],