{"0": [-7.919433364479976e-06, 0.053921386072168], "1": [-0.0005256293369287115, 0.055779747149814284], "2": [-0.0018660383317110607, 0.06059212613021331], "3": [-0.004098666837473881, 0.06861087250030508], "4": [-0.00733852904926298, 0.08025505597222889], "5": [-0.011750585780808146, 0.09612969628499515], "6": [-0.017555189603171262, 0.11705184693372801], "7": [-0.025033297217316088, 0.14408217652969102], "8": [-0.0345288874155895, 0.17855860497677922], "9": [-0.046443622432233565, 0.22212465490252348], "10": [-0.061214936950085314, 0.27673889538410207], "11": [-0.07926365469986621, 0.3446438812204629], "12": [-0.10089315878525366, 0.4282679711998077], "13": [-0.12612518767962583, 0.5300432458869868], "14": [-0.15447638381363407, 0.6521639076376621], "15": [-0.1847158037675349, 0.7963822555522211], "16": [-0.21467256531049395, 0.963996795549229], "17": [-0.24114265733203277, 1.1561562145520239], "18": [-0.2598679385038781, 1.3744882996008987], "19": [-0.26548835615017796, 1.6219852719970616], "20": [-0.25137868158311216, 1.904108862540119], "21": [-0.20950715308161535, 2.229955466439444], "22": [-0.13165999878435794, 2.6114859078121935], "23": [-0.018069729101265544, 3.0499523427616397], "24": [0.10382328652988695, 3.501962925272894], "25": [0.19651044272252177, 3.9071083738877674], "26": [0.25048572806971603, 4.252266102065732], "27": [0.27269205771972066, 4.548606524571039], "28": [0.2718118288675769, 4.806982992609841], "29": [0.25515617171304145, 5.0342393040315905], "30": [0.2286212886416407, 5.234199220326278], "31": [0.19692591978409152, 5.408878755657658], "32": [0.16372516465188605, 5.559455543041658], "33": [0.13164490975763277, 5.686990628294558], "34": [0.10234447786571771, 5.792855294160445], "35": [0.07666956360827518, 5.878835406215578], "36": [0.054877886954755664, 5.946989763343666], "37": [0.036874405766690904, 5.999407763590838], "38": [0.022403140273073056, 6.037987562112451], "39": [0.01117753042571844, 6.064286242713544], "40": [0.002957318209575433, 6.079439514206548], "41": [-0.002411288468179198, 6.0841274487708805], "42": [-0.004977488539901013, 6.078563358651305], "43": [-0.004680866399013214, 6.062491435266633], "44": [-0.0013566569374233676, 6.03518858666946], "45": [0.005245561012625403, 5.995475627068335], "46": [0.015420436812338085, 5.941752859039919], "47": [0.029427598340383054, 5.87208358993602], "48": [0.047357601472500906, 5.784349146107618], "49": [0.06893554471342847, 5.676476294573121], "50": [0.09328210467433487, 5.546681311683745], "51": [0.1186875070307841, 5.39360380418187], "52": [0.1424631045217775, 5.21618245820105], "53": [0.16088665810161532, 5.013201104961112], "54": [0.1691765500462663, 4.782542405506], "55": [0.1613903698253068, 4.520207965512317], "56": [0.1302281789090693, 4.21914524530058], "57": [0.06724415810777268, 3.868530240654676], "58": [-0.03346607341069454, 3.458616710722496], "59": [-0.16001689559286725, 3.006842589608631], "60": [-0.27428340165618487, 2.5750241122620525], "61": [-0.35141809582260347, 2.201947616232088], "62": [-0.3928102350937621, 1.8839253567643919], "63": [-0.40704539554669583, 1.6088884617514452], "64": [-0.40216106878632635, 1.3681153466487574], "65": [-0.3847118889902125, 1.1564946660366886], "66": [-0.35997312635344736, 0.9712953293832206], "67": [-0.33212157062116343, 0.8110866399744726], "68": [-0.30430096119824324, 0.6749056199495284], "69": [-0.27866435703440284, 0.5616911837688761], "70": [-0.256483087984032, 0.4700328471331699], "71": [-0.2383425817917762, 0.3982106205468691], "72": [-0.22437903973864792, 0.34440738556500655], "73": [-0.21449562079893772, 0.30695531290373634], "74": [-0.20852311062741247, 0.28453132322288177], "75": [-0.20632124055244935, 0.2762799257026712], "76": [-0.20783238752300268, 0.28187605855169395], "77": [-0.21310005081602068, 0.30154604731452767], "78": [-0.22225759701643796, 0.33605515377171186], "79": [-0.23548365294181678, 0.38665600335571637], "80": [-0.2529126736709095, 0.4549806753477518], "81": [-0.27448739048951176, 0.5428600256091896], "82": [-0.2997514994369256, 0.6520809970524976], "83": [-0.3276099970820343, 0.7841524908191801], "84": [-0.3561163323876607, 0.9402136554208074], "85": [-0.38234335643166034, 1.1212194187677254], "86": [-0.4023374134749223, 1.3284498804526543], "87": [-0.41107925326699035, 1.564296232100143], "88": [-0.4023553936660219, 1.8332754982710058], "89": [-0.3685790320879208, 2.143193499373326], "90": [-0.30136289729457155, 2.505334799364364], "91": [-0.19706475655376587, 2.926356600383964], "92": [-0.07425672368211417, 3.377561569431595], "93": [0.028096813749204436, 3.7955823850508246], "94": [0.0923919975992275, 4.153686404736399], "95": [0.1229933015287732, 4.459621475834087], "96": [0.12856622924418326, 4.7248478022135965], "97": [0.11677691803322468, 4.957079680472003], "98": [0.09384628775474829, 5.160713988916949], "99": [0.06477543048362415, 5.3380435157268336], "100": [0.03349629197125152, 5.490265039544552], "101": [0.0029267768349918685, 5.618239222009347], "102": [-0.02497217695608786, 5.722972279533225], "103": [-0.04906394007065862, 5.805784652218275], "104": [-0.06882665416689214, 5.868215880204826], "105": [-0.08411983762883408, 5.911794027714941], "106": [-0.09498312801900578, 5.937796537439272], "107": [-0.10149458770522014, 5.947071594043387], "108": [-0.10368988377389259, 5.939934953211053], "109": [-0.10153413691118435, 5.91613407148246], "110": [-0.09494178231802501, 5.874873353464287], "111": [-0.08384811473709022, 5.814905609096388], "112": [-0.06834119279937916, 5.734699464794596], "113": [-0.0488559432463984, 5.632674130235137], "114": [-0.02640816894964546, 5.507442058921305], "115": [-0.0028148520747998318, 5.357937198839126], "116": [0.019158635588692404, 5.183291250803104], "117": [0.035736997869819605, 4.982392006112304], "118": [0.04209708397948575, 4.753155536540719], "119": [0.03225749597756409, 4.4915631783882795], "120": [-0.0011050025226997636, 4.190520400293702], "121": [-0.06633477153091462, 3.839317267476837], "122": [-0.16865931651758326, 3.429300735418011], "123": [-0.29456575688469966, 2.980870702986548], "124": [-0.4061584038263225, 2.5557679632512627], "125": [-0.4808441188484264, 2.1892659814195], "126": [-0.5207671829609206, 1.876829940608862], "127": [-0.5344273941721712, 1.6068326211271806], "128": [-0.5296951656071645, 1.3710020837124948], "129": [-0.5129954996629301, 1.1645416665526727], "130": [-0.4895036672302354, 0.9849396983076993], "131": [-0.46331555810333, 0.8309343429453505], "132": [-0.43751631581997047, 0.7017268537895524], "133": [-0.4142355012291859, 0.5964649599130148], "134": [-0.3947677636113445, 0.5140327208075609], "135": [-0.37977105755035784, 0.4531119499084596], "136": [-0.3694959381312009, 0.4123972649342197], "137": [-0.363988562969408, 0.39083507932415457], "138": [-0.3632340489504949, 0.38780632059979736], "139": [-0.3672325192485678, 0.40322606188331295], "140": [-0.3760106719478914, 0.43755872496528153], "141": [-0.3895696152041023, 0.4917492526837605], "142": [-0.40776548468280954, 0.5670684052052171], "143": [-0.430124342934308, 0.6648857452979824], "144": [-0.4556141359749754, 0.7864296593674225], "145": [-0.48242564916848774, 0.9326528223518314], "146": [-0.5078210125786631, 1.1043384747420917], "147": [-0.5280652718897841, 1.3025176332007378], "148": [-0.5383845379385688, 1.5291726489577862], "149": [-0.5328582802162729, 1.7881782469153629], "150": [-0.5042410309221468, 2.086422247567641], "151": [-0.4442554001061075, 2.4343708297591684], "152": [-0.34748967503835027, 2.840787314021923], "153": [-0.22645715038020459, 3.2867897713564265], "154": [-0.11833878031358701, 3.711698245904634], "155": [-0.04653530504543834, 4.078718006210949], "156": [-0.00947953439461192, 4.391428332771668], "157": [0.0012127540627890755, 4.661314827235822], "158": [-0.00658280196910684, 4.896679175505812], "159": [-0.026419182533052615, 5.10234848607873], "160": [-0.05309910201495533, 5.280839008123305],