{"0": [-1.4792035044056548e-05, 0.770717210201536], "1": [-0.0009704637534270644, 0.7901737401160479], "2": [-0.0033359201345271043, 0.8400015780971448], "3": [-0.006924962444022374, 0.9212847166770719], "4": [-0.01136433875090382, 1.0356030258913234], "5": [-0.01600230684368035, 1.1848374245527378], "6": [-0.019809692520618014, 1.37096440762387], "7": [-0.02131820243712727, 1.595890686922996], "8": [-0.018671436174494845, 1.8612852457803706], "9": [-0.009911360452484199, 2.1680779747649246], "10": [0.006307965910510369, 2.514800549945287], "11": [0.029459101625659914, 2.8939018104704957], "12": [0.056026611679789305, 3.287990040710099], "13": [0.08050386236413064, 3.67301500077458], "14": [0.0985763367518694, 4.029044834528534], "15": [0.10895021308215948, 4.346185819245761], "16": [0.11261565002948165, 4.62188242330376], "17": [0.11147854044957388, 4.856736947345551], "18": [0.10748597304138233, 5.052339724439063], "19": [0.10224297363813126, 5.210565641440981], "20": [0.09691207911182578, 5.33337633045856], "21": [0.09225313321222534, 5.422674457433035], "22": [0.08871744032349653, 5.48011190241962], "23": [0.08654431643321538, 5.506890576317939], "24": [0.08583257476377566, 5.503609397202879], "25": [0.08657594015161252, 5.470187350471608], "26": [0.08865949806123218, 5.405872561391198], "27": [0.09181737092581567, 5.309336897179091], "28": [0.09555548549255659, 5.17884387859231], "29": [0.0990529724905773, 5.012455433965737], "30": [0.10107414045805554, 4.808222071220113], "31": [0.09994927072769307, 4.564332655701456], "32": [0.09371908924396406, 4.279374764717155], "33": [0.08059808117038814, 3.953257601048094], "34": [0.05995725641677536, 3.5897973176721245], "35": [0.033692703583631356, 3.201023504491954], "36": [0.006579248962873006, 2.808552182403362], "37": [-0.01605348153546737, 2.4357964697809242], "38": [-0.03130191250956379, 2.0979567117389784], "39": [-0.0391418383908701, 1.8008340842986528], "40": [-0.041146191056705216, 1.5450772367004235], "41": [-0.039311420172407414, 1.3294693515662388], "42": [-0.03544512032566253, 1.152254251052803], "43": [-0.03094088886622476, 1.0115100978667677], "44": [-0.026758331994178843, 0.9052943954066411], "45": [-0.023496882872610852, 0.8318121386746063], "46": [-0.021495532035091122, 0.7896182290548226], "47": [-0.020919153753421845, 0.777799277470881], "48": [-0.02181289637998682, 0.7960913791683002], "49": [-0.02411837671267692, 0.8449148533334774], "50": [-0.027650563198220988, 0.9253217253415623], "51": [-0.03203701088551756, 1.0388615199797504], "52": [-0.03662735889852496, 1.1873878782321925], "53": [-0.04039508499938998, 1.3728536013615698], "54": [-0.04187613284360468, 1.597144596841377], "55": [-0.039219588703905794, 1.8619103855626689], "56": [-0.030472647151209335, 2.1680627896550253], "57": [-0.014290518264751426, 2.5141245716278413], "58": [0.008809041591453598, 2.8925658183906093], "59": [0.03533402057560575, 3.2860587363682146], "60": [0.0598001992287371, 3.6706121124120523], "61": [0.07789584910112926, 4.026287390011503], "62": [0.08831534978230607, 4.343140586510403], "63": [0.09203631890719062, 4.618568920119484], "64": [0.0909566022076104, 4.853142343533749], "65": [0.08701942023409971, 5.04842751533749], "66": [0.08182879240973154, 5.20627768586388], "67": [0.07654795249512937, 5.32863160341032], "68": [0.07193818583782628, 5.41736704420137], "69": [0.06845216646658699, 5.47410949074395], "70": [0.06632976094444383, 5.500033975078836], "71": [0.06566870355697915, 5.495713520929074], "72": [0.06645897257697705, 5.461044381400134], "73": [0.06857787304613429, 5.395258194210471], "74": [0.07174613656260453, 5.297020173091456], "75": [0.07544944344082892, 5.1645997176431075], "76": [0.07884003266732176, 4.996076978901514], "77": [0.08065200166711266, 4.789529841134574], "78": [0.07919065190547143, 4.543184541501195], "79": [0.07249393178315774, 4.255701617962408], "80": [0.05882589791505655, 3.9271838544449564], "81": [0.0376977302650135, 3.561908528997753], "82": [0.01122259267194934, 3.1726330112976266], "83": [-0.015693553568446754, 2.7814286446882885], "84": [-0.037834021901168524, 2.411335507716334], "85": [-0.05252733932705214, 2.0767963992928236], "86": [-0.059908984980139954, 1.783110760244778], "87": [-0.0616079423972675, 1.5307372799836823], "88": [-0.05961596713923781, 1.3184164192098096], "89": [-0.05571142950390496, 1.1443939989849976], "90": [-0.05125391777634863, 1.0067639241574342], "91": [-0.047173560569772184, 0.9036122548624421], "92": [-0.04404791620889687, 0.8331891271813532], "93": [-0.04220098622485167, 0.7941107867879341], "94": [-0.04178678610702699, 0.785536441905129], "95": [-0.04284002526019242, 0.8072782871101284], "96": [-0.04528809378149886, 0.8598269334233438], "97": [-0.04892346768207783, 0.9442888821347588], "98": [-0.053338817990190815, 1.0622434753902539], "99": [-0.05783436518267404, 1.2155454771680985], "100": [-0.06132235817229096, 1.406123886005118], "101": [-0.0622772106660276, 1.6358216245933213], "102": [-0.05881184558756342, 1.9062056695068959], "103": [-0.049011494760368965, 2.217957651640879], "104": [-0.03172174538395429, 2.5689623647874065], "105": [-0.007854225109771098, 2.9503980138279795], "106": [0.018682456751355304, 3.343529938275889], "107": [0.042385458351147674, 3.724300074333313], "108": [0.05935560104322208, 4.074149465541654], "109": [0.06870742342552344, 4.384487750909686], "110": [0.07162628941009495, 4.653375801063256], "111": [0.07005127647483618, 4.881594581840454], "112": [0.06588638715833887, 5.0707557386277164], "113": [0.060669882480973374, 5.222712610430639], "114": [0.055500249236816165, 5.339382140577973], "115": [0.05108689033844955, 5.422592054598666], "116": [0.04784569002274539, 5.4738854032386834], "117": [0.04599152082647345, 5.494327594684233], "118": [0.04560300015591308, 5.484366757179832], "119": [0.046649898343428815, 5.443774184558376], "120": [0.04898082430755957, 5.37167301255625], "121": [0.05227210956954592, 5.266652168725084], "122": [0.05594399634270702, 5.126947608349362], "123": [0.059062330794369323, 4.950648596335552], "124": [0.060264667240471324, 4.7358746610788], "125": [0.057778117380841064, 4.480932212786216], "126": [0.04963805787259932, 4.184694092152867], "127": [0.03428293013225366, 3.8479014324922662], "128": [0.011694198555847222, 3.476360651369495], "129": [-0.0153313117262538, 3.0851054846155574], "130": [-0.04154303255812577, 2.697376497218673], "131": [-0.06213126078141053, 2.334832757639301], "132": [-0.07512183662275723, 2.0096255990730207], "133": [-0.08110105422435643, 1.725621875272224], "134": [-0.081848725900137, 1.4827346818768774], "135": [-0.07933722961361767, 1.2795576127526396], "136": [-0.07525731314697777, 1.1143076711850206], "137": [-0.07086811933578857, 0.985086964424318], "138": [-0.0670128695850783, 0.8900260152046477], "139": [-0.0642045161778096, 0.8274659397978672], "140": [-0.06272293504040047, 0.7961587057465052], "141": [-0.06269122401535826, 0.7954301341912875], "142": [-0.0641168839870892, 0.8252695944551903], "143": [-0.0668935289315265, 0.8863325570253747], "144": [-0.07076297402032715, 0.9798552415881966], "145": [-0.07524155007372463, 1.107493284951148], "146": [-0.07952390219642856, 1.2711181522761281], "147": [-0.08239539581446283, 1.4726258572436126], "148": [-0.08221002908603124, 1.713783876651203], "149": [-0.0770265397627017, 1.9959758906589162], "150": [-0.06505389155490746, 2.3193167060284323], "151": [-0.04560442475670649, 2.680161200575708], "152": [-0.02044638709020485, 3.066870198165864], "153": [0.005772602020005801, 3.4582162717051865], "154": [0.027727171724587874, 3.8307552893119694], "155": [0.042410735901155856, 4.168908105650245], "156": [0.04969862270358074, 4.466527397793937], "157": [0.05111041890939716, 4.722773146935427], "158": [0.04862623240859377, 4.938765708751487], "159": [0.0440573369107615, 5.1161980761632195], "160": [0.038809693582230555, 5.256934864032911], "161": [0.033857253363503544, 5.362861050923733],