{"0": [3.065398889782185e-06, 3.0160734888814202], "1": [0.00020165712455793032, 3.0186601465671195], "2": [0.0006999765238235997, 3.025147299635986], "3": [0.0014830025467983637, 3.0353311563957677], "4": [0.002526906544554228, 3.048891147927166], "5": [0.0037995164017136764, 3.065399292450889], "6": [0.0052610600873682, 3.0843330142036383], "7": [0.0068652430452628066, 3.1050912273154094], "8": [0.008560678335804947, 3.1270133214230027], "9": [0.010292636666558181, 3.149400479914992], "10": [0.012005028269038293, 3.171538561754641], "11": [0.01364248491550735, 3.1927216269807057], "12": [0.015152390614146673, 3.2122751197923236], "13": [0.01648671942711121, 3.229577757879014], "14": [0.017603575544705152, 3.24408130384384], "15": [0.01846838370933094, 3.2553275837645237], "16": [0.019054732725263986, 3.262962326912853], "17": [0.01934491707057992, 3.2667455884189223], "18": [0.01933024201844015, 3.2665586546084753], "19": [0.019011153328135515, 3.262407408612633], "20": [0.01839722741163116, 3.25442215999592], "21": [0.017507021102364666, 3.2428539392581897], "22": [0.016367743712594876, 3.228067256347498], "23": [0.015014689844297697, 3.210529351666845], "24": [0.013490368364716933, 3.190796050254431], "25": [0.011843284652133688, 3.169494471884002], "26": [0.010126376424563894, 3.1473030400638384], "27": [0.008395158337919022, 3.124929441513654], "28": [0.006705682898018989, 3.1030873731980204], "29": [0.005112460594271428, 3.0824730346369047], "30": [0.0036664903672396563, 3.0637423499476957], "31": [0.0024135301630899835, 3.0474898302403064], "32": [0.0013926925983546643, 3.0342298306142625], "33": [0.0006353953128544702, 3.0243807536890297], "34": [0.0001646443521364689, 3.018252546626808], "35": [-5.40546470354028e-06, 3.0160376681476477], "36": [0.00013032024605109658, 3.0178055877981333], "37": [0.0005677434995471425, 3.023500824320199], "38": [0.0012936972197555214, 3.032944518645049], "39": [0.0022861397980805283, 3.04583954323622], "40": [0.0035145699134112402, 3.0617791421869356], "41": [0.0049407072323953, 3.0802590480679037], "42": [0.006519497907030173, 3.1006929154095513], "43": [0.008200472773595828, 3.122430747040599], "44": [0.009929436827865056, 3.144779787564885], "45": [0.01165041286029591, 3.1670271535595886], "46": [0.013307714931931407, 3.1884633057555494], "47": [0.01484800194978841, 3.2084053827103607], "48": [0.016222165334846536, 3.2262194292845514], "49": [0.017386936586823897, 3.2413406632286863], "50": [0.018306151277775382, 3.2532911028434928], "51": [0.018951661533709554, 3.261694087146419], "52": [0.019303934865023967, 3.2662854149868714], "53": [0.019352402578217548, 3.266920979247631], "54": [0.019095621644668066, 3.263580862419421], "55": [0.018541292430015725, 3.256369895179139], "56": [0.017706139380131918, 3.245514680368347], "57": [0.016615624233780064, 3.231357080238667], "58": [0.015303433723650414, 3.214344185613702], "59": [0.013810675809002842, 3.1950148557713516], "60": [0.012184735103332685, 3.173983047881003], "61": [0.01047777753645237, 3.1519183370195227], "62": [0.008744947823404604, 3.129524235744527], "63": [0.007042357430675211, 3.107515116060852], "64": [0.005425000634042922, 3.0865926736034353], "65": [0.003944750552119746, 3.0674229213323096], "66": [0.002648571541761068, 3.0506146462459767], "67": [0.0015770435585805492, 3.0367001207436997], "68": [0.0007632396365608408, 3.026118663914662], "69": [0.00023194436841384686, 3.0192034402029213], "70": [-8.373836250180477e-07, 3.0161717029480695], "71": [7.18520066890357e-05, 3.017118563623647], "72": [0.00044782156545612446, 3.0220143007452998], "73": [0.001115767052061625, 3.0307052038873414], "74": [0.0020554512174822074, 3.0429179533362767], "75": [0.003238072186972113, 3.0582675338613385], "76": [0.004626883905941637, 3.0762686429672073], "77": [0.006178131003148908, 3.0963504603869443], "78": [0.007842334165231647, 3.117874492834021], "79": [0.009565915753107074, 3.1401550115319177], "80": [0.011293099834698974, 3.162481392470905], "81": [0.012967970648173737, 3.184141493213486], "82": [0.014536542744967242, 3.204445095684174], "83": [0.015948693578025825, 3.2227464370796852], "84": [0.017159835833881313, 3.2384649426846273], "85": [0.018132254685921743, 3.25110344270727], "86": [0.018836090925127492, 3.260263361376159], "87": [0.01924999978262484, 3.265656567408606], "88": [0.019361545425744604, 3.2671137357995343], "89": [0.019167396857722264, 3.264589173519582], "90": [0.018673373521245793, 3.2581621071335265], "91": [0.017894355573627913, 3.248034436044317], "92": [0.016854035716402177, 3.2345249490562606], "93": [0.015584458891682704, 3.2180600152199643], "94": [0.014125283587668661, 3.1991608184989118], "95": [0.012522709967365894, 3.1784273234677056], "96": [0.010828055207940808, 3.1565193322599994], "97": [0.009096008040080109, 3.134135198560224], "98": [0.0073826497087437675, 3.11198896478198], "99": [0.0057433725216984735, 3.090786840479286], "100": [0.0042308473436226774, 3.0712040077311813], "101": [0.0028931819533816604, 3.05386270606829], "102": [0.0017723758534275936, 3.0393124235988407], "103": [0.0009031243151816268, 3.0280128324793614], "104": [0.0003119697212417628, 3.0203198979004684], "105": [1.6755708856251774e-05, 3.016475401417846], "106": [2.6318847882153164e-05, 3.0165999806188184], "107": [0.00034035655862923986, 3.0206897083241184], "108": [0.0009494348590843985, 3.02861620770521], "109": [0.0018351362097367217, 3.040130302342689], "110": [0.002970384258443809, 3.054869202215397], "111": [0.004320006775032538, 3.0723671979391614], "112": [0.005841601492543522, 3.092069754303395], "113": [0.007486748260499442, 3.113350752994725], "114": [0.009202567990544025, 3.1355324447516604], "115": [0.010933574089480523, 3.1579074626059587], "116": [0.012623709569255617, 3.1797620616939417], "117": [0.014218427305231726, 3.2003996292104517], "118": [0.01566666224516697, 3.2191634797634894], "119": [0.016922565291562185, 3.2354580237161357], "120": [0.01794691302233768, 3.2487675514095056], "121": [0.01870816279920542, 3.2586720780659806], "122": [0.019183174216092294, 3.264859899394094], "123": [0.01935765255559366, 3.2671366791133325], "124": [0.019226380830532356, 3.2654310047980633], "125": [0.01879329391665164, 3.2597964047041614], "126": [0.018071417408742668, 3.250409830081784], "127": [0.01708265572028898, 3.2375666013297204], "128": [0.015857380869915203, 3.2216718232354657], "129": [0.01443375644095724, 3.2032283221523175], "130": [0.012856737512116452, 3.1828212631226154], "131": [0.01117671801440153, 3.161099767802452], "132": [0.009447846084434062, 3.138756055600188], "133": [0.007726083679267731, 3.1165028353965307], "134": [0.006067134158305449, 3.09504984046836], "135": [0.00452438737279434, 3.0750804864231074], "136": [0.0031470285401295657, 3.0572296197491813], "137": [0.0019784257608098546, 3.042063215957606], "138": [0.0010548605105355176, 3.030060707456441], "139": [0.00040460987971594414, 3.0216004129671634], "140": [4.734328910350913e-05, 3.0169483448108965], "141": [-6.229328961431626e-06, 3.016250519841887], "142": [0.0002454780780069642, 3.0195288087171024], "143": [0.0007949078538629977, 3.0266803221057645], "144": [0.0016254756718720655, 3.037480331334132], "145": [0.002711854323610069, 3.0515887256359577], "146": [0.004020481985503529, 3.068559987993425], "147": [0.005510360966420067, 3.087856602292663], "148": [0.007134196709340997, 3.108865675423367], "149": [0.008839887755624989, 3.1309183764390895], "150": [0.010572323981303797, 3.153311587086043], "151": [0.012275396198036964, 3.175330963618923], "152": [0.013894079989553774, 3.1962744716720963], "153": [0.015376441912530885, 3.215475406935967], "154": [0.01667543123330453, 3.2323239666258043], "155": [0.017750360828062868, 3.2462865774266985], "156": [0.018568035213038205, 3.2569223813964836], "157": [0.0191035370664318, 3.263896489260141], "158": [0.019340722559657745, 3.2669897911357966],