{"0": [-1.0476635022346558e-05, 4.2872445297988655], "1": [-0.0007033467586048249, 4.268926531638143], "2": [-0.0025731057169494985, 4.222576530302935], "3": [-0.005901152227965439, 4.148608565180109], "4": [-0.011095205053686788, 4.047775132395325], "5": [-0.0186104396965295, 3.9213147279185274], "6": [-0.028825367812890138, 3.7711915023208844], "7": [-0.041875217398719966, 3.6004295521609286], "8": [-0.05747744586269519, 3.413467371669292], "9": [-0.07483264436722116, 3.2163239611571717], "10": [-0.09270579856101814, 3.0162939692028226], "11": [-0.10971631644341787, 2.8210854348325216], "12": [-0.12470835057947044, 2.6377441474964374], "13": [-0.13700062448174716, 2.471907455495425], "14": [-0.1464206805430596, 2.327632800692425], "15": [-0.15317903991797785, 2.2076376037052934], "16": [-0.1576903273590729, 2.1136658536730866], "17": [-0.1604142199666307, 2.0468046242747326], "18": [-0.161741754422179, 2.007700557282108], "19": [-0.16192551278137987, 1.996688200184726], "20": [-0.16104399371625613, 2.0138541708786715], "21": [-0.15899208680708116, 2.059053524192411], "22": [-0.15549505418702117, 2.1318831344706215], "23": [-0.15014975799683158, 2.2316052651725324], "24": [-0.1425018566179833, 2.3570032774936513], "25": [-0.1321679487123124, 2.5061461662794424], "26": [-0.1190006466653087, 2.676057865845765], "27": [-0.10326362939207417, 2.8623615041483497], "28": [-0.08573541935587037, 3.059101354752084], "29": [-0.06763662328284545, 3.259025242619713], "30": [-0.05034723421484064, 3.454427210618536], "31": [-0.03503635302266985, 3.6382233262494026], "32": [-0.02240524825697046, 3.8047172191066814], "33": [-0.012644915605067069, 3.9497931180058], "34": [-0.00555734819221624, 4.070687392768979], "35": [-0.0007336904959305264, 4.165623482995864], "36": [0.0022854320097233493, 4.233492360396766], "37": [0.0038944823825908716, 4.273632386194005], "38": [0.00435169496082004, 4.285698081520073], "39": [0.003742308652382992, 4.269593880760963], "40": [0.0019681371719023236, 4.2254561163147955], "41": [-0.0012393477024453575, 4.153677987346866], "42": [-0.006278918389043505, 4.05498389641778], "43": [-0.013603913865848043, 3.930570785830495], "44": [-0.023601914619328587, 3.782339758815563], "45": [-0.03643114184118388, 3.6132233632553965], "46": [-0.051845020276267806, 3.427542196095722], "47": [-0.06908429359096917, 3.2311934087922936], "48": [-0.08694206630782637, 3.0313886620170254], "49": [-0.10403958435114367, 2.835829943436599], "50": [-0.1191961105051446, 2.651634585163215], "51": [-0.13169218059947757, 2.4845525209239434], "52": [-0.14131962241982748, 2.3387532590437914], "53": [-0.14826465645606055, 2.217043376968738], "54": [-0.15293054114429125, 2.1212298626592356], "55": [-0.15577613091777762, 2.052442298500834], "56": [-0.15719886221543186, 2.011356351550023], "57": [-0.15746204836896965, 1.9983276806740717], "58": [-0.1566570581837855, 2.0134601137129486], "59": [-0.15469205274043515, 2.0566251813219996], "60": [-0.15130425034337913, 2.1274386500621754], "61": [-0.14609900308397283, 2.2251880778816178], "62": [-0.1386241001002029, 2.3486941466639095], "63": [-0.12848843048110922, 2.4960825412072825], "64": [-0.11552419591294676, 2.6644598671557893], "65": [-0.09996258112688555, 2.8495565477821043], "66": [-0.0825452152462095, 3.045529228260705], "67": [-0.06446607977837697, 3.2452045033948], "68": [-0.047102186767527955, 3.4408858469152737], "69": [-0.03164438812871703, 3.6254269892781767], "70": [-0.018828564669116123, 3.7930298188443294], "71": [-0.008878663744567356, 3.939475754754102], "72": [-0.0016194643215058052, 4.0619186511719185], "73": [0.0033469204578823585, 4.158523337260326], "74": [0.006478646584096164, 4.228141146503087], "75": [0.008175696217104256, 4.270083394257235], "76": [0.008705902935095326, 4.283985015077291], "77": [0.008166161415049025, 4.269734611486671], "78": [0.006470402204225044, 4.227453532902939], "79": [0.0033611170459765644, 4.15751798493464], "80": [-0.0015524805202303343, 4.06062977676397], "81": [-0.008721386012133665, 3.937952596195979], "82": [-0.01853964747389188, 3.7913369678450093], "83": [-0.03118344766220962, 3.6236413600543638], "84": [-0.046435324804878816, 3.4390894927226032], "85": [-0.06356962641516359, 3.2434757605339852], "86": [-0.08140440073118892, 3.043937831783442], "87": [-0.09856475669028497, 2.84816563826517], "88": [-0.11385115836314923, 2.6633301919007986], "89": [-0.12651306627052814, 2.495272477136037], "90": [-0.1363121923249974, 2.3482554250400565], "91": [-0.14341359776871995, 2.225161267353582], "92": [-0.14821007228506772, 2.1278510207454038], "93": [-0.15115893152694718, 2.0574909014072578], "94": [-0.15266229962822486, 2.0147815614586553], "95": [-0.15299198566738276, 2.0000966784279908], "96": [-0.15224981261144543, 2.0135545194748437], "97": [-0.1503549022730558, 2.055040117016466], "98": [-0.14705453854640596, 2.124184374963688], "99": [-0.14196151431780993, 2.2202948293793234], "100": [-0.1346261031235829, 2.342221498074029], "101": [-0.12465186376404737, 2.4881347534896325], "102": [-0.11185536379627928, 2.655206950408377], "103": [-0.09644196600156621, 2.8392551514292648], "104": [-0.07912300269115438, 3.0345290453498466], "105": [-0.06106935415229874, 3.233923959697773], "106": [-0.04365352275009626, 3.429757368342484], "107": [-0.02808238317883215, 3.614837461849915], "108": [-0.015119399116419857, 3.7832856036546287], "109": [-0.005015738209859797, 3.9307992791293462], "110": [0.002384387156766722, 4.054463743823313], "111": [0.007468988162143743, 4.15239455563313], "112": [0.010694431767185458, 4.2234095422545], "113": [0.012464602653233427, 4.266797170750915], "114": [0.013054753984465954, 4.2821759658783884], "115": [0.012571045906026031, 4.269421498184238], "116": [0.010937213706582462, 4.228643087822215], "117": [0.007904845554910243, 4.160203623083858], "118": [0.0030900154140916375, 4.064787475662529], "119": [-0.003955709482232518, 3.9435327863261698], "120": [-0.013630662952599742, 3.7982510871750486], "121": [-0.026124444435660307, 3.631743190697862], "122": [-0.04124220725266255, 3.448156240903088], "123": [-0.05828528158870019, 3.2532013672985873], "124": [-0.07609283821205026, 3.0539531756446023], "125": [-0.09329493276638824, 2.858086260261098], "126": [-0.10867861800525336, 2.6728095141122576], "127": [-0.1214692155498478, 2.5040340911551247], "128": [-0.1314041604003631, 2.356097290691797], "129": [-0.13863089306602105, 2.2319427187116507], "130": [-0.14353300439864344, 2.133475748334855], "131": [-0.14656583476216326, 2.061892861062315], "132": [-0.14813466853506882, 2.017915350596003], "133": [-0.1485176840983264, 2.001931657068707], "134": [-0.1478247940624157, 2.014071657503196], "135": [-0.14598377042716193, 2.0542309472953377], "136": [-0.14275001264741058, 2.122051958076493], "137": [-0.13774256400092688, 2.216857187003376], "138": [-0.13051428519966904, 2.3375185228766453], "139": [-0.12066541254293804, 2.4822398079393664], "140": [-0.10800121604778311, 2.6482431724616275], "141": [-0.0927075710537026, 2.8314123569897163], "142": [-0.07547214005771026, 3.0260704993067624], "143": [-0.05744677283421027, 3.2251699751878733], "144": [-0.039998772130035984, 3.4210443997313584], "145": [-0.024345963447806124, 3.606471300802205], "146": [-0.011272555943120996, 3.775512056595617], "147": [-0.001051013941207961, 3.923799403408653], "148": [0.00645871680051272, 4.048364590345491], "149": [0.011636199638138842, 4.147283872129379], "150": [0.01493569764149172, 4.219348152255187], "151": [0.01676355273276368, 4.263827526284262], "152": [0.01740036129649907, 4.2803274388803745], "153": [0.01695920993921922, 4.268713287248221], "154": [0.015371332155063266, 4.229085290790786], "155": [0.01239544194140257, 4.161796574503931], "156": [0.007653229143882278, 4.06751897085672], "157": [0.0006988268556346312, 3.947372328693625], "158": [-0.008868528143030897, 3.803140083023313], "159": [-0.021247700391941057, 3.6375809623004742],