{"0": [-1.6058351334777095e-05, 3.850877643585737], "1": [-0.0010655481654296484, 3.8270079143168454], "2": [-0.003780357157712277, 3.7672198538052832], "3": [-0.008258605585179993, 3.673712986873146], "4": [-0.014546085100767098, 3.5503314805390898], "5": [-0.022502593136925316, 3.40291002145112], "6": [-0.031692510490075994, 3.239461275729113], "7": [-0.04138419802523928, 3.06985154634512], "8": [-0.05070448509108065, 2.904769862022048], "9": [-0.058880114482794725, 2.7543059109566195], "10": [-0.06541799005782796, 2.626812102911423], "11": [-0.07013304304884226, 2.528461565846385], "12": [-0.07305236347706245, 2.4633774686476486], "13": [-0.07427994862696538, 2.4339770769943483], "14": [-0.0738878378007841, 2.4412689370037604], "15": [-0.0718634130783123, 2.4849966259513034], "16": [-0.06812098784163664, 2.5636050864279767], "17": [-0.06257610962728893, 2.67403480427499], "18": [-0.05526849306880843, 2.8113908860791], "19": [-0.04649186509379605, 2.9686453338718692], "20": [-0.03685373203515531, 3.1366874860863776], "21": [-0.027190414707749466, 3.3050391267673835], "22": [-0.018348940165786004, 3.4631727658825793], "23": [-0.010961626297040766, 3.601857403999244], "24": [-0.005346333458941216, 3.7139284132843486], "25": [-0.0015556913996287206, 3.7943761287629774], "26": [0.0004953263524753818, 3.840057132647515], "27": [0.0009031408827830915, 3.84935522934135], "28": [-0.00030427844216258135, 3.8219627229999187], "29": [-0.003185075735463188, 3.7588335094098455], "30": [-0.007836796556072851, 3.6623133045617933], "31": [-0.01429241239646006, 3.536424664704578], "32": [-0.02238620659173716, 3.3872089096029643], "33": [-0.0316515873685767, 3.2228781744961155], "34": [-0.0413351215709816, 3.0534241567954252], "35": [-0.0505641578302879, 2.8895278402835314], "36": [-0.05858827310994823, 2.741138084494627], "37": [-0.06494621642363822, 2.6163947107441397], "38": [-0.06947884725658712, 2.521254849979366], "39": [-0.07222598395268809, 2.4596576578397613], "40": [-0.07329184705526548, 2.4338710777744925], "41": [-0.07274112753040356, 2.4447758360429392], "42": [-0.07055255477505577, 2.4919918008344735], "43": [-0.06663683242220926, 2.5738268772533597], "44": [-0.0609165083772238, 2.68705618450597], "45": [-0.05345171732898788, 2.8265860310829805], "46": [-0.04456655689050902, 2.9851760273921433], "47": [-0.03489685755186532, 3.153545204432888], "48": [-0.02528961319791402, 3.321157941792429], "49": [-0.01657787768878619, 3.477573498502931], "50": [-0.009363750597757872, 3.6137529069218233], "51": [-0.003934643922620046, 3.7227556533431523], "52": [-0.000323927747121358, 3.7997751616910693], "53": [0.0015589300999408447, 3.8418342130679712], "54": [0.0018056329427389493, 3.847454000771918], "55": [0.0004351858768900553, 3.8164519714865253], "56": [-0.0026172776525169934, 3.749912809982586], "57": [-0.007447636572734624, 3.6503354709502216], "58": [-0.014074337226241929, 3.5219293506878087], "59": [-0.022304449690058754, 3.370949632545445], "60": [-0.031639786437853056, 3.205809276221739], "61": [-0.041306341866454474, 3.0366174523926275], "62": [-0.05043449913682213, 2.8740324479445216], "63": [-0.058298880875065566, 2.7278482036781364], "64": [-0.06447089054138337, 2.605983400225817], "65": [-0.06881684580786072, 2.514175694658504], "66": [-0.07138825813361353, 2.4561789568150485], "67": [-0.07228858258132637, 2.434110502691166], "68": [-0.07157457492697276, 2.448720797164428], "69": [-0.06921633634290691, 2.499501867011512], "70": [-0.06512173333818497, 2.584618399402952], "71": [-0.05922182053549736, 2.700672068174649], "72": [-0.05159899997793606, 2.8423620633792477], "73": [-0.042608996593084696, 3.0022310408822803], "74": [-0.032915567838724194, 3.170831596748429], "75": [-0.02337421816141326, 3.337583469445229], "76": [-0.014801420036021624, 3.4921482795985312], "77": [-0.007767542991928666, 3.625690543129943], "78": [-0.0025295415809284552, 3.731499291245166], "79": [0.000897563313970888, 3.8049728447242837], "80": [0.002608708476778434, 3.843301177512924], "81": [0.0026900616089400526, 3.8451446527555615], "82": [0.0011513911204691616, 3.8104491635452704], "83": [-0.002078450486264829, 3.740435448873185], "84": [-0.007092448762067157, 3.637763084032983], "85": [-0.0138927118280125, 3.5068369438605846], "86": [-0.022257408203181093, 3.354132959392536], "87": [-0.0316563232882268, 3.188265114413064], "88": [-0.041296389600296565, 3.0194505433268795], "89": [-0.050313720412421915, 2.85830910134319], "90": [-0.058010160193521884, 2.714465625860604], "91": [-0.06399041214650293, 2.595609602186734], "92": [-0.06814562224559259, 2.5072562529927995], "93": [-0.07053786560955207, 2.452973189087237], "94": [-0.0712688186859496, 2.434725880861225], "95": [-0.07038675103159002, 2.4531320112875092], "96": [-0.06785324878148778, 2.5075514120865483], "97": [-0.06357424326279577, 2.5959990439030607], "98": [-0.05749093406435113, 2.7148947593720165], "99": [-0.049709891831224394, 2.8587223712392533], "100": [-0.04061961026560327, 3.0198038338096924], "101": [-0.030911101681508835, 3.188530712088868], "102": [-0.02144596041442994, 3.3542923118496435], "103": [-0.01302141122844227, 3.5068687524582085], "104": [-0.006174712575561946, 3.6376391467458613], "105": [-0.001132531744682469, 3.7401269216742756], "106": [0.0021074209968680656, 3.809936691151599], "107": [0.003643332030615896, 3.8444264417068874], "108": [0.003555027451215229, 3.8423975017201504], "109": [0.0018428350882658093, 3.803927681564979], "110": [-0.0015701152481466393, 3.7303793365707425], "111": [-0.006772548208204855, 3.62458039058205], "112": [-0.013748318545898131, 3.4911399858827696], "113": [-0.02224503945667037, 3.3367612253833605], "114": [-0.031700261097762736, 3.1702580133818383], "115": [-0.041303665602358805, 3.001944290899202], "116": [-0.05019995242356585, 2.8423847496938235], "117": [-0.05772029828139549, 2.7010209776982483], "118": [-0.06350317033554634, 2.585305782085076], "119": [-0.06746375212539212, 2.5005295150946534], "120": [-0.06967346589643801, 2.450072833306097], "121": [-0.07023118173384904, 2.435748202551751], "122": [-0.06917617842779479, 2.4580378952023434], "123": [-0.06646173991459987, 2.516164943160237], "124": [-0.061992902348948636, 2.607987721695894], "125": [-0.055722780650230654, 2.729735600881647], "126": [-0.0477840528180362, 2.8756689007224883], "127": [-0.03859897606654042, 3.0378860914585766], "128": [-0.02888484618649835, 3.2066247581355256], "129": [-0.019506675828398132, 3.3712593987236623], "130": [-0.011239748305202614, 3.5217051582143433], "131": [-0.004586985921824854, 3.649566411248891], "132": [0.0002548745490152543, 3.748605218103471], "133": [0.0033042716201563296, 3.814633484064309], "134": [0.004661441714842696, 3.845177881261952], "135": [0.004399085859934471, 3.8391825426272397], "136": [0.002507967123008167, 3.796860864193666], "137": [-0.00109382194623847, 3.7197227046317876], "138": [-0.0064892317680920845, 3.610772417912825], "139": [-0.013641855244318124, 3.474832304096152], "140": [-0.022267158246442532, 3.3188384729497864], "141": [-0.031770502815886247, 3.1518021912542378], "142": [-0.041326441099371114, 2.984121361009563], "143": [-0.05009125052230776, 2.826287890053992], "144": [-0.057427452973701366, 2.6875461484015766], "145": [-0.06300754729003395, 2.5751054215785123], "146": [-0.06676980391981975, 2.4940292807478546], "147": [-0.0687936970780734, 2.4475109858029023], "148": [-0.0691742587194854, 2.4372088682716186], "149": [-0.06794133009062975, 2.46346702223689], "150": [-0.06504021674104021, 2.52536679306899], "151": [-0.06037624610642214, 2.620602741240697], "152": [-0.053916349141688615, 2.745204827423274], "153": [-0.04582126740855713, 2.8932020046194347], "154": [-0.03654783549306262, 3.056467601233961], "155": [-0.026838339749238407, 3.2250940268753516], "156": [-0.01755830138923109, 3.388457959383786], "157": [-0.009458375007205836, 3.5366263367119037], "158": [-0.0030061020917068345, 3.6614389050912957],