{"0": [1.1361709896255358e-05, 6.050707162905899], "1": [0.000752013773760603, 6.045666760767105], "2": [0.002650628052399007, 6.032718705325434], "3": [0.005754162252341003, 6.011461893392773], "4": [0.010134202266164394, 5.981247796992888], "5": [0.01588022430618939, 5.9411768674061705], "6": [0.02308712056043351, 5.8900989383762], "7": [0.031833593414828304, 5.826623218559543], "8": [0.04214697237275779, 5.74914482229654], "9": [0.053949697675496185, 5.655894228244746], "10": [0.06698432472603015, 5.5450111401097155], "11": [0.08071877494747057, 5.414632658693086], "12": [0.09424196634243374, 5.262968515655595], "13": [0.10616955965165492, 5.08832193837687], "14": [0.11458617163013558, 4.889019786161361], "15": [0.11705430130734862, 4.663257093002406], "16": [0.11073663955393773, 4.408955668397195], "17": [0.09274495716708393, 4.123926747880744], "18": [0.060986497957424904, 3.807000657106842], "19": [0.015892826387648107, 3.4611333030166063], "20": [-0.03741159809867107, 3.0979071772162627], "21": [-0.08949151171064573, 2.7372425410759345], "22": [-0.13154330267627942, 2.3977443025409033], "23": [-0.159598168855283, 2.0886856769084536], "24": [-0.17401386273150574, 1.8115902967084916], "25": [-0.17721584036248814, 1.564786261183016], "26": [-0.17216473496887993, 1.3460120613795428], "27": [-0.16165285051576983, 1.1532339696804659], "28": [-0.1480258922459126, 0.9846893319887574], "29": [-0.13309542572005312, 0.8387205804610051], "30": [-0.1181492776056917, 0.7136317593078189], "31": [-0.10401997782204567, 0.6076381486001764], "32": [-0.09118297289124822, 0.518900777430515], "33": [-0.07985997369273949, 0.4456062382242135], "34": [-0.07010993345879847, 0.38605281625884996], "35": [-0.06189954878969872, 0.33871960404252865], "36": [-0.05515281005665063, 0.3023114249305176], "37": [-0.04978322040908069, 0.2757823959925408], "38": [-0.04571341813806471, 0.2583447540606308], "39": [-0.04288640895397763, 0.24946958498622349], "40": [-0.04127150502769823, 0.24888456316851157], "41": [-0.040866927617490965, 0.25657197969790724], "42": [-0.041700032391872054, 0.2727686697804124], "43": [-0.04382523426993176, 0.2979679596454924], "44": [-0.04731883619459839, 0.3329222763791467], "45": [-0.05226899221703484, 0.3786434243004637], "46": [-0.058757910547915695, 0.436395697031303], "47": [-0.0668322506501978, 0.5076753214084685], "48": [-0.07645696060782868, 0.5941693152264449], "49": [-0.08744851801437861, 0.6976897835927296], "50": [-0.0993870419417089, 0.8200885542392313], "51": [-0.11151390042427264, 0.9631725519303191], "52": [-0.12263101359240529, 1.1286570837774055], "53": [-0.131026192266129, 1.3181984697185747], "54": [-0.13445307022121294, 1.5335214681215708], "55": [-0.13020284219089254, 1.7765851206896779], "56": [-0.1153470053450853, 2.049585056920836], "57": [-0.08735188698509368, 2.35429485424462], "58": [-0.0454424227790264, 2.689805688194043], "59": [0.007208326373795128, 3.048196282829906], "60": [0.06242939715019464, 3.4119990816137715], "61": [0.11049833183741274, 3.7607592163408197], "62": [0.14547009526216198, 4.081439513824443], "63": [0.16633614379471218, 4.37015510146693], "64": [0.17497588792853885, 4.627797630973431], "65": [0.1742610379250399, 4.856560123368678], "66": [0.167091128393864, 5.0585806868074155], "67": [0.1559941826165845, 5.2356985922921675], "68": [0.1429836972679669, 5.389579997888794], "69": [0.12953841751083214, 5.521882983611057], "70": [0.11665246050499035, 5.634344064304722], "71": [0.10492531904549318, 5.728771298872931], "72": [0.09466561211374482, 5.806976142676769], "73": [0.08598799274401969, 5.87068572789861], "74": [0.0788916380286199, 5.921465313967752], "75": [0.073317370465315, 5.96066354515821], "76": [0.06918588207071487, 5.989380634218287], "77": [0.06642160473671949, 6.008453731179434], "78": [0.06496669821450744, 6.018452625955442], "79": [0.06478862763291383, 6.019680113644136], "80": [0.06588360443580622, 6.0121732148483975], "81": [0.0682770518274315, 5.9957032927849685], "82": [0.07202125038570777, 5.969774813909589], "83": [0.07718933099955433, 5.9336241806946655], "84": [0.08386370622452492, 5.886221876626792], "85": [0.09211583946308838, 5.826283082570301], "86": [0.10197312367758764, 5.752293469540128], "87": [0.11336814951143054, 5.66255674035489], "88": [0.1260668793465092, 5.555266395497468], "89": [0.13957655783323436, 5.428593731503735], "90": [0.1530420984327584, 5.280767584977613], "91": [0.1651492921864122, 5.1101060895671475], "92": [0.1740604065340821, 4.914962032533697], "93": [0.17741167954722128, 4.69357869529476], "94": [0.17241530927089702, 4.443938317920515], "95": [0.15616493384704155, 4.163857023061644], "96": [0.12638743087943008, 3.851922397473242], "97": [0.08302975792391071, 3.5102695618411657], "98": [0.03046518454067801, 3.149078581077301], "99": [-0.022299032851254834, 2.7874597179616463], "100": [-0.06606209232418497, 2.4448340968935347], "101": [-0.09613037244847297, 2.1318621507279842], "102": [-0.1123864528568416, 1.8508894491067434], "103": [-0.11707026746407012, 1.6005125305376384], "104": [-0.11311364939366247, 1.3785002526832124], "105": [-0.10334785112564839, 1.1827950096911806], "106": [-0.09018439954498751, 1.0116237447901468], "107": [-0.07550851158608049, 0.8633455313128217], "108": [-0.06067872107875826, 0.7363006642162793], "109": [-0.04658879413921819, 0.6287479941109173], "110": [-0.03376301015821431, 0.5388903299570882], "111": [-0.02245965490608553, 0.4649509182045594], "112": [-0.012764127102901212, 0.405261071721414], "113": [-0.004662328802041091, 0.3583333971472003], "114": [0.0019070112837754625, 0.32291155283477374], "115": [0.0070178877508659965, 0.29799832778239593], "116": [0.010735818493641712, 0.28286831088084063], "117": [0.013105669478539809, 0.27707176767177943], "118": [0.014145396661027942, 0.2804348510280424], "119": [0.013843833405690549, 0.2930592962229076], "120": [0.012161808331664971, 0.3153228059647269], "121": [0.009036975949298205, 0.3478794589253479], "122": [0.0043938753575261435, 0.391657552959907], "123": [-0.0018380429544272892, 0.44785028555041934], "124": [-0.009694478119684474, 0.5178929173253685], "125": [-0.01912976174112131, 0.6034196389512437], "126": [-0.029949827291229164, 0.706196338235047], "127": [-0.04172425516243425, 0.8280343613167099], "128": [-0.05368412929176401, 0.9707057734729279], "129": [-0.06462194838153992, 1.135897109612823], "130": [-0.07281788832227906, 1.325242405267911], "131": [-0.07602098617105817, 1.540449817217314], "132": [-0.07152289296096337, 1.7834637237292383], "133": [-0.05640475058148193, 2.056457304651332], "134": [-0.02816019051845166, 2.3611531710322042], "135": [0.013929510860858071, 2.696532305817809], "136": [0.06661387285231944, 3.0545091039876358], "137": [0.12168934280381176, 3.4175284684490146], "138": [0.1695049802468723, 3.765252232097429], "139": [0.20422513950142368, 4.0848301346266425], "140": [0.224905889483841, 4.3724723807866175], "141": [0.2334443897083347, 4.629081030211255], "142": [0.23270757637762626, 4.856827747083576], "143": [0.2255826889737783, 5.05782481668785], "144": [0.21458426499994376, 5.2338883603793995], "145": [0.20171389630241868, 5.386662985625648], "146": [0.18844149442267671, 5.517783352988788], "147": [0.17575616979798628, 5.628957368676039], "148": [0.1642563446643669, 5.721957106277387], "149": [0.1542531314351614, 5.798549585962806], "150": [0.14586665955768427, 5.860408550185437], "151": [0.13910401608102402, 5.909036392817624], "152": [0.13391596924637347, 5.945708522298455], "153": [0.13023494885599707, 5.97144017446415], "154": [0.12799875001684016, 5.986970005449347], "155": [0.12716430153967495, 5.9927537955797625], "156": [0.12771478467543976, 5.988962881294988], "157": [0.12966210350213228, 5.975483952156909], "158": [0.1330454575399286, 5.9519189477017225], "159": [0.13792556084782107, 5.917585848406208], "160": [0.14437281418128534, 5.871523250139113], "161": [0.15244644303319113, 5.8125037012237515],