{"0": [-1.2134397637974904e-05, 0.6141849455168443], "1": [-0.0007997924968816828, 0.6260174467039193], "2": [-0.002786548890959841, 0.6563072541096104], "3": [-0.005929822364868451, 0.7057014513835966], "4": [-0.010135593914849493, 0.7751987353649008], "5": [-0.01522230293653699, 0.866090338773452], "6": [-0.020870055270182486, 0.9798758748450702], "7": [-0.026558802189823878, 1.1181601306111344], "8": [-0.03150629652450112, 1.2825456135085778], "9": [-0.03462695889077583, 1.4745369580503358], "10": [-0.03454560827213014, 1.6954483461932623], "11": [-0.029716607346318025, 1.9462306732088877], "12": [-0.01872199912542806, 2.227001316012764], "13": [-0.0008324784570747663, 2.5359352992625306], "14": [0.023199346762276155, 2.867409048770541], "15": [0.05058150582820942, 3.210526770708429], "16": [0.07707657792244416, 3.550610244674754], "17": [0.09882057042534599, 3.8740117552211877], "18": [0.11380456516799893, 4.171960724656386], "19": [0.1219433782395133, 4.440609299472208], "20": [0.12432737112976779, 4.679127571029631], "21": [0.12248830862783235, 4.888084767773124], "22": [0.11794373402875037, 5.068627528638755], "23": [0.11197710654054335, 5.222164381690679], "24": [0.10556638370516899, 5.3502453577683715], "25": [0.09939622869922542, 5.454476335603562], "26": [0.09391035109900177, 5.536420563340531], "27": [0.08937537055524133, 5.597492643275394], "28": [0.0859393776225517, 5.638862529531586], "29": [0.08367747951594218, 5.661381326040776], "30": [0.08262240868227012, 5.665532129338316], "31": [0.08278088944715395, 5.6514042317837], "32": [0.08413682485740838, 5.618688293772696], "33": [0.08664156325907896, 5.56669195272597], "34": [0.09019048305067609, 5.494377698910345], "35": [0.09458480200506975, 5.400425640916275], "36": [0.09947891064285827, 5.283321015599491], "37": [0.10431773405520427, 5.141459112638777], "38": [0.10827626706103158, 4.97325182582502], "39": [0.11022413615986962, 4.77722126064124], "40": [0.10875124285907037, 4.552096616966906], "41": [0.10230798010358363, 4.297013741326447], "42": [0.08953700160830913, 4.012056874741801], "43": [0.06987575456777194, 3.699485313533343], "44": [0.04435831389234706, 3.3656465970112386], "45": [0.016060591727455876, 3.0221813045686425], "46": [-0.01071204458077624, 2.683945513765186], "47": [-0.03231064529011057, 2.3640173123626567], "48": [-0.047037182944292606, 2.0703658175589434], "49": [-0.05503139428257631, 1.8062710816177359], "50": [-0.05748675172722541, 1.5722814322861447], "51": [-0.05595328912039664, 1.3677127486188099], "52": [-0.051922368472334605, 1.1913723286251012], "53": [-0.04663377695749168, 1.0418301267195058], "54": [-0.04102000662950041, 0.9175277727990725], "55": [-0.035726585206987245, 0.8168651957070082], "56": [-0.031167484557960822, 0.7383012257141573], "57": [-0.027588896917361112, 0.6804591970122069], "58": [-0.025126081194630775, 0.6422202301466695], "59": [-0.02384662377315085, 0.6227937286278217], "60": [-0.02377873586444752, 0.6217628137840657], "61": [-0.02492542040326708, 0.6391066550632276], "62": [-0.02726546773937176, 0.6752018469899409], "63": [-0.030741354579839116, 0.730802935925315], "64": [-0.0352331691418054, 0.8070000002681429], "65": [-0.04051760166862142, 0.9051509371506827], "66": [-0.04621289391675027, 1.0267897212921542], "67": [-0.05171548396083663, 1.1735197379368738], "68": [-0.05614236803875603, 1.3469089713043407], "69": [-0.05830439533590712, 1.5483986003913084], "70": [-0.05674948114677862, 1.7791972245835128], "71": [-0.04993339983336643, 2.040037842154216], "72": [-0.03659920330771702, 2.3305288477192585], "73": [-0.016433522257942642, 2.64776810086356], "74": [0.009138721114784573, 2.984400291412688], "75": [0.03669244434977014, 3.3278675949889873], "76": [0.06189955947343068, 3.6632584266741426], "77": [0.08143953629509013, 3.978362226149356], "78": [0.09401884278129474, 4.2662483947296606], "79": [0.10004754247062567, 4.524321006930526], "80": [0.1008331482493911, 4.75235787225425], "81": [0.09793711051246892, 4.951174918298612], "82": [0.09281041887890439, 5.122019566217933], "83": [0.08663354934088187, 5.266348686919485], "84": [0.0802795948369081, 5.385730446002142], "85": [0.07434406791743307, 5.481755509732485], "86": [0.0692035404173513, 5.555934089159912], "87": [0.0650788422669604, 5.609591514486533], "88": [0.06208945394174831, 5.643778911999672], "89": [0.06029372398564002, 5.65920769430349], "90": [0.05971415657461089, 5.656208998725827], "91": [0.060348723881404755, 5.634715877610078], "92": [0.062169004663345226, 5.594266456043953], "93": [0.06510499161694794, 5.534028490798754], "94": [0.06901558540114812, 5.4528476707528295], "95": [0.07364407385819595, 5.349321474438943], "96": [0.0785603824434573, 5.221895705638604], "97": [0.08309754590012407, 5.068972398673457], "98": [0.08629890847269502, 4.88901175037001], "99": [0.08690433270166856, 4.680622106713679], "100": [0.08341831250954217, 4.4426832043351245], "101": [0.07432321874167744, 4.174657825675976], "102": [0.05852230997530706, 3.8773937895132162], "103": [0.036057012945549846, 3.5547029521392663], "104": [0.00885573571767349, 3.2152441344672575], "105": [-0.019284097115364916, 2.8725545971423223], "106": [-0.04411600117199924, 2.5413222081864637], "107": [-0.06278090791161205, 2.232544700652283], "108": [-0.07446473553148594, 1.9519283837945842], "109": [-0.07986827693357901, 1.701327977740323], "110": [-0.08040716587601213, 1.4806282058173528], "111": [-0.0776387860220613, 1.2888777397808824], "112": [-0.07295626387630925, 1.1247703932408049], "113": [-0.06746489616213971, 0.9868196211817981], "114": [-0.06196579034229343, 0.8734487011565047], "115": [-0.05699549052955237, 0.7830830790057677], "116": [-0.0528873908745855, 0.714255379368137], "117": [-0.04983355111985368, 0.6657074295434539], "118": [-0.04793579082590294, 0.6364741970380127], "119": [-0.04724210822730563, 0.6259430403356752], "120": [-0.04776828961904728, 0.6338883107952069], "121": [-0.04950572307285403, 0.6604836068014823], "122": [-0.0524159899495856, 0.7062929363800009], "123": [-0.056411812425476576, 0.7722397435050304], "124": [-0.06132332869847287, 0.8595513423267976], "125": [-0.06684946834046858, 0.9696778913922354], "126": [-0.07249752286359169, 1.1041910096933296], "127": [-0.07752067026432057, 1.264675813325852], "128": [-0.08087313071105087, 1.4526330479897762], "129": [-0.08121509210440149, 1.6693875060904453], "130": [-0.07701543532070025, 1.9159320048452584], "131": [-0.06682248336400093, 2.1925096262113346], "132": [-0.04978765334080785, 2.4976030577803545], "133": [-0.026438553507632967, 2.826155701869003], "134": [0.00069332088367544, 3.167939218113953], "135": [0.0274848058945449, 3.5085601441407928], "136": [0.04993955793912778, 3.8340023265585685], "137": [0.06579570688536034, 4.134826534771524], "138": [0.07476213796125998, 4.4066545308798775], "139": [0.07782228402063607, 4.648366269413259], "140": [0.07647734564145234, 4.860396131198655], "141": [0.07225745350310918, 5.0438239408709205], "142": [0.06647803909812458, 5.20001495462527], "143": [0.06015399052018057, 5.330485382780704], "144": [0.05400389569320089, 5.436815721736625], "145": [0.04849880288778588, 5.520553816417367], "146": [0.04392533740148419, 5.583108819677543], "147": [0.0404450524061985, 5.625653253828037], "148": [0.0381413173953375, 5.649046004661179], "149": [0.03705121096058742, 5.6537805414437265], "150": [0.03718281814670758, 5.639957287623947], "151": [0.038518900283117365, 5.607277965840589], "152": [0.041007207834212356, 5.55506136211818], "153": [0.04453675016133586, 5.482282164292102], "154": [0.04889908357924644, 5.3876351559174065], "155": [0.0537352032736597, 5.269624068918083], "156": [0.0584730084580507, 5.1266671042077885], "157": [0.06226812378694254, 4.957203056110743], "158": [0.06397168610571705, 4.759784621625454], "159": [0.06216205189653673, 4.53317906825505], "160": [0.05529516505530433, 4.276583281488671], "161": [0.042051653848039876, 3.9902016292397318],