{"0": [-4.946801350265347e-06, 0.1272541020537467], "1": [-0.0003275501534240637, 0.12989750422257193], "2": [-0.001155836690723996, 0.136688513186916], "3": [-0.0025143214738264077, 0.14784009988263425], "4": [-0.00444260565379786, 0.16370069021832084], "5": [-0.006995529992772363, 0.1847628888651665], "6": [-0.010242976826390327, 0.21167499474175178], "7": [-0.014268798281987698, 0.2452545636325833], "8": [-0.01916800211135695, 0.28650266192639773], "9": [-0.025040811042430243, 0.33661651529642006], "10": [-0.03198150052704178, 0.3969969603331444], "11": [-0.040059063521453206, 0.46924561847306046], "12": [-0.049285986127474174, 0.5551456213740572], "13": [-0.05957131716976535, 0.6566203306717073], "14": [-0.07065576519018575, 0.7756688390455675], "15": [-0.08203089232501937, 0.9142868461565352], "16": [-0.09285199581102306, 1.0743954346312967], "17": [-0.10186358999464432, 1.2578102339464026], "18": [-0.10736510823476214, 1.4662736877353066], "19": [-0.10725397619586886, 1.7015243921668959], "20": [-0.09920629528371185, 1.965268728244336], "21": [-0.08111498643617283, 2.2587222896007857], "22": [-0.05198748985068994, 2.5811314785024217], "23": [-0.013368235574284092, 2.9268971300628666], "24": [0.029616669272252608, 3.2831190495206157], "25": [0.0696521381458975, 3.6323175054058625], "26": [0.10086380276133201, 3.960115644427385], "27": [0.12094036817427095, 4.259485476447668], "28": [0.13046353139991648, 4.5289800316981985], "29": [0.1314176254447024, 4.769624127854736], "30": [0.12615292728310967, 4.983119356984056], "31": [0.11686291322224936, 5.171225202082631], "32": [0.10536122370837084, 5.3356800074299615], "33": [0.09301588288681867, 5.478270085738512], "34": [0.08077046660779613, 5.600878394372864], "35": [0.06921221526110306, 5.705469359094382], "36": [0.058658157863122104, 5.794025683568622], "37": [0.049238537628134786, 5.86846962585405], "38": [0.040965941657767825, 5.930594308515446], "39": [0.03378654239960591, 5.982016766631522], "40": [0.02761492651623933, 6.024153431669494], "41": [0.022356113691521372, 6.058213216364901], "42": [0.017918576410395612, 6.08520203154263], "43": [0.014221412149767729, 6.105933360657185], "44": [0.011197960524990865, 6.121040957014122], "45": [0.008797404416623897, 6.1309910768387015], "46": [0.0069853304333581155, 6.136092678017371], "47": [0.005743835584549307, 6.1365046962112135], "48": [0.005071508075380423, 6.132239936300354], "49": [0.0049834330800080495, 6.1231653796153545], "50": [0.005511237672489276, 6.108998888955994], "51": [0.006703056213034499, 6.08930246788445], "52": [0.008623132317873122, 6.063472471265823], "53": [0.011350535816595493, 6.030727551467472], "54": [0.014976116098693664, 5.9900957505619195], "55": [0.019596289036867498, 5.940403100035411], "56": [0.025301537218090094, 5.880267390830741], "57": [0.03215664661742815, 5.808102256250638], "58": [0.04016895202980251, 5.722137758903382], "59": [0.04924080336758078, 5.620462961843912], "60": [0.059104091503447, 5.501091460861646], "61": [0.06923910891648735, 5.362040886309372], "62": [0.07878761943004374, 5.201403460315692], "63": [0.08647933157880536, 5.017375164076305], "64": [0.09059963786003818, 4.808221857780574], "65": [0.08903620990985353, 4.572211041964784], "66": [0.07946598670505904, 4.307649042148696], "67": [0.059805092991395595, 4.013364181853027], "68": [0.029124737679887474, 3.6902305217094407], "69": [-0.010918433151736058, 3.344075082874178], "70": [-0.05508921738839809, 2.98803194621237], "71": [-0.0960709220968982, 2.639589591158843], "72": [-0.1281026466949718, 2.3128920463396128], "73": [-0.14899531328572813, 2.014728589158276], "74": [-0.15939947538347685, 1.7464246444572662], "75": [-0.1613222484670141, 1.5069204208468365], "76": [-0.15711211439605738, 1.2945143779313506], "77": [-0.14895010764337585, 1.1074547663802465], "78": [-0.13863398876642424, 0.9440097911607506], "79": [-0.1275162987743916, 0.8023982474469566], "80": [-0.11652762835860991, 0.6807433538579925], "81": [-0.1062456640345048, 0.5770903108884146], "82": [-0.09698138588912855, 0.4894707243638898], "83": [-0.08886204551769919, 0.41598151190437144], "84": [-0.08189965568391805, 0.3548532596797942], "85": [-0.07604162903581334, 0.30449682100793113], "86": [-0.07120515042090617, 0.26352774368458587], "87": [-0.06729890686913924, 0.23077345997122145], "88": [-0.06423596444931104, 0.20526940589994397], "89": [-0.06194090883644034, 0.186249408166751], "90": [-0.060353509145999615, 0.1731342393149727], "91": [-0.05943041605600706, 0.16552090600810676], "92": [-0.05914584400356064, 0.16317422777991847], "93": [-0.0594917953659726, 0.1660215803528443], "94": [-0.06047811351382236, 0.17415123298668914], "95": [-0.0621324498652832, 0.18781440311096984], "96": [-0.0645000498299995, 0.20743088797099957], "97": [-0.06764305799734417, 0.23359781950098563], "98": [-0.07163876604521666, 0.26710062861507716], "99": [-0.07657582568070878, 0.3089245975152868], "100": [-0.08254687530526275, 0.360264339206217], "101": [-0.08963526776935204, 0.42252717548499147], "102": [-0.09789272421921538, 0.49732493694471264], "103": [-0.10730408705108099, 0.5864479365075069], "104": [-0.11773558543530263, 0.6918162880467478], "105": [-0.12886522912876774, 0.81540944620527], "106": [-0.14009914959784614, 0.9591860592673609], "107": [-0.15048590396031694, 1.1250201143977165], "108": [-0.15865008628816715, 1.3146856532229754], "109": [-0.16277504694409198, 1.5299038740283466], "110": [-0.1606759334569839, 1.7724038197947583], "111": [-0.15003501187010698, 2.0438183254909905], "112": [-0.12894236713594345, 2.3450130366090565], "113": [-0.09694778628059936, 2.6742259561562203], "114": [-0.05652995618508189, 3.0239795646370258], "115": [-0.013671972171276034, 3.3795692517584346], "116": [0.024358194854345944, 3.7236169833440385], "117": [0.05259955874139375, 4.043652854183282], "118": [0.06967224403135476, 4.334484664863579], "119": [0.07667275513035922, 4.595588674279848], "120": [0.07575626322250939, 4.828272995980372], "121": [0.06926068698765446, 5.03426914766905], "122": [0.05928596658217284, 5.215314307683152], "123": [0.04752420858367781, 5.373138071053962], "124": [0.035222676362883565, 5.509534326537716], "125": [0.02322095485803015, 5.626392377548653], "126": [0.012026282285278177, 5.7256652779257395], "127": [0.0019003716181955096, 5.8092988878588026], "128": [-0.0070604734711759674, 5.879153524806152], "129": [-0.01486110650865186, 5.936939954558069], "130": [-0.021561036732320973, 5.984177858641348], "131": [-0.0272433831249261, 6.022175433079165], "132": [-0.0319955046855714, 6.052024601565351], "133": [-0.03589764266072121, 6.074605754968683], "134": [-0.03901666894569813, 6.090596997571979], "135": [-0.041402882592250924, 6.100484331505201], "136": [-0.04308850557800066, 6.104570479051635], "137": [-0.04408705433788691, 6.102980978666511], "138": [-0.044393136785627715, 6.095666833030932], "139": [-0.043982500202839316, 6.082403436868041], "140": [-0.04281239020283561, 6.062785880577925], "141": [-0.040822530296407304, 6.036221124337828], "142": [-0.037937351451972565, 6.001918078426873], "143": [-0.034070548493022615, 5.958877419263132], "144": [-0.02913366253932443, 5.905884096163612], "145": [-0.023051187789194825, 5.8415069036518], "146": [-0.015785553083901574, 5.764110873592293], "147": [-0.007375851899177562, 5.6718886732711145], "148": [0.002006386717626092, 5.562914994115987], "149": [0.011983896303350885, 5.435221006239692], "150": [0.021888278502046773, 5.286873703752681], "151": [0.03067661026155062, 5.11603165709147], "152": [0.03687335763128935, 4.920946361504688], "153": [0.038569333625171336, 4.6999050755667495], "154": [0.03352331342062494, 4.451186360162046], "155": [0.01945039106796885, 4.173248159906095], "156": [-0.00533975317269937, 3.865611031627569], "157": [-0.040763175345346125, 3.5310489776609626], "158": [-0.08352472119871596, 3.1787021882565503], "159": [-0.12705913061654556, 2.824503953702389],