{"0": [8.528431618359423e-06, 1.965741801003361], "1": [0.0005748138185519085, 1.9864377998189613], "2": [0.0021234703653089217, 2.0387850617057954], "3": [0.004935221137720157, 2.122254336490718], "4": [0.009411888483418122, 2.235866870415909], "5": [0.01598828111149715, 2.377984089994892], "6": [0.024993708693241225, 2.545977463812979], "7": [0.03647253011469947, 2.7357964806311843], "8": [0.05001686202729018, 2.9415802087110956], "9": [0.064717686946682, 3.155635058312896], "10": [0.07933331309029214, 3.369098594304625], "11": [0.09264155243345056, 3.5731894271064673], "12": [0.1037810509721997, 3.7604161545459376], "13": [0.11239719522563757, 3.9251567038895665], "14": [0.11857576917889452, 4.063571300496758], "15": [0.12266971936049785, 4.173190866556894], "16": [0.12512179771141782, 4.252489183222083], "17": [0.126330972391689, 4.300565918439453], "18": [0.12656895896715736, 4.3169493717130125], "19": [0.12593695349468598, 4.301492639759862], "20": [0.12435207868171469, 4.2543412977999155], "21": [0.12155928183070709, 4.175964701732238], "22": [0.1171724625982801, 4.067257628362307], "23": [0.1107549880819096, 3.929732941224544], "24": [0.10194970636514963, 3.7658310817593317], "25": [0.09065361837084544, 3.5793401458877083], "26": [0.07719286969365473, 3.37580817370678], "27": [0.06239904698827838, 3.162650747306986], "28": [0.04747894237380274, 2.948608660586031], "29": [0.03368273414161143, 2.7425627615337196], "30": [0.021945916528349794, 2.552269963956893], "31": [0.012705705075979332, 2.383663525209321], "32": [0.005938181368302662, 2.240849736308186], "33": [0.0013219590308436975, 2.126490974136156], "34": [-0.001580671001640852, 2.0422433259493857], "35": [-0.003181972159291862, 1.9890937556660433], "36": [-0.003777675519679225, 1.9675751285971952], "37": [-0.003497994361746585, 1.9778833678866692], "38": [-0.0022897413071592725, 2.0199204313024395], "39": [7.592707820742415e-05, 2.0932733615280132], "40": [0.003967645558691513, 2.1971250570131273], "41": [0.009820480851748064, 2.3300781709523872], "42": [0.0180142788734964, 2.489865805763391], "43": [0.028704751138135323, 2.6729459268325693], "44": [0.041643561008213655, 2.874073520395008], "45": [0.05607828227887977, 3.0861193098666186], "46": [0.0708453019619914, 3.3004937162862356], "47": [0.08467682851188545, 3.50825290536956], "48": [0.09656965530141357, 3.7013983742352523], "49": [0.10600448123052422, 3.873691274254623], "50": [0.1129401145305117, 4.020753298756723], "51": [0.11766216910052235, 4.139720688699037], "52": [0.12059968098085216, 4.2288009853360045], "53": [0.12217557725532198, 4.286916489967215], "54": [0.1227078692844735, 4.3134711123659075], "55": [0.12235475526944425, 4.308219508889697], "56": [0.12109233393443312, 4.271213369974976], "57": [0.11871832673125324, 4.202812304629302], "58": [0.11488301868480391, 4.103761358150436], "59": [0.10915589899408287, 3.9753515872803695], "60": [0.101139155425596, 3.819689844253064], "61": [0.09063011713183886, 3.6400880975077183], "62": [0.0778036957845841, 3.4414997794195696], "63": [0.06333259285192416, 3.2307634358383095], "64": [0.04833014649703542, 3.0162918119159747], "65": [0.03407165109950475, 2.8070562275648685], "66": [0.021620917332836588, 2.611270809526391], "67": [0.011577940132176098, 2.4354718467365344], "68": [0.004051721218006425, 2.2843136906602264], "69": [-0.0012035598924263178, 2.16086912294608], "70": [-0.004604635594520334, 2.06707350719198], "71": [-0.0065823984923703, 2.004099534827341], "72": [-0.00747532799081277, 1.9726087544139057], "73": [-0.0074684951570507365, 1.9728965292398797], "74": [-0.0065667781307192225, 2.0049566062192086], "75": [-0.004594656830864876, 2.068480072190031], "76": [-0.001222530960310568, 2.1627889317753524], "77": [0.003972934735527241, 2.2866900795297096], "78": [0.011403205535328352, 2.4382242389801174], "79": [0.021312393326260077, 2.614294051332728], "80": [0.03359431710985223, 2.810225098971935], "81": [0.04765554279529577, 3.0194705880817296], "82": [0.06243890492941526, 3.233816227662098], "83": [0.07667127654920555, 3.4442971791791397], "84": [0.08923588043741659, 3.6425112288286408], "85": [0.0994542640722041, 3.8216352811745096], "86": [0.1071474989505428, 3.9767365064075584], "87": [0.11251782500482292, 4.104526019576974], "88": [0.11596606638349712, 4.202919049506164], "89": [0.11792832992940994, 4.270643526223206], "90": [0.1187616808769543, 4.306970053246682], "91": [0.11867687790684622, 4.31155246920442], "92": [0.11770697989962751, 4.284352265095908], "93": [0.11570327557900581, 4.225629955327648], "94": [0.11235724244594138, 4.136000942494594], "95": [0.10725500060816454, 4.0165679081204075], "96": [0.09997534318290958, 3.8691540293067344], "97": [0.09023795742696208, 3.6966568451044846], "98": [0.07808517270066997, 3.5034850524165027], "99": [0.06403248785191934, 3.2958955984899667], "100": [0.04907617569630537, 3.081886631136192], "101": [0.03447811209589383, 2.870384549470227], "102": [0.021400031029852135, 2.6699510392426244], "103": [0.010595810234454751, 2.4876830178479628], "104": [0.002315810537514373, 2.3287925329324035], "105": [-0.003595114689029489, 2.1967909785478614], "106": [-0.007518330146720728, 2.093918940537804], "107": [-0.009892366941177877, 2.021552351389208], "108": [-0.011090931483077026, 1.9804909837886144], "109": [-0.01134921783529421, 1.9711327369387137], "110": [-0.01072778453513943, 1.993560420934385], "111": [-0.00910465281095042, 2.0475599405214187], "112": [-0.006193134410457854, 2.1325745206405204], "113": [-0.0015907742200271455, 2.247585114711964], "114": [0.005129849474065543, 2.3908941144890723], "115": [0.014280317309752497, 2.5597897625888715], "116": [0.025877194226232414, 2.7501153933810296], "117": [0.03948085416468204, 2.9558995413398232], "118": [0.05415950677550808, 3.16937411827198], "119": [0.06867090735801563, 3.3816807329521597], "120": [0.08181659027116407, 3.5841274236534795], "121": [0.09277101661969527, 3.769358601288231], "122": [0.10121151669966118, 3.93188402270325], "123": [0.10724294326596054, 4.0679641641326665], "124": [0.11122373165174854, 4.175196381835751], "125": [0.1135920239881113, 4.25209633095686], "126": [0.11473616885958508, 4.2977912136209016], "127": [0.11491448252938599, 4.3118303087521594], "128": [0.1142142681926336, 4.294086774517147], "129": [0.11254009129913821, 4.244729983028752], "130": [0.109627670351525, 4.1642616067398235], "131": [0.10508766214775012, 4.053623176514698], "132": [0.09848959250026253, 3.914396371023109], "133": [0.0894952212043182, 3.7491204017355724], "134": [0.07803403641057151, 3.5617137143893483], "135": [0.0644724464066485, 3.357868673214501], "136": [0.04967522957854089, 3.14511293299181], "137": [0.03485741016772451, 2.932209981584904], "138": [0.021245897040766997, 2.7279527646327386], "139": [0.009733472744973427, 2.5399384583351234], "140": [0.0007153569501660977, 2.373932682830943], "141": [-0.005860154995835901, 2.233907824524722], "142": [-0.010325208342663093, 2.1224345940480305], "143": [-0.013114736022105018, 2.041110329592571], "144": [-0.014629684101393661, 1.9908836051785115], "145": [-0.015150122875132167, 1.9722591758150652], "146": [-0.014789278896064914, 1.985407816664179], "147": [-0.013477974500676261, 2.030203435927951], "148": [-0.010974744007592978, 2.1061963328078357], "149": [-0.006904787516853531, 2.2125169788225016], "150": [-0.0008373984567512395, 2.3476908182050362], "151": [0.007588047203277317, 2.5093387749322016], "152": [0.018491142253514756, 2.69376690984009], "153": [0.03157557659297886, 2.895553974540025], "154": [0.04604513870963637, 3.107419860408396], "155": [0.06071876533878001, 3.3207200169473223], "156": [0.074349313592074, 3.526589445701561], "157": [0.08598173890741709, 3.7172081326513826], "158": [0.09514866104349913, 3.886539694830678], "159": [0.10184615834322285, 4.030375129835039], "160": [0.10637686197559086, 4.145969956699854], "161": [0.10916968540670165, 4.231609268883199],