{"0": [-2.2204061462520884e-05, 0.580726249362791], "1": [-0.001462514354855682, 0.6005432966360861], "2": [-0.005080483083604949, 0.6515157489805993], "3": [-0.010730898512836396, 0.7352899185395501], "4": [-0.01805182077582867, 0.8542428739536596], "5": [-0.026290948748583686, 1.0111559251613416], "6": [-0.03409594181768922, 1.208916226622533], "7": [-0.03933478883508722, 1.450459101547803], "8": [-0.03904795358276289, 1.7390720168025422], "9": [-0.029698642878788786, 2.0786580694081858], "10": [-0.008152584792063376, 2.472158468464135], "11": [0.02567017999846096, 2.9139371310261453], "12": [0.06503960939863083, 3.376649520347694], "13": [0.09862686856618379, 3.81766961039584], "14": [0.11966403327284322, 4.209841094697164], "15": [0.12826617379698338, 4.547846727392303], "16": [0.12762737332281857, 4.83484725235812], "17": [0.12132905388569862, 5.07483948119386], "18": [0.11236229287475678, 5.271129662475322], "19": [0.10288557437478638, 5.426625821506716], "20": [0.09427570194083215, 5.5441561882696275], "21": [0.08730691027081525, 5.626423465719994], "22": [0.0823594194117258, 5.675716079987656], "23": [0.07959250110506097, 5.69358755176479], "24": [0.07905355204851655, 5.68063283075894], "25": [0.08071848360343917, 5.636403097685309], "26": [0.08446466341660926, 5.5594646841316155], "27": [0.08997518582749275, 5.44760006619821], "28": [0.09657663381619701, 5.298121114831692], "29": [0.10303316891759356, 5.108184834461977], "30": [0.10735632139190161, 4.874907932202841], "31": [0.10672615815941576, 4.595122244620204], "32": [0.0976718365838212, 4.265038714355885], "33": [0.076872107457337, 3.8812857695208134], "34": [0.04344826952663898, 3.4471461818722244], "35": [0.0028166857151998284, 2.985676772032098], "36": [-0.03390042012626907, 2.538875866173828], "37": [-0.058704042977448564, 2.138032780967156], "38": [-0.07075677315798842, 1.7913582709030225], "39": [-0.07296914973611451, 1.4963986452186104], "40": [-0.06894966108298171, 1.2491244189236406], "41": [-0.06181469552716227, 1.0461427064465008], "42": [-0.05386493960723103, 0.8845377408067667], "43": [-0.04660089255312164, 0.7615105422270685], "44": [-0.04088716907577334, 0.67436513529515], "45": [-0.03716053971617248, 0.620770720669988], "46": [-0.03561065947561443, 0.5990869349957034], "47": [-0.03629899753984041, 0.6086055310115801], "48": [-0.039208087551951654, 0.6496543234530507], "49": [-0.04422179022862942, 0.7235537830827357], "50": [-0.051035811848012314, 0.8324281775351794], "51": [-0.05900056962839279, 0.978899380503509], "52": [-0.06691781654195897, 1.165767735257741], "53": [-0.07284811593375866, 1.395879257665579], "54": [-0.07402274838173888, 1.6723463327989396], "55": [-0.06700291302263713, 1.9988945918882275], "56": [-0.048425296111280214, 2.378975735483586], "57": [-0.017174229462336262, 2.8099779105728433], "58": [0.021788589574078764, 3.270299954755741], "59": [0.057507293672401726, 3.718460753384317], "60": [0.0816056227468447, 4.1218716821019425], "61": [0.09289093661387911, 4.471209281213999], "62": [0.09415000588750583, 4.768596918249135], "63": [0.08898761074198029, 5.01804112541877], "64": [0.08055727353191001, 5.222948780586633], "65": [0.07120660484476879, 5.386222486276598], "66": [0.06247938974798535, 5.51062855421302], "67": [0.05527368791515387, 5.598830594056664], "68": [0.05004850897456719, 5.653138372740918], "69": [0.04700603001412981, 5.675183297072619], "70": [0.046212652184256964, 5.665673095824422], "71": [0.047649511417240185, 5.624285180372447], "72": [0.05119257138399216, 5.549710526612842], "73": [0.05652176157076433, 5.439845375520135], "74": [0.06296227539698926, 5.29209889436042], "75": [0.06928126780998306, 5.103706779900545], "76": [0.0734990423155083, 4.871849089919267], "77": [0.07280996375128479, 4.593415562289606], "78": [0.0637606674695238, 4.264681573398033], "79": [0.043042830443674664, 3.882341556251362], "80": [0.009761315222802595, 3.4496733727446593], "81": [-0.03074814526948794, 2.9895281352052163], "82": [-0.06745247049459097, 2.5436731885322255], "83": [-0.0923470726691017, 2.1434828092513096], "84": [-0.10454331473769174, 1.7973731621776983], "85": [-0.10691672063343728, 1.5030164176661103], "86": [-0.10305965895434359, 1.256447940362383], "87": [-0.09608335577904321, 1.0543235307161567], "88": [-0.08829003177253063, 0.8937832010227083], "89": [-0.08118599748891177, 0.7720991279360427], "90": [-0.07564374256096668, 0.6866621245753735], "91": [-0.07210768646445274, 0.6352407300342939], "92": [-0.07077240139318232, 0.6163021788024574], "93": [-0.07169816884905765, 0.6292477055333783], "94": [-0.07485493816489867, 0.67450540152478], "95": [-0.08009450899689248, 0.7534692832822469], "96": [-0.08705062277957691, 0.8682899474112393], "97": [-0.09497244152619458, 1.0215585636195643], "98": [-0.1025198208037887, 1.2160105310675677], "99": [-0.10758551098809854, 1.454456962733499], "100": [-0.1072449681320374, 1.7400652136846366], "101": [-0.09799818106287152, 2.076603858892974], "102": [-0.07672337405776564, 2.466910671206153], "103": [-0.0432582151587315, 2.9055066301733246], "104": [-0.004105664595717979, 3.365675880891271], "105": [0.02956166171909905, 3.8051769054776683], "106": [0.05088915810238511, 4.196439153304237], "107": [0.059857692059111234, 4.533652113255392], "108": [0.0595898648932545, 4.819731206643002], "109": [0.053641105257821536, 5.058556843327658], "110": [0.044999698456649855, 5.253341762664342], "111": [0.035834195972759365, 5.406879202474663], "112": [0.027538466534312737, 5.521850079273121], "113": [0.020905890361765964, 5.600780537475525], "114": [0.016333361878744124, 5.645760711160908], "115": [0.013989534190242394, 5.658132766624627], "116": [0.013917118775912389, 5.638280290787337], "117": [0.016062318358983238, 5.585566309832359], "118": [0.02023113110090716, 5.4984281134695], "119": [0.02597291907161367, 5.374617286177814], "120": [0.03240128581638639, 5.211524667364365], "121": [0.03798971513338956, 5.006437500762523], "122": [0.04041678793800853, 4.756519166348188], "123": [0.036571838426484524, 4.45847096964012], "124": [0.022923834745233164, 4.108506583624466], "125": [-0.0032033198881506646, 3.7049442903721768], "126": [-0.040530876566401905, 3.2577009109720283], "127": [-0.08073344430941307, 2.7995701338896004], "128": [-0.11296993616382288, 2.3716434022312116], "129": [-0.13236121761876146, 1.9950260182831812], "130": [-0.14008478564527127, 1.6720427730821572], "131": [-0.13953875183669104, 1.3991597409348946], "132": [-0.13417629933202793, 1.1726735634516625], "133": [-0.12677531865120126, 0.9895502322079238], "134": [-0.11928893046476416, 0.8470730939751615], "135": [-0.11293544974459896, 0.7426225070065993], "136": [-0.10838765497804229, 0.6738006441123288], "137": [-0.10597095418211491, 0.6387373330837219], "138": [-0.10581432594232272, 0.6363810055614805], "139": [-0.10793130253434292, 0.666667662075124], "140": [-0.11222673215446445, 0.7305341676220097], "141": [-0.11842912099175358, 0.829773346376485], "142": [-0.1259511057377983, 0.96675542975382], "143": [-0.1336963282437637, 1.1441068002461856], "144": [-0.13986357575091876, 1.3645310169645575], "145": [-0.1418356772177132, 1.6309577363212118], "146": [-0.13628358307630004, 1.9468933247241662], "147": [-0.11977103749738345, 2.315888152421885], "148": [-0.09059838552421005, 2.7369259880113828], "149": [-0.05245642612417359, 3.19241439477241], "150": [-0.015605461715547655, 3.6430602028585666], "151": [0.010649845725759086, 4.053002150913005], "152": [0.0240356820951178, 4.409451939820463], "153": [0.026910346429182327, 4.713340139721838], "154": [0.02283232286137545, 4.968517614996081], "155": [0.015046208420575075, 5.178403349199652], "156": [0.006028731435258965, 5.345842759477527], "157": [-0.0025515041541005596, 5.473478272073216], "158": [-0.009696350078976759, 5.563837053259299], "159": [-0.01487798123360287, 5.61911593131304], "160": [-0.017854780351868667, 5.640864691488368], "161": [-0.01854645007842684, 5.629735702036194],