{"0": [-2.6038331048004216e-05, 0.4662269145203003], "1": [-0.0017196064575341328, 0.4845852215552182], "2": [-0.006016349075187631, 0.5319574455767202], "3": [-0.012861377798279696, 0.6102520812221832], "4": [-0.022021453195266896, 0.7222353087493888], "5": [-0.03287455735113837, 0.871126203415521], "6": [-0.04413451838577873, 1.060177219639429], "7": [-0.05358089927430537, 1.2925461188477811], "8": [-0.05789620309562123, 1.571786691817336], "9": [-0.052719280942998485, 1.9028924194203012], "10": [-0.03321150871209877, 2.2926397663088647], "11": [0.003626863293766638, 2.7443908781654263], "12": [0.0528078798820748, 3.238494886735624], "13": [0.0985502724076603, 3.7209483493747126], "14": [0.12827027308766326, 4.148453794057084], "15": [0.1409191088336537, 4.513543161569481], "16": [0.1407773330595724, 4.822554671976163], "17": [0.13270629217964128, 5.081856070774248], "18": [0.12074551229019571, 5.295790713690654], "19": [0.10782744480126093, 5.46761742191247], "20": [0.09582940736246562, 5.60041705598175], "21": [0.08578833149201379, 5.697339187857383], "22": [0.07818119858254091, 5.761334923228331], "23": [0.0731796704464387, 5.7947245488009775], "24": [0.07082759074636154, 5.798844957421902], "25": [0.07113240880242563, 5.77385944290113], "26": [0.07407753832721582, 5.718732144973757], "27": [0.07955715461986289, 5.631365683131936], "28": [0.08722623930032525, 5.508908172071954], "29": [0.09626631268348634, 5.3481839131409314], "30": [0.10510344728752057, 5.146055743058977], "31": [0.11116339160837323, 4.899377608118133], "32": [0.11076712192583064, 4.60428635551579], "33": [0.09929853690098918, 4.255167614441659], "34": [0.07213654985443001, 3.8453399593050683], "35": [0.02809660178307221, 3.3762622282473513], "36": [-0.023814943822628644, 2.880238674168546], "37": [-0.06691756114500828, 2.414182239557233], "38": [-0.09264277549776206, 2.0085778277350697], "39": [-0.10252031883354067, 1.6637238401261518], "40": [-0.10130783352879698, 1.3726459012144747], "41": [-0.09365125825044687, 1.1297321436156158], "42": [-0.0832230210653373, 0.9311745797145373], "43": [-0.0725865427656898, 0.7738974508432638], "44": [-0.06331330809888262, 0.6548643336190241], "45": [-0.05622949758857531, 0.5710404703090654], "46": [-0.051694650807566814, 0.5197511056426201], "47": [-0.04983127822579662, 0.499102375061266], "48": [-0.050669658334248795, 0.5082772249487649], "49": [-0.054206013227365415, 0.5476579295808505], "50": [-0.060379056976497376, 0.6187755668931556], "51": [-0.06896214475560766, 0.7240834220697495], "52": [-0.07936664067441054, 0.8665706714531998], "53": [-0.09037498333020964, 1.0493372998648556], "54": [-0.09986864876025564, 1.2754187335597864], "55": [-0.10465111264398444, 1.5481942432287243], "56": [-0.10047291764432452, 1.8723753133675394], "57": [-0.08251732462312764, 2.2545066558984557], "58": [-0.04743467618279352, 2.6987011132477248], "59": [0.0009227133452364223, 3.188679770066186], "60": [0.047595902329956453, 3.672956100065303], "61": [0.07908103970025528, 4.105092081365265], "62": [0.09336778589447085, 4.474699414813062], "63": [0.09445639227071688, 4.78747215108888], "64": [0.08721520904520315, 5.049849428335129], "65": [0.07576827924061769, 5.266257679605361], "66": [0.06315118425879424, 5.439918590882441], "67": [0.05134072880666861, 5.573782817420961], "68": [0.04145641325995231, 5.670832329112537], "69": [0.03403545484229236, 5.733849078086557], "70": [0.029288421180736546, 5.7649907385511545], "71": [0.027279002736672588, 5.765433762581351], "72": [0.028013670993255798, 5.735184901048465], "73": [0.03144454427520866, 5.673075811637749], "74": [0.03738547955780026, 5.576941690873578], "75": [0.04533740750301445, 5.443973305038284], "76": [0.05423511887345171, 5.27114922348578], "77": [0.06217030980976543, 5.055494439506401], "78": [0.06618645120298182, 4.793819910627338], "79": [0.06224976774893093, 4.481832784894424], "80": [0.04559077765142412, 4.113355456672459], "81": [0.012237065744758753, 3.6829307334913985], "82": [-0.03612853486790802, 3.2003573530742195], "83": [-0.08651655270361916, 2.710827822283425], "84": [-0.12370542041808825, 2.2665032864879993], "85": [-0.143425334359121, 1.8846135194389335], "86": [-0.14896717684528546, 1.5610815227565462], "87": [-0.1452108873281451, 1.289209209379361], "88": [-0.13647824794307262, 1.0642164119738697], "89": [-0.12603666086811388, 0.8827643636474015], "90": [-0.1160756498241018, 0.7419509927775674], "91": [-0.1078795867632536, 0.6388718548162474], "92": [-0.10209379948989804, 0.5707649917893413], "93": [-0.09898829734320294, 0.5354183715784854], "94": [-0.09865276566011505, 0.5315490187305563], "95": [-0.10110027557941685, 0.5590203777795155], "96": [-0.10628007234440344, 0.6188689334529546], "97": [-0.11399998922008638, 0.7131381254029523], "98": [-0.12375597032314792, 0.844533445898858], "99": [-0.13448185396241083, 1.0159938197541476], "100": [-0.1442741839789561, 1.2304317084941034], "101": [-0.15018717335967255, 1.4909849778936535], "102": [-0.14820231147520707, 1.8018921165308635], "103": [-0.13356676376803028, 2.1692619075171065], "104": [-0.10231292616815478, 2.598494345544458], "105": [-0.05607151739558137, 3.079892855915048], "106": [-0.007712151207284575, 3.5685846393631997], "107": [0.027574410467791497, 4.012434860815783], "108": [0.045454876175826345, 4.3939626219172006], "109": [0.04917559037984464, 4.717093045599877], "110": [0.04359929345031344, 4.988466017919644], "111": [0.03304285989870574, 5.212828430574271], "112": [0.020775101314786965, 5.393479989799232], "113": [0.008991444341427991, 5.533266484716495], "114": [-0.0010148088826645784, 5.635016725660809], "115": [-0.008588311224424754, 5.701400262013623], "116": [-0.013450217300868525, 5.734524032282233], "117": [-0.015506137288218366, 5.7355586069865145], "118": [-0.014747188917531453, 5.704530357938774], "119": [-0.011245235668837433, 5.640312180867801], "120": [-0.0052423772493333355, 5.540814509397815], "121": [0.002665134215765018, 5.403351041056279], "122": [0.011268857117697375, 5.225056133746469], "123": [0.018480040352135577, 5.003072808870979], "124": [0.021150207950498174, 4.734182328641139], "125": [0.0150882851741829, 4.41386453298153], "126": [-0.004474489983744733, 4.03580114624243], "127": [-0.04093349032520309, 3.5959104713735663], "128": [-0.0907698406548867, 3.1096205409411253], "129": [-0.13946294227037098, 2.627205496737092], "130": [-0.17340631638349416, 2.1956555026916824], "131": [-0.19027963604024486, 1.8264394181925965], "132": [-0.1939387422155855, 1.5143070243066818], "133": [-0.18921357301712083, 1.2529468035317564], "134": [-0.18022952303322154, 1.0380104278150473], "135": [-0.1700421024818978, 0.8663943449832887], "136": [-0.1606592396651335, 0.7353281060386809], "137": [-0.15323668567222515, 0.6420670831780876], "138": [-0.14834671699104696, 0.584110378131397], "139": [-0.14622735751516416, 0.5596119453965873], "140": [-0.146953597859153, 0.5677215206707098], "141": [-0.15051224129963114, 0.6087428969131282], "142": [-0.15677945262098136, 0.684084462958349], "143": [-0.16540043190111883, 0.7960064816910972], "144": [-0.1755767301747489, 0.9472194227610258], "145": [-0.18579683844327483, 1.1405149462451074], "146": [-0.19359050494887725, 1.3787535454968576], "147": [-0.19540933025311205, 1.6654721578751028], "148": [-0.1867614827842782, 2.005856195829956], "149": [-0.16303466373925857, 2.4062879477552026], "150": [-0.12257308059705933, 2.866356473366016], "151": [-0.07316577981158835, 3.3573042712363406], "152": [-0.031038450725041217, 3.82331433256869], "153": [-0.005677185847339798, 4.230659561066926], "154": [0.0037716105116746045, 4.576956937492834], "155": [0.0018753218871615173, 4.868693544149155], "156": [-0.006722912253962941, 5.111413852563656], "157": [-0.01829214312931068, 5.308829174228215], "158": [-0.03018574940202231, 5.463790632598012], "159": [-0.040741690980409265, 5.578992498136005], "160": [-0.0490494591768962, 5.65704849017242],