{"0": [-7.922040478795676e-06, 3.2878753048699463], "1": [-0.000520179900693273, 3.2830032893950682], "2": [-0.0017970231290002244, 3.270873287057731], "3": [-0.0037774968217576107, 3.252095191912094], "4": [-0.006364898162304069, 3.227619613934373], "5": [-0.009429422211280276, 3.1986958836728685], "6": [-0.012813324602636018, 3.166812262321319], "7": [-0.01633903869794154, 3.13361934560362], "8": [-0.019819855779607827, 3.1008405291841186], "9": [-0.02307192458214567, 3.0701762179957006], "10": [-0.025925852096555246, 3.043209992481946], "11": [-0.028236329097803714, 3.0213244701982975], "12": [-0.029888889807187718, 3.0056323462808145], "13": [-0.03080380922991354, 2.9969250901129407], "14": [-0.0309378422535737, 2.9956392372096152], "15": [-0.030284752700260466, 3.0018389372590377], "16": [-0.02887533380781883, 3.0152135130763797], "17": [-0.026777046725380445, 3.0350897932371983], "18": [-0.024092772578648718, 3.0604601404032103], "19": [-0.020957775317079732, 3.090027600657189], "20": [-0.017534021768262555, 3.1222688471601754], "21": [-0.014001550590510434, 3.155513462618106], "22": [-0.01054744440623055, 3.1880351478684235], "23": [-0.007353771633579238, 3.2181477751693004], "24": [-0.004586238142950805, 3.244298004576475], "25": [-0.0023850352451181443, 3.2651470202359087], "26": [-0.0008586176819435423, 3.2796364231570916], "27": [-8.025818990085209e-05, 3.2870363229741177], "28": [-8.6593359632807e-05, 3.2869760230764213], "29": [-0.0008772233768439061, 3.2794587147320953], "30": [-0.002414750015018842, 3.2648612923609783], "31": [-0.004625243763032437, 3.243919306651363], "32": [-0.007399740569642907, 3.217695973867206], "33": [-0.010597699034046061, 3.187533847404779], "34": [-0.014053208292508796, 3.154988765031397], "35": [-0.017584114986630657, 3.121748022527017], "36": [-0.021003353742518712, 3.0895377222723686], "37": [-0.024131006465923987, 3.060026728384327], "38": [-0.026805349263772957, 3.034735510553992], "39": [-0.028891507165441477, 3.014956969954453], "40": [-0.030287144206563733, 3.00169367370796], "41": [-0.03092548350606635, 2.995612958086713], "42": [-0.030776507782451012, 2.9970192172355823], "43": [-0.02984725128053331, 3.0058419290553613], "44": [-0.028181703555635488, 3.021638465143298], "45": [-0.0258602166927854, 3.043611888649037], "46": [-0.022997728645922828, 3.070644955441472], "47": [-0.019739859407460123, 3.1013516374604486], "48": [-0.01625616912737067, 3.1341462236214896], "49": [-0.012730558570916067, 3.1673275298112693], "50": [-0.009349684699853587, 3.199172750291917], "51": [-0.006290957787293575, 3.2280332231110047], "52": [-0.0037118413032093058, 3.252423894910238], "53": [-0.0017417128820926336, 3.2710997905701773], "54": [-0.0004766957637154772, 3.283115607406009], "55": [2.2964586044312707e-05, 3.287867442968467], "56": [-0.00026612221825345484, 3.2851175824448218], "57": [-0.0013302906066274148, 3.2750037851358025], "58": [-0.0031189771504138166, 3.258033842396687], "59": [-0.0055454619230091255, 3.2350649874808464], "60": [-0.00848895662601118, 3.207266838078395], "61": [-0.011798979053560954, 3.176066673066331], "62": [-0.015302630083177152, 3.1430773615252883], "63": [-0.018814637202938505, 3.110010946616077], "64": [-0.022149141135005674, 3.0785838468652473], "65": [-0.025131585451343905, 3.050421638953011], "66": [-0.027609028565930706, 3.02697150207482], "67": [-0.029457754111069767, 3.009428576858971], "68": [-0.030587932689607987, 2.998679571176407], "69": [-0.03094587878776163, 2.9952641675586418], "70": [-0.030514833875817545, 2.9993531102238657], "71": [-0.02931509007644109, 3.010741580043291], "72": [-0.027403762675886376, 3.0288572829266025], "73": [-0.0248738747103913, 3.0527838772265814], "74": [-0.021851925918729153, 3.081301129526691], "75": [-0.018493026770058523, 3.1129428305533096], "76": [-0.014973090417409376, 3.146071740501821], "77": [-0.011478378801034401, 3.1789680173195793], "78": [-0.00819356801416344, 3.20992470217053], "79": [-0.0052900274467866425, 3.2373421242301212], "80": [-0.002915932736120101, 3.259813344072619], "81": [-0.0011891916105306877, 3.2761948602419237], "82": [-0.0001932703204853143, 3.2856597890768495], "83": [2.4728052684256715e-05, 3.2877333621115747], "84": [-0.0005453203738719859, 3.282312012261479], "85": [-0.001876503615953124, 3.269667356879744], "86": [-0.003905181955549111, 3.250435441852537], "87": [-0.006532105031733889, 3.225590429487563], "88": [-0.009625216623057582, 3.196401307696077], "89": [-0.013025029400970476, 3.1643708021985173], "90": [-0.016552954648646742, 3.1311576706069113], "91": [-0.020022128182884187, 3.0984864713668623], "92": [-0.02324943699147147, 3.0680516578791215], "93": [-0.02606701787718714, 3.041424243654476], "94": [-0.02833168758919171, 3.019968658336659], "95": [-0.029931478488818615, 3.0047750636369583], "96": [-0.030789346009638126, 2.9966093891797305], "97": [-0.030864786829803145, 2.995880885543752], "98": [-0.0301543126735089, 3.0026258202121183], "99": [-0.028691446400737206, 3.0165061241638282], "100": [-0.026546318403411193, 3.036822843001686], "101": [-0.02382431849599539, 3.0625453825192435], "102": [-0.020662887782377296, 3.092357964371503], "103": [-0.0172256218883319, 3.1247238502298496], "104": [-0.013693434364355897, 3.1579656764152815], "105": [-0.010253401435846222, 3.190357264212046], "106": [-0.007086700506633334, 3.2202196762439486], "107": [-0.004357384509987267, 3.246013232576362], "108": [-0.0022034355554405626, 3.2664181849880904], "109": [-0.0007307649143310122, 3.2803993080516984], "110": [-9.94663747091981e-06, 3.287252657997548], "111": [-7.48712873008101e-05, 3.286635017143084], "112": [-0.00092239219173435, 3.2785774564142143], "113": [-0.0025123873902066778, 3.263484064046759], "114": [-0.004768276886466566, 3.242115765645457], "115": [-0.007578632364426397, 3.215558096442745], "116": [-0.010800816535892198, 3.185171559381877], "117": [-0.014267410722609179, 3.152524315914459], "118": [-0.017795538126978244, 3.1193093725140697], "119": [-0.021198301807937803, 3.087251427258461], "120": [-0.024296823453178826, 3.058010934194424], "121": [-0.026931148506603608, 3.0330936441225806], "122": [-0.028968687186471383, 3.013772552771199], "123": [-0.03030968654000556, 3.0010264563226547], "124": [-0.030890083214381567, 2.995496377226349], "125": [-0.030682608816117195, 2.9974590726978065], "126": [-0.029697042769364284, 3.006816178094312], "127": [-0.027980090964171454, 3.0230981054584993], "128": [-0.02561473359775089, 3.045482990978811], "129": [-0.022718322517634157, 3.0728319521900973], "130": [-0.01943848509174482, 3.103741927585536], "131": [-0.01594616177951892, 3.1366160028823353], "132": [-0.012425821720134718, 3.16974853590333], "133": [-0.009063792022161777, 3.2014194060198062], "134": [-0.006036299033464068, 3.229989558762018], "135": [-0.00349892747514184, 3.253989682391665], "136": [-0.0015787009081182984, 3.2721955025313068], "137": [-0.00036912541594731147, 3.2836860424149372], "138": [7.22789143484094e-05, 3.2878840417314654], "139": [-0.0002751276862684109, 3.284579545067548], "140": [-0.0013949368214972071, 3.27393808249889], "141": [-0.0032338779478998303, 3.256494133852005], "142": [-0.0057026294522840755, 3.233129370809559], "143": [-0.008678045806408904, 3.2050343258698746], "144": [-0.012007733224053848, 3.1736523549953026], "145": [-0.015517545928700716, 3.1406063796265413], "146": [-0.01902180101321073, 3.1076116348128635], "147": [-0.022335129076216338, 3.0763805798701154], "148": [-0.02528429655788316, 3.0485280118595446], "149": [-0.027718342857374283, 3.0254843834856704], "150": [-0.02951596765901731, 3.008423382245147], "151": [-0.030589987885798035, 2.998206877036647], "152": [-0.030889452665760722, 2.9953476181561567], "153": [-0.030400354882255575, 2.999988503109636], "154": [-0.029145726362957338, 3.011897048606252], "155": [-0.027185378122489896, 3.0304745806259206], "156": [-0.02461490396714494, 3.0547808488337944],