{"0": [-2.718361438666875e-05, 4.092439474329578], "1": [-0.0018155115922921915, 4.071665252787128], "2": [-0.006553720361854283, 4.019123481780373], "3": [-0.014730357131644068, 3.935358749518124], "4": [-0.026997089233639176, 3.8214324248763045], "5": [-0.04393814742410376, 3.679296177460289], "6": [-0.06571580525875023, 3.5124459439353157], "7": [-0.09165300274791945, 3.3267556634552418], "8": [-0.1199931341520649, 3.1309317885581254], "9": [-0.14818649832439015, 2.935709045677961], "10": [-0.1737207884463454, 2.7517110334559534], "11": [-0.19492609411380005, 2.5873841636425743], "12": [-0.21121375838202575, 2.448327698234048], "13": [-0.2228073241597456, 2.337825381600956], "14": [-0.23032123092257983, 2.2576863957942335], "15": [-0.23441408711174128, 2.2088778431751086], "16": [-0.23556757163664105, 2.1918761604680683], "17": [-0.2339702558131519, 2.20682423269452], "18": [-0.22948028589781924, 2.2535752172583114], "19": [-0.22165640545075443, 2.3316536602367104], "20": [-0.20986575739698396, 2.44010901525813], "21": [-0.19349282653172237, 2.5771859135312], "22": [-0.17227167146672104, 2.7397235717174127], "23": [-0.1467019295347458, 2.922332984867116], "24": [-0.11834548808387187, 3.116813767518452], "25": [-0.08965312965874996, 3.3126839207331176], "26": [-0.06320667590497618, 3.4991409646767675], "27": [-0.04086021379962278, 3.667263760809028], "28": [-0.023387150183409172, 3.810960903786166], "29": [-0.010681713376985152, 3.926593558800565], "30": [-0.0021740781895558912, 4.012139414482852], "31": [0.0028030468664643256, 4.066510414185594], "32": [0.004771877556588905, 4.089156328483828], "33": [0.003976914435881885, 4.079879884345907], "34": [0.00033489546526286023, 4.038776451609908], "35": [-0.006546364290956615, 3.9662580975537667], "36": [-0.017275157474219583, 3.863177064517112], "37": [-0.032487055316221106, 3.7311161573866873], "38": [-0.052535094370146, 3.5729371998705624], "39": [-0.07708112271647484, 3.3935798088022895], "40": [-0.10475636133052962, 3.200739563008753], "41": [-0.13323054638293008, 3.0045896318237046], "42": [-0.15988334624972225, 2.816032053079775], "43": [-0.18269380811834732, 2.6444173349570694], "44": [-0.2007025350105503, 2.496327731000014], "45": [-0.21388755536123738, 2.3757743113066523], "46": [-0.22276370056040873, 2.285008370216756], "47": [-0.2279989836276228, 2.225248247294897], "48": [-0.23015070734814017, 2.1971220150094712], "49": [-0.22951594729706942, 2.2008821156006086], "50": [-0.22606867471417916, 2.236483039789026], "51": [-0.21946687318693717, 2.3035713465088064], "52": [-0.20913145872940322, 2.4013825371910986], "53": [-0.19441646380971564, 2.528485830560297], "54": [-0.17489683217268404, 2.6822855049035064], "55": [-0.15076536801008297, 2.8582552478755003], "56": [-0.12320289938850165, 3.0491942107127716], "57": [-0.09440253491030444, 3.245281699660575], "58": [-0.06699362201553746, 3.435591644496962], "59": [-0.043144159495805814, 3.610395560797006], "60": [-0.023997855470332233, 3.762628229453735], "61": [-0.009712923735054219, 3.8878919980032665], "62": [0.00016049987260737496, 3.983691063691435], "63": [0.006283175042853598, 4.048667079258469], "64": [0.009241898647002355, 4.082109667120639], "65": [0.00938274704971364, 4.083710098366052], "66": [0.006735218519120038, 4.053465213671924], "67": [0.001007977529403008, 3.991673774188164], "68": [-0.008345171943921117, 3.899021447834716], "69": [-0.021972350974955798, 3.7768047130446054], "70": [-0.04035707295245031, 3.627382729046059], "71": [-0.06343601957131412, 3.454904002086761], "72": [-0.0902084434901578, 3.266091467739641], "73": [-0.1186303031543669, 3.070381554109479], "74": [-0.14609046017228314, 2.8786545406972976], "75": [-0.17029549029320595, 2.7009611527610344], "76": [-0.18992188174197944, 2.5448352173545117], "77": [-0.20466831797589918, 2.4150720564305943], "78": [-0.21491026478513367, 2.3144268565881387], "79": [-0.22129331452871753, 2.2444079595564412], "80": [-0.22442806649238323, 2.2058128750891295], "81": [-0.2247058439263728, 2.199008042119429], "82": [-0.22220967262313204, 2.22404445486877], "83": [-0.21669891130729363, 2.2806747582950275], "84": [-0.20766309489583426, 2.368284583084764], "85": [-0.19445892314191807, 2.485696495347441], "86": [-0.17655651168472736, 2.630761543802827], "87": [-0.15390493527025847, 2.79967490884647], "88": [-0.1273346893315201, 2.986169876378652], "89": [-0.09873316110628926, 3.181215224146538], "90": [-0.07066888422213262, 3.37403917228265], "91": [-0.0455380160537645, 3.5543270639232283], "92": [-0.024836722085133957, 3.714096939754514], "93": [-0.009014518685220272, 3.8481483540115375], "94": [0.0022209045967733283, 3.953452834988178], "95": [0.009492196460703504, 4.0283419478407545], "96": [0.013428013383416867, 4.071925914385483], "97": [0.014461029857230464, 4.083778886641049], "98": [0.01272555456591624, 4.063802561799997], "99": [0.008031229022854153, 4.012195605910833], "100": [-9.456098155371097e-05, 3.9295074663643463], "101": [-0.012284447917998731, 3.8168096567958028], "102": [-0.029104006558514934, 3.6760642948072455], "103": [-0.050704016505333745, 3.5107647297252615], "104": [-0.07641310141139658, 3.326746412799889], "105": [-0.10450429398854169, 3.132624007143108], "106": [-0.13247287102436822, 2.939006112328899], "107": [-0.15784299788291056, 2.756412170285142], "108": [-0.17895537764150637, 2.5932462561732073], "109": [-0.1952090387583723, 2.455117496419418], "110": [-0.20680517681391886, 2.345340260204367], "111": [-0.21433593634323228, 2.2657531231638632], "112": [-0.21844227825655155, 2.2173435125686294], "113": [-0.2195942270465492, 2.200598628656027], "114": [-0.21797492737360488, 2.2156638212051303], "115": [-0.2134435316515933, 2.2623868580108257], "116": [-0.20556677278780852, 2.3402778019597488], "117": [-0.1937275364606671, 2.44835977349695], "118": [-0.17733392406715434, 2.5848368507337516], "119": [-0.1561486923089529, 2.7464971528393467], "120": [-0.1306959872421629, 2.9279096016155264], "121": [-0.10254185766599859, 3.12087924919159], "122": [-0.07410937702591323, 3.315006878872745], "123": [-0.04793129065192372, 3.499626634056589], "124": [-0.025818470535358223, 3.665943120519068], "125": [-0.008524729193423628, 3.8079390153313475], "126": [0.0040529623142749735, 3.922003021714914], "127": [0.012468977628246065, 4.006116598038779], "128": [0.017370868466710168, 4.0591891162305425], "129": [0.01926193727095347, 4.080669870203851], "130": [0.018371554008376936, 4.070366497013905], "131": [0.014607305787640414, 4.028386665939095], "132": [0.007576232106599739, 3.9551654101655354], "133": [-0.0033192898509813978, 3.851594685683118], "134": [-0.018689327385042163, 3.7193223804969877], "135": [-0.03884527249661999, 3.5613065445550305], "136": [-0.06339800835535658, 3.382601632298875], "137": [-0.09094020084944884, 3.1909865060112885], "138": [-0.11914488346898025, 2.996613320639805], "139": [-0.14544430677430037, 2.810238172745625], "140": [-0.1678892272047816, 2.641013094801571], "141": [-0.18557345119735297, 2.4953590647981168], "142": [-0.19849579045884844, 2.37719349443864], "143": [-0.20716595082210332, 2.288724318556261], "144": [-0.21223244728965254, 2.231151007895918], "145": [-0.21422775111338727, 2.205090101652476], "146": [-0.21342471812214991, 2.2107811369884556], "147": [-0.20977803869180178, 2.2481594567341268], "148": [-0.20293555754611442, 2.316840996912541], "149": [-0.1923223477215196, 2.416010360199232], "150": [-0.1773172233323118, 2.5441517461937533], "151": [-0.15754585719532957, 2.6985356931405935], "152": [-0.1332745028401427, 2.874456591759183], "153": [-0.10575614189359092, 3.0645426048550486], "154": [-0.07721044451667353, 3.2589180775622864], "155": [-0.05021958874163675, 3.4467894743919296], "156": [-0.026856753903568786, 3.618685709201622], "157": [-0.008178282774634107, 3.767790637752325], "158": [0.005705442799123488, 3.8898736064689636], "159": [0.015253006052762051, 3.9825284325782366],