{"0": [-1.4733821650731622e-05, 3.825343727070483], "1": [-0.0009751685408705053, 3.8108657245065647], "2": [-0.0034387155052727227, 3.7744319835405107], "3": [-0.00746125830712097, 3.7168933015797587], "4": [-0.013094241161212836, 3.6396842625387618], "5": [-0.020333779952990225, 3.5449090543077952], "6": [-0.02906395845292617, 3.435427034287892], "7": [-0.03901233231004685, 3.314891171110776], "8": [-0.049740212763721016, 3.187678445190512], "9": [-0.060683783593890726, 3.058668430331738], "10": [-0.07124093742015429, 2.932886848622327], "11": [-0.08087335989131095, 2.815104933821146], "12": [-0.08918391457376827, 2.7095129073408444], "13": [-0.09594441215318977, 2.6195410671382753], "14": [-0.10107500789740773, 2.5478257471056414], "15": [-0.10459439360462351, 2.4962671774047], "16": [-0.10656300487759733, 2.4661196869682076], "17": [-0.10703540383558935, 2.4580729631344207], "18": [-0.10603050720225082, 2.4723036714746316], "19": [-0.10352315968250764, 2.5084898329385297], "20": [-0.09945777912011888, 2.5657865928070795], "21": [-0.09378279119259439, 2.64276616995652], "22": [-0.086501340781243, 2.737332316576381], "23": [-0.07772795580631794, 2.8466346828859344], "24": [-0.06773323350167161, 2.967029695429429], "25": [-0.056954009196687354, 3.0941487599970374], "26": [-0.04595283092272165, 3.2231179070177007], "27": [-0.03533157471492522, 3.3489128943470314], "28": [-0.025629413958919864, 3.4667596862592442], "29": [-0.017245070263283584, 3.5724620528833184], "30": [-0.010408490257269778, 3.662582112391535], "31": [-0.005200976635871142, 3.73447577288702], "32": [-0.0016047470566182222, 3.7862356641971417], "33": [0.00044030570350280825, 3.8166011577445564], "34": [0.0009888837890053759, 3.824876968196343], "35": [6.0323103118127276e-05, 3.810881217968607], "36": [-0.00237005693939744, 3.774930670554105], "37": [-0.006357543701964481, 3.7178645460392383], "38": [-0.011953821649804665, 3.6411041769673744], "39": [-0.01915643248325945, 3.5467382785677803], "40": [-0.027852153925557722, 3.437608638607358], "41": [-0.03777213863166456, 3.3173498697393438], "42": [-0.04848132042386219, 3.190322520657998], "43": [-0.059418378064785386, 3.061395115254324], "44": [-0.0699816849222486, 2.9355903436684856], "45": [-0.07963127890446961, 2.8176847628138395], "46": [-0.08796694944566151, 2.7118801999829802], "47": [-0.0947570843709088, 2.6216216697623294], "48": [-0.09991898930066666, 2.5495605950156457], "49": [-0.10346957034637326, 2.4976111104466256], "50": [-0.10546860966743635, 2.4670398200405006], "51": [-0.10597093204026839, 2.458547319117329], "52": [-0.10499626620082114, 2.47232042485565], "53": [-0.1025203834402427, 2.508047310506966], "54": [-0.09848828404149994, 2.5648940840744023], "55": [-0.09284819248126082, 2.6414455095454827], "56": [-0.08560193201130947, 2.735619999232184], "57": [-0.07686150087714921, 2.844583883737396], "58": [-0.06689409321666442, 2.964711077095393], "59": [-0.05613309069595327, 3.091648732880806], "60": [-0.04513863047343309, 3.2205336088346166], "61": [-0.03451207354430693, 3.3463446318186216], "62": [-0.024794101971090783, 3.464302998055114], "63": [-0.016386319876431767, 3.570201689616116], "64": [-0.00952191316453097, 3.6605890084880057], "65": [-0.004284900973260075, 3.7328066278402967], "66": [-0.0006592193104080558, 3.784934024661964], "67": [0.0014145930739244798, 3.815698944597426], "68": [0.0019914668079322544, 3.8243957707964324], "69": [0.0010914974083838262, 3.8108330188037836], "70": [-0.001309114864050491, 3.7753178566880745], "71": [-0.005265089689500948, 3.7186791534592225], "72": [-0.01082827538993007, 3.642326398583208], "73": [-0.017997433287054797, 3.548334454878085], "74": [-0.02666170856666084, 3.4395293150836954], "75": [-0.03655546416303621, 3.319528972240227], "76": [-0.047246917976981405, 3.192678916049179], "77": [-0.058177072993206506, 3.0638372762918284], "78": [-0.06874484836839673, 2.9380234507674725], "79": [-0.07840890927930218, 2.8200182219596], "80": [-0.08676635264076264, 2.7140333957702385], "81": [-0.09358251064816109, 2.6235269061010658], "82": [-0.09877210692270896, 2.551163556869715], "83": [-0.10235039827935714, 2.4988698825229436], "84": [-0.10437653000696191, 2.467923462023864], "85": [-0.10490552239450188, 2.4590346448878337], "86": [-0.10395781197993627, 2.4723993106318973], "87": [-0.10151000503208395, 2.50771467251698], "88": [-0.09750765387417115, 2.5641565807880258], "89": [-0.09189885487413989, 2.640320944512216], "90": [-0.08468431160972098, 2.7341392253490713], "91": [-0.07597381509354936, 2.842792667401378], "92": [-0.06603154090935975, 2.9626709372336717], "93": [-0.05528775678587004, 3.089435554275762], "94": [-0.04430036465463679, 3.2182333273446764], "95": [-0.03367015230730262, 3.3440465860562005], "96": [-0.023939041574513226, 3.4620928315099957], "97": [-0.015511140701845706, 3.56815586849863], "98": [-0.008622507585519372, 3.6587719729732004], "99": [-0.0033596077922058726, 3.7312702906083572], "100": [0.0002920440312985534, 3.783718652946154], "101": [0.002391282911749843, 3.814834482828136], "102": [0.002993203172237777, 3.823902987304636], "103": [0.0021185569009994198, 3.8107241639036586], "104": [-0.000255666623022375, 3.775596694704263], "105": [-0.00418365149295877, 3.7193403126363638], "106": [-0.009717339880147781, 3.6433540562343025], "107": [-0.0168565147783689, 3.549700537564054], "108": [-0.025492370274624695, 3.4411917136330565], "109": [-0.03536209721803957, 3.321430691069554], "110": [-0.046036856852597535, 3.194749290710047], "111": [-0.056959796242436266, 3.06599594337005], "112": [-0.06753043203558201, 2.940186545805639], "113": [-0.0772063197606356, 2.822105056616553], "114": [-0.08558223903736016, 2.715971665501611], "115": [-0.09242083363612309, 2.6252554427149613], "116": [-0.09763451733664738, 2.5526328665866647], "117": [-0.10123704046318105, 2.5000413617021144], "118": [-0.10328693418566186, 2.468768176429704], "119": [-0.10383935177353869, 2.459532257600343], "120": [-0.10291533567872434, 2.4725374586482505], "121": [-0.10049223517248333, 2.5074889261343993], "122": [-0.09651612097628409, 2.5635710427604708], "123": [-0.09093502848488999, 2.639389478043679], "124": [-0.0837487357751892, 2.732887150089613], "125": [-0.07506514147766648, 2.841258464651277], "126": [-0.06514578282373489, 2.9609071097101], "127": [-0.05441815514799958, 3.087507573195186], "128": [-0.04343810941457703, 3.2162160024430593], "129": [-0.03280581455693457, 3.3420183150708573], "130": [-0.023064174636262928, 3.460129344226216], "131": [-0.014619429900127254, 3.5663252968218253], "132": [-0.007710143232699153, 3.6571321985460243], "133": [-0.00242495254556799, 3.729868373117514], "134": [0.0012491945507329717, 3.7825915180738248], "135": [0.0033705324366082442, 3.814010041318931], "136": [0.003994258753077097, 3.8234011319716443], "137": [0.0031416814082616453, 3.810557357506504], "138": [0.0007904866441175358, 3.775770018122656], "139": [-0.0031130090858206443, 3.719850915508637], "140": [-0.008620777329361059, 3.644190014744174], "141": [-0.01573343212707791, 3.5508392616437194], "142": [-0.024343905155371093, 3.442598322039829], "143": [-0.03419183711775799, 3.3230571448674464], "144": [-0.044850990441770336, 3.196535285743196], "145": [-0.05576646826581001, 3.067872205018353], "146": [-0.0663384247464708, 2.9420801350329984], "147": [-0.07602355803997173, 2.8239452044129885], "148": [-0.084414699560082, 2.7176944220938504], "149": [-0.09127217134073547, 2.62680622608187], "150": [-0.0965063531172293, 2.5539670649756983], "151": [-0.10012963704430373, 2.5011237405892275], "152": [-0.10219996839763058, 2.469571860843305], "153": [-0.10277257510152298, 2.4600378106057263], "154": [-0.10186900588609595, 2.472732329752797], "155": [-0.09946726095362447, 2.507367396516762], "156": [-0.09551389312857975, 2.5631347259060475], "157": [-0.08995693884836173, 2.6386483772060454], "158": [-0.08279543799255537, 2.731861148513659],