{"0": [-1.5261449783747667e-05, 4.303230403642698], "1": [-0.001027088325118802, 4.283496420096831], "2": [-0.003780899692763273, 4.2335187721533565], "3": [-0.00874923392970282, 4.153619082464227], "4": [-0.016623544945092668, 4.044399151446809], "5": [-0.028185350803955428, 3.906922922386799], "6": [-0.04408669060098813, 3.7430778265070894], "7": [-0.0645278084507951, 3.5561744091252265], "8": [-0.08889467493895362, 3.3516753576296643], "9": [-0.11556823970385917, 3.1375661680405424], "10": [-0.14219403806926645, 2.9236478831758683], "11": [-0.16642114198914665, 2.7196978154980553], "12": [-0.18664065400692406, 2.533640681237567], "13": [-0.2022530331719117, 2.3708644810070347], "14": [-0.21347365392430734, 2.234611123816014], "15": [-0.22096765697267395, 2.1267139684458005], "16": [-0.22552700081775356, 2.0481971218953965], "17": [-0.22785157476211662, 1.9996330565360607], "18": [-0.22842132940487248, 1.9813205330726193], "19": [-0.22743164327656792, 1.9933602774243757], "20": [-0.22477162721600769, 2.0356766382997096], "21": [-0.22003743204110632, 2.1080023980780855], "22": [-0.21258545482859503, 2.2098162950549276], "23": [-0.20164278448669418, 2.3401930747571016], "24": [-0.18650138569597507, 2.497495130635472], "25": [-0.1668155442192797, 2.6788338867824124], "26": [-0.1429663409341301, 2.8793474810960342], "27": [-0.11632228870885736, 3.091675183958955], "28": [-0.08910435172714691, 3.306344334087007], "29": [-0.06373837474154519, 3.513388853647686], "30": [-0.04206264889481838, 3.7043127953054205], "31": [-0.02492431074516353, 3.873102324167434], "32": [-0.01228132348975555, 4.016043965625277], "33": [-0.0035500070622146666, 4.1310140841981005], "34": [0.0020516935288662896, 4.21682547388456], "35": [0.005259357666726507, 4.2728127977027635], "36": [0.006614186495396758, 4.298617716553166], "37": [0.006384911854154825, 4.294093354627835], "38": [0.004536634537767456, 4.259271821427885], "39": [0.0007355180814396928, 4.19437038873878], "40": [-0.005608938359894854, 4.099839960165136], "41": [-0.01524972019883247, 3.9764882113948063], "42": [-0.028931352665828355, 3.8257413420151885], "43": [-0.047118275925952136, 3.6501220221802746], "44": [-0.06963845215111253, 3.4539432037808333], "45": [-0.09537389946107318, 3.243937493977538], "46": [-0.1222743251812732, 3.0291560291287887], "47": [-0.14789223450292893, 2.8196217057951727], "48": [-0.1701917002640889, 2.6243227847956407], "49": [-0.18807743831322607, 2.449896290050297], "50": [-0.20140061255509956, 2.30056083369914], "51": [-0.2106443079526796, 2.178763697274953], "52": [-0.21656597192992588, 2.08587660025202], "53": [-0.21992696664418365, 2.0226686909173193], "54": [-0.22132341906961506, 1.9895624792481539], "55": [-0.22109359149923177, 1.986752178481981], "56": [-0.21927678073788043, 2.014248257102342], "57": [-0.2156096615997579, 2.0718799379808233], "58": [-0.20955870459322973, 2.159258600349912], "59": [-0.20039998098308232, 2.2756770362404657], "60": [-0.1873690632583769, 2.419888150320091], "61": [-0.16990710142973303, 2.5896847946022805], "62": [-0.14800223720415254, 2.7812484455334228], "63": [-0.12252971549807587, 2.98845937052331], "64": [-0.09534224699542063, 3.2027560378493427], "65": [-0.06885859777233186, 3.414183761854978], "66": [-0.04527458349520986, 3.6133554371115713], "67": [-0.02592716583066481, 3.793029531820356], "68": [-0.011170191856013681, 3.948455364505412], "69": [-0.0006397263545919702, 4.076828776214708], "70": [0.006381915449901496, 4.176570435283898], "71": [0.010671385329161481, 4.246794976803992], "72": [0.012872925804634935, 4.287010236639634], "73": [0.013390095667226331, 4.296972948221972], "74": [0.012334135326568678, 4.276630553978636], "75": [0.009512042715829106, 4.226109990501341], "76": [0.0044499785051335975, 4.145744006766405], "77": [-0.003539664450689894, 4.036153182545441], "78": [-0.015227266630114929, 3.8984324587049124], "79": [-0.03124439958399704, 3.7345178876142433], "80": [-0.05176174591550762, 3.547787573300798], "81": [-0.07613326182359917, 3.343777192430991], "82": [-0.10272086826353748, 3.1305146292841313], "83": [-0.1291797938632287, 2.917773755549901], "84": [-0.15319605535229575, 2.715237281290608], "85": [-0.1732043985515896, 2.5307164760139798], "86": [-0.18863590740565564, 2.3695125809443023], "87": [-0.19971788530889764, 2.234818598911721], "88": [-0.20711285756554657, 2.1284458939113455], "89": [-0.21160175707841147, 2.0514098729802126], "90": [-0.213869673278683, 2.0042787613828303], "91": [-0.21438084485713704, 1.9873471350408667], "92": [-0.21331580220319513, 2.0007095776377133], "93": [-0.2105511035803519, 2.04428097726765], "94": [-0.20567436157327826, 2.1177793600852577], "95": [-0.19803997390116906, 2.2206595906388813], "96": [-0.18688321558451979, 2.3519565266309326], "97": [-0.17151884172308487, 2.509966602646903], "98": [-0.15164142102129602, 2.69170065730199], "99": [-0.12768520589008497, 2.892169227004105], "100": [-0.10106546975107625, 3.1039005574840375], "101": [-0.07401439901825169, 3.3173978877606585], "102": [-0.04892061398607165, 3.5227906908557816], "103": [-0.02755788020171765, 3.711747836144977], "104": [-0.010715621024133181, 3.878408974257889], "105": [0.0016809386217264068, 4.019162781683887], "106": [0.010223771759754278, 4.131940594206911], "107": [0.01568665892492681, 4.215581808272398], "108": [0.018787843666208896, 4.26943479010292], "109": [0.02004727186372515, 4.293150843944217], "110": [0.01971175553151298, 4.286593028358582], "111": [0.017726166728491713, 4.249806126633762], "112": [0.013740535393486374, 4.183025394843598], "113": [0.007155612961777703, 4.086729564601742], "114": [-0.002778110359293821, 3.96177245140301], "115": [-0.016783036235103358, 3.8096583148842478], "116": [-0.03527685893558611, 3.633035056084114], "117": [-0.058017425329850235, 3.43638896855555], "118": [-0.08381290451430722, 3.226631415940177], "119": [-0.11057473766890637, 3.0129042215538466], "120": [-0.13588290030859623, 2.8051585418866862], "121": [-0.1577804001669245, 2.6121823318043043], "122": [-0.17525683311745555, 2.4403925971106166], "123": [-0.18822064149016476, 2.2938447124215027], "124": [-0.19717813473583243, 2.1748901806362273], "125": [-0.20288419339370065, 2.0848511356275155], "126": [-0.20608214091406932, 2.024470903015884], "127": [-0.207342328218989, 1.9941556760511985], "128": [-0.20697452462421956, 1.994085461069764], "129": [-0.2049902596019528, 2.024254739410987], "130": [-0.20110228263981503, 2.0844717398954193], "131": [-0.1947609255103139, 2.1743168173647693], "132": [-0.18523967818250475, 2.2930322583110416], "133": [-0.1717931464829654, 2.4392848326696828], "134": [-0.15391193050169907, 2.6107246680939524], "135": [-0.13166677997161866, 2.803323421759348], "136": [-0.1060314965373493, 3.010719841431438], "137": [-0.07892775309536054, 3.2241858181914016], "138": [-0.05276591905524514, 3.43379153379442], "139": [-0.029656614343957267, 3.630365675076934], "140": [-0.010826618550520263, 3.806948538222699], "141": [0.003454935199107707, 3.9590199245205433], "142": [0.013594164523228472, 4.083920348309166], "143": [0.020315119471696706, 4.18014884255285], "144": [0.02437780012798841, 4.246861200506762], "145": [0.02639735934129276, 4.2835897791730035], "146": [0.02674291695222487, 4.290110436091131], "147": [0.02549065411089709, 4.266390121715896], "148": [0.022415788733135298, 4.212579697552977], "149": [0.017020517819939806, 4.129045657848791], "150": [0.008607589240369348, 4.016462148070375], "151": [-0.0035793568132493395, 3.876015313146675], "152": [-0.020122946662293324, 3.7097955576708364], "153": [-0.041103106744074115, 3.521418415358402], "154": [-0.06575407716488028, 3.316716219439287], "155": [-0.09233683069604497, 3.103962917200622], "156": [-0.11848802107249756, 2.892973998616809], "157": [-0.14197593414403534, 2.6932234996578948], "158": [-0.1613669643213031, 2.512188462281893], "159": [-0.176206123575404, 2.354868642244416],