{"0": [8.967051966405171e-07, 4.744123581891341], "1": [3.8822509252900214e-05, 4.719496498365103], "2": [-5.763692029831942e-05, 4.6569723571612975], "3": [-0.000800146610464451, 4.556561472213121], "4": [-0.0029998101165667956, 4.418387692693909], "5": [-0.007702664270881169, 4.242874632599953], "6": [-0.016023848336649226, 4.03113504264737], "7": [-0.028815956818518472, 3.785775347738765], "8": [-0.04615074874398056, 3.5122793019084986], "9": [-0.06679892349383218, 3.220503402990097], "10": [-0.08823437505040226, 2.9245867896286843], "11": [-0.10756238884815629, 2.639857284143006], "12": [-0.12277031735831324, 2.378690355234534], "13": [-0.13325560299587652, 2.1487769033104636], "14": [-0.139518316189347, 1.954035827174624], "15": [-0.1425927744744077, 1.7962110361146941], "16": [-0.14360444317311932, 1.6760003072905612], "17": [-0.14351901159217073, 1.5936404213430262], "18": [-0.14302955254985453, 1.5491803140549292], "19": [-0.14251890130007402, 1.542612730588506], "20": [-0.14205267276869218, 1.5739349672624736], "21": [-0.14137903020521622, 1.6431560092859663], "22": [-0.13993151904966986, 1.7502513288907917], "23": [-0.136851365138818, 1.8950567734262904], "24": [-0.13106598485759924, 2.077056649190408], "25": [-0.12148012432633976, 2.2949372465425895], "26": [-0.1073424012354301, 2.545682939704578], "27": [-0.08878597937574806, 2.823108694652325], "28": [-0.06729903404488988, 3.1164998940229394], "29": [-0.045562008085342866, 3.4112092316015556], "30": [-0.026386309414197614, 3.6921900761224142], "31": [-0.011535330435335781, 3.9478940155826714], "32": [-0.001373821444841653, 4.171426413658604], "33": [0.0047340011507820395, 4.3593683501609855], "34": [0.007863197181467508, 4.510224623009982], "35": [0.009121551361012354, 4.623407123957938], "36": [0.009428833582637979, 4.69872384260604], "37": [0.009421702045886353, 4.736140569021081], "38": [0.009424145325526266, 4.735665156259573], "39": [0.009442762693671917, 4.697297176449759], "40": [0.009166781167504993, 4.621030430170969], "41": [0.007972852360868272, 4.506908334175268], "42": [0.004954782013071376, 4.35514479456967], "43": [-0.000981268305463535, 4.166367633488335], "44": [-0.010896773908881026, 3.9421332712959622], "45": [-0.025417364772828386, 3.68594014116485], "46": [-0.044177036685369264, 3.40476174468413], "47": [-0.06542157027782164, 3.1101934480479665], "48": [-0.08634930388560469, 2.817280326115404], "49": [-0.10428043672949676, 2.540627630542127], "50": [-0.1177235373350309, 2.290881682414592], "51": [-0.12654657360074562, 2.074151705887379], "52": [-0.1315070102169358, 1.89338881362568], "53": [-0.13370854412105876, 1.7498617386849769], "54": [-0.13423307968721607, 1.6440598816996572], "55": [-0.13394920615810665, 1.576135544075719], "56": [-0.1334335433101595, 1.5461108165274475], "57": [-0.1329482295992131, 1.553978383778296], "58": [-0.13243791828588286, 1.5997412689102766], "59": [-0.1315301328572927, 1.6834001891523902], "60": [-0.12954293832109606, 1.8048870587784775], "61": [-0.12552403168474632, 1.9639265107890582], "62": [-0.11836573272967946, 2.1597536609310395], "63": [-0.10705763681356141, 2.390518564229754], "64": [-0.09112801600804261, 2.6521554689102835], "65": [-0.07120337047869914, 2.9368157255387035], "66": [-0.049302697626300816, 3.2320282497716812], "67": [-0.02830511204061935, 3.522496055570806], "68": [-0.01070927075773564, 3.7942192053951698], "69": [0.002282024701920631, 4.037509191606535], "70": [0.010759397592129443, 4.2470172398907415], "71": [0.015585903468785228, 4.4202233703579905], "72": [0.017881255517803136, 4.556062481661204], "73": [0.018693307879101062, 4.654132979618918], "74": [0.01883436993273462, 4.714317187435835], "75": [0.018817524541709575, 4.736602520242086], "76": [0.018840097733128995, 4.72099481383543], "77": [0.018781881171707676, 4.667489452885076], "78": [0.018206080823663, 4.576094676349434], "79": [0.016371047970596662, 4.4469103886930235], "80": [0.012281043668391273, 4.280288010960293], "81": [0.004824553017738302, 4.0771605798630475], "82": [-0.006936569397837633, 3.83973310516674], "83": [-0.02328855299880878, 3.572733903049922], "84": [-0.04331888265504792, 3.2849670072467267], "85": [-0.06475600924556821, 2.9897380332450485], "86": [-0.08469728840877336, 2.7024162598264123], "87": [-0.10087322541998163, 2.4362377716594312], "88": [-0.11237905547420338, 2.1999003791873393], "89": [-0.11951329587055821, 1.99803017426493], "90": [-0.12322691559436423, 1.832755686884593], "91": [-0.12464280260934595, 1.7049611421115354], "92": [-0.12476677118018949, 1.6149709465325466], "93": [-0.12434997386827873, 1.5628731778880587], "94": [-0.1238385913074789, 1.548673456860785], "95": [-0.12336220723637845, 1.5723680729172453], "96": [-0.12273286569870603, 1.6339616468431288], "97": [-0.12144707762892724, 1.7334325682843437], "98": [-0.11870312093998958, 1.8706402431142288], "99": [-0.11346622742345565, 2.0451388912026194], "100": [-0.10463419786073186, 2.255788515098433], "101": [-0.09136669674469057, 2.499955094194876], "102": [-0.07359748479824099, 2.772143132251775], "103": [-0.052545938657394584, 3.062527629687519], "104": [-0.030710613924268076, 3.3570537758905727], "105": [-0.01095519100794554, 3.6404879637076624], "106": [0.004723478213641677, 3.9005012245776887], "107": [0.015720027449866822, 4.129394542391726], "108": [0.022521933089733624, 4.32321598028101], "109": [0.026149325471121393, 4.480187282447747], "110": [0.027715488353558075, 4.599583006807584], "111": [0.028176519465677983, 4.68114576328262], "112": [0.02821780433142011, 4.724812177689997], "113": [0.028215386752411534, 4.7305812125509075], "114": [0.02822820171984151, 4.698454218251841], "115": [0.027997718479761464, 4.628428871735642], "116": [0.026951729430816838, 4.520545716428592], "117": [0.02422910799650835, 4.374997100002848], "118": [0.01876265395432916, 4.192346258214133], "119": [0.009476398026102534, 3.97398854445539], "120": [-0.004341914155750965, 3.723074814559595], "121": [-0.02250225846822192, 3.445978566370671], "122": [-0.043465419052826276, 3.153586161224612], "123": [-0.06454647392562796, 2.860566063890998], "124": [-0.08298898110792668, 2.581789365448993], "125": [-0.09710469756312795, 2.328559459963419], "126": [-0.10658072559577603, 2.107593367804873], "127": [-0.11207111990624116, 1.9222255733174776], "128": [-0.11464586885112674, 1.7739252980739664], "129": [-0.11539619546123196, 1.6632801754011846], "130": [-0.11522122755545999, 1.5904901902960586], "131": [-0.11473626692850888, 1.5555987120963868], "132": [-0.114244104599449, 1.5586043130243505], "133": [-0.1137301380164359, 1.5995076980111063], "134": [-0.11286254392639306, 1.6783057207209913], "135": [-0.11099888878863703, 1.7949319305817966], "136": [-0.10722067269432478, 1.9491283318207726], "137": [-0.10043760368467358, 2.1401849495052385], "138": [-0.08962129423619673, 2.366390935859587], "139": [-0.07422269616369451, 2.623976003230244], "140": [-0.054724280661528, 2.905577291962586], "141": [-0.032986491107396064, 3.1992443002373765], "142": [-0.011824191688474284, 3.4898830323653036], "143": [0.006183551981856683, 3.763217437524811], "144": [0.019682976220319535, 4.009055379020378], "145": [0.028638748042305016, 4.221621888896395], "146": [0.03384654051814654, 4.398137932503899], "147": [0.036406850867609725, 4.537403269741602], "148": [0.037376934939420466, 4.638948544465671], "149": [0.037592204663355985, 4.7026221915110025], "150": [0.037593863025193484, 4.728396413953609], "151": [0.03760843124943444, 4.716273368033046], "152": [0.037544900886702114, 4.666251281231201], "153": [0.036995628575582036, 4.5783429886237705], "154": [0.03524718253278145, 4.452649589135143], "155": [0.03132750476017858, 4.289512314596231], "156": [0.024135951814245774, 4.0898251242548325], "157": [0.01271819216889754, 3.855688593210116], "158": [-0.0032719017521454395, 3.591609555044309], "159": [-0.023026132118693244, 3.306043263724037], "160": [-0.044376941713187186, 3.011956295897163],