{"0": [-9.195709275029345e-06, 3.4169303080293414], "1": [-0.0006044738464369988, 3.4078697892620538], "2": [-0.0020940456949401724, 3.385289804436097], "3": [-0.004419832112922263, 3.350276319321493], "4": [-0.00748303896921889, 3.304543187529009], "5": [-0.011140308619217752, 3.2503776407211493], "6": [-0.0152049329430439, 3.1905461206166756], "7": [-0.01945603545576587, 3.1281541742028356], "8": [-0.023655703877879013, 3.06646586942051], "9": [-0.027570579170686175, 3.0087017929094277], "10": [-0.030992288607827587, 2.9578428843356805], "11": [-0.033751662151781846, 2.916465118241588], "12": [-0.035724544320314376, 2.8866187645949233], "13": [-0.036830489045865396, 2.869752277729223], "14": [-0.037027947795429166, 2.8666714200554657], "15": [-0.03630997073392842, 2.877521760190232], "16": [-0.0347031911561433, 2.901786125638342], "17": [-0.0322706726940324, 2.938295283802477], "18": [-0.02911683169470672, 2.985257395585387], "19": [-0.02539085262847008, 3.0403170528542858], "20": [-0.021284557519330463, 3.100655238447921], "21": [-0.017022117193402023, 3.1631352720884847], "22": [-0.012842080291052875, 3.2244874837059876], "23": [-0.008975604387591948, 3.2815120353729186], "24": [-0.0056265903122689415, 3.331272303984495], "25": [-0.002958510095772457, 3.3712548788616217], "26": [-0.0010896563906560783, 3.399484247795999], "27": [-9.513221643761869e-05, 3.4145936875012013], "28": [-1.1808122743174084e-05, 3.415862468514945], "29": [-0.0008423096007890837, 3.4032310681049323], "30": [-0.00255551273289115, 3.3773020650351224], "31": [-0.005083281317591098, 3.339327478225631], "32": [-0.008315513800747866, 3.2911761541071916], "33": [-0.012097231535485616, 3.235270001335716], "34": [-0.016231673020845043, 3.174478145560792], "35": [-0.020491681469458952, 3.111965264004537], "36": [-0.02463844626336069, 3.0510031794860297], "37": [-0.028443351684396313, 2.994767698751581], "38": [-0.03170719171601847, 2.9461484268162605], "39": [-0.03427226870052123, 2.90759429057781], "40": [-0.03602611327651863, 2.8810048717982304], "41": [-0.03689887643277846, 2.867664556390759], "42": [-0.036858295395158815, 2.868208796679163], "43": [-0.03590606093511599, 2.882611055370643], "44": [-0.03407784591966729, 2.910183551255612], "45": [-0.03144694790409764, 2.949592012446646], "46": [-0.028129208031333456, 2.9988916438555706], "47": [-0.024285349757135276, 3.055595813700323], "48": [-0.020116880428654057, 3.1167878543081518], "49": [-0.015853620882716406, 3.179278293398742], "50": [-0.011734267899690029, 3.239796611386446], "51": [-0.007984566319880714, 3.2951942602835964], "52": [-0.004798823123692281, 3.342631259847243], "53": [-0.002328903039271728, 3.3797249842045103], "54": [-0.0006815021917951752, 3.404652869746102], "55": [7.869428936625164e-05, 3.416213416788169], "56": [-7.603243894313608e-05, 3.4138566594352664], "57": [-0.0011396741612634195, 3.397695182958836], "58": [-0.0030719439808151046, 3.3685017330063087], "59": [-0.005794294625812935, 3.3276922447744948], "60": [-0.00918510081050926, 3.277286319339966], "61": [-0.01307796108490053, 3.219833431385585], "62": [-0.017266834830346797, 3.1582951271692936], "63": [-0.021519571308700646, 3.095882413184848], "64": [-0.025597963057155247, 3.0358610516010027], "65": [-0.0292794523956217, 2.9813491657763165], "66": [-0.0323748165564649, 2.9351346022099376], "67": [-0.034738065146826924, 2.899531970063568], "68": [-0.03626821590395175, 2.8762858087256604], "69": [-0.0369056575163101, 2.8665142368285306], "70": [-0.03662715825818634, 2.870681557441545], "71": [-0.03544305421366715, 2.8885891756626085], "72": [-0.03339831744257268, 2.9193796558092693], "73": [-0.03057683170711309, 2.9615560488913917], "74": [-0.02710603997251833, 3.0130251778313806], "75": [-0.02315793679890831, 3.071176709050709], "76": [-0.018942864962340385, 3.1330069750099674], "77": [-0.014694960118410675, 3.1952867478152256], "78": [-0.010651567032684777, 3.254758466707765], "79": [-0.007031753938486606, 3.3083375307272447], "80": [-0.004019493471200103, 3.3532906360781554], "81": [-0.0017548766717865674, 3.3873728059664248], "82": [-0.0003332394098613624, 3.408918453122972], "83": [0.00019079192592975645, 3.4168932840747104], "84": [-0.00020157646970213005, 3.410918803840132], "85": [-0.0014956610883863554, 3.391279551900362], "86": [-0.003641728299967704, 3.358917340730112], "87": [-0.006550473866729363, 3.315409420105418], "88": [-0.010088615775238176, 3.2629212226561553], "89": [-0.01407866981714333, 3.2041218525783304], "90": [-0.01830624016310459, 3.1420542511975564], "91": [-0.022535560565082546, 3.0799625103815598], "92": [-0.026530518486805165, 3.0210925639965165], "93": [-0.0300758222922798, 2.968492466872949], "94": [-0.03299289607325786, 2.9248386728974993], "95": [-0.035147557623807175, 2.892305008966361], "96": [-0.03645004314171684, 2.872477256941355], "97": [-0.03685062449268441, 2.86630548856367], "98": [-0.0363349047119774, 2.874082275106928], "99": [-0.034921943214083664, 2.895437224954554], "100": [-0.03266631602830957, 2.9293445035876724], "101": [-0.02966282783905127, 2.974147340625308], "102": [-0.02605060780770824, 3.027609461717885], "103": [-0.02201250736484589, 3.0870051846102275], "104": [-0.01776670899126247, 3.149255227643212], "105": [-0.013550247437662656, 3.2111040293420143], "106": [-0.009597639040875756, 3.2693206815154308], "107": [-0.0061201278395622855, 3.320896619710879], "108": [-0.0032907656719236983, 3.363214444206449], "109": [-0.0012378310191978753, 3.3941728996525233], "110": [-4.55955534453102e-05, 3.412266791885859], "111": [0.00024102740494096793, 3.416630622952004], "112": [-0.00038799481783508645, 3.4070578324875265], "113": [-0.001909189789748464, 3.384004543437479], "114": [-0.004263054753621697, 3.3485802132413744], "115": [-0.007349209862646995, 3.3025202818300006], "116": [-0.011022685017653862, 3.2481303553925507], "117": [-0.015095403213712567, 3.188190397908951], "118": [-0.019345678185794413, 3.125813016742751], "119": [-0.02353557489017885, 3.064261819607217], "120": [-0.02743252993149894, 3.006749324936594], "121": [-0.0308296008356909, 2.956241746970117], "122": [-0.03355936813421367, 2.9152953306201788], "123": [-0.03549943838115143, 2.8859374313736383], "124": [-0.0365709477271993, 2.869591940765108], "125": [-0.03673371839370756, 2.867039472590462], "126": [-0.035982058301975504, 2.8784005165714026], "127": [-0.03434389825556526, 2.903133368854666], "128": [-0.03188375458246953, 2.9400453956361523], "129": [-0.028707650503161437, 2.987323413051505], "130": [-0.02496637556382669, 3.0425940913662246], "131": [-0.020853071350814288, 3.1030255839500174], "132": [-0.016592629548307723, 3.1654750482311513], "133": [-0.012423512862903368, 3.226674274479512], "134": [-0.00857598383839113, 3.2834324556441588], "135": [-0.005252447194088182, 3.332828498730296], "136": [-0.002614600433021864, 3.3723693105207304], "137": [-0.0007789831555418691, 3.4001026731910153], "138": [0.0001808611629817226, 3.4146866490280776], "139": [0.0002294160550346765, 3.415425779717578], "140": [-0.0006346845727274122, 3.402285679105016], "141": [-0.002378998424283217, 3.3758934503960663], "142": [-0.004933907287805104, 3.3375244065463474], "143": [-0.00818768410955379, 3.2890684715369245], "144": [-0.011983757557662112, 3.2329649899066695], "145": [-0.01612410178655187, 3.1720951907071036], "146": [-0.020380932459118463, 3.1096289911677486], "147": [-0.02451563451739846, 3.0488357462630464], "148": [-0.028300583819717586, 2.9928812799469715], "149": [-0.03153813121185331, 2.944638885581857], "150": [-0.03407237251255738, 2.906536611220626], "151": [-0.03579257940943302, 2.880450386697161], "152": [-0.03663043941816228, 2.86763960486512], "153": [-0.036555028994901644, 2.8687143338662096], "154": [-0.03556930264795863, 2.8836228497897545], "155": [-0.033710274491578145, 2.9116528645558377], "156": [-0.031052753308029715, 2.9514469372977254], "157": [-0.027714221456690377, 3.0010394894919856],