{"0": [-2.868339829422077e-05, 0.732999504154799], "1": [-0.0018820577234083219, 0.7527465329401719], "2": [-0.006471670764099409, 0.8032411325599529], "3": [-0.013444456820807726, 0.885361819479941], "4": [-0.022100526132759285, 1.0003274500841368], "5": [-0.03124085316476782, 1.1495299883610879], "6": [-0.03901393932206303, 1.3344802854073472], "7": [-0.042816230541194274, 1.5569803685334316], "8": [-0.039310999169334025, 1.8195018657456443], "9": [-0.024696730333170373, 2.125387965005528], "10": [0.0043604580201136575, 2.477573788704006], "11": [0.04817249655384961, 2.872769226820407], "12": [0.10001169004460679, 3.290589226902085], "13": [0.14716237429747764, 3.6953028768635443], "14": [0.18041198299576594, 4.060415330202639], "15": [0.1983448242960498, 4.378807914119547], "16": [0.20381649184646194, 4.652654232727688], "17": [0.20068991142671036, 4.885544883335948], "18": [0.1925243848453292, 5.080262696929187], "19": [0.18218109707931288, 5.238769611729885], "20": [0.17175612991241979, 5.362609711483285], "21": [0.16265403534357978, 5.453163081842055], "22": [0.15573006791554445, 5.511658334558901], "23": [0.1514461612120338, 5.539032877260977], "24": [0.14999518920790628, 5.535768248984585], "25": [0.15136548282889367, 5.501792919955852], "26": [0.1553342238948104, 5.436493870671009], "27": [0.16139062286642283, 5.338833327833697], "28": [0.16860282997952752, 5.207520579117302], "29": [0.1754604994721109, 5.041136870597596], "30": [0.1797423809931094, 4.838085004833086], "31": [0.17846750358620006, 4.596298144385576], "32": [0.16801397151850087, 4.31287064647953], "33": [0.14463913979342763, 3.984351545277435], "34": [0.10608645332417123, 3.6098404947166896], "35": [0.05516700304843985, 3.2000211352495733], "36": [0.0024143133275690678, 2.7850400589319886], "37": [-0.04005530708432182, 2.399013427618509], "38": [-0.06714466650724088, 2.058025665789735], "39": [-0.08012870799469597, 1.7631243675503516], "40": [-0.08262013939654438, 1.5109189739894797], "41": [-0.07840323511932078, 1.2981804435150044], "42": [-0.07069939479558283, 1.1226088495879099], "43": [-0.0619767036055308, 0.9825216710612196], "44": [-0.053965511444668726, 0.8764991266462103], "45": [-0.04777299625352924, 0.8032573008817332], "46": [-0.044037358592370714, 0.7617270224783772], "47": [-0.04307039596245856, 0.7512174775036236], "48": [-0.04495126797222404, 0.7715504049653252], "49": [-0.049552412239891055, 0.8230991428018396], "50": [-0.05649309689930575, 0.9067160160651551], "51": [-0.06502863750445584, 1.0235775027411098], "52": [-0.07389953637730017, 1.1750282565627257], "53": [-0.08118367902243817, 1.362547913865092], "54": [-0.08420719883881961, 1.587945908600629], "55": [-0.07958168836291762, 1.8537392001596646], "56": [-0.063515372397156, 2.1632707657978045], "57": [-0.0328604453018781, 2.5191194633565837], "58": [0.012127759311772263, 2.916648661596214], "59": [0.06391675113324533, 3.333369896256201], "60": [0.10977569017011801, 3.7334560922904827], "61": [0.1413616192627827, 4.092581716418692], "62": [0.1579015394052242, 4.405078160436114], "63": [0.16243873488804594, 4.6734143882605474], "64": [0.1588181410259375, 4.901072193422939], "65": [0.15051969157953815, 5.090686987842565], "66": [0.1403141651336979, 5.244116561072185], "67": [0.13021518775718577, 5.362832911047434], "68": [0.12156137872015023, 5.448146285924918], "69": [0.11516000240454666, 5.501197314715939], "70": [0.1114377950256172, 5.522814426188472], "71": [0.11055510790411216, 5.513361215106814], "72": [0.11245722305084772, 5.4726598916263285], "73": [0.11685321974097455, 5.400025144500996], "74": [0.12312600073161016, 5.294395089801395], "75": [0.1301921531869999, 5.154495295597235], "76": [0.13634916981206546, 4.978922278167252], "77": [0.1391628129040044, 4.766025493794484], "78": [0.1354564873480053, 4.513568274753977], "79": [0.12151056920055942, 4.218446615488131], "80": [0.09379962216965315, 3.8775013522483657], "81": [0.051112316505682084, 3.492086944333406], "82": [-0.0015308540949545172, 3.078389180423311], "83": [-0.05216474384961958, 2.6703164834062014], "84": [-0.09026607548887187, 2.2978720119330296], "85": [-0.11300323539795513, 1.9716346927924011], "86": [-0.12265735746932238, 1.690602795854568], "87": [-0.1230012119407801, 1.451278506317446], "88": [-0.11767729087131584, 1.2507556515537888], "89": [-0.10968282493809027, 1.0869998718794374], "90": [-0.10125721556548395, 0.9584776504036281], "91": [-0.09393244043510644, 0.8638640879910479], "92": [-0.0886626952205152, 0.8019854843455275], "93": [-0.08597666830360619, 0.7719320363474549], "94": [-0.08610437777040798, 0.7732150949553123], "95": [-0.08904671351730754, 0.805868233931512], "96": [-0.09457354432683676, 0.8704430615694261], "97": [-0.1021506025774835, 0.9679007199728208], "98": [-0.11081003159138572, 1.0994506402113053], "99": [-0.11899792781552995, 1.2664403096351928], "100": [-0.12444907325429794, 1.4704215397126856], "101": [-0.12414834705630054, 1.7134473020932983], "102": [-0.11446871736454742, 1.9984104366148314], "103": [-0.09174053631154794, 2.3286208498986296], "104": [-0.05397028632448893, 2.7043738379449835], "105": [-0.004489309399841148, 3.1136346176343315], "106": [0.045855761867017175, 3.525347403019346], "107": [0.08540170847393765, 3.906480215173574], "108": [0.10966197013432638, 4.242374971394397], "109": [0.1201629263073089, 4.532453214709604], "110": [0.1205364084755063, 4.780056175213909], "111": [0.11451001031681915, 4.98826566434117], "112": [0.10523292578759036, 5.159258843350371], "113": [0.09510565019176374, 5.294624907628373], "114": [0.08580364541737769, 5.395696360485423], "115": [0.07839377589516319, 5.463656111538486], "116": [0.07348455696520327, 5.4994533931247656], "117": [0.07135973890254756, 5.503649634883236], "118": [0.07205938991172918, 5.476303859952883], "119": [0.07539083802001928, 5.416957386491759], "120": [0.0808672335544775, 5.324725615835194], "121": [0.08758632087247603, 5.198453271836644], "122": [0.09408019977274222, 5.036836135644406], "123": [0.09818446625174956, 4.838383564720144], "124": [0.09698513176311103, 4.601151264913909], "125": [0.08692552499244179, 4.322387235105569], "126": [0.0642922624692928, 3.998776511352137], "127": [0.02672059738158406, 3.629285432556231], "128": [-0.023391139948840872, 3.2237033106454462], "129": [-0.0760506005681045, 2.810916190389932], "130": [-0.11914531354058037, 2.4251853699701678], "131": [-0.1471611857539289, 2.0837571727040993], "132": [-0.16107602652152125, 1.788415568283413], "133": [-0.1643891280368476, 1.5360164725059207], "134": [-0.16086043902176497, 1.323395814097204], "135": [-0.15372300131926092, 1.1482914561425603], "136": [-0.14547183457548526, 1.00908097938157], "137": [-0.13786950847298315, 0.9044337657389274], "138": [-0.13205314313049343, 0.8331740392312917], "139": [-0.12868178460207097, 0.7943446874809827], "140": [-0.12807245622547703, 0.7873558680415081], "141": [-0.1302867758219127, 0.8121046664056114], "142": [-0.13514833465407056, 0.8689998421405514], "143": [-0.1421872111440565, 0.958879118420762], "144": [-0.1505232669645281, 1.0828591305592208], "145": [-0.15871810229437133, 1.2422121264339379], "146": [-0.16464337009381963, 1.4383943714861502], "147": [-0.1654235363902165, 1.6733013458311492], "148": [-0.15753331791005706, 1.9496210940328398], "149": [-0.13725820535606573, 2.2706374217018856], "150": [-0.10213103703563367, 2.637567761477387], "151": [-0.05425058815854567, 3.0413199959899826], "152": [-0.0032730220300450615, 3.4538408656245827], "153": [0.038612233657332996, 3.840624504836925], "154": [0.06555112112715489, 4.1835411393278505], "155": [0.07831176130459873, 4.480322897047262], "156": [0.08033071636768849, 4.73400049467257], "157": [0.0753687852777249, 4.947743567178083], "158": [0.06668157312618288, 5.12383001959763], "159": [0.05679293981930939, 5.2638815132881325], "160": [0.04749372474423959, 5.369213257380732], "161": [0.039944751261003046, 5.440980349609058],