{"0": [1.0581151530231353e-05, 5.8320889210431535], "1": [0.0006990136799691075, 5.822386688970437], "2": [0.0024507170512385267, 5.797493034804847], "3": [0.005270986565165151, 5.756722762982643], "4": [0.009152530798698343, 5.698993452175002], "5": [0.014051064380167361, 5.6228572650722874], "6": [0.01984677134267017, 5.526556632433014], "7": [0.02628921856827068, 5.408109343093089], "8": [0.03292691337202549, 5.265420403831136], "9": [0.039030487911698705, 5.096404292621614], "10": [0.0435305611843496, 4.899091389829917], "11": [0.045006485976729606, 4.671709841568763], "12": [0.04178119294502808, 4.412813091942943], "13": [0.03220631000105627, 4.121691666301442], "14": [0.015252528804087475, 3.7995221559096457], "15": [-0.008561876792968864, 3.451593692580328], "16": [-0.036368303486027896, 3.0895143953172726], "17": [-0.06345739507255402, 2.7299297283313653], "18": [-0.08543972026886106, 2.388545535939111], "19": [-0.10009600620976086, 2.0751013037824446], "20": [-0.10743101310886005, 1.7934205689771234], "21": [-0.10873559996288448, 1.5439200929848214], "22": [-0.10572624760952877, 1.325570870121866], "23": [-0.10004482172024877, 1.1367927222614562], "24": [-0.09303480745063684, 0.97574635978482], "25": [-0.0856820036769107, 0.8404281801850089], "26": [-0.07864397172080323, 0.728752155407398], "27": [-0.07231895315559707, 0.6386596180504908], "28": [-0.06692256925171051, 0.5682390056015185], "29": [-0.06255486751822241, 0.515830438057007], "30": [-0.059251183739628024, 0.48010239698844165], "31": [-0.05701687159262076, 0.4601004130509967], "32": [-0.05584867619972324, 0.4552740869179301], "33": [-0.05574575599139824, 0.4654896021263751], "34": [-0.056712352277981826, 0.49103257758205415], "35": [-0.05875263649175253, 0.5326025154356112], "36": [-0.061856706883923133, 0.5912962487803327], "37": [-0.06597532852634663, 0.6685744540200833], "38": [-0.07098029056151975, 0.7662037291608876], "39": [-0.07660813586623552, 0.8861691305496765], "40": [-0.0823888964605002, 1.0305606950520187], "41": [-0.08756957791081638, 1.2014513522664203], "42": [-0.09105446279524472, 1.40079236981643], "43": [-0.09139964727754506, 1.6303316592251837], "44": [-0.08691869937594407, 1.8914754237074833], "45": [-0.07598618120525345, 2.1848388933485845], "46": [-0.05765426090217317, 2.5090226235803006], "47": [-0.03259642288812915, 2.8583223758807077], "48": [-0.0038566350843551936, 3.2206486480241834], "49": [0.023798834332987188, 3.5791972466771034], "50": [0.04610273800294501, 3.918599599604109], "51": [0.061021295080379206, 4.229613745081803], "52": [0.06868936326162185, 4.508754413904291], "53": [0.0704528511004273, 4.755758597574048], "54": [0.06803409486076584, 4.971710480281502], "55": [0.06305674886696729, 5.158209687945388], "56": [0.05683770676618783, 5.317104310730001], "57": [0.050336529180325884, 5.4504005504197535], "58": [0.04418917328401391, 5.560178736481147], "59": [0.038778276857774144, 5.648481758241056], "60": [0.034309483691804615, 5.71719560343438], "61": [0.030877326919105587, 5.767946483385875], "62": [0.02851477240782524, 5.802026187743423], "63": [0.027226775247948077, 5.820345084777273], "64": [0.027010681447182744, 5.823406281032229], "65": [0.02786639524071911, 5.811293968186325], "66": [0.029798159341416542, 5.783671478906151], "67": [0.032808294663595576, 5.739788250656095], "68": [0.03688168391576184, 5.67849875318731], "69": [0.04195845610001491, 5.598299631150487], "70": [0.047891780812302366, 5.497392432944019], "71": [0.054388941410767534, 5.373776040592386], "72": [0.06093835198122097, 5.225363226250425], "73": [0.06673401569348507, 5.050101724370152], "74": [0.07062181026458915, 4.846074314288206], "75": [0.07110777700188756, 4.611581255203937], "76": [0.0664892581262198, 4.345306818112033], "77": [0.055201468984631116, 4.0468599846959785], "78": [0.03649328414501199, 3.718170515136395], "79": [0.011395837289735904, 3.3658983363616928], "80": [-0.016670992757412496, 3.003163182764494], "81": [-0.0428571743653119, 2.6469979507462797], "82": [-0.06319329303203071, 2.311946077195862], "83": [-0.07604722758321711, 2.006172657638434], "84": [-0.08182091752535013, 1.7324660031025128], "85": [-0.08196750589006084, 1.4907782908643008], "86": [-0.0782154757734534, 1.2799111604657614], "87": [-0.0721461233560195, 1.0982197660447357], "88": [-0.06501780588548911, 0.943831203158386], "89": [-0.05773328438807625, 0.8147274329802899], "90": [-0.05088209234990828, 0.7088339693708537], "91": [-0.044813383077997045, 0.6241347265219975], "92": [-0.039711246670190645, 0.5587902629508987], "93": [-0.03565802555108377, 0.5112365621850165], "94": [-0.032681044237893045, 0.4802550340777222], "95": [-0.030783715826525677, 0.4650157043371935], "96": [-0.029963966384110575, 0.4651003941277083], "97": [-0.030222734069596722, 0.48051249656967354], "98": [-0.03156410542592042, 0.5116771351470838], "99": [-0.033987107194656585, 0.5594316925368763], "100": [-0.03746762287003106, 0.6250028840816444], "101": [-0.04192769061795929, 0.7099636716289055], "102": [-0.04718921750984219, 0.8161630211630823], "103": [-0.05291107070156599, 0.9456262288385653], "104": [-0.058514016950944596, 1.1004347723141101], "105": [-0.0631079132201461, 1.28260829356504], "106": [-0.0654492332376158, 1.4940114453341464], "107": [-0.06397359547899996, 1.7362652840517705], "108": [-0.05697088299434946, 2.010522380680181], "109": [-0.04300443950184291, 2.316759104427334], "110": [-0.02167767633528923, 2.6521010680950954], "111": [0.005393164026432621, 3.00831797817669], "112": [0.03426362746181874, 3.37084924721624], "113": [0.060085659576831464, 3.722676858757407], "114": [0.07942070407571036, 4.050721625033482], "115": [0.09122766943037978, 4.3483930049261765], "116": [0.09626396887987121, 4.6138338965735395], "117": [0.0961083597626951, 4.847487937015403], "118": [0.09247877530804159, 5.05069906310667], "119": [0.08688376654953896, 5.2251749916201335], "120": [0.08049097091605774, 5.372825880998696], "121": [0.07411854959064311, 5.495686486126542], "122": [0.06828860238422496, 5.595819841205054], "123": [0.06330258478130442, 5.675198849624879], "124": [0.05931441316852359, 5.735591173141618], "125": [0.056389672732927366, 5.778467236889442], "126": [0.054548126789714456, 5.804937300754904], "127": [0.05379124618378063, 5.8157138599516], "128": [0.05411776948917891, 5.811092327695695], "129": [0.05552976579613013, 5.790944049152637], "130": [0.05803033031281752, 5.754718919490633], "131": [0.06161245941443696, 5.701458783976542], "132": [0.06623715465468179, 5.629826460720325], "133": [0.07179781826348815, 5.538157497624502], "134": [0.07806834318919928, 5.424540687902201], "135": [0.08463527379770107, 5.2869264950566635], "136": [0.09082137792207957, 5.123249609062109], "137": [0.09561930230239472, 4.931540322887341], "138": [0.09766861822319194, 4.710010062896083], "139": [0.09532756463229283, 4.457162065562722], "140": [0.08691748273379364, 4.172129728026338], "141": [0.07125122980448871, 3.8556612324089787], "142": [0.04851088543078953, 3.5121651824815636], "143": [0.02113592944311079, 3.152098041996658], "144": [-0.006379542094436407, 2.791532498174947], "145": [-0.029439484149930917, 2.4467725546082457], "146": [-0.045407808665353475, 2.1287033769366337], "147": [-0.05396136345338933, 1.8420201769759317], "148": [-0.05623348744883726, 1.587579130486862], "149": [-0.0539057909027477, 1.3645356594756455], "150": [-0.048649887655029686, 1.171395814108888], "151": [-0.04186531205142632, 1.0063790976420446], "152": [-0.03459812044350639, 0.867530795792052], "153": [-0.027558788963697907, 0.752801707674485], "154": [-0.021186589931442044, 0.6601542126513833], "155": [-0.015726140232833308, 0.58768260941719], "156": [-0.011296486536592347, 0.533722022136969], "157": [-0.007944600044930602, 0.49693074639107704], "158": [-0.005682435517183411, 0.47634406366927073], "159": [-0.004509970790565772, 0.471404970863847], "160": [-0.004427159778003198, 0.4819787751241318],