{"0": [-1.8781214802317465e-05, 0.6767388009246623], "1": [-0.0012349309306823849, 0.6949778228438344], "2": [-0.004271446823989505, 0.7417357091851662], "3": [-0.008964099819683729, 0.818149265017599], "4": [-0.014962531272533035, 0.9258803761061313], "5": [-0.021618040484465063, 1.0669179522703558], "6": [-0.027850877286579912, 1.2433805832631513], "7": [-0.032038174996305326, 1.4574095318478146], "8": [-0.031990046326617734, 1.7111918090765814], "9": [-0.02512226489206052, 2.0069129923785525], "10": [-0.009038207157151097, 2.3458715566405837], "11": [0.01710410133135165, 2.7251566132871776], "12": [0.05046968245149975, 3.131296511516779], "13": [0.08402995640374528, 3.5381590372909386], "14": [0.11055182319319619, 3.9190946661922506], "15": [0.12687810601604832, 4.259870866768632], "16": [0.13369623333479755, 4.5572698069048485], "17": [0.13338642728621322, 4.812575801224397], "18": [0.12857341387430493, 5.028021480634957], "19": [0.12150454888149687, 5.205817531488185], "20": [0.11386082824138057, 5.3480969095883495], "21": [0.10677284780233721, 5.456953102397828], "22": [0.1009292446202417, 5.534349318707506], "23": [0.09670920938409383, 5.581929972790308], "24": [0.09429675210864076, 5.600824041561244], "25": [0.09375643810383266, 5.591503704454166], "26": [0.09506454966497974, 5.553724707720291], "27": [0.09809495839496907, 5.486554835207957], "28": [0.10255982922897199, 5.38848842083768], "29": [0.10790827748672914, 5.257630559852831], "30": [0.11319702180658102, 5.091902510574631], "31": [0.11696724322902509, 4.8891832601890535], "32": [0.11718714231891199, 4.6473196569177055], "33": [0.11135328927504062, 4.364109929725079], "34": [0.09692333167827967, 4.03782443448403], "35": [0.07241663526460082, 3.6696400496644515], "36": [0.03941407654249113, 3.269356429225747], "37": [0.0039404754269957085, 2.86005747147016], "38": [-0.026271130767982424, 2.4699874196918343], "39": [-0.04673421682039314, 2.1173738985413793], "40": [-0.05724782990717317, 1.8079048436103784], "41": [-0.05989583764022913, 1.5410817165917283], "42": [-0.057319624051495176, 1.3147856013009471], "43": [-0.0519037568193937, 1.1267908532787219], "44": [-0.04549426612253814, 0.9749646369021234], "45": [-0.03937029227684414, 0.8572164125833232], "46": [-0.03433392751134843, 0.7715492925597521], "47": [-0.03084068404568769, 0.7162292943167744], "48": [-0.029121255958014503, 0.6899870548291152], "49": [-0.029268525351479297, 0.6921777221406673], "50": [-0.031280549394013014, 0.7228631003498476], "51": [-0.035057883313354014, 0.7828055133110657], "52": [-0.04035522963304221, 0.8733735356725506], "53": [-0.046689487089775945, 0.9963716720514487], "54": [-0.053215107238913484, 1.1538341407595571], "55": [-0.058595934467139524, 1.347861430747637], "56": [-0.060927146518101515, 1.5805799335762551], "57": [-0.05779103105995425, 1.8541770927597512], "58": [-0.046594284155723635, 2.170582127119571], "59": [-0.02548383513857062, 2.5296126499940566], "60": [0.0048262196255836574, 2.923962130553995], "61": [0.039249661299912475, 3.333384523732139], "62": [0.06998776660495307, 3.7293895782359447], "63": [0.09157749467161815, 4.090767480541734], "64": [0.10300542340023361, 4.409517650531232], "65": [0.1060296790068428, 4.685277731963482], "66": [0.10326024836305378, 4.920000266128039], "67": [0.09717186138546575, 5.115912623524148], "68": [0.0897359122734057, 5.275148971262682], "69": [0.08235091814583352, 5.3997918376766005], "70": [0.07591378629466072, 5.49185084956706], "71": [0.07094590274359273, 5.553113379140785], "72": [0.06771916698648901, 5.584943135901682], "73": [0.06635112708681795, 5.588107967929733], "74": [0.06685692070829227, 5.562680992586601], "75": [0.06915526500409988, 5.508029806940972], "76": [0.07302832164484718, 5.422895267265502], "77": [0.07803699614062716, 5.305550248081596], "78": [0.08340070890025277, 5.154003617109369], "79": [0.08786747185154738, 4.966176193096954], "80": [0.08962383583042687, 4.739963282530377], "81": [0.0863227165203426, 4.473198543390831], "82": [0.07536210611318332, 4.163866473202474], "83": [0.05468289145610632, 3.811603497777846], "84": [0.02445140910212892, 3.422165264952441], "85": [-0.010958630334057315, 3.013658523233297], "86": [-0.04387815839082962, 2.6142054090491276], "87": [-0.06821923063101795, 2.246948116483395], "88": [-0.08233446818443034, 1.9217237759487034], "89": [-0.08769275167402497, 1.6396677352031916], "90": [-0.08685262224521817, 1.3990050111300343], "91": [-0.0823412156192761, 1.1975192485301291], "92": [-0.07621596909262147, 1.033076980385599], "93": [-0.06996162517208948, 0.903605944574983], "94": [-0.06454586555925027, 0.8070968564775931], "95": [-0.0605405870463586, 0.7417362947753301], "96": [-0.058249919324336034, 0.7061053365874123], "97": [-0.05781060367460051, 0.6993589817303171], "98": [-0.05924999760654943, 0.721336126159845], "99": [-0.06249790339172347, 0.772581735951128], "100": [-0.06735184885206624, 0.8542783820428835], "101": [-0.07339716965279938, 0.9680954291687048], "102": [-0.07988999429662577, 1.1159877431079566], "103": [-0.08562710580525841, 1.3000136945276113], "104": [-0.0888498762159439, 1.5222594812364076], "105": [-0.08725713494194672, 1.784871589043605], "106": [-0.07825229246978531, 2.089894593437092], "107": [-0.059676194594310485, 2.437955529946695], "108": [-0.0313989754256332, 2.824125585332338], "109": [0.002637873705615604, 3.23158489670042], "110": [0.034913836267268274, 3.6326459895722603], "111": [0.05901181064065468, 4.0031355578204755], "112": [0.07289016447510943, 4.332058297736735], "113": [0.07782030924367814, 4.6177435233898265], "114": [0.07631568281315855, 4.861826867610721], "115": [0.07092801109903438, 5.066507165509089], "116": [0.06376353542806987, 5.233912542129953], "117": [0.056358255247715316, 5.366103145399224], "118": [0.04972315636017728, 5.465079350254444], "119": [0.04446177576921953, 5.53265941337261], "120": [0.0408987658646987, 5.5702837250073856], "121": [0.03918293713794601, 5.578832098965492], "122": [0.039348462032008924, 5.558508049701485], "123": [0.04132967452327505, 5.5088108442998385], "124": [0.04492892158135405, 5.428599057075531], "125": [0.04973881069515144, 5.31623768707173], "126": [0.055026757630501084, 5.169797733678033], "127": [0.059605270315482156, 4.987239605999605], "128": [0.06173439580879735, 4.76649323845513], "129": [0.059130182234193855, 4.505428426738889], "130": [0.049202117062104936, 4.202004425204249], "131": [0.029765449760985482, 3.8555305565894553], "132": [0.0006014171713838484, 3.4706948411957237], "133": [-0.03449231879703679, 3.0638981963034633], "134": [-0.06806507640966986, 2.662630122144383], "135": [-0.09361024589297315, 2.291356109407499], "136": [-0.10895773287737608, 1.961458449913444], "137": [-0.11530794852295713, 1.6748065202309597], "138": [-0.11515393911485972, 1.4298274705644283], "139": [-0.11105174349558213, 1.2243394822293852], "140": [-0.10512143081990702, 1.0562256680829807], "141": [-0.09891488563662684, 0.9234402856418255], "142": [-0.09345727372654519, 0.8239983764892634], "143": [-0.08936295687926511, 0.7560946299757341], "144": [-0.0869637437835562, 0.7182975603273871], "145": [-0.08641225451511961, 0.7097323601975816], "146": [-0.08774349366385921, 0.7301972344616008], "147": [-0.09088972130877881, 0.7801914666694916], "148": [-0.0956479976133898, 0.8608512544249377], "149": [-0.10160193126058573, 0.9738018126301956], "150": [-0.1080060077837834, 1.1209580805289288], "151": [-0.11365663954016457, 1.3043438044855669], "152": [-0.1167971451888565, 1.5260152612360052], "153": [-0.11513150348487733, 1.788090301443296], "154": [-0.10607226131306806, 2.0925793596853155], "155": [-0.08747347463683276, 2.4400622937611147], "156": [-0.05921790991015285, 2.825556561663081], "157": [-0.025242859203317158, 3.232230003013909], "158": [0.006964244129357811, 3.6324677606619957], "159": [0.03102221256994295, 4.002177744500141], "160": [0.04490101813333711, 4.330375802241829],