{"0": [-5.247960836692665e-06, 3.3134817568508677], "1": [-0.0003441496426578313, 3.3061674878027616], "2": [-0.0011849641815428178, 3.2880568109461685], "3": [-0.002477038795837541, 3.260316447845358], "4": [-0.004139827419013121, 3.224747390192789], "5": [-0.00606567670001435, 3.183679271842992], "6": [-0.008125921942291742, 3.13982215543394], "7": [-0.010180489203652467, 3.096082464932726], "8": [-0.012089738955214088, 3.055358442943365], "9": [-0.013726246085714272, 3.0203364052773667], "10": [-0.014984236294005495, 2.9933088575393585], "11": [-0.015785474668744196, 2.9760293440270575], "12": [-0.016081863518499828, 2.969610210812632], "13": [-0.015856025954079537, 2.9744625961950772], "14": [-0.015121258606752236, 2.9902753783415386], "15": [-0.013921501343570133, 3.0160312371379923], "16": [-0.012330868876173214, 3.0500611484432323], "17": [-0.01045144579626214, 3.090140518040076], "18": [-0.008407983302294357, 3.133628307522324], "19": [-0.006339010371352395, 3.1776442405554186], "20": [-0.004385308413086473, 3.2192705344737074], "21": [-0.002677902603935997, 3.255757732874495], "22": [-0.0013279579331707898, 3.2847129495796157], "23": [-0.00042008357280762937, 3.304253922139691], "24": [-9.098036908858341e-06, 3.313120803063416], "25": [-0.00011913265582753725, 3.310745189487825], "26": [-0.0007436310782012774, 3.2972794856734526], "27": [-0.001845383086968466, 3.2735890029554984], "28": [-0.003356805582492317, 3.2412061701992085], "29": [-0.005181636290534656, 3.2022438092133987], "30": [-0.007199470457886924, 3.159265322263289], "31": [-0.00927388976593772, 3.1151150081419376], "32": [-0.011263561303406952, 3.072720151706927], "33": [-0.013034354726779225, 3.0348841792893113], "34": [-0.014470038636724344, 3.00409287157601], "35": [-0.015479781797476996, 2.9823517944955045], "36": [-0.016002082730125513, 2.971064962034764], "37": [-0.01600605257846467, 2.9709566199436845], "38": [-0.015491507096202124, 2.9820334477779613], "39": [-0.014488918595145285, 3.0035843302360594], "40": [-0.013059263269627946, 3.0342176031677646], "41": [-0.011292765658795749, 3.0719384922469315], "42": [-0.009305089266044208, 3.1142694708209935], "43": [-0.007229997593382315, 3.1584118569624735], "44": [-0.005208779304531605, 3.2014389504544516], "45": [-0.0033781453109983247, 3.240502799042586], "46": [-0.0018590288942038145, 3.2730326323785266], "47": [-0.0007482967711067712, 3.296905462204697], "48": [-0.0001140769084505453, 3.3105768881569935], "49": [5.984875815952477e-06, 3.3131686489170638], "50": [-0.0003950382962887651, 3.304515004677919], "51": [-0.0012934147880934157, 3.28517109902041], "52": [-0.002634829373417198, 3.2563841132575377], "53": [-0.004335274581480089, 3.220024962924849], "54": [-0.0062841833752969554, 3.1784774593655047], "55": [-0.00835096479457166, 3.1344852659265157], "56": [-0.01039496936146766, 3.090964416484655], "57": [-0.01227745543700083, 3.0507977161418136], "58": [-0.013873191788225579, 3.0166326247263537], "59": [-0.015079499656280913, 2.9907032082363925], "60": [-0.015821703460858698, 2.9746900200651276], "61": [-0.01605540733807249, 2.9696230963862345], "62": [-0.015766938125878094, 2.97582682368596], "63": [-0.014973286942655317, 2.992903401750168], "64": [-0.013722071443927968, 3.0197534071712253], "65": [-0.012090936158753389, 3.0546351284780235], "66": [-0.010185036629265136, 3.0952658871782375], "67": [-0.00813130424227065, 3.1389661591695663], "68": [-0.006069161319444856, 3.1828405994861964], "69": [-0.004138810210602448, 3.2239814046098236], "70": [-0.0024693384621438824, 3.2596730923480566], "71": [-0.0011689747066113015, 3.287577320047976], "72": [-0.00031883716258703627, 3.3058820744788586], "73": [2.9944641473500257e-05, 3.313408207367959], "74": [-0.00014305328047749973, 3.309673491269888], "75": [-0.0008275792954634216, 3.2949174092271933], "76": [-0.0019827361489520292, 3.2700887857394974], "77": [-0.003537357753357578, 3.236795247933199], "78": [-0.0053919751227527405, 3.197211363547816], "79": [-0.007423769248466829, 3.153943717157982], "80": [-0.00949511998654079, 3.109857054414257], "81": [-0.011464948914207471, 3.0678741919625647], "82": [-0.013200788983234634, 3.030769633559303], "83": [-0.014589163768727573, 3.0009787521818394], "84": [-0.015542646997309893, 2.9804398632531415], "85": [-0.016003404757991262, 2.9704781332293764], "86": [-0.015944258156809134, 2.971732428655042], "87": [-0.015368719764326707, 2.9841221642199707], "88": [-0.014310953882070076, 3.0068515304440506], "89": [-0.01283555959722151, 3.038451403639199], "90": [-0.011036083249886308, 3.0768618523122457], "91": [-0.009030815634846201, 3.1195576765034816], "92": [-0.006955018302970004, 3.1637144768617285], "93": [-0.004950052402861792, 3.206404487227339], "94": [-0.003151255837627928, 3.2448034788963827], "95": [-0.0016770104059376408, 3.276386724257945], "96": [-0.0006208830551111271, 3.2990952298250793], "97": [-4.7366240847559805e-05, 3.3114613451344552], "98": [9.604526625735155e-06, 3.312691168212119], "99": [-0.00045319831198719767, 3.302706196523572], "100": [-0.001408348877826569, 3.28214722444732], "101": [-0.0027978803608340467, 3.2523409083241908], "102": [-0.004534367886557157, 3.215226478659149], "103": [-0.006504425831642856, 3.1732396909287504], "104": [-0.00857568384892703, 3.129155063320594], "105": [-0.010607093995815147, 3.0858952233247168], "106": [-0.012460983913992033, 3.0463245742783873], "107": [-0.014014448799020753, 3.0130491141063227], "108": [-0.01516798396217951, 2.988242424852892], "109": [-0.01585050456127084, 2.9735106579934616], "110": [-0.016021321579320968, 2.9698007383557545], "111": [-0.01567046451804077, 2.9773500568583926], "112": [-0.014818619640731258, 2.9956744263802033], "113": [-0.013517075723802684, 3.0235931742660673], "114": [-0.011846972302899616, 3.0592933706891503], "115": [-0.00991645281270762, 3.1004363542142], "116": [-0.007854492210370328, 3.1443067651050334], "117": [-0.00580123290114229, 3.1879971731655536], "118": [-0.003896122289405231, 3.228612758558568], "119": [-0.002266167097061109, 3.2634747203158083], "120": [-0.0010165690592780956, 3.2903014379710447], "121": [-0.00022491516949752884, 3.3073526983056056], "122": [6.136287253331817e-05, 3.3135309833177695], "123": [-0.0001744525365508406, 3.3084406038185836], "124": [-0.0009184140007639275, 3.292407948482811], "125": [-0.002125940758307991, 3.266464628863112], "126": [-0.0037223103831690273, 3.2322921401864932], "127": [-0.00560491848090168, 3.192124830748341], "128": [-0.007648657306775802, 3.1486099237456155], "129": [-0.009714872631495862, 3.104629676654433], "130": [-0.01166291912485212, 3.063099408892582], "131": [-0.01336214588068269, 3.026761904848209], "132": [-0.014701934144882332, 2.9979998214882797], "133": [-0.015598312712393599, 2.9786825324604895], "134": [-0.01599712900740309, 2.9700552932499975], "135": [-0.015874913808602665, 2.9726711075591483], "136": [-0.015238876533521873, 2.98636218088259], "137": [-0.014126872112771069, 3.010248610391806], "138": [-0.012607102939508804, 3.04278500596341], "139": [-0.01077637710522474, 3.0818481057567464], "140": [-0.008755498864868247, 3.1248674646844967], "141": [-0.0066810671744643, 3.1689958379141814], "142": [-0.0046943361883274625, 3.2113074306668246], "143": [-0.0029291095199406175, 3.2490046117559412], "144": [-0.0015011027344390188, 3.279611128112403], "145": [-0.0005005222287392926, 3.301133812526304], "146": [1.179487961108176e-05, 3.312182962892482], "147": [5.6244996399025705e-06, 3.312049643166017], "148": [-0.0005185621159530128, 3.3007426496257706], "149": [-0.0015296448890160094, 3.2789879494672434], "150": [-0.0029660190818810413, 3.2481906157642553], "151": [-0.004736891902259591, 3.2103565071017792], "152": [-0.006726160949019175, 3.167971018068515], "153": [-0.008799828632597637, 3.123836726597693], "154": [-0.010816627035358633, 3.080879824469458], "155": [-0.012640121376290574, 3.0419433758693875],