{"0": [9.00507492573411e-06, 1.9208336060032325], "1": [0.0006083024761822514, 1.9406192172400292], "2": [0.00226007928384042, 1.9907080219103277], "3": [0.005297532961334185, 2.070718153445334], "4": [0.01021014900032231, 2.1799387515736144], "5": [0.017556911996179432, 2.317159156049981], "6": [0.02782202994502745, 2.4803759143898927], "7": [0.041210572754479896, 2.6663572554997237], "8": [0.0574235164755022, 2.870148407301412], "9": [0.07552439985413298, 3.084810241589256], "10": [0.09404931563492284, 3.30182081516475], "11": [0.1113986397850664, 3.5122651490506924], "12": [0.12631216149924757, 3.7082556397501065], "13": [0.13814598320585425, 3.8837866232986986], "14": [0.1468575217399931, 4.034779820563449], "15": [0.1528116097330499, 4.158659019821455], "16": [0.15655474207086995, 4.253856445907226], "17": [0.1586357498809326, 4.319439788990382], "18": [0.15948884208230654, 4.354880750873418], "19": [0.15936784464219028, 4.35992835193978], "20": [0.15831623224490696, 4.334551538298768], "21": [0.15616288755251626, 4.278932122197358], "22": [0.15254197088901042, 4.193505218254512], "23": [0.14694405878741304, 4.079059877672073], "24": [0.1388125322468957, 3.936929429845574], "25": [0.12769943205692755, 3.7693106825896563], "26": [0.11347816402179774, 3.5797209936958914], "27": [0.09656167999500542, 3.3734773870634758], "28": [0.07800089517983017, 3.1578647506084856], "29": [0.059318773596747795, 2.941578797259149], "30": [0.0420825714251945, 2.7334348948704377], "31": [0.027448099166235335, 2.5410038374627604], "32": [0.015938358836439636, 2.3699132968263004], "33": [0.007503547401493701, 2.223923671318016], "34": [0.0017299643250566358, 2.1053899228257253], "35": [-0.0019396926985755874, 2.015739411445141], "36": [-0.004038867039972345, 1.9558166545828524], "37": [-0.004970973119937724, 1.9260919262228469], "38": [-0.00495139688583877, 1.9267727528186005], "39": [-0.003982860158449248, 1.9578509598945046], "40": [-0.0018555675005403473, 2.0191010371817746], "41": [0.0018277955186230114, 2.1100297891319975], "42": [0.007593552940675265, 2.2297614792650986], "43": [0.01599032195850466, 2.3768260896518725], "44": [0.027421387188300946, 2.5488128857547037], "45": [0.041925282887203624, 2.7418953336969056], "46": [0.05896915681538856, 2.950380175374765], "47": [0.07739160081109589, 3.166650453617476], "48": [0.09562563459162356, 3.3818819389203036], "49": [0.11215397942121966, 3.587411542564152], "50": [0.12593491334896786, 3.77601570390476], "51": [0.1365657891986819, 3.942447388830385], "52": [0.14418260069114786, 4.0832525176390595], "53": [0.14924084777691815, 4.1962844571379705], "54": [0.15230293292409924, 4.280247062394813], "55": [0.15388294010361914, 4.334378345930566], "56": [0.15435092114931834, 4.358263622544652], "57": [0.1538822625143962, 4.351738330893946], "58": [0.15243818978815377, 4.314851004271047], "59": [0.14977041434471935, 4.247873804512711], "60": [0.14545170313677022, 4.151363581526446], "61": [0.13894247047809496, 4.026292460555137], "62": [0.12970853148123435, 3.874282902422679], "63": [0.11740044735171824, 3.697981887862332], "64": [0.10207740211274388, 3.5015488012873663], "65": [0.08439674787509908, 3.291063207292441], "66": [0.0656237665856757, 3.074452787628436], "67": [0.04735234644378294, 2.8606190036176824], "68": [0.031032419909156082, 2.658020564039985], "69": [0.01758378536905345, 2.473508372254043], "70": [0.007290964099978726, 2.3119504724392015], "71": [-6.123417454833636e-05, 2.176507950954597], "72": [-0.004962887378209523, 2.069132188020134], "73": [-0.007975901515177837, 1.9909969674518417], "74": [-0.009591193611210658, 1.9427866528335316], "75": [-0.010143033933006217, 1.924862491936271], "76": [-0.009765388964474982, 1.937346300494678], "77": [-0.00837741690138429, 1.9801477171520143], "78": [-0.005692792596369628, 2.052944456818645], "79": [-0.0012563668772694815, 2.155109585838118], "80": [0.005480395726196278, 2.285563512391658], "81": [0.015029971166111255, 2.4425136976978], "82": [0.027678085514686812, 2.6230529482531906], "83": [0.043258360650053305, 2.822665952153047], "84": [0.060986136805212345, 3.034881863216292], "85": [0.07950174542872045, 3.2514918927523855], "86": [0.0972032506557636, 3.46357375992899], "87": [0.11272467742435409, 3.6629232102673006], "88": [0.12527391351781614, 3.8430818612476276], "89": [0.1346807234116527, 3.999554981756741], "90": [0.1412318401333393, 4.129459768376484], "91": [0.14544463632011803, 4.231027070402066], "92": [0.147875078898195, 4.30319703147471], "93": [0.14898729267767072, 4.345358386286952], "94": [0.14907750622964214, 4.35720147444969], "95": [0.1482369972559813, 4.338647301914629], "96": [0.14634248213769968, 4.2898299125590285], "97": [0.14307037099625955, 4.211125785025369], "98": [0.1379401118836719, 4.103239354717298], "99": [0.13039927891050798, 3.9673703109612224], "100": [0.11996526824008134, 3.805500910351206], "101": [0.10642653783594323, 3.6208239632304733], "102": [0.09006563101899571, 3.4182323165204753], "103": [0.07179509232330816, 3.2045867205145457], "104": [0.053056507975272275, 2.9883388363435914], "105": [0.03543968517206336, 2.7783714734853904], "106": [0.020211305458741988, 2.5825878316016797], "107": [0.008032251765575633, 2.4070398170776977], "108": [-0.0010361953970064713, 2.2558581764073367], "109": [-0.007344143591442362, 2.131663143069715], "110": [-0.011429000512135488, 2.0360544249381656], "111": [-0.013835543288236097, 1.9699859044019752], "112": [-0.014997676652454833, 1.9339998748714902], "113": [-0.015171495390376636, 1.9283559404931243], "114": [-0.014404485913356871, 1.9530898712529163], "115": [-0.012530774197394033, 2.008021647011193], "116": [-0.009190642617593437, 2.0927158325002386], "117": [-0.0038812320835108463, 2.2063819325505967], "118": [0.0039478910788164935, 2.347685787394244], "119": [0.014740386295923332, 2.514433692323671], "120": [0.02862267916867203, 2.703120728248717], "121": [0.0451879851760334, 2.908457447463282], "122": [0.06339796479059837, 3.1232021834498975], "123": [0.08174455374007507, 3.338707238192287], "124": [0.09867102068683338, 3.54619188186793], "125": [0.11302355013040759, 3.738095745974746], "126": [0.12427374380279807, 3.9087813271718783], "127": [0.1324626119559442, 4.054469350912588], "128": [0.13799510049562796, 4.172785810523868], "129": [0.1414214942468394, 4.262288050348041], "130": [0.14327035393740575, 4.322120734548675], "131": [0.14394214613935646, 4.351806829352684], "132": [0.1436509169570264, 4.351135593513476], "133": [0.14239944265558288, 4.320115245208224], "134": [0.1399793705316138, 4.258974577256223], "135": [0.13599641485527736, 4.168213547503316], "136": [0.12992916543378538, 4.048718580100693], "137": [0.12123596071120597, 3.9019746130835564], "138": [0.10952206363520361, 3.73041064509309], "139": [0.09475735198063934, 3.537870759913321], "140": [0.07747957599575289, 3.3300562599874834], "141": [0.058847710580652336, 3.114571957866544], "142": [0.04041804831884671, 2.9002066004035116], "143": [0.023693160161482124, 2.6955757208570836], "144": [0.00970261781092899, 2.5078610747589596], "145": [-0.0011566450069208983, 2.342283756418381], "146": [-0.009020116520309394, 2.202286735191002], "147": [-0.014338819755364886, 2.090014414142111], "148": [-0.017668930148054523, 2.0067642586151524], "149": [-0.019518016127492897, 1.9532999258749304], "150": [-0.020250107806409637, 1.9300364759830193], "151": [-0.020035474662282938, 1.9371366216816246], "152": [-0.01883146848848089, 1.9745469894748797], "153": [-0.016387670714510777, 2.041986640125016], "154": [-0.012277275258371951, 2.138884595922315], "155": [-0.005964821393606413, 2.264247132300396], "156": [0.0030748351371620184, 2.4164201029279853], "157": [0.015176664892334676, 2.592713317579333], "158": [0.030263325877304032, 2.7889166400246066], "159": [0.04766124245517502, 2.9989069163438793], "160": [0.06609936640745563, 3.2147437175755735], "161": [0.08399390961041328, 3.42755945770016],