{"0": [-1.4703848085444115e-06, 4.6634947719056745], "1": [-0.00011718682572700939, 4.640999271151597], "2": [-0.0006009662341427953, 4.583919104700217], "3": [-0.0019535905584354947, 4.492338257373031], "4": [-0.004959700102350026, 4.36646621873372], "5": [-0.010619093779813779, 4.206779419719759], "6": [-0.019990976643769066, 4.01432542843995], "7": [-0.03390018152947634, 3.791344236402896], "8": [-0.05248668656841285, 3.542326953504735], "9": [-0.07473116462024967, 3.275221821452835], "10": [-0.09836121592715355, 3.001641732135053], "11": [-0.12053440025532966, 2.7348477902226342], "12": [-0.13897395198189283, 2.486416920310552], "13": [-0.15265968768471802, 2.2642351933882203], "14": [-0.1617374016367103, 2.072725491255414], "15": [-0.16704168178121911, 1.9140704579450425], "16": [-0.16964251986564927, 1.7892769734451663], "17": [-0.17055045616957382, 1.6987959879876258], "18": [-0.17056079387925807, 1.6428230140665463], "19": [-0.17018504918946334, 1.6214355512929386], "20": [-0.16962710042949228, 1.6346551190302907], "21": [-0.16877775321357322, 1.682467117384741], "22": [-0.1672176779170204, 1.764806274075474], "23": [-0.16423465769363768, 1.8815034900487855], "24": [-0.15887713330101275, 2.0321699274303717], "25": [-0.15008215365442354, 2.215948196665044], "26": [-0.13692803575929438, 2.4309920007260626], "27": [-0.11904641405454228, 2.673523129724615], "28": [-0.09711670031986455, 2.93659498320757], "29": [-0.0731094420580068, 3.209474689181315], "30": [-0.04981739798063864, 3.4790384967764414], "31": [-0.029760317888062923, 3.7329905927058467], "32": [-0.01430722039101133, 3.962421044134859], "33": [-0.003580930633999741, 4.162097512020762], "34": [0.0031183381857016112, 4.329362299341466], "35": [0.006831126401244846, 4.462970891138007], "36": [0.00860111315939167, 4.562360790271107], "37": [0.009287684776786202, 4.627284177324981], "38": [0.009479044248627838, 4.657638828118115], "39": [0.009459667211059303, 4.653391071196308], "40": [0.00920156322287487, 4.61454628849211], "41": [0.008365132743546281, 4.541154600907737], "42": [0.006311419554696272, 4.433352950148706], "43": [0.002143555011637742, 4.291460769985146], "44": [-0.00518864798157657, 4.116184664847965], "45": [-0.016672829852292115, 3.9090529956939046], "46": [-0.03286300968964982, 3.6732426412035677], "47": [-0.05338789283570657, 3.414785240386956], "48": [-0.07659827038872184, 3.1434749802610122], "49": [-0.09982685500334773, 2.8720749243607537], "50": [-0.12038172947028133, 2.61339348158937], "51": [-0.13656270545349652, 2.3773131115942467], "52": [-0.14795768329199832, 2.1699267892891183], "53": [-0.15510363914264483, 1.9944299000588537], "54": [-0.1589902601026672, 1.852344840423998], "55": [-0.16068089454667825, 1.7443659576538615], "56": [-0.16109113376906298, 1.6708028842538565], "57": [-0.16088114771648873, 1.6317871830355948], "58": [-0.16041271294693582, 1.6273667188081171], "59": [-0.1597362962278019, 1.6575452250464664], "60": [-0.15858994029168208, 1.7222851537285235], "61": [-0.15640775466163293, 1.821475380975707], "62": [-0.15235178055655862, 1.9548518734555573], "63": [-0.1453971245886039, 2.1218281220290334], "64": [-0.13451547923065893, 2.3211321756037053], "65": [-0.11900559226376776, 2.550089467698161], "66": [-0.0989668786632963, 2.8034850452724216], "67": [-0.07572491832839832, 3.072472216013811], "68": [-0.051761134272874994, 3.3448268733888655], "69": [-0.029865687331654362, 3.6074443029272496], "70": [-0.012039450467051262, 3.8495574405993747], "71": [0.0010037234726644922, 4.064182059205785], "72": [0.009612130430814705, 4.247525609165136], "73": [0.014702817580770508, 4.397745134677503], "74": [0.01734447593959779, 4.513991881836169], "75": [0.01850032450718487, 4.595883768566558], "76": [0.0188973585241751, 4.643254789495175], "77": [0.0189711731523166, 4.656040478546533], "78": [0.018847852752308693, 4.634227583809165], "79": [0.018340749218126375, 4.577842867929289], "80": [0.016956092218629985, 4.486976523976938], "81": [0.013917328495552368, 4.36184803228721], "82": [0.00823415631429067, 4.202947720367067], "83": [-0.0011420265236053281, 4.011340628803649], "84": [-0.015026145161182378, 3.7892844989078514], "85": [-0.03355332396914522, 3.5412780512723203], "86": [-0.055710805709803475, 3.2752492633414025], "87": [-0.07924680973020072, 3.0027537698120774], "88": [-0.10134481162784593, 2.7369815491262144], "89": [-0.1197444417910345, 2.4894651950977047], "90": [-0.13342667632021515, 2.2680869815654003], "91": [-0.14252847732345758, 2.077289834128515], "92": [-0.1478726158408354, 1.919281225019221], "93": [-0.1505181507652708, 1.79508892049579], "94": [-0.151466717807518, 1.7051792445240854], "95": [-0.15150657388444494, 1.6497582420615573], "96": [-0.15114344454987536, 1.628909696771553], "97": [-0.15057610470404975, 1.6426571891480297], "98": [-0.14969071777846701, 1.6909835950586578], "99": [-0.14806414891429096, 1.7738158963770245], "100": [-0.14498242649349175, 1.8909707104928974], "101": [-0.13949654165437123, 2.0420352157599435], "102": [-0.1305537606391622, 2.226111693263894], "103": [-0.11725415843021168, 2.441286868724487], "104": [-0.09926423334886451, 2.6836818501255593], "105": [-0.077303812408605, 2.9462328835180664], "106": [-0.05336729919005198, 3.2181352779567423], "107": [-0.030231997745237695, 3.486306860738163], "108": [-0.010368801471349422, 3.7385916874856817], "109": [0.004904009517311476, 3.966227990510828], "110": [0.01549361928443524, 4.164078562840798], "111": [0.022107625454414526, 4.329527595405676], "112": [0.02578008564929818, 4.461342014126709], "113": [0.02754130246483417, 4.558958331334009], "114": [0.028234828016055733, 4.622124371121869], "115": [0.028432611909554165, 4.650734053171351], "116": [0.02840310240950547, 4.644752335414814], "117": [0.028102664346830026, 4.604187331770908], "118": [0.027176931406450798, 4.529097748245545], "119": [0.024974688247678175, 4.419637497812373], "120": [0.0205928514006332, 4.2761565375314285], "121": [0.012987180099722436, 4.099416829066915], "122": [0.001196815562565052, 3.8910475650912657], "123": [-0.015276548280508789, 3.654396506091298], "124": [-0.03598054440823847, 3.395733127040852], "125": [-0.0591916489919775, 3.125070307413648], "126": [-0.0822280577529711, 2.8552163901711993], "127": [-0.10246177551828758, 2.5987949128919805], "128": [-0.1182901280982952, 2.3654036652055206], "129": [-0.12937710868282262, 2.160906045197867], "130": [-0.13629559569206703, 1.9883682777378213], "131": [-0.14003917435170402, 1.8492562145174727], "132": [-0.14165664780494133, 1.7442444675925064], "133": [-0.14204053217929213, 1.6736379198514382], "134": [-0.1418248744481024, 1.6375681533477244], "135": [-0.14134468340732975, 1.6360830555785666], "136": [-0.14062383438688522, 1.6691833111967609], "137": [-0.1393745947365759, 1.7368223760041612], "138": [-0.1370079265108985, 1.8388705877083873], "139": [-0.13266966814457465, 1.9750293185837828], "140": [-0.12533376083003553, 2.144647218636734], "141": [-0.11399831016542873, 2.346329279497271], "142": [-0.09803043705793643, 2.5771796475816626], "143": [-0.07764327652518332, 2.8316458434651275], "144": [-0.0542877105360933, 3.100513516452954], "145": [-0.030504745340721142, 3.37138203223208], "146": [-0.009024955791821221, 3.631319826851104], "147": [0.00828739716173504, 3.869959148948114], "148": [0.020845305805740236, 4.080692557354641], "149": [0.02906933623799854, 4.259964762895975], "150": [0.03389734977842793, 4.4060491504926595], "151": [0.036386213942923865, 4.518145146837321], "152": [0.03747076913600067, 4.595888130137823], "153": [0.03784282158778228, 4.639117617502209], "154": [0.03790072753438149, 4.647771302667695], "155": [0.03773311936940175, 4.621839584088005], "156": [0.03711657710391303, 4.561358422518393], "157": [0.035523099271775764, 4.466437350394981], "158": [0.032149157375714825, 4.337332805231933], "159": [0.025994152465489986, 4.174605577658959], "160": [0.01603138555518419, 3.979457450833851],