{"0": [-2.31492022357922e-05, 0.2161347635965335], "1": [-0.0015337359807924755, 0.22257624444312957], "2": [-0.005418917150402146, 0.23918563906795118], "3": [-0.0118054760804255, 0.2666340804747977], "4": [-0.020880347437800813, 0.30599225169406646], "5": [-0.03286000947560527, 0.3587081823840889], "6": [-0.047933437360926784, 0.4265529447886323], "7": [-0.06616620894453748, 0.511516628864686], "8": [-0.08735708688633037, 0.6156481960495619], "9": [-0.11085281431586022, 0.740865742764798], "10": [-0.1353506653568089, 0.8888144247852052], "11": [-0.1587355903996394, 1.0608855395865042], "12": [-0.17798584836242856, 1.2584882100750774], "13": [-0.1891367458332464, 1.4835864941545727], "14": [-0.18726009050175055, 1.7394376937299805], "15": [-0.16648275889151323, 2.031374416088839], "16": [-0.1204510246865695, 2.3669371768074257], "17": [-0.04505606700350549, 2.752081688761286], "18": [0.052776055312025415, 3.175588643038172], "19": [0.14826091741148084, 3.5950809077236636], "20": [0.2185348095896885, 3.971826302934196], "21": [0.25910058299427025, 4.298857570881674], "22": [0.274959288524589, 4.583273016838216], "23": [0.2726121233120217, 4.832491766490813], "24": [0.25787362645504147, 5.051529634390073], "25": [0.23556424497562742, 5.243393255129574], "26": [0.20953070371795476, 5.4098938303522], "27": [0.18268154035469203, 5.552359115671515], "28": [0.1570367513911544, 5.672126737924993], "29": [0.13383376757540705, 5.770773231533895], "30": [0.11369557919971952, 5.85010508339], "31": [0.096826189967416, 5.912006372623023], "32": [0.08318966755561874, 5.9582500426672755], "33": [0.07264697175733677, 5.990341503353883], "34": [0.06504676385828746, 6.0094159697788605], "35": [0.06027884928120379, 6.016182155973348], "36": [0.05830134058389022, 6.010896493183241], "37": [0.05914958275282346, 5.993355274192396], "38": [0.06292991857612916, 5.962899783998115], "39": [0.06979601611483698, 5.918438150783165], "40": [0.07990035754436303, 5.8584956714876935], "41": [0.09330988559828299, 5.781309755711334], "42": [0.10987597581058513, 5.684979647419927], "43": [0.1290596156723243, 5.567655503217587], "44": [0.14973411461162373, 5.42770499469085], "45": [0.17000857653540774, 5.26375185107951], "46": [0.1871126026262788, 5.074483646280024], "47": [0.19734575495664775, 4.858191643953753], "48": [0.19605458102575896, 4.61208701902604], "49": [0.17762746217444564, 4.33151249027966], "50": [0.13575268237526844, 4.009497321309592], "51": [0.06520470331055991, 3.638874023027223], "52": [-0.031287669777694004, 3.2239930156301546], "53": [-0.13322957226015286, 2.799699544376806], "54": [-0.21455341181885343, 2.410603274365613], "55": [-0.266103715138559, 2.071522090961881], "56": [-0.2913848777951777, 1.7772620038460005], "57": [-0.29682741748558944, 1.520035713383405], "58": [-0.28847393587796577, 1.2942202041305022], "59": [-0.2714019730885915, 1.0963821901137265], "60": [-0.2497095905390083, 0.9244997820420083], "61": [-0.22655298492935264, 0.7772156806630721], "62": [-0.20418978818851746, 0.6532867306268145], "63": [-0.18406881300648315, 0.5512892378739078], "64": [-0.1669837123369614, 0.46957421747148886], "65": [-0.15326457011027433, 0.4063932457527701], "66": [-0.14296356856890424, 0.36008697163269665], "67": [-0.1360033207799869, 0.32925600829583185], "68": [-0.13227859631308825, 0.31288118978932455], "69": [-0.1317169760326552, 0.3103936634797721], "70": [-0.13430808128022656, 0.3217073705700835], "71": [-0.14010822998004002, 0.3472241963258623], "72": [-0.1492217141524552, 0.38781360044510527], "73": [-0.16175382370612523, 0.44475917325174513], "74": [-0.17772635630809033, 0.5196589609252615], "75": [-0.19694708340755876, 0.6142717052986373], "76": [-0.21883506340212902, 0.7303262142214189], "77": [-0.24222459881847438, 0.8693563986747576], "78": [-0.26519056587167433, 1.0326663161936316], "79": [-0.2849342408057011, 1.2215251174986415], "80": [-0.2977321907329827, 1.437626899279357], "81": [-0.2989120854259078, 1.6837706584201135], "82": [-0.28285087549427246, 1.9646375372020712], "83": [-0.24325790044534515, 2.2871903010874934], "84": [-0.17505885405292881, 2.6583737910098835], "85": [-0.08144187077955656, 3.073023656369636], "86": [0.01669142329766765, 3.4954899992650916], "87": [0.09376301562138763, 3.881958195324997], "88": [0.1412230120045238, 4.218562005765346], "89": [0.1627353301624901, 4.510640512885924], "90": [0.16470906602637553, 4.765855080655537], "91": [0.15313784316447343, 4.9896976689413295], "92": [0.1330537605708061, 5.185505921523798], "93": [0.1085155044366297, 5.355234770026059], "94": [0.08264646909540029, 5.500189050066775], "95": [0.05768086583349903, 5.621557799696887], "96": [0.035057000747182175, 5.720693985718897], "97": [0.015572731452036545, 5.79914914078251], "98": [-0.0004237537339492048, 5.858543291805494], "99": [-0.012850858570811266, 5.900376082393996], "100": [-0.02174850639896971, 5.9258567608619925], "101": [-0.027180117275217405, 5.93578511756237], "102": [-0.029177032774580725, 5.930484186917583], "103": [-0.027717720015187512, 5.909775353308183], "104": [-0.02273777130621004, 5.872990215002491], "105": [-0.014172825996454913, 5.819022363660031], "106": [-0.00204152686557517, 5.746428603918512], "107": [0.013424564180844131, 5.653584661744767], "108": [0.031607119471877665, 5.538876183854505], "109": [0.051306534733022546, 5.400861830793056], "110": [0.07056899841490395, 5.23830534336635], "111": [0.08657312221523288, 5.049979117509332], "112": [0.0955780726090872, 4.834205896680448], "113": [0.09289829291066186, 4.588183535483243], "114": [0.07290502735858999, 4.307219125517615], "115": [0.029332120946858293, 3.9843716882527116], "116": [-0.042756154933393534, 3.6129109165112263], "117": [-0.13978304195223543, 3.198703521203231], "118": [-0.24055234431381045, 2.7780054277155664], "119": [-0.3199387624897163, 2.393903183108066], "120": [-0.3698849924429608, 2.059504147647788], "121": [-0.3941716139890687, 1.7693821150012017], "122": [-0.39918263005321675, 1.515994978042841], "123": [-0.39086743214252717, 1.293966787284892], "124": [-0.3742181641801231, 1.1000441866888506], "125": [-0.3532593689275852, 0.932332571554441], "126": [-0.331086670093967, 0.7895767631353078], "127": [-0.3099154898051172, 0.6706413093333571], "128": [-0.2911773197645977, 0.5742437906885483], "129": [-0.27567639441921865, 0.4989285003432137], "130": [-0.2637792503606788, 0.44319941968920834], "131": [-0.2555948935331496, 0.40570844906325276], "132": [-0.2511160787800694, 0.3854232372816792], "133": [-0.2503125213671341, 0.38174276208677915], "134": [-0.2531793620358083, 0.39455793600470085], "135": [-0.2597463325899333, 0.4242630560430188], "136": [-0.2700489091441021, 0.471719681247249], "137": [-0.28405736211207483, 0.5381678240384525], "138": [-0.30155801214263833, 0.6250804858405198], "139": [-0.32198826245170703, 0.733976622283484], "140": [-0.3442449583448578, 0.8662474254392343], "141": [-0.36650550313229713, 1.0230928228022649], "142": [-0.38610226563741173, 1.205669697630556], "143": [-0.399460238869214, 1.4154991311060507], "144": [-0.40206834743789127, 1.6551015086935108], "145": [-0.3884705932842106, 1.9287531905700686], "146": [-0.35247545671253, 2.242981150980284], "147": [-0.28865269643277675, 2.6049264917837633], "148": [-0.19833804761258755, 3.012273930451507], "149": [-0.0996560093321508, 3.4341225826121624], "150": [-0.018900727846692632, 3.8251580894077906], "151": [0.032783382266029254, 4.166936236893069], "152": [0.05795391306128167, 4.46315891365039], "153": [0.06285423557048411, 4.721448099919317], "154": [0.05355217547540454, 4.947538046005442], "155": [0.03519328547927616, 5.1449558381218194], "156": [0.011954597133604849, 5.315739519463097], "157": [-0.012917217377198895, 5.4611721923401335], "158": [-0.037059626316148446, 5.582332776368802], "159": [-0.05890682334970443, 5.680400854487838], "160": [-0.07754244096172, 5.756716961486113], "161": [-0.09251421549046641, 5.812669464086508],