{"0": [1.4929199501500198e-06, 4.763961325717242], "1": [7.329578200797196e-05, 4.7342374122740285], "2": [1.6430099228622843e-05, 4.658758535976845], "3": [-0.0008042762453627422, 4.537514708183651], "4": [-0.003389915821724615, 4.370671436153596], "5": [-0.00899660776342649, 4.158913914682516], "6": [-0.01884409771598648, 3.9042508189892944], "7": [-0.03354340833856851, 3.611736773558287], "8": [-0.052317139381884835, 3.2920752271643234], "9": [-0.07262938320893221, 2.9628798581256524], "10": [-0.09111487313006403, 2.6449801123214907], "11": [-0.10533182607676608, 2.35551910098842], "12": [-0.1146134813042083, 2.1046456020076847], "13": [-0.11964325854280594, 1.8970301479021225], "14": [-0.12167127117172157, 1.7344746083214002], "15": [-0.1219579798439047, 1.6175660275756807], "16": [-0.12149725780118663, 1.5464297975436208], "17": [-0.12091361629765693, 1.5210468189613742], "18": [-0.1204388400072904, 1.541394909609862], "19": [-0.11991079557438357, 1.6074932488739797], "20": [-0.11877407551002524, 1.7193607769632253], "21": [-0.11609809914858629, 1.8768809303258], "22": [-0.11066476078143732, 2.0795087487547237], "23": [-0.10121467261362307, 2.3255927829974214], "24": [-0.0869581197281038, 2.6108710870767196], "25": [-0.06833810502065045, 2.925969053573222], "26": [-0.04755979854591847, 3.254566271382285], "27": [-0.027952650040684437, 3.5759594379195656], "28": [-0.012253675805248344, 3.8718342500563434], "29": [-0.0014796872968221358, 4.130660547046658], "30": [0.004844171125021973, 4.346886422732536], "31": [0.007905714312586503, 4.518295358598964], "32": [0.008989968137348493, 4.644130866945543], "33": [0.00915386488943495, 4.724203278543085], "34": [0.009097116904443241, 4.758513824687088], "35": [0.009128459288743552, 4.747088457415253], "36": [0.009162609826043687, 4.689916176181737], "37": [0.008720528380487955, 4.586973823390107], "38": [0.006941583915267516, 4.438341226937066], "39": [0.0026525042875233697, 4.244453374574174], "40": [-0.005424861597573384, 4.006676709323259], "41": [-0.01821984279852653, 3.728618355187633], "42": [-0.03558265923529572, 3.4184766468431187], "43": [-0.055644176086190725, 3.09125560495763], "44": [-0.07517926054738028, 2.767260990974665], "45": [-0.09121654504202785, 2.4657411809543426], "46": [-0.10239637904322203, 2.199577489117148], "47": [-0.1089649083150691, 1.9752637909456046], "48": [-0.11202756624292191, 1.7954807490846225], "49": [-0.1128806432597908, 1.6611785527199685], "50": [-0.11263620272987113, 1.5726220205459225], "51": [-0.11206417386127557, 1.5298337021795578], "52": [-0.11154630959775197, 1.5327872263764708], "53": [-0.11107029953745833, 1.5814858472302298], "54": [-0.11022985429967391, 1.6759535435681248], "55": [-0.10823271696270544, 1.8161377727094958], "56": [-0.10395468273021884, 2.0016900945034615], "57": [-0.09611480335307904, 2.231472038355551], "58": [-0.08367704823862923, 2.5024154253469577], "59": [-0.06653873807189205, 2.8073478648997083], "60": [-0.04624136465433102, 3.1325514251611337], "61": [-0.0258525332728998, 3.458329215101362], "62": [-0.008515175939877336, 3.764744515095007], "63": [0.004085039446264299, 4.037630754106646], "64": [0.011950834594857969, 4.269508211310124], "65": [0.016086755271244084, 4.457185516540301], "66": [0.017787184115035968, 4.599494295011893], "67": [0.018211141103758297, 4.696083616597686], "68": [0.018193561229926214, 4.746901365579787], "69": [0.018185210521647732, 4.751970873292928], "70": [0.018242898768998234, 4.711295641015906], "71": [0.018029350708728225, 4.6248531930820915], "72": [0.016818389813687624, 4.492676113461991], "73": [0.01353712526137841, 4.31504454360038], "74": [0.006913763585814204, 4.0929140140112725], "75": [-0.004167204311503041, 3.8289099411738863], "76": [-0.020022544477239584, 3.529319692230433], "77": [-0.03942047271334123, 3.2066424070013677], "78": [-0.059488834623602126, 2.879815044705901], "79": [-0.07697391102151838, 2.5692238125239086], "80": [-0.08988886496614062, 2.2902241886559973], "81": [-0.09798413999002013, 2.0513065688500793], "82": [-0.10214702386519223, 1.8562146457754591], "83": [-0.1036572685592146, 1.7063589444375975], "84": [-0.10371258076590283, 1.602187371104392], "85": [-0.10320750804467875, 1.5437871811805564], "86": [-0.10265774185429845, 1.5311415241271256], "87": [-0.10218537969197461, 1.5642415264944631], "88": [-0.10151836657603194, 1.643106691026598], "89": [-0.09999381215019969, 1.767718724227654], "90": [-0.09659087070212703, 1.9378514732948515], "91": [-0.09005561092105069, 2.1526967248350397], "92": [-0.0792152154245506, 2.4099926400775153], "93": [-0.0635737069971272, 2.7042091359073686], "94": [-0.044077077351907405, 3.0239755671643875], "95": [-0.023378163560768554, 3.351210484587114], "96": [-0.004785787963155376, 3.6652978056977763], "97": [0.009442910921488393, 3.949812802385024], "98": [0.018803190036869488, 4.195249685295224], "99": [0.024051323295603933, 4.3972776588840325], "100": [0.026440476595464623, 4.554221448222868], "101": [0.027198841492637807, 4.665525648903126], "102": [0.027275063247377808, 4.7310625892139155], "103": [0.02724558867556268, 4.750839320355257], "104": [0.027293978815350766, 4.724868455944608], "105": [0.027209585457890408, 4.653134262789654], "106": [0.026389668205979724, 4.535645103101713], "107": [0.02386501008014435, 4.372584432130714], "108": [0.01840564850039379, 4.1646414238555876], "109": [0.008799256147410603, 3.913779219408496], "110": [-0.0055984630043698505, 3.6248837451252083], "111": [-0.02410025037167411, 3.308299439380704], "112": [-0.044284358065119274, 2.981204391760394], "113": [-0.06283533765663359, 2.6642527876411357], "114": [-0.07726044416483313, 2.3748037696034956], "115": [-0.08680253482186145, 2.1233633776064815], "116": [-0.0920760971840214, 1.9148758491341578], "117": [-0.09429682310000681, 1.751301551525727], "118": [-0.09471542336681683, 1.6333132698434605], "119": [-0.09432907638259849, 1.5610839793888183], "120": [-0.09377074278361908, 1.5346195387968673], "121": [-0.09328162167375977, 1.5539053536194862], "122": [-0.09270865902774077, 1.618953110118575], "123": [-0.091505899947257, 1.7297610591658186], "124": [-0.08875447714206532, 1.8861794852209972], "125": [-0.08325243223960754, 2.087615701105114], "126": [-0.07376201262663916, 2.3323522137492483], "127": [-0.05951743771643204, 2.616048675002841], "128": [-0.04097532607921196, 2.929280654653838], "129": [-0.020324387920914417, 3.2557825447569706], "130": [-0.0008465922604503906, 3.575021157255994], "131": [0.014766083169705761, 3.8688447630310265], "132": [0.02551203385774395, 4.1257806187542245], "133": [0.03185641026072239, 4.340254354883736], "134": [0.0349678773784117, 4.510003306659113], "135": [0.036112101081771035, 4.634228399713652], "136": [0.03632925752727329, 4.712706958944967], "137": [0.03630452800099241, 4.7454173846841075], "138": [0.03633291639687666, 4.7323744667499374], "139": [0.03631516103914969, 4.673570455029719], "140": [0.03575858012417, 4.569002973424845], "141": [0.033792733249410706, 4.418795136787462], "142": [0.02924606135947219, 4.223461233271501], "143": [0.020866358577170657, 3.9845164900433807], "144": [0.007789313733171493, 3.705840639074131], "145": [-0.00973143830906622, 3.3960426818639466], "146": [-0.0297346176054152, 3.0704963754420063], "147": [-0.04900312147201992, 2.749489035739747], "148": [-0.06468186658362873, 2.4518236316387645], "149": [-0.07553710719493062, 2.189890091319969], "150": [-0.08188042633112932, 1.9698992250393985], "151": [-0.08482546786007628, 1.7944292527676349], "152": [-0.08564584495334926, 1.6644131198133278], "153": [-0.08541930657141213, 1.580126995880577], "154": [-0.08487893640878406, 1.5416107135243082], "155": [-0.08436969953806896, 1.5488510163631843], "156": [-0.08384233905325862, 1.6018521059547186], "157": [-0.0828538415939443, 1.7006186570554866], "158": [-0.08057979416317616, 1.8450484457034884], "159": [-0.07588013898501103, 2.0346909842647616],