{"0": [2.6408271538606415e-05, 5.600360917267136], "1": [0.0017373606448186376, 5.586416058465834], "2": [0.006021616654727581, 5.550787634227687], "3": [0.012698548150629103, 5.4929084349471315], "4": [0.021409711089897518, 5.411950349552469], "5": [0.0315329893869546, 5.306918150417529], "6": [0.04207915891074437, 5.176737454302259], "7": [0.05159131258206244, 5.020291933251232], "8": [0.05807419224605453, 4.836367608383254], "9": [0.058984644025277096, 4.623500481902163], "10": [0.05133098804984329, 4.379818610766478], "11": [0.031999671715192586, 4.103174065690462], "12": [-0.0013895953452546651, 3.7922961117859355], "13": [-0.04861703327447869, 3.450208177987113], "14": [-0.10436203300600487, 3.0895017589905653], "15": [-0.15853847073123417, 2.7321855502110663], "16": [-0.2019380786080384, 2.3984240439749422], "17": [-0.23078887487012434, 2.097691034057014], "18": [-0.24586196627265608, 1.831210292571532], "19": [-0.24991559869545862, 1.5971587576305026], "20": [-0.24611961242371713, 1.3933619569713833], "21": [-0.23738784103956978, 1.2180458869987005], "22": [-0.2261375716215649, 1.0698305815283737], "23": [-0.2142305891811381, 0.9475509510652347], "24": [-0.20300431991368514, 0.8501241652751002], "25": [-0.19335341719683755, 0.7765192504895404], "26": [-0.18583284348765866, 0.725809966092172], "27": [-0.18075743126394037, 0.6972657557628109], "28": [-0.17827996814191813, 0.6904389933429217], "29": [-0.1784380876330745, 0.7052220459728705], "30": [-0.18116618606324303, 0.7418619656478648], "31": [-0.1862716374582248, 0.800930146334204], "32": [-0.19337673341481398, 0.8832521721205563], "33": [-0.2018317315788829, 0.9898142552796398], "34": [-0.2106115139055365, 1.1216784243586904], "35": [-0.2182169775664975, 1.2799519038008835], "36": [-0.22260855988180875, 1.4658510273864744], "37": [-0.22120371023217483, 1.6808578969050771], "38": [-0.2109892925362407, 1.9268670523404183], "39": [-0.18887765766914094, 2.206001438376803], "40": [-0.15262700619103237, 2.5193192913577334], "41": [-0.10279914413829778, 2.8631746395343622], "42": [-0.04519098696217389, 3.2240326344949546], "43": [0.009952848150259413, 3.5795532766588685], "44": [0.05381069919747603, 3.910334051920485], "45": [0.08308688973811548, 4.2077910458500005], "46": [0.0988023687511048, 4.471106682873008], "47": [0.1037851450690625, 4.7021787612125046], "48": [0.10119352144495966, 4.90314476601262], "49": [0.09390016934039255, 5.075728495100517], "50": [0.08427299188870212, 5.221273674726951], "51": [0.07412588093766882, 5.3409224320213795], "52": [0.06475510019523517, 5.435738885836489], "53": [0.05702331131151272, 5.506730943780637], "54": [0.05146259866363939, 5.554792845240454], "55": [0.048371953097160664, 5.58061405115081], "56": [0.04789194874154577, 5.58459509617594], "57": [0.05004744135049034, 5.566795546607028], "58": [0.05475479465574758, 5.52692527847552], "59": [0.06179313939821889, 5.464380803015172], "60": [0.07074164198027492, 5.378319820613922], "61": [0.08088930889790634, 5.267754967253135], "62": [0.09113142969663578, 5.131631671661948], "63": [0.09987518708712063, 4.968843869276981], "64": [0.10498257158458768, 4.778151833920367], "65": [0.10378400457575115, 4.558017111562762], "66": [0.09322183016176798, 4.306485255672518], "67": [0.07027778698357014, 4.021498350448292], "68": [0.03304849063261192, 3.702522940987185], "69": [-0.017104112770929217, 3.35466981126324], "70": [-0.07335821626231186, 2.993499767564279], "71": [-0.12525302155363535, 2.6417928857930635], "72": [-0.1648685045155342, 2.3171609816876386], "73": [-0.1898866336061516, 2.0263673912168243], "74": [-0.20181379305702493, 1.7694488691470274], "75": [-0.20360649809163456, 1.5443730215179776], "76": [-0.19839365256929317, 1.3490752077642993], "77": [-0.18896061784357973, 1.181923718796218], "78": [-0.1775717380361999, 1.0416358423421537], "79": [-0.16594056732886373, 0.9271025070485859], "80": [-0.15527699017259108, 0.8372835168524997], "81": [-0.1463762694777661, 0.7712031491425704], "82": [-0.13972202285909102, 0.7280166820995175], "83": [-0.13557969175074966, 0.707101797062018], "84": [-0.13406474724738623, 0.7081368266978512], "85": [-0.13517765619355807, 0.7311435452264082], "86": [-0.13880277635066351, 0.7764853568040748], "87": [-0.14467120556013804, 0.8448210331459388], "88": [-0.15229057753965367, 0.9370236699258808], "89": [-0.16085023602410764, 1.054088179084004], "90": [-0.16911834020860708, 1.1970665172473733], "91": [-0.1753553535290022, 1.3670767639179318], "92": [-0.1772731158217188, 1.5654122919928704], "93": [-0.17207658370688256, 1.7937120062801342], "94": [-0.15666426154114335, 2.054009871982908], "95": [-0.12818828901889054, 2.348170483795477], "96": [-0.08539983062547, 2.675663703903572], "97": [-0.031038034015186303, 3.0288033393328857], "98": [0.02663377337916789, 3.389160040341286], "99": [0.0772608315424432, 3.7341733830070702], "100": [0.11446335149495379, 4.04926906347349], "101": [0.13725934267973947, 4.330120181679485], "102": [0.14774366552557813, 4.577593241869597], "103": [0.14899791890332298, 4.793822630819701], "104": [0.14408089763327875, 4.9807490654821684], "105": [0.13563800433025258, 5.139878515672227], "106": [0.12577647195441552, 5.272417941013628], "107": [0.11606141015409993, 5.379438104753855], "108": [0.10757727658859505, 5.461949192064848], "109": [0.10102292815288594, 5.520881295961787], "110": [0.0968132571700688, 5.557007131848164], "111": [0.09516588073990812, 5.570852324625778], "112": [0.09615940994244355, 5.562627032088004], "113": [0.09975699485272685, 5.532197084836853], "114": [0.10579325893253158, 5.479100776500122], "115": [0.11392554549562953, 5.402608155084284], "116": [0.12355418724023025, 5.301808639026236], "117": [0.1337230896999556, 5.175697619012007], "118": [0.14302037599209944, 5.023218484479529], "119": [0.14950565326845427, 4.843217453819939], "120": [0.1506948137180458, 4.634303047408644], "121": [0.14364805938744235, 4.394690278234794], "122": [0.12527029105135343, 4.12229981771109], "123": [0.09310220657042255, 3.8157890510062327], "124": [0.04707236397918692, 3.477713859326614], "125": [-0.008021917520333488, 3.1197097216784604], "126": [-0.0624562497870251, 2.7631323830053605], "127": [-0.10682336178935681, 2.4286217321842405], "128": [-0.1369057934410678, 2.1265618734021015], "129": [-0.15317404617316552, 1.858732868611551], "130": [-0.15826120844490557, 1.6235145814191825], "131": [-0.15530685643248, 1.4187818153135714], "132": [-0.1472366647764977, 1.242771957319148], "133": [-0.13649808218445586, 1.0941230664256745], "134": [-0.1249903661996048, 0.9717060885785435], "135": [-0.11408919049532788, 0.8744898782775323], "136": [-0.10472357775841715, 0.8015038863455421], "137": [-0.09747571079543473, 0.7518842254108129], "138": [-0.09267826006714058, 0.724959556740118], "139": [-0.09049055952049354, 0.7203345657850844], "140": [-0.09094305062794163, 0.7379432387630093], "141": [-0.09394560774715231, 0.7780588133958161], "142": [-0.09925904071573054, 0.8412581526983335], "143": [-0.10643218958380057, 0.9283482052988846], "144": [-0.11471207130581494, 1.0402753404073162], "145": [-0.12294227891227705, 1.1780542233251994], "146": [-0.1294729542613038, 1.3427621563697922], "147": [-0.13211090899871636, 1.5356305414768934], "148": [-0.12814484268060633, 1.7582089111338104], "149": [-0.11451149911796978, 2.0124512427252568], "150": [-0.08827471137912117, 2.300300798039604], "151": [-0.047804039989177705, 2.6218283039469266], "152": [0.004984949114942022, 2.9708627072957325], "153": [0.0626977788997988, 3.3306651852706364], "154": [0.11494204994021653, 3.678549817502058], "155": [0.15447319549887395, 3.9981997022806604], "156": [0.1795525344577688, 4.283883574671545], "157": [0.19193088159211794, 4.535919651646084], "158": [0.19460484171599074, 4.756346937242255], "159": [0.190660788062052, 4.947144093257179], "160": [0.18281476673995228, 5.109859596377575], "161": [0.1732579256622064, 5.245714227689329],