{"0": [1.09470410329625e-05, 5.252315825238399], "1": [0.0007115929787266229, 5.230131031526765], "2": [0.00238281655485295, 5.173513765510388], "3": [0.004718117477833712, 5.081735298560286], "4": [0.007166119253632902, 4.95378023891433], "5": [0.008876259700560411, 4.788523719321431], "6": [0.008674695287717606, 4.584935695363024], "7": [0.005131595269514995, 4.342366088691434], "8": [-0.0031888315887763975, 4.0611506837854705], "9": [-0.017185001096988346, 3.7440199059585058], "10": [-0.03638126082133333, 3.398590586476917], "11": [-0.05829740322154612, 3.0394357033513133], "12": [-0.07908256957757294, 2.6858888224785264], "13": [-0.09544427850559985, 2.3552642524923937], "14": [-0.10602220811919455, 2.058125545763211], "15": [-0.1112126969829553, 1.7989482485167758], "16": [-0.11231044635287304, 1.5788239140655909], "17": [-0.11080853203345002, 1.3973885101623793], "18": [-0.10802674871793326, 1.25371630799308], "19": [-0.10497486312899901, 1.1466969555356297], "20": [-0.1023446706143152, 1.0752546740562177], "21": [-0.10055650660233047, 1.038532301337217], "22": [-0.09981303426092553, 1.0360421412831984], "23": [-0.10013358767277473, 1.0677546219476124], "24": [-0.1013572133693915, 1.134104244248235], "25": [-0.10311351956928821, 1.2359108475690301], "26": [-0.1047710991461104, 1.374233279901361], "27": [-0.10538743694378631, 1.5501842767303722], "28": [-0.10370377953587288, 1.7647142074778488], "29": [-0.0982541324521167, 2.018269272668083], "30": [-0.08768833415987558, 2.3100120400758857], "31": [-0.07141099386812, 2.6360944660747108], "32": [-0.05044191923857077, 2.9870090149238795], "33": [-0.027790620246307077, 3.3463370684882827], "34": [-0.007355747914628647, 3.6945896880549425], "35": [0.00805831545998548, 4.016167742394749], "36": [0.017665643602616465, 4.3024907340099405], "37": [0.022207605546882836, 4.550311808777946], "38": [0.02308980776532133, 4.759091244517936], "39": [0.021779221411923445, 4.929405362454269], "40": [0.019512157179086036, 5.062252824043778], "41": [0.01720378037831361, 5.158746893365606], "42": [0.015461779531692402, 5.219911305286385], "43": [0.014638467741804703, 5.246503748552191], "44": [0.014880647871778188, 5.238880500414423], "45": [0.01615533060338318, 5.19693092261789], "46": [0.01824290507297093, 5.120097256349729], "47": [0.02069988489996575, 5.007475890671587], "48": [0.02280478212413295, 4.857978076573585], "49": [0.02351636656354634, 4.670522514356289], "50": [0.02149489721866369, 4.4442723361444125], "51": [0.015264574962663877, 4.179065415919172], "52": [0.0036245334923089524, 3.8764285244154224], "53": [-0.013615952383516457, 3.541653445166542], "54": [-0.03481675599255373, 3.1864019955918694], "55": [-0.05651051441226591, 2.8286901376505487], "56": [-0.07494388396592395, 2.48748134588382], "57": [-0.08791399376860665, 2.176273681444233], "58": [-0.09519082672469532, 1.9017284423885596], "59": [-0.09780097213977494, 1.6660328842149617], "60": [-0.09721437536890136, 1.4692778936653617], "61": [-0.09484529597615224, 1.310718367398175], "62": [-0.09183406456513676, 1.189303156493114], "63": [-0.08899699763388413, 1.1039334542910837], "64": [-0.08685720335846923, 1.0536564975355418], "65": [-0.0856990171994754, 1.0378321344486272], "66": [-0.08561176510434325, 1.056248842350424], "67": [-0.08650558714884683, 1.1091631381413014], "68": [-0.08809435097253229, 1.1972528041464734], "69": [-0.08985112793546335, 1.3214938959240463], "70": [-0.09095427998081267, 1.482987700072923], "71": [-0.09025966362608587, 1.6827593918096904], "72": [-0.08635771432808997, 1.9214844668866304], "73": [-0.0778037208774173, 2.1989240630248776], "74": [-0.06363148501100543, 2.512606158880076], "75": [-0.0441697100778685, 2.8554185494149196], "76": [-0.021721655268061323, 3.2133926111019284], "77": [-6.943985191640127e-05, 3.56741816041745], "78": [0.017390016858299773, 3.8997973244393354], "79": [0.029126784603581563, 4.199369094991385], "80": [0.03541643274481102, 4.4612294211584596], "81": [0.03750271173424193, 4.684067720313311], "82": [0.03687419874033412, 4.868147106234038], "83": [0.0348685026200405, 5.014342582733982], "84": [0.03252009393494574, 5.12373668410017], "85": [0.0305441802673172, 5.1973937431017045], "86": [0.029379910686693423, 5.236174639020543], "87": [0.029243847163067188, 5.240583778462229], "88": [0.0301655511891346, 5.210676453024323], "89": [0.03199245841933152, 5.146048085485192], "90": [0.03436255207598292, 5.0459084557362575], "91": [0.03665415321598857, 4.909224680119194], "92": [0.037936220844129814, 4.734904546130531], "93": [0.036961924927145354, 4.522011522967719], "94": [0.03227364853864214, 4.270101507418918], "95": [0.022518069782369057, 3.9799845674499146], "96": [0.007073328242792318, 3.655415422340027], "97": [-0.01309647665934184, 3.3057164917609057], "98": [-0.0350431008848822, 2.947104910038701], "99": [-0.05488521328072147, 2.599024224146276], "100": [-0.06978047366639369, 2.2772195180081174], "101": [-0.07889003436424413, 1.9904623037264868], "102": [-0.08291909530182226, 1.7421326269652344], "103": [-0.08325755555346495, 1.5328439991676481], "104": [-0.08137012027868493, 1.3620619774796658], "105": [-0.07849749284360294, 1.228816269867587], "106": [-0.07556139345170622, 1.1320154628776282], "107": [-0.07317561167363525, 1.0706524164501865], "108": [-0.07169677107592222, 1.043980417352692], "109": [-0.07127362637459574, 1.0516481733543215], "110": [-0.07187260017448477, 1.0937651618820057], "111": [-0.0732709744253804, 1.1708817848392836], "112": [-0.07501991726502838, 1.2838882128358131], "113": [-0.07639118872012088, 1.4338540328995428], "114": [-0.07633724588571111, 1.6218356004273862], "115": [-0.07351590194222077, 1.8486359185273404], "116": [-0.06645838770290019, 2.1143628366536134], "117": [-0.053987973013013085, 2.4173906738740065], "118": [-0.03595989428372968, 2.752260959148624], "119": [-0.014067906744258838, 3.1071161725629857], "120": [0.008201797227758365, 3.463862563349599], "121": [0.027137506513591977, 3.8036710694898366], "122": [0.04060273067381298, 4.113263997531192], "123": [0.048413024391815114, 4.386131622418675], "124": [0.051610766925078655, 4.62014824930198], "125": [0.05166291182487002, 4.815234550847647], "126": [0.04997285503044459, 4.972127121797687], "127": [0.047668546005124775, 5.091859938094612], "128": [0.0455551980641313, 5.175508633594096], "129": [0.044146604679084184, 5.2239979847854805], "130": [0.04371869556121871, 5.237937813859612], "131": [0.0443516653768716, 5.217510973761299], "132": [0.04594388929763803, 5.162438800322984], "133": [0.04819315533718979, 5.072032600395619], "134": [0.050551446688073, 4.945320023894921], "135": [0.05217251771281755, 4.781219669913595], "136": [0.05188941818687094, 4.57874502363655], "137": [0.04828281057540003, 4.337291879109545], "138": [0.039930648531232626, 4.057247128472199], "139": [0.025947882112887607, 3.7413927511722767], "140": [0.006813388693314477, 3.3973703574706144], "141": [-0.015012130114149272, 3.0397071338277786], "142": [-0.03571663399570163, 2.6876273235150707], "143": [-0.05203938309241116, 2.358360105070977], "144": [-0.06262758995407262, 2.0624617963223115], "145": [-0.06786809079311508, 1.8044496000458732], "146": [-0.06904145518062457, 1.5854665647665283], "147": [-0.06762845166195362, 1.4051960028276442], "148": [-0.06494011983696196, 1.2627559117492249], "149": [-0.061980608499296444, 1.1570789967105946], "150": [-0.0594378922595902, 1.0871327156872292], "151": [-0.05772851321816848, 1.0521016259679659], "152": [-0.057049398980444074, 1.0515347170435054], "153": [-0.057410164796404047, 1.0854294627018009], "154": [-0.058634253226624924, 1.1542327982079867], "155": [-0.060328577734318455, 1.2587581442729534], "156": [-0.06183257800211554, 1.4000367826429294], "157": [-0.06217238924898927, 1.5791316466476624], "158": [-0.06006594981370908, 1.79691400087187], "159": [-0.05405105109945207, 2.053690138342563], "160": [-0.04283824573056236, 2.3483407227120754],