{"0": [8.069039289153338e-06, 2.9962229900368347], "1": [0.0005301522849092574, 3.000495299064476], "2": [0.0018343095289229628, 3.01115676050771], "3": [0.0038657065964601447, 3.0277347793145806], "4": [0.00653718191187435, 3.049489931386793], "5": [0.00973119799855284, 3.075444345520607], "6": [0.013303672159185372, 3.1044222091253375], "7": [0.01709012445129055, 3.1351021423186025], "8": [0.02091404320903285, 3.166079526044536], "9": [0.024596739090741046, 3.1959350447053305], "10": [0.02796749320878631, 3.2233043879884615], "11": [0.03087270793442783, 3.2469437917799877], "12": [0.03318308466431539, 3.265786998630513], "13": [0.034798439922659845, 3.278990905507038], "14": [0.03565038109485884, 3.285968980489594], "15": [0.035703465328291766, 3.286412863450707], "16": [0.03495554089692166, 3.2803031069962985], "17": [0.03343773608715858, 3.2679097996555], "18": [0.031214136880191763, 3.2497831393902614], "19": [0.02838075517580985, 3.226733316289067], "20": [0.025063111782624322, 3.199798751638353], "21": [0.021411775907302016, 3.1702021502499442], "22": [0.017595552819650286, 3.139295039171429], "23": [0.013792598715286368, 3.108493234328157], "24": [0.010180350829333903, 3.0792074268881087], "25": [0.006925537427056978, 3.052774140295065], "26": [0.004175508566114752, 3.030392233155211], "27": [0.0020517150171829477, 3.013068943898272], "28": [0.0006455425102567903, 3.0015776794723177], "29": [1.6137610819560206e-05, 2.996428020701182], "30": [0.00018954558848340768, 2.997847291673267], "31": [0.001158499554014951, 3.0057727301628883], "32": [0.0028825034066465014, 3.0198536781874075], "33": [0.005288297987599661, 3.039463941061223], "34": [0.008271210534248652, 3.063725101473094], "35": [0.01169809189899211, 3.0915417077578735], "36": [0.01541243299301743, 3.1216486130331544], "37": [0.019241819242308316, 3.152669328197222], "38": [0.02300726279200263, 3.1831824208624617], "39": [0.02653338453895112, 3.2117913729424923], "40": [0.029658144365481212, 3.237192544192674], "41": [0.03224096146402755, 3.2582363026089576], "42": [0.034168562639486505, 3.2739777995775783], "43": [0.0353585285404705, 3.283715711322066], "44": [0.03576102268591621, 3.2870188691739837], "45": [0.03535941142829389, 3.283741601627056], "46": [0.0341703737401912, 3.2740287012223646], "47": [0.03224373900373603, 3.258310407844101], "48": [0.029661835713294494, 3.2372870511241194], "49": [0.026537766027648634, 3.2119024613578406], "50": [0.02301189906913792, 3.1833053270601197], "51": [0.01924608472713949, 3.1527985527964484], "52": [0.015415594277372638, 3.1217782532760783], "53": [0.01169942522991621, 3.091665861149536], "54": [0.008270113894192818, 3.063838260891789], "55": [0.005284359696969809, 3.039561305673861], "56": [0.0028755074369055593, 3.0199313374673693], "57": [0.0011483732591067077, 3.0058277241337947], "58": [0.0001762772184214902, 2.9978775890938403], "59": [-2.9940319821418414e-07, 2.996432474220772], "60": [0.0006258586741236413, 3.0015560093795264], "61": [0.0020286724408436567, 3.0130217754669175], "62": [0.004149028026718359, 3.030321177140117], "63": [0.0068956614841733125, 3.052681873845509], "64": [0.010147318835689898, 3.0790977145604237], "65": [0.013756873921018617, 3.1083708344245373], "66": [0.017557784582684553, 3.1391654706105454], "67": [0.02137270514103979, 3.1700713403656335], "68": [0.02502345081206775, 3.199672627337488], "69": [0.02834108361892, 3.226617420503001], "70": [0.0311748480354111, 3.249682342308468], "71": [0.03339904706441727, 3.2678281361947965], "72": [0.03491755423368027, 3.28024372642659], "73": [0.03566625085940399, 3.286378043346803], "74": [0.035614041130961054, 3.2859601465634034], "75": [0.03476312919630159, 3.2790086121561064], "76": [0.033148975056273504, 3.265830855082132], "77": [0.03083991002198171, 3.247012354509272], "78": [0.027935964714122522, 3.22339506957457], "79": [0.02456621775603877, 3.196044101381638], "80": [0.02088403475271771, 3.1662021738593764], "81": [0.01705995635919207, 3.13523281630503], "82": [0.013272598341957927, 3.104554933269873], "83": [0.009698518770713642, 3.075573143337191], "84": [0.006502337862071322, 3.0496091953075153], "85": [0.0038283165119416796, 3.0278395373218943], "86": [0.0017941460050292543, 3.0112428202065935], "87": [0.0004870733101491327, 3.0005592932505185], "88": [-3.806035355383098e-05, 2.996262375967918], "89": [0.00024043641359798264, 2.9985416668132556], "90": [0.0013109439161835754, 3.007296442941509], "91": [0.0031286495112631202, 3.0221391550528125], "92": [0.00561609418980915, 3.0424091637113677], "93": [0.008664689039598255, 3.0671975568770016], "94": [0.012137910255930513, 3.09538393019031], "95": [0.01587672392930024, 3.1256852609866335], "96": [0.01970732456148414, 3.156715511756241], "97": [0.023450644363904333, 3.1870527569795213], "98": [0.02693254903074725, 3.2153090874186825], "99": [0.02999341337485966, 3.2401979264886056], "100": [0.03249596746989087, 3.260593958661292], "101": [0.03433083188214099, 3.2755823802263646], "102": [0.0354197907066684, 3.28449602989152], "103": [0.03571733497843732, 3.286940484572886], "104": [0.035211188142340276, 3.282807998683284], "105": [0.0339223764790571, 3.272281158935472], "106": [0.03190502457136353, 3.2558265516484184], "107": [0.029245601951414738, 3.234177994255859], "108": [0.02606100347650195, 3.2083084091456833], "109": [0.02249476461871156, 3.1793895860774155], "110": [0.018710965245001716, 3.148740060355354], "111": [0.01488590854516018, 3.1177629817982195], "112": [0.01119829116549408, 3.087877676615533], "113": [0.007819051628219815, 3.060449936527668], "114": [0.004902189951690574, 3.0367263593344433], "115": [0.0025775438297735587, 3.0177771876181803], "116": [0.000945923478590784, 3.004450416592346], "117": [7.63956503488311e-05, 2.997338125170687], "118": [5.0992436827865346e-06, 2.9967546370839235], "119": [0.0007348919891644425, 3.0027255601863936], "120": [0.002235356087447722, 3.0149869522439885], "121": [0.0044431117662188015, 3.032994528979398], "122": [0.007262828438749949, 3.0559435423782983], "123": [0.010569605452643988, 3.082800280725169], "124": [0.014213383927177359, 3.112345749369844], "125": [0.01802570802363462, 3.1432308914051066], "126": [0.021828570237977084, 3.174040946947552], "127": [0.025444464539377168, 3.2033647933049627], "128": [0.028706387754683694, 3.229864029423712], "129": [0.03146654424346094, 3.252336618139896], "130": [0.033602915218035156, 3.2697710584801722], "131": [0.035023472008603125, 3.28138884647601], "132": [0.035668386521293415, 3.2866747192706], "133": [0.03551091458890206, 3.2853953182022972], "134": [0.034557616044819925, 3.2776072340162665], "135": [0.03284827716524364, 3.2636550275287406], "136": [0.030455455896112434, 3.2441590936369264], "137": [0.0274831573085709, 3.2199925927324533], "138": [0.02406393675816945, 3.1922465271526397], "139": [0.02035383399213208, 3.162182665090223], "140": [0.016524967947701478, 3.1311754132729472], "141": [0.012756238816004241, 3.1006455663373576], "142": [0.009223154924236405, 3.071990490552504], "143": [0.006088083556206101, 3.046516087374852], "144": [0.00349209027137929, 3.0253754939742556], "145": [0.0015490412942265894, 3.0095180782494477], "146": [0.0003420121626666334, 2.9996504454277026], "147": [-7.847340647101369e-05, 2.9962095624508147], "148": [0.0003049192990595955, 2.999347189121749], "149": [0.001476219046996897, 3.008924698650346], "150": [0.003386304760357261, 3.0245178815800244], "151": [0.005953542197648734, 3.0454320748142347], "152": [0.00906548004297082, 3.0707284989621724], "153": [0.012582312549698443, 3.0992626339243037], "154": [0.01634261425304763, 3.129734604781795], "155": [0.02017135303124472, 3.160749980216533], "156": [0.023889557410728228, 3.1908875445647027], "157": [0.02732450310961765, 3.218769155305796], "158": [0.030319114685392144, 3.243126328960524], "159": [0.032739527516170944, 3.2628589110306336], "160": [0.03448031111948924, 3.277082778423941],