{"0": [-5.490518728404166e-05, 0.4629510090536413], "1": [-0.0036222451458576234, 0.47579946408116486], "2": [-0.012648110357424577, 0.5086827666640853], "3": [-0.027000796165148378, 0.5622346681700224], "4": [-0.04632516201258508, 0.6373033474640275], "5": [-0.06986404912527447, 0.7347596106257581], "6": [-0.0962565961358968, 0.8553283474523047], "7": [-0.12336535608977443, 0.9995483052123016], "8": [-0.1481716915110083, 1.1679499106214684], "9": [-0.16672947860785572, 1.3614753898665717], "10": [-0.17411181958189695, 1.582110396093934], "11": [-0.16427373924729238, 1.8337060011349777], "12": [-0.12985856645811117, 2.122948477046592], "13": [-0.06255216624486093, 2.4597267540681216], "14": [0.04277638226930318, 2.851845357532161], "15": [0.17287872142736913, 3.2809666707120537], "16": [0.2898765235509835, 3.6904855068894813], "17": [0.3695517609649523, 4.045492626738845], "18": [0.41297386117388174, 4.348679672943785], "19": [0.428492515913788, 4.610768592909507], "20": [0.4240920397247511, 4.839758790761099], "21": [0.4063465262349923, 5.040418826308697], "22": [0.38059531778042566, 5.215283121322563], "23": [0.35114381851010323, 5.365555833243249], "24": [0.32135801352156557, 5.491804444689841], "25": [0.2937146867718349, 5.594448310920504], "26": [0.26988341207058403, 5.674018695657854], "27": [0.25087273224557843, 5.731193541599035], "28": [0.23721842372855928, 5.766674145238006], "29": [0.2291643928888589, 5.7810061405801525], "30": [0.22679309193836833, 5.774431848940845], "31": [0.23008221846210988, 5.746822932752522], "32": [0.2388801417807545, 5.6977102218973394], "33": [0.2528026404369341, 5.626404362329458], "34": [0.27106652358067534, 5.532173000346635], "35": [0.29229579339169887, 5.414401226205852], "36": [0.3143517751887546, 5.272631622960816], "37": [0.3342268550911029, 5.106394313084107], "38": [0.3479941945258523, 4.914799510860594], "39": [0.3507518526456063, 4.695919063870985], "40": [0.3364872732785119, 4.445977349666725], "41": [0.2978907151802246, 4.158398200425278], "42": [0.22671442412342654, 3.8234554804177674], "43": [0.11785283165536412, 3.4334863506753917], "44": [-0.015743377222921892, 3.006501420468889], "45": [-0.13671123346029868, 2.598444014583985], "46": [-0.2207983536740546, 2.2444181590929904], "47": [-0.26885527818390365, 1.9421392543316098], "48": [-0.28913264922170856, 1.6810599819865566], "49": [-0.2895796563706102, 1.453249079494876], "50": [-0.27675526818002344, 1.2539756400874802], "51": [-0.25598964309180966, 1.0807360607159373], "52": [-0.2315824070712042, 0.9323603296392045], "53": [-0.20689935566779727, 0.8083273107354207], "54": [-0.1844260439096716, 0.7082848378319762], "55": [-0.16585115256454974, 0.6317947818156926], "56": [-0.15220993759591428, 0.5782967787914307], "57": [-0.14406534093670717, 0.5472231096244186], "58": [-0.14167774697222688, 0.5381634976776971], "59": [-0.1451200503869984, 0.5509931529255419], "60": [-0.15431408785985717, 0.5859150252768777], "61": [-0.16898182094136535, 0.6434025167519236], "62": [-0.18851942426672222, 0.7240603190409641], "63": [-0.21182084835084966, 0.8284581161372079], "64": [-0.23709709108333693, 0.95702966851066], "65": [-0.26174041734487186, 1.110139247113959], "66": [-0.2822514390563036, 1.2883755030058552], "67": [-0.29419237309322244, 1.4930685499210914], "68": [-0.29209316554237874, 1.7270030271572532], "69": [-0.26927206303131124, 1.9953126011040447], "70": [-0.21780280069007468, 2.3062947030263428], "71": [-0.13021401877264657, 2.669852115352586], "72": [-0.008855255057216216, 3.0835509003698944], "73": [0.11784223969683072, 3.5053218366111865], "74": [0.21505615130074415, 3.8832452916058093], "75": [0.2743122431445088, 4.206156607671768], "76": [0.30214457190322364, 4.483274155903496], "77": [0.3069035338804298, 4.723921245721372], "78": [0.2957409894278241, 4.934091455459801], "79": [0.27448731383844716, 5.1171174038617995], "80": [0.24787126160546677, 5.27463140232773], "81": [0.21965916992094828, 5.407332338289899], "82": [0.19272038951925227, 5.5155491601688444], "83": [0.16909262190223442, 5.5995910731089715], "84": [0.1500974429210109, 5.659874966693448], "85": [0.13650420078056252, 5.6968721823617985], "86": [0.1287008050849395, 5.71096637324165], "87": [0.12682284468818428, 5.702319248459956], "88": [0.13080819758558912, 5.67080953253311], "89": [0.14036474941466723, 5.616070021378292], "90": [0.15485776098328116, 5.537609001452845], "91": [0.17314390848391267, 5.434961466929435], "92": [0.19339844801919998, 5.307777923489464], "93": [0.2129838972001209, 5.155750503611683], "94": [0.22837732108307504, 4.978317404926609], "95": [0.23512034558945963, 4.774148118321122], "96": [0.22772156639297242, 4.5404335952853065], "97": [0.1994797957677361, 4.271999103392557], "98": [0.1424848974559169, 3.9605367733111896], "99": [0.049476902145149645, 3.596417514701733], "100": [-0.0764189118324325, 3.1832976744652455], "101": [-0.20610923352675012, 2.7644222489734207], "102": [-0.3058129832769672, 2.3902035482581008], "103": [-0.3679847882327021, 2.0705500695666412], "104": [-0.3992764983158512, 1.7962423262838503], "105": [-0.4079525425403841, 1.5581954759947678], "106": [-0.4010780288216005, 1.350604774306432], "107": [-0.3844156184547597, 1.1702654398297472], "108": [-0.36263858684170813, 1.015631406379197], "109": [-0.33946565248947175, 0.8860663069911118], "110": [-0.3177272798640078, 0.7812971314146375], "111": [-0.2994341013719398, 0.7010796100196028], "112": [-0.28589304333147225, 0.6450799354306147], "113": [-0.2778659501962939, 0.6129264688729068], "114": [-0.27572845745907837, 0.604339246015015], "115": [-0.2795814752065538, 0.6192430158695788], "116": [-0.2892841706952127, 0.6578027222063656], "117": [-0.3043996175402665, 0.7203642070128856], "118": [-0.3240667300722837, 0.807327576389296], "119": [-0.3468346463607574, 0.9190246512186189], "120": [-0.37050976758777093, 1.0557003380086314], "121": [-0.3920535446695148, 1.2176843173714063], "122": [-0.4075257447924587, 1.4057844385879834], "123": [-0.41201915487566027, 1.6218853299942302], "124": [-0.39952282686499846, 1.8697357657255842], "125": [-0.3627646338022924, 2.1558513110652444], "126": [-0.293705575762089, 2.489650967567763], "127": [-0.18803624654630569, 2.8775135236041947], "128": [-0.06007796728592185, 3.298976723850353], "129": [0.053608785931757316, 3.6989363280876435], "130": [0.1310336637254221, 4.0453996840631214], "131": [0.17365573977847748, 4.341150867336467], "132": [0.1895596814232392, 4.596195609005135], "133": [0.18648271802809194, 4.817983024106553], "134": [0.17082477428718196, 5.01091616971963], "135": [0.14779322807051218, 5.177273969203606], "136": [0.12158578844102379, 5.318058796816325], "137": [0.09548593629727627, 5.433640430756614], "138": [0.07192387163029458, 5.524197107006013], "139": [0.05256465809121857, 5.589942753208735], "140": [0.03844356851190978, 5.631159418729987], "141": [0.03012192745269207, 5.6481073597832685], "142": [0.027815489960317786, 5.640910065059651], "143": [0.031455097621883525, 5.609492634031226], "144": [0.04066138016021899, 5.553608787720468], "145": [0.05464034960703003, 5.472942720040636], "146": [0.07203137768405767, 5.367224101589697], "147": [0.09075598503763542, 5.236260859770709], "148": [0.10790920132035413, 5.079799081918873], "149": [0.1196971804672263, 4.8971677458748335], "150": [0.12137569824057498, 4.68671711423561], "151": [0.1071265858605171, 4.445067695983864], "152": [0.06989463014606953, 4.16622211945797], "153": [0.0017010216762288408, 3.8412001639390017], "154": [-0.10283470237714397, 3.462451005600269], "155": [-0.2331935089687965, 3.044783015184224], "156": [-0.3546551513731665, 2.6405580156772035], "157": [-0.44153805096496573, 2.2876690142356075], "158": [-0.4929817965197302, 1.9866152961613535], "159": [-0.5167134516522892, 1.7275963540507853], "160": [-0.5205883501821575, 1.5027879247294658], "161": [-0.5111642457077391, 1.3074637372621243], "162": [-0.4937835366018898, 1.1391389873865057],