{"0": [9.986566190700817e-06, 5.801847945080992], "1": [0.0006596615200673958, 5.786739307907376], "2": [0.0023105503975380786, 5.7477948363317095], "3": [0.004954872903404398, 5.683493234306873], "4": [0.008543040575536398, 5.591465709999977], "5": [0.012924681732291724, 5.468630476143919], "6": [0.017757155966323518, 5.311419741959114], "7": [0.022386602975282895, 5.116091621445771], "8": [0.025732338893274174, 4.879068359040096], "9": [0.026247200978930945, 4.597251200704118], "10": [0.022082465138381382, 4.268510769696881], "11": [0.01165908850230406, 3.893199057720453], "12": [-0.005158147200706408, 3.4780688864233245], "13": [-0.025729091236446323, 3.041498062527875], "14": [-0.045100732300480895, 2.611620319616601], "15": [-0.05905798495217277, 2.2133026188747515], "16": [-0.06628123174043353, 1.8591788692265696], "17": [-0.0677364504336477, 1.5523491398201263], "18": [-0.06524982216028495, 1.2916530591526523], "19": [-0.06059915402212599, 1.0743898220298644], "20": [-0.05514920725257723, 0.897203788202257], "21": [-0.049796612652495666, 0.756424653490363], "22": [-0.045054917370535665, 0.6483787557539917], "23": [-0.041177985116171045, 0.5697178356209811], "24": [-0.038269316849054894, 0.5176942691236186], "25": [-0.03635962456922486, 0.49034493909039084], "26": [-0.03545359767651153, 0.486592209688758], "27": [-0.03555240798886617, 0.5062876861620534], "28": [-0.03665699381142722, 0.5502181784835188], "29": [-0.03875295556629504, 0.6200768331405722], "30": [-0.041773358711165005, 0.718384618020729], "31": [-0.04553288459531198, 0.848336047068061], "32": [-0.04962921766946693, 1.013550340664888], "33": [-0.05332108457378276, 1.2177466569814055], "34": [-0.055421851697576574, 1.464409933553713], "35": [-0.05429251356270731, 1.7564694061380797], "36": [-0.048077652838929494, 2.0956809594072014], "37": [-0.035400927840392546, 2.4806873525107567], "38": [-0.016659265349669855, 2.902501273114468], "39": [0.004839240288977371, 3.3399240682305065], "40": [0.02400636227433232, 3.7642624000031977], "41": [0.03720345808112948, 4.153109292070095], "42": [0.04374504812729884, 4.4964615255429115], "43": [0.04490209394014764, 4.792551594767534], "44": [0.0425440803189348, 5.043020901668203], "45": [0.038372046240466, 5.250749499484999], "46": [0.03364270202217256, 5.4191768707070125], "47": [0.02915669163784541, 5.551988467380453], "48": [0.02535895977674155, 5.652795782033159], "49": [0.02246188460364768, 5.724813330310452], "50": [0.02054793580463137, 5.770602347507458], "51": [0.019639732601231672, 5.791907017545959], "52": [0.019740561285352547, 5.789568394495137], "53": [0.020851883932117888, 5.763490581668361], "54": [0.022971922283479034, 5.7126434827199635], "55": [0.02607492919368907, 5.635103947525913], "56": [0.03006643880724359, 5.528154075554706], "57": [0.034707974138594666, 5.388462897802723], "58": [0.03950971914040278, 5.212362287058744], "59": [0.04360753956766119, 4.996182860898354], "60": [0.04567503743500283, 4.736579708181273], "61": [0.04397024826764157, 4.430884501370039], "62": [0.03668176380671378, 4.077970446855156], "63": [0.02280189209383536, 3.6808696560407337], "64": [0.0035252038671314684, 3.2519088113674677], "65": [-0.01705621349922369, 2.815605552276771], "66": [-0.03395580501731322, 2.4001883252660092], "67": [-0.044398848060536726, 2.0244045530793278], "68": [-0.04843379354819984, 1.6952167197873074], "69": [-0.04762420453071255, 1.4130199010805913], "70": [-0.04384092243598638, 1.1756896989076282], "71": [-0.03866601697678505, 0.9801518437389783], "72": [-0.03321529995311728, 0.8228762646525193], "73": [-0.028172068501854688, 0.7001794602794428], "74": [-0.023900949273173426, 0.6085529710195703], "75": [-0.020567600617487247, 0.5449729121519913], "76": [-0.018231901925435112, 0.5071296175866896], "77": [-0.01690849726881701, 0.4935662817939344], "78": [-0.016599640579331526, 0.5037472687053127], "79": [-0.017306434492125388, 0.5380796867653662], "80": [-0.01902117305900739, 0.59789854295426], "81": [-0.021698865055683525, 0.6854076248412108], "82": [-0.02520222256976757, 0.803553362792528], "83": [-0.029214412265965793, 0.9558079359463113], "84": [-0.033122848883307014, 1.1458643557363901], "85": [-0.035901014131215915, 1.3772964452899508], "86": [-0.036055196709214594, 1.653241466615225], "87": [-0.031757108481162886, 1.9759537749598939], "88": [-0.021354742123364953, 2.3454782824229157], "89": [-0.004472880997558522, 2.7560621964828704], "90": [0.016608503915730197, 3.19082415276743], "91": [0.037096646929217096, 3.6222814221489257], "92": [0.0525417115262303, 4.024533710206169], "93": [0.06128234434796768, 4.383504652720183], "94": [0.06409133970323078, 4.6952600740084804], "95": [0.0627480705162092, 4.960622671111218], "96": [0.059058330571912135, 5.1821477021988045], "97": [0.05443956396883721, 5.363100464432081], "98": [0.04983981241836628, 5.507089385425928], "99": [0.04581222990870029, 5.61775713880999], "100": [0.042636948775173274, 5.698449681561242], "101": [0.04043297248852839, 5.751931006459226], "102": [0.0392391780552473, 5.780187371044163], "103": [0.039063810135054035, 5.78431704006085], "104": [0.03990856617776119, 5.764481343357879], "105": [0.04177231310664175, 5.719897606664365], "106": [0.04463533028432873, 5.648870758065198], "107": [0.04842042257182774, 5.548878265969063], "108": [0.05292458074095285, 5.416733720696676], "109": [0.05771796882443557, 5.248845106585032], "110": [0.06202174759700928, 5.041544334804887], "111": [0.06460710071975828, 4.7914200365169], "112": [0.06380384818207689, 4.495647745110729], "113": [0.057768223253922925, 4.152677029542607], "114": [0.04523018971360606, 3.7643672977010367], "115": [0.026822993858796943, 3.3407081558994536], "116": [0.006101213553147768, 2.9039584455440943], "117": [-0.011861893032094912, 2.482758486405184], "118": [-0.023694752550078274, 2.09839858249111], "119": [-0.028950289428945526, 1.7599072442479444], "120": [-0.028996723972935897, 1.4686165994369391], "121": [-0.025705066473590856, 1.2227500999157648], "122": [-0.020738457497708723, 1.0193927853833], "123": [-0.015308828262028859, 0.8551076149062398], "124": [-0.01018009149921011, 0.7262455119010705], "125": [-0.005772873616547782, 0.629269376565972], "126": [-0.002286432794060743, 0.5610742085133563], "127": [0.0002019370549349293, 0.5192361449838756], "128": [0.0016702366006320101, 0.5021692205467305], "129": [0.002114276170732133, 0.5092061617863444], "130": [0.001533214815145901, 0.5406272011961837], "131": [-6.517167172355521e-05, 0.5976495131400497], "132": [-0.002638196227099861, 0.6823718633151277], "133": [-0.006055652910265203, 0.797653382766566], "134": [-0.010015151535142146, 0.9469026710672488], "135": [-0.013927745251461988, 1.1337773698622877], "136": [-0.01679867723800501, 1.3618435724059827], "137": [-0.017166831718548402, 1.6342562566304273], "138": [-0.013219392769194618, 1.9533344066181701], "139": [-0.0032683773221730008, 2.319334540387906], "140": [0.013193894156641002, 2.7270582119049434], "141": [0.03410132500762645, 3.1605107604680733], "142": [0.05477799250861551, 3.5926875888043766], "143": [0.07065326494837895, 3.9971509630737083], "144": [0.07985948167340054, 4.358949895816622], "145": [0.08304428411943753, 4.673613975544391], "146": [0.08195237039854124, 4.941743238982912], "147": [0.07840317896666468, 5.1657980894803], "148": [0.0738447782593542, 5.348985909994399], "149": [0.06925622205110271, 5.494874223543974], "150": [0.06521506758311459, 5.607082701725794], "151": [0.062017913869484485, 5.688951345374213], "152": [0.05979365238405807, 5.743249562351366], "153": [0.05858647706564959, 5.771973263863167], "154": [0.05840701322114114, 5.776228894009112], "155": [0.05925733582355114, 5.756181282844551], "156": [0.06113488111007028, 5.711046003815743], "157": [0.06401615991866176, 5.639122991470894], "158": [0.06781663772467159, 5.537886012514325], "159": [0.07232063691933019, 5.4041527025250895], "160": [0.07707870778431594, 5.234349183701986],