{"0": [2.0190362746671125e-05, 5.415021018854785], "1": [0.0013231991418967957, 5.399152067225489], "2": [0.004537591009995463, 5.358676246088866], "3": [0.009394610988360114, 5.2931200204382725], "4": [0.015402651740971522, 5.201795673553563], "5": [0.02177891222384698, 5.083874954243281], "6": [0.027377513066086233, 4.938446741279983], "7": [0.030638946443969306, 4.764530567927958], "8": [0.029595553089000963, 4.561049164051961], "9": [0.021986387163721522, 4.326847346623353], "10": [0.0055817191368089155, 4.0610142255685835], "11": [-0.02109977026155177, 3.764031736357921], "12": [-0.05751968661835889, 3.4403240134919635], "13": [-0.09979855177245481, 3.1012884035049635], "14": [-0.14122294238934546, 2.7644503982760456], "15": [-0.17547683612441503, 2.4464078461125736], "16": [-0.19945527652913028, 2.1568045000647578], "17": [-0.21320640189981763, 1.8988157049723169], "18": [-0.218490174225937, 1.6723725653993196], "19": [-0.2176111416224866, 1.4764021508223886], "20": [-0.21280335227700778, 1.309730594740141], "21": [-0.20596569114783927, 1.171296503532822], "22": [-0.19857895412362775, 1.0601403343288711], "23": [-0.1917170313633511, 0.9753791219074527], "24": [-0.1861046845463854, 0.9162282984107377], "25": [-0.1821901552280363, 0.8820630607735074], "26": [-0.18020994747822944, 0.8724890372255536], "27": [-0.18023134610124408, 0.8873941024997336], "28": [-0.18216531548225962, 0.9269643771893797], "29": [-0.18574783930030267, 0.9916595716884649], "30": [-0.1904925170826962, 1.0821545686595357], "31": [-0.19562301283709585, 1.199266455948341], "32": [-0.2000015022708247, 1.3438966544876674], "33": [-0.20207782432785668, 1.5170163847103575], "34": [-0.19989381080380986, 1.719693144793154], "35": [-0.19119564745167916, 1.953073050636794], "36": [-0.1737531950779134, 2.218066518104992], "37": [-0.14606726689322738, 2.514220830373075], "38": [-0.10862858873686757, 2.8372021826542846], "39": [-0.06524541908395515, 3.175757677262784], "40": [-0.022586416175053216, 3.512450160225817], "41": [0.013008575211010256, 3.83061938806796], "42": [0.03837478219834393, 4.120487191097695], "43": [0.05351285023942858, 4.378779002457289], "44": [0.060158867562737556, 4.60551655067739], "45": [0.06060958549777167, 4.801754805079907], "46": [0.05709965749841575, 4.968660233526133], "47": [0.051532485950364706, 5.107288697071524], "48": [0.04539483046946905, 5.218593381122878], "49": [0.03976653018823109, 5.303450096050528], "50": [0.03537738311949676, 5.362636358696158], "51": [0.032679235182419906, 5.396770917915201], "52": [0.03191048363232769, 5.406243702406964], "53": [0.03313842163861571, 5.3911643893151275], "54": [0.036271973549092805, 5.351346668977715], "55": [0.04104286634071505, 5.286333048860346], "56": [0.04695814055067564, 5.195453141212604], "57": [0.05323277555392018, 5.0778959760544], "58": [0.05871880286947103, 4.932766618636237], "59": [0.06185584801897575, 4.759099362656879], "60": [0.06067790971117702, 4.555831444550288], "61": [0.05293004656248161, 4.321825792868253], "62": [0.03639570539288383, 4.056201197912092], "63": [0.009617317351096532, 3.7594923221189984], "64": [-0.026833794195796422, 3.4362016917514344], "65": [-0.06905509996411466, 3.097791600911927], "66": [-0.11035137759235045, 2.761765517382013], "67": [-0.1444610674719801, 2.4446198770918945], "68": [-0.1683265450515319, 2.1559135673070666], "69": [-0.18201551882838368, 1.898794665315381], "70": [-0.1872880583882588, 1.6732018586840607], "71": [-0.18644072174516646, 1.4780800047371399], "72": [-0.18169760119660636, 1.3122731969268646], "73": [-0.17494827387726616, 1.1747366519135125], "74": [-0.1676658842661404, 1.0645273965681397], "75": [-0.16091848933410713, 0.9807804147350625], "76": [-0.15542638336089623, 0.9227309576403319], "77": [-0.15163376329486752, 0.8897752912048413], "78": [-0.14977219264870456, 0.8815398340645306], "79": [-0.14990152056029174, 0.8979308405964271], "80": [-0.15192100229038277, 0.9391480218671234], "81": [-0.1555488829965355, 1.0056578172433468], "82": [-0.16027367769919681, 1.0981340989329795], "83": [-0.1652864177891586, 1.2173865727544053], "84": [-0.16941084552325658, 1.3643069276014497], "85": [-0.1710571374946447, 1.5398592349793514], "86": [-0.16823488340813605, 1.7451064154875453], "87": [-0.15868122679101887, 1.9811751027072586], "88": [-0.14020994008764878, 2.2488840964369405], "89": [-0.11146894581478858, 2.547496422379487], "90": [-0.07324212427288071, 2.872072396534657], "91": [-0.029686883164178397, 3.2105956581585375], "92": [0.012419154552926637, 3.5453757872990725], "93": [0.04700432246758231, 3.8603266707918706], "94": [0.07128081475307584, 4.1464518099903325], "95": [0.08549007917750162, 4.4009385612083465], "96": [0.09145901744094617, 4.623965463207592], "97": [0.09148939291061685, 4.81660299660612], "98": [0.08778288107392856, 4.979992936231288], "99": [0.08219692391793004, 5.115163637612449], "100": [0.0761718356371754, 5.223044077846422], "101": [0.07074663436296158, 5.30448467472476], "102": [0.06661800628476806, 5.36023142856133], "103": [0.0642115412742633, 5.390863920904271], "104": [0.06374333713535003, 5.396727529427222], "105": [0.06525821522364803, 5.377886925865504], "106": [0.06863777781471547, 5.334116413109859], "107": [0.07357702386461615, 5.264930260431281], "108": [0.07953334697610748, 5.169643944488901], "109": [0.0856580151376341, 5.047444694370091], "110": [0.09072810548917448, 4.89744084140929], "111": [0.09310552756756181, 4.718665723487881], "112": [0.0907604525265519, 4.5100517002563265], "113": [0.0814190029167609, 4.2704877042366665], "114": [0.062949601522792, 3.999263014159049], "115": [0.0341824651327909, 3.6974639877160684], "116": [-0.003741901529044892, 3.370765064304627], "117": [-0.04626108960510499, 3.0320615590687665], "118": [-0.08649826284309191, 2.6992655110089063], "119": [-0.11870839363344403, 2.3877528156428234], "120": [-0.14052790409244625, 2.1056362069058516], "121": [-0.15246114015763973, 1.8552217710091168], "122": [-0.1564331331238495, 1.6361572432116722], "123": [-0.15475082432141068, 1.447348885371133], "124": [-0.1495795962284576, 1.287673824320421], "125": [-0.14272611266332652, 1.1561251024220247], "126": [-0.13557914508443528, 1.0517913262941705], "127": [-0.12913227173465094, 0.973840832165734], "128": [-0.12404534077345294, 0.9215530089100571], "129": [-0.12071503686298976, 0.8943821513598259], "130": [-0.11933366524322774, 0.8920231510205163], "131": [-0.11992332289988465, 0.9144532303416397], "132": [-0.12233944516673145, 0.9619358046208517], "133": [-0.1262431444246069, 1.0349850263862885], "134": [-0.1310470440495461, 1.1343020148765248], "135": [-0.13584589613088655, 1.2607061838984446], "136": [-0.1393513371363948, 1.4150924696300546], "137": [-0.13985890186326314, 1.598434883202494], "138": [-0.13528706582621763, 1.8118094104164262], "139": [-0.12335436469200922, 2.0562990424566365], "140": [-0.10202170655951646, 2.332437562761458], "141": [-0.07040067614443792, 2.638595272915086], "142": [-0.030150249901962814, 2.9680217365640846], "143": [0.013635789500312419, 3.3066657662207226], "144": [0.05402856995534796, 3.636500354041649], "145": [0.08577891050549792, 3.9432269808253615], "146": [0.10708495158687521, 4.219895487367391], "147": [0.1187767757312458, 4.464821513758904], "148": [0.1228924627047614, 4.678558492399557], "149": [0.12173651364396933, 4.862221897284568], "150": [0.11742131408932142, 5.016909609477457], "151": [0.11168366367199177, 5.143602839449354], "152": [0.1058428366036075, 5.243192007965717], "153": [0.10083183305011358, 5.316485231169167], "154": [0.09726170939645531, 5.364170020838509], "155": [0.09549089567664616, 5.386747555354816], "156": [0.09567999852076603, 5.384470257681552], "157": [0.09782050279243422, 5.357306619396632], "158": [0.10173237328076702, 5.3049449508602216], "159": [0.10703092983082553, 5.226835186965373], "160": [0.11306890414830273, 5.122255227912192], "161": [0.11886654550092651, 4.990376247268141],