{"0": [-7.331237789671036e-06, 4.369931603865012], "1": [-0.000503863625800446, 4.3358271451051404], "2": [-0.0019486925024826646, 4.2497068646313005], "3": [-0.004793632407502653, 4.1129205580857775], "4": [-0.009627853091465405, 3.9282283299202505], "5": [-0.016925252280938774, 3.700809832162952], "6": [-0.026672735299899573, 3.4397480248726304], "7": [-0.038052198950876345, 3.159203449348865], "8": [-0.04953569660789302, 2.8774693518339167], "9": [-0.05953388726254953, 2.6131493164241815], "10": [-0.06710070790131199, 2.381069530569074], "11": [-0.07212041206600601, 2.190913521814921], "12": [-0.0750267578096401, 2.0482404991813277], "13": [-0.07642087340566818, 1.9560167171797775], "14": [-0.07679677636290103, 1.9157047765595256], "15": [-0.07639732180080128, 1.92784361840604], "16": [-0.07516214227776889, 1.9922652207211913], "17": [-0.07274109421292932, 2.1080287670859232], "18": [-0.06858093076103354, 2.2730512479793314], "19": [-0.06212138483340587, 2.4833175176951285], "20": [-0.05312505503946889, 2.7315642783876113], "21": [-0.04205324398809697, 3.005806308881893], "22": [-0.030187073049213448, 3.289167498838115], "23": [-0.019187223344182613, 3.562618523979552], "24": [-0.010325196343051388, 3.8094162669986265], "25": [-0.004047700481083848, 4.01776640950663], "26": [-0.00010327064210665103, 4.180580285934201], "27": [0.002079372648389475, 4.293971798035384], "28": [0.003061895937055843, 4.355944817756692], "29": [0.003201651974139691, 4.3656181201335045], "30": [0.0025660848682832853, 4.322873113378741], "31": [0.0009200874686278052, 4.228305481381832], "32": [-0.002220866639362232, 4.083459433833386], "33": [-0.007445158853310561, 3.8914242174180864], "34": [-0.01516971165170073, 3.65793210317487], "35": [-0.02526035268042233, 3.3928703847763013], "36": [-0.03675820523094874, 3.1112296609551495], "37": [-0.04807388164784065, 2.8316458092541787], "38": [-0.057691869815533696, 2.5722866890467904], "39": [-0.06481166576261307, 2.34710273990481], "40": [-0.06943555665234563, 2.1649740370170907], "41": [-0.07204776786053477, 2.030927756579873], "42": [-0.07324382281220375, 1.9476217440341739], "43": [-0.07348015284885946, 1.9163374063534535], "44": [-0.0729486212834598, 1.9374875320317908], "45": [-0.07153663673099853, 2.010781661649971], "46": [-0.06885172985473495, 2.1351122664471975], "47": [-0.06432423718318121, 2.308123322226578], "48": [-0.05742612989189443, 2.5253332618739064], "49": [-0.0480194265866954, 2.7787450105709093], "50": [-0.03671307606956641, 3.0554714040657385], "51": [-0.024898744890182414, 3.3380045859876173], "52": [-0.014217741592391803, 3.607438043690314], "53": [-0.005808139356966868, 3.8478174764238555], "54": [2.6766503885650985e-05, 4.048258913032219], "55": [0.0036204038588414137, 4.202344925934776], "56": [0.005559459654973281, 4.306593333686651], "57": [0.006377687484914548, 4.359240255468065], "58": [0.00638361388347336, 4.359552124375712], "59": [0.005589835127288554, 4.30753347537235], "60": [0.0037115785507288463, 4.2039276079877], "61": [0.00023374324823168116, 4.050507000174143], "62": [-0.005422521997840299, 3.850749513755515], "63": [-0.013600786324062974, 3.61103005439653], "64": [-0.024027987089249903, 3.342131751734962], "65": [-0.035601056473971646, 3.0598871832761914], "66": [-0.046688992358211855, 2.783159635786582], "67": [-0.05587625079016016, 2.5295286731653226], "68": [-0.06251940707351791, 2.311988055714912], "69": [-0.06673564070267483, 2.1386022589109883], "70": [-0.06905132184227142, 2.0138756659466392], "71": [-0.07004843621003191, 1.9401646778163786], "72": [-0.0701395938735442, 1.9185701095261862], "73": [-0.06946104392105759, 1.9493727229691866], "74": [-0.06784520798403093, 2.0321454519459894], "75": [-0.06485775230994888, 2.1655866935153107], "76": [-0.05991881454362414, 2.3470178421953], "77": [-0.05254680488613307, 2.5714097430811904], "78": [-0.04272263673427198, 2.829930487777328], "79": [-0.03121437374000449, 3.1087361040297927], "80": [-0.019512084866887026, 3.3897606718061493], "81": [-0.00920917120750768, 3.6543849973285205], "82": [-0.0012908529549366195, 3.8875643252798864], "83": [0.004084202740921519, 4.079357543212234], "84": [0.007323263621884437, 4.224009598785151], "85": [0.00901931853449688, 4.318430393978438], "86": [0.009670901822815317, 4.361083567752612], "87": [0.009532316344105968, 4.351385754561532], "88": [0.008557720945943795, 4.289475057255437], "89": [0.006411749885020437, 4.176264218059479], "90": [0.002552647972028596, 4.013794694133078], "91": [-0.0035773700816594486, 3.806003340769805], "92": [-0.012229388882847234, 3.560008381183808], "93": [-0.022974019036414443, 3.2875753412886746], "94": [-0.03456638917710865, 3.00535738566188], "95": [-0.04536038480646556, 2.7322921333644397], "96": [-0.05406742652877299, 2.4852113480956493], "97": [-0.060209115518041485, 2.276086773998264], "98": [-0.06401096487095426, 2.112169517154114], "99": [-0.06603134121694813, 1.9974576412386889], "100": [-0.0668300637822586, 1.9340159735453881], "101": [-0.0667695667625235, 1.9227660559261757], "102": [-0.06592609374740274, 1.9638498311386112], "103": [-0.0640749972394372, 2.0566866284410232], "104": [-0.06074200469684208, 2.1997477170696778], "105": [-0.05534582063679863, 2.389972502432327], "106": [-0.0474686546354579, 2.621690605488989], "107": [-0.0372311165448778, 2.885130639028526], "108": [-0.025567821149969576, 3.1654609710867567], "109": [-0.014047345240488045, 3.444175007284157], "110": [-0.0041830749352198045, 3.7031267088609807], "111": [0.003209300994930503, 3.928290036469228], "112": [0.008112849326773109, 4.110681421913624], "113": [0.010998038053387582, 4.245189178099765], "114": [0.012454011501537927, 4.329099306917143], "115": [0.012936514696918104, 4.361096931403756], "116": [0.012640359112061201, 4.340751836832274], "117": [0.011458186506528306, 4.268348298050147], "118": [0.009004281218273385, 4.14499498255444], "119": [0.004716372937526197, 3.973051560477278], "120": [-0.001927500640560942, 3.756996913297684], "121": [-0.01106423719835278, 3.504802878110675], "122": [-0.022092523119393394, 3.2292912993225], "123": [-0.03363559994621607, 2.947871956773952], "124": [-0.044065067615355044, 2.6793676500856183], "125": [-0.05224539262202948, 2.439705014454133], "126": [-0.057866636719155984, 2.239788491071583], "127": [-0.061252708827901424, 2.0860721052703792], "128": [-0.06298229479571195, 1.982070068642049], "129": [-0.06358395957719629, 1.9295675275638893], "130": [-0.06336364154613751, 1.9293081487014796], "131": [-0.062333564336112354, 1.9812866827877453], "132": [-0.060210846431642866, 2.084748092996305], "133": [-0.05648506666315408, 2.2378962746052875], "134": [-0.05058530781893475, 2.4372174059208533], "135": [-0.04217824904715305, 2.6762932353192674], "136": [-0.03154529359286309, 2.944310037676491], "137": [-0.019788965902555855, 3.2254525831222085], "138": [-0.008528086870885168, 3.500938084973121], "139": [0.0008379635502472664, 3.753292012515204], "140": [0.007675455065233599, 3.9695971969002226], "141": [0.012101950879790201, 4.14182356354461], "142": [0.014638265063433376, 4.265474997586483], "143": [0.01585880930852822, 4.338194608219061], "144": [0.01616889865560185, 4.358882406611632], "145": [0.015698861020027755, 4.327265347110904], "146": [0.014277452336417659, 4.243789486833712], "147": [0.011470373657921812, 4.109791877877502], "148": [0.006703709124018149, 3.9280101420395455], "149": [-0.0004903190073027645, 3.7035624550182593], "150": [-0.010110688042942849, 3.4453913528943083], "151": [-0.021372379179559226, 3.167425857404722], "152": [-0.03278576466188018, 2.8877173335794284], "153": [-0.04277818794084925, 2.624754422313554], "154": [-0.0503903049671481, 2.3934137930637642], "155": [-0.055478868547522084, 2.203510500245591], "156": [-0.058453104219552666, 2.0607306358339725], "157": [-0.059899175114638575, 1.9681315608742913], "158": [-0.06030509406490205, 1.9272317282538898], "159": [-0.05991418012507023, 1.9385977058721],