{"0": [1.599321378448209e-05, 5.876238778332654], "1": [0.0010582845105750682, 5.858640431389877], "2": [0.003722159630046373, 5.813028567736649], "3": [0.00802743420795752, 5.737008124910654], "4": [0.013918722605371098, 5.626920125694694], "5": [0.02112037254004948, 5.478177914719057], "6": [0.02891143450567123, 5.285773571426009], "7": [0.03585235053208656, 5.044763463630889], "8": [0.03956822528590197, 4.750349758353606], "9": [0.03677371636504264, 4.397447256231279], "10": [0.02389897557127485, 3.9811311840697896], "11": [-0.0007714509383300425, 3.5030388294552046], "12": [-0.03284319553316274, 2.9888349152468034], "13": [-0.061507731344279046, 2.4909762656757337], "14": [-0.07898134853598666, 2.0487937945855847], "15": [-0.08496568567088585, 1.6712203161029582], "16": [-0.08270426661821842, 1.3543984026043043], "17": [-0.07578609571108622, 1.0929667933742317], "18": [-0.06703501410777603, 0.8820611719027263], "19": [-0.058301188514913935, 0.7168850774920117], "20": [-0.05060444137073335, 0.5925113400550124], "21": [-0.04440001358224455, 0.504225939552679], "22": [-0.03983188265732827, 0.44805448282424765], "23": [-0.03691309120101236, 0.4211788652930517], "24": [-0.03562943131036047, 0.4221721818122974], "25": [-0.0359841864942718, 0.45109362761398586], "26": [-0.03799753746754293, 0.509487447153726], "27": [-0.04166030647904521, 0.6002841578123785], "28": [-0.04682788957896522, 0.7275571238097176], "29": [-0.053036699774509574, 0.8960930153306936], "30": [-0.05924840735741979, 1.1108551630395351], "31": [-0.06358693813941792, 1.3766429654911847], "32": [-0.06321070275948425, 1.6982944007462764], "33": [-0.05456215163121424, 2.0810239713571943], "34": [-0.034565831153870935, 2.5280076692778723], "35": [-0.003915615633234325, 3.0284193664660246], "36": [0.029231148113491586, 3.5409151716122054], "37": [0.0542494063295191, 4.013943480794731], "38": [0.06721264378887272, 4.424155294012832], "39": [0.07010256721123873, 4.771057165072142], "40": [0.06655982076358366, 5.059824128861181], "41": [0.059859659513465675, 5.2955320809377415], "42": [0.05234860366798745, 5.482909389820206], "43": [0.045445391897348385, 5.6267789604031355], "44": [0.03986448222699394, 5.731961793786616], "45": [0.035887173032235285, 5.802793648196505], "46": [0.033581981365884174, 5.842628984037424], "47": [0.03294525929243943, 5.853512324270105], "48": [0.03397244989193686, 5.836018464661505], "49": [0.03667683230218718, 5.789212313957372], "50": [0.041061754377588494, 5.710708858184599], "51": [0.0470374473592399, 5.596863574299437], "52": [0.054264745263218214, 5.443142859266624], "53": [0.06192005443013859, 5.24464864129952], "54": [0.06842366350978644, 4.996569073757391], "55": [0.07124827144885038, 4.694173110142643], "56": [0.0670080692485544, 4.332376899822127], "57": [0.05224433537484021, 3.9066997885798735], "58": [0.025918630850904508, 3.421341475099107], "59": [-0.006316955651811528, 2.9072202503421463], "60": [-0.03345516125044163, 2.417673409470731], "61": [-0.04897431605488482, 1.9868000027133914], "62": [-0.05344966481302011, 1.620270809522371], "63": [-0.050306646546926376, 1.3136705683937508], "64": [-0.04303975473571928, 1.0617800453404493], "65": [-0.03431253994372647, 0.8598574556482886], "66": [-0.025828082163761947, 0.7031766076524743], "67": [-0.018502786517231824, 0.5869342092179732], "68": [-0.012735616226479932, 0.5066529519379745], "69": [-0.008650331982301338, 0.458705698925543], "70": [-0.006261240796741941, 0.4407060473306113], "71": [-0.005563687178087311, 0.45171812114682364], "72": [-0.006565902341204803, 0.49232734303877174], "73": [-0.00927145827929164, 0.5646015471207494], "74": [-0.013606794673059338, 0.6719234308742577], "75": [-0.019277513357579035, 0.8186469328981091], "76": [-0.025544608115597407, 1.0095858962814979], "77": [-0.03095359188479842, 1.2495284856373878], "78": [-0.033121746640552396, 1.5431540184967933], "79": [-0.028769095656020705, 1.8954446762191062], "80": [-0.014356585116062233, 2.3111659992322764], "81": [0.0117556583401271, 2.788331774794813], "82": [0.04508846864591749, 3.3008313174169635], "83": [0.07489430313143662, 3.796352012631728], "84": [0.09354896696250431, 4.236122549910504], "85": [0.10082167901573906, 4.611386457078263], "86": [0.09994819409399344, 4.925914778285662], "87": [0.09449148048637833, 5.184949149049047], "88": [0.08725248176751942, 5.393239105888229], "89": [0.08006824250454356, 5.555447033981274], "90": [0.07395647471783592, 5.676323567759703], "91": [0.06937937862863278, 5.7603541363709185], "92": [0.06649370096104086, 5.81123035834073], "93": [0.06532752879153438, 5.83143218177868], "94": [0.06587947933124197, 5.821993549041268], "95": [0.06815566402232578, 5.7824180117399875], "96": [0.07215432084856946, 5.7107138112146805], "97": [0.0777935094168727, 5.603564110823809], "98": [0.08476643864954855, 5.456676111988642], "99": [0.09231675348349655, 5.2652957332081565], "100": [0.09896840081986917, 5.024688908612397], "101": [0.1023169759465502, 4.730214035579751], "102": [0.09907023126200802, 4.376914235245954], "103": [0.08570911379558833, 3.960115280201834], "104": [0.06069559196854532, 3.482202923465009], "105": [0.02869242148854167, 2.97007543880444], "106": [0.00047025823493426506, 2.4761770898957773], "107": [-0.01654607255558504, 2.038475229517837], "108": [-0.022261552145695408, 1.6652337626012406], "109": [-0.019937030454161984, 1.3526185741568717], "110": [-0.013117801876324973, 1.095434389269458], "111": [-0.0045784572375322605, 0.8889766618923373], "112": [0.003866550648678705, 0.7286256098320489], "113": [0.011213867588424997, 0.6096898878272587], "114": [0.01700734498875429, 0.5277703187889392], "115": [0.021090243478312013, 0.47928869114159023], "116": [0.023431366541996054, 0.4619018927747158], "117": [0.024029026651081788, 0.47473145262865124], "118": [0.022878238027631555, 0.5184398496214059], "119": [0.019992743495465714, 0.5951788816684795], "120": [0.015487937985316709, 0.7083902293413971], "121": [0.009739685305262005, 0.8624199315544383], "122": [0.0036211835121464407, 1.0619871349112557], "123": [-0.0012288221848070595, 1.3117486163635428], "124": [-0.002227652272059557, 1.616331086589229], "125": [0.004032895127437909, 1.9807329047201803], "126": [0.020929694876572376, 2.409095197349559], "127": [0.04917709546815723, 2.895919265391083], "128": [0.08264730409380279, 3.4082085287643356], "129": [0.11041261526825001, 3.8928663767987635], "130": [0.12650847048023056, 4.318010942889775], "131": [0.13181170104674605, 4.6790215936064055], "132": [0.12978207395082447, 4.980372684246326], "133": [0.12385695244388573, 5.2271400001455275], "134": [0.11662860386328684, 5.423936914376155], "135": [0.10974295240171725, 5.57535622391601], "136": [0.10408277663738058, 5.686011851542471], "137": [0.1000354190944011, 5.76011329829414], "138": [0.09772814289961762, 5.800943665293287], "139": [0.09718563954636143, 5.810479514070497], "140": [0.09841131834558754, 5.789195005181193], "141": [0.10140620840600201, 5.736017394276466], "142": [0.10613015614201711, 5.64842024051336], "143": [0.1123959946337602, 5.522682859155545], "144": [0.11968353315421383, 5.354338732031801], "145": [0.12688410512233764, 5.138713206347177], "146": [0.13204649799376647, 4.871237647253196], "147": [0.13227173198363182, 4.547229106666353], "148": [0.12401195858912925, 4.161672375912783], "149": [0.10438761042516354, 3.7121707227771923], "150": [0.07462364381919956, 3.211779357805683], "151": [0.043323017910745505, 2.7039001349988805], "152": [0.020662776738818465, 2.238346705539189], "153": [0.009905677685281784, 1.8359365219095978], "154": [0.008841064659465441, 1.4964677061165992], "155": [0.01385154652780092, 1.2148977687941376], "156": [0.021752429345555165, 0.9863762886997121], "157": [0.0302857911818159, 0.8063797603384061], "158": [0.03809420075696312, 0.6703338000839763], "159": [0.04449164717878728, 0.5737679956732944], "160": [0.04919847893712696, 0.5128154929402887],