{"0": [-1.1975376743777764e-05, 0.378363583022265], "1": [-0.000792658226313567, 0.3923988796652315], "2": [-0.002791598704315657, 0.4287039289323075], "3": [-0.006041033622399421, 0.4890290131415378], "4": [-0.01055231635763533, 0.5761259171472367], "5": [-0.016246131736736957, 0.6936176801367413], "6": [-0.022834419308067577, 0.845749281568791], "7": [-0.029650289420051885, 1.0370245443666166], "8": [-0.03545401028840354, 1.2718441839476593], "9": [-0.038296286087541966, 1.5543412680406044], "10": [-0.035586730494650894, 1.8883844940585335], "11": [-0.024636969716212764, 2.2767656611735005], "12": [-0.00419261830211687, 2.716732676525864], "13": [0.022910180143819014, 3.189819618070995], "14": [0.049151133686921034, 3.658751689652259], "15": [0.06760790047474197, 4.088898290155913], "16": [0.07638655889668447, 4.465783930917955], "17": [0.07722168609512695, 4.788568577002442], "18": [0.07289889834691919, 5.060556853226376], "19": [0.06594208230657175, 5.285723625614093], "20": [0.05819090803555934, 5.468239564058484], "21": [0.05078696674281764, 5.612498898648331], "22": [0.04432987345744992, 5.722922810910281], "23": [0.03907120625007726, 5.8035926632466435], "24": [0.03507653578552109, 5.857906512261909], "25": [0.03233476074360892, 5.8883527286448745], "26": [0.030821213783014886, 5.896394811719522], "27": [0.030528063362083892, 5.8824257523847585], "28": [0.03147196320029734, 5.845758011150561], "29": [0.033681864746817315, 5.784639090107191], "30": [0.037162315793344024, 5.696309547687683], "31": [0.04182092117244703, 5.57714228166224], "32": [0.047346697416456994, 5.422902457520471], "33": [0.053037166664244316, 5.229116697099051], "34": [0.057605418644906446, 4.991428246692782], "35": [0.05905247787014226, 4.705744458883955], "36": [0.05475840689576101, 4.368245300369399], "37": [0.042074814658521385, 3.9763408386615753], "38": [0.01994622917551783, 3.5335355157681025], "39": [-0.008422783412417098, 3.0597673058673123], "40": [-0.035341820047050124, 2.5930159118068614], "41": [-0.05418389465267096, 2.166714632335943], "42": [-0.06340210272915578, 1.7940097128954209], "43": [-0.06487206085940876, 1.4752375754076215], "44": [-0.06138544821960646, 1.207012312005334], "45": [-0.05542246062392563, 0.9853651683668124], "46": [-0.04877025132865727, 0.8061326523975093], "47": [-0.04252678714706592, 0.6649381682540191], "48": [-0.037262738322658896, 0.5574078209835892], "49": [-0.033214402446301285, 0.4795419440758262], "50": [-0.030441968255845678, 0.42805293423514834], "51": [-0.02893499447053785, 0.4005843681102727], "52": [-0.02867247412444948, 0.3958214939592469], "53": [-0.029650743775880267, 0.41353437610110383], "54": [-0.03188836326560894, 0.45458483795052473], "55": [-0.035409760744386204, 0.5209032277105645], "56": [-0.040201710913504766, 0.615413851444309], "57": [-0.046130515794891525, 0.7418683160278121], "58": [-0.052807867129330006, 0.9045541941354384], "59": [-0.059408992916659735, 1.1079125309396356], "60": [-0.06448557782270542, 1.3562148243645327], "61": [-0.06587319589507167, 1.6534745405593045], "62": [-0.06086767651980834, 2.0033679809218152], "63": [-0.04700387641923942, 2.407688193004847], "64": [-0.02398900109411705, 2.8600535339826605], "65": [0.0037205223299900444, 3.3355222153125625], "66": [0.028072972852748717, 3.7946556444607054], "67": [0.04353982686581873, 4.208491103387225], "68": [0.04964298723696266, 4.5679597958192275], "69": [0.048648993183761015, 4.874149565672931], "70": [0.04334080474914282, 5.130683332407298], "71": [0.03604782352520811, 5.3415524083024115], "72": [0.028385270284050985, 5.510950755361783], "73": [0.02131037937213983, 5.643252430181011], "74": [0.01530017775058103, 5.742740211108931], "75": [0.010539722956855815, 5.813226958184384], "76": [0.007067943827676991, 5.857741574442502], "77": [0.004871034027523691, 5.878337044461214], "78": [0.003933400546633452, 5.87599822932521], "79": [0.004258729521432435, 5.850609029026067], "80": [0.005868253258775143, 5.800954627106563], "81": [0.008775531536667358, 5.724761582736406], "82": [0.012929436457198434, 5.618804850737376], "83": [0.018112344071691277, 5.479123301464796], "84": [0.0237854021380304, 5.30135803959283], "85": [0.028897016127238488, 5.081136204427823], "86": [0.03171804806734852, 4.8143152436219765], "87": [0.029829160186288863, 4.496997606436864], "88": [0.02048073893756149, 4.125911807832455], "89": [0.0017602275254463445, 3.7013895240138064], "90": [-0.024991109589382304, 3.2360878382791287], "91": [-0.05338487184395946, 2.762750837963], "92": [-0.07564713366901572, 2.319610805235845], "93": [-0.08833253691651102, 1.9272807494047175], "94": [-0.09238906761398473, 1.5895095512777941], "95": [-0.09046934221313825, 1.3037029493680232], "96": [-0.08523818608177498, 1.0660322951855339], "97": [-0.07874944180227848, 0.87245686956598], "98": [-0.07234215884668065, 0.718721440454152], "99": [-0.06676186710317077, 0.6004779333496474], "100": [-0.06235188817851733, 0.5136251106950147], "101": [-0.05922796731724642, 0.4546770390813101], "102": [-0.05740274822295534, 0.42103106194138806], "103": [-0.05686050117215309, 0.41111701414741986], "104": [-0.05759440964890681, 0.4244624702292214], "105": [-0.0596169919293816, 0.46170922233666395], "106": [-0.0629472397954753, 0.5245931819726023], "107": [-0.06756998714041483, 0.6158716552554387], "108": [-0.07335630533066514, 0.7391602578786974], "109": [-0.07993301142345532, 0.898646501446474], "110": [-0.08650360614864203, 1.0987082204305931], "111": [-0.0916602080027553, 1.3435798151615896], "112": [-0.0932822997007425, 1.6372452414753347], "113": [-0.08869082701370716, 1.9833735349526125], "114": [-0.07537692392488136, 2.3839257992805023], "115": [-0.052851283615960566, 2.8332392987528596], "116": [-0.025248836006117138, 3.3076262438691484], "117": [-0.0005318789040251086, 3.7679656115643017], "118": [0.015506239932746762, 4.184180813501648], "119": [0.022134750625737918, 4.54621611290717], "120": [0.021525121521746488, 4.854790956191325], "121": [0.016458502546234467, 5.1134307978033355], "122": [0.009297735962922972, 5.3260749437211174], "123": [0.0016989286969724747, 5.496855659696133], "124": [-0.005344920164300976, 5.630081717130407], "125": [-0.011330396599381747, 5.729977544948819], "126": [-0.016054850226211195, 5.800303986318249], "127": [-0.019468076498076706, 5.84403586862286], "128": [-0.021576584456857287, 5.863160403918617], "129": [-0.022391421556842827, 5.858578047736473], "130": [-0.021907446746777706, 5.830067381249103], "131": [-0.020107464898002136, 5.776291643086584], "132": [-0.016992692722966034, 5.694852423543366], "133": [-0.012648642782150667, 5.582421787402303], "134": [-0.007358958221747718, 5.4349909388635975], "135": [-0.0017712898716058917, 5.248232908799271], "136": [0.002910470448945404, 5.017873096295075], "137": [0.004784792558656214, 4.739876571004237], "138": [0.0013045435299424103, 4.410458723098527], "139": [-0.01021972005494072, 4.02681688763439], "140": [-0.03117059425105636, 3.5912770958631226], "141": [-0.05902556603316277, 3.1211431122595714], "142": [-0.08651132967654535, 2.6527799676416], "143": [-0.10655998123002229, 2.2215173779175936], "144": [-0.11699259620206616, 1.843013687460823], "145": [-0.11939084694059399, 1.5187159051039516], "146": [-0.11650461984990919, 1.2455347573778714], "147": [-0.11087597697650022, 1.0196122837057182], "148": [-0.10438186104861343, 0.8369047440480055], "149": [-0.09820343492707795, 0.6931687148818615], "150": [-0.0929746337644053, 0.584149595339081], "151": [-0.08897433393477858, 0.5059473550424507], "152": [-0.08628962156503214, 0.45536939573133106], "153": [-0.08492690960461687, 0.4301707827357665], "154": [-0.0848756444754803, 0.4291816559364632], "155": [-0.08613680455767556, 0.45235843407219617], "156": [-0.0887245073112658, 0.5007866798896715], "157": [-0.09264120690515551, 0.5766369255510033], "158": [-0.09781893966149782, 0.6830472889348786], "159": [-0.10401439149963927, 0.8238945312488516],