{"0": [2.3460996615769446e-05, 3.0148901109484694], "1": [0.0015408628405310688, 3.0189678159618536], "2": [0.005326233810946259, 3.029131783279502], "3": [0.011206706930307817, 3.0448989626568825], "4": [0.018906774583215727, 3.0655095837389026], "5": [0.028054300539476426, 3.0899534998736633], "6": [0.038193736837738995, 3.1170125870891705], "7": [0.048808350387222095, 3.145320774377085], "8": [0.059350738324841563, 3.1734392948780012], "9": [0.06927805372760651, 3.199940318753722], "10": [0.07808657109319148, 3.2234893722736366], "11": [0.08534046720928493, 3.242917338622606], "12": [0.090691842704688, 3.2572761630583513], "13": [0.09389191652876375, 3.265876904236869], "14": [0.09479561878674986, 3.268312413008697], "15": [0.09336266117173253, 3.2644684468146834], "16": [0.08965752647836148, 3.254526374079146], "17": [0.08384917507473087, 3.238958510241634], "18": [0.07620932185021125, 3.2185145825631776], "19": [0.06710663649599072, 3.1941959218135345], "20": [0.056993840988585204, 3.1672137145915005], "21": [0.04638582759037824, 3.1389296239225546], "22": [0.03582940972465682, 3.1107810190030176], "23": [0.02586818698370125, 3.0841975033086326], "24": [0.017007859880174746, 3.0605182829534647], "25": [0.009687165407595358, 3.0409196520662727], "26": [0.0042575104941170415, 3.026358630990188], "27": [0.0009714766197532322, 3.017534280344794], "28": [-2.1966342531844556e-05, 3.0148645129971943], "29": [0.0013213881171534993, 3.0184746125454662], "30": [0.004940979130051732, 3.028194248433854], "31": [0.010671753025637174, 3.043561852912517], "32": [0.018245793307432378, 3.0638377720066896], "33": [0.027297912611859227, 3.088029544030984], "34": [0.037378243887363424, 3.1149329990357213], "35": [0.04797377727286326, 3.143190984764475], "36": [0.058538338227310104, 3.1713676468168526], "37": [0.06852762416169468, 3.1980317259488884], "38": [0.07743400187011795, 3.2218393887349417], "39": [0.08481585088842641, 3.2416072469887434], "40": [0.09031827458487804, 3.2563693736842994], "41": [0.09368489942973729, 3.2654166263884528], "42": [0.09476285886063882, 3.2683203498239446], "43": [0.093504029975441, 3.264944229059608], "44": [0.08996505338060688, 3.2554475565038294], "45": [0.08430707608284035, 3.240281139875215], "46": [0.0767942108130573, 3.2201745304451013], "47": [0.0677881472783236, 3.196111268592855], "48": [0.057735869195844496, 3.169288429373787], "49": [0.047148462897330615, 3.1410585523228294], "50": [0.03657141480666056, 3.1128558603126093], "51": [0.026549680739569134, 3.0861131503484582], "52": [0.017592783928427877, 3.0621787774992217], "53": [0.010145197536975877, 3.0422431399136576], "54": [0.004565289630488529, 3.02728101154021], "55": [0.0011132171352337286, 3.0180115784760453], "56": [-5.426010066833534e-05, 3.0148742166041846], "57": [0.0011148953923753664, 3.01801626210607], "58": [0.00456796159332166, 3.027289460611403], "59": [0.01014769800929485, 3.042253776239283], "60": [0.017593800760583575, 3.0621897890737415], "61": [0.026548092671387635, 3.0861229312892924], "62": [0.03656650123820058, 3.1128632999385446], "63": [0.04713990433623889, 3.1410630693156887], "64": [0.057723552675665965, 3.169289764387971], "65": [0.06777188707014548, 3.1961091685130576], "66": [0.07677353726957388, 3.220168511229184], "67": [0.08428120864037479, 3.240270469353467], "68": [0.08993308037388356, 3.2554314826202697], "69": [0.09346522107987337, 3.264922360111967], "70": [0.09471698114813097, 3.2682930276469606], "71": [0.0936324103826393, 3.2653851382553523], "72": [0.09026031390728614, 3.2563359087633796], "73": [0.08475402596186604, 3.241574591934802], "74": [0.07737003676911594, 3.221810448433701], "75": [0.06846299654729857, 3.1980090232506364], "76": [0.058474039235984585, 3.1713529710438997], "77": [0.04791028253142582, 3.1431853034380515], "78": [0.03731568980101866, 3.11493663175209], "79": [0.0272363736708179, 3.0880424740435717], "80": [0.01818550806580888, 3.063859909349817], "81": [0.010613177402961825, 3.043593100132049], "82": [0.0048846361208539045, 3.0282343315208093], "83": [0.0012675808559090142, 3.018522759710303], "84": [-7.345266848007575e-05, 3.0149191343647397], "85": [0.0009213966105773911, 3.01759280239948], "86": [0.00420723876842578, 3.026417583656698], "87": [0.009634645452227694, 3.0409750192500242], "88": [0.016950944629246692, 3.060566034918177], "89": [0.02580502702232379, 3.0842341578269235], "90": [0.03575872407809316, 3.110804056755548], "91": [0.04630696228929133, 3.138937633547056], "92": [0.05690661276061375, 3.167206256013596], "93": [0.06701105942053583, 3.1941732229814526], "94": [0.0761053683381033, 3.218477254207083], "95": [0.08373669745386478, 3.238907434527881], "96": [0.08953637823922188, 3.2544628162496454], "97": [0.09323295832026146, 3.2643943181520836], "98": [0.09465801963987411, 3.2682305384191497], "99": [0.09374779214879707, 3.265791141416565], "100": [0.09054325227845966, 3.2571912718880855], "101": [0.08518992296098735, 3.242838584593921], "102": [0.07793665377173058, 3.2234219409774614], "103": [0.06913099950000429, 3.1998886933475155], "104": [0.05920813701730663, 3.1734067753714172], "105": [0.04867105634755842, 3.1453092732280146], "106": [0.03806200361319297, 3.1170227250311493], "107": [0.02792804828500989, 3.0899848967145047], "108": [0.018785840313177978, 3.065561161821914], "109": [0.011090946806697383, 3.0449691008258233], "110": [0.005215430414965195, 3.029218260832216], "111": [0.001434489444024651, 3.019067607124196], "112": [-7.957963066696882e-05, 3.0149991698179286], "113": [0.0007409003225116439, 3.0172042616539865], "114": [0.0038588646526895604, 3.025578771672359], "115": [0.009132695287221092, 3.0397258589838403], "116": [0.016317369116958406, 3.0589669006519755], "117": [0.02506889895632278, 3.082363712317687], "118": [0.034955125386315206, 3.1087558309505168], "119": [0.04547518068989881, 3.1368152799750817], "120": [0.05608774955944447, 3.1651177298020836], "121": [0.06624535921158049, 3.192224468131008], "122": [0.07542968797312707, 3.2167661365446394], "123": [0.08318247672781595, 3.2375185774598965], "124": [0.08912828910675376, 3.253463708362947], "125": [0.09298819097942652, 3.2638327215900205], "126": [0.09458601150871485, 3.2681329831036723], "127": [0.09385016841085414, 3.2661622150584497], "128": [0.09081381627422182, 3.2580134966344105], "129": [0.0856146689631925, 3.244072845601445], "130": [0.07849391936342706, 3.2250086214163454], "131": [0.06979197436565299, 3.2017497940012514], "132": [0.05993795068898534, 3.1754492836978576], "133": [0.04943055539531618, 3.1474298607471933], "134": [0.038810125204200574, 3.119113532273342], "135": [0.028624486095821543, 3.0919398385337553], "136": [0.01939358686927491, 3.0672820138870205], "137": [0.011578345159363158, 3.0463707040272463], "138": [0.005557550218516294, 3.030232462018971], "139": [0.001613861586171029, 3.0196458954996337], "140": [-7.26797423555446e-05, 3.0151142175157615], "141": [0.0005734117096093487, 3.0168506586245996], "142": [0.0035228896938306756, 3.0247731690510875], "143": [0.008641943817903484, 3.038506562903658], "144": [0.01569321493240299, 3.0573927684713125], "145": [0.02433988871395005, 3.0805120758267783], "146": [0.034155915869441916, 3.10671917833844], "147": [0.04464478786088913, 3.134696607927321], "148": [0.055267194051762135, 3.163024793348073], "149": [0.06547500539842967, 3.190263484792763], "150": [0.0747466908651468, 3.2150356813824383], "151": [0.08261870823064761, 3.236104339104377], "152": [0.08870893663198526, 3.2524345000545782], "153": [0.09273100184976005, 3.2632377997596547], "154": [0.09450099708620957, 3.268000471615863], "155": [0.09393953566295081, 3.266498345141956], "156": [0.091071957213758, 3.25880244345201], "157": [0.08602816947570444, 3.2452771122825093], "158": [0.07904169458681103, 3.2265701120294543], "159": [0.07044574244298799, 3.203591847988615], "160": [0.060663270704260634, 3.1774799430894216], "161": [0.050188551999440084, 3.1495464683326713],