{"0": [-3.5159778736344735e-07, 3.145056864930173], "1": [-2.310455988401316e-05, 3.1449666993099368], "2": [-7.997506691939215e-05, 3.144741332523427], "3": [-0.00016868437556543227, 3.144389795051504], "4": [-0.0002856779527689013, 3.143926173124163], "5": [-0.000426267860115052, 3.143369044354464], "6": [-0.0005848205639220782, 3.1427407333827393], "7": [-0.0007549826595131606, 3.1420664173342194], "8": [-0.0009299354707067243, 3.141373116925133], "9": [-0.0011026683182372454, 3.1406886136519607], "10": [-0.001266259493950025, 3.1400403364752316], "11": [-0.001414153664616871, 3.139454262638778], "12": [-0.0015404245741190523, 3.1389538766957528], "13": [-0.0016400125090899433, 3.138559229468063], "14": [-0.0017089270144655818, 3.1382861346443036], "15": [-0.0017444067472832993, 3.138145535190041], "16": [-0.0017450300800144255, 3.1381430649306052], "17": [-0.0017107720377702463, 3.138278822846606], "18": [-0.001643005297981699, 3.1385473691092955], "19": [-0.0015444452128749926, 3.1389379430140925], "20": [-0.0014190410482435814, 3.1394348940955994], "21": [-0.0012718177806361262, 3.1400183091761056], "22": [-0.0011086747753420838, 3.1406648102497856], "23": [-0.0009361494004309723, 3.141348491250682], "24": [-0.0007611550463799588, 3.1420419561716906], "25": [-0.0005907040565951037, 3.1427174169233116], "26": [-0.0004316266863171817, 3.1433478069143517], "27": [-0.0002902973688216788, 3.1439078657029773], "28": [-0.00017237927120836128, 3.144375151232234], "29": [-8.259738064985006e-05, 3.14473093908041], "30": [-2.4549208440289986e-05, 3.144960972701446], "31": [-5.606833879402931e-07, 3.145056034615806], "32": [-1.1592991722433118e-05, 3.1450123156929277], "33": [-5.720408170202434e-05, 3.144831567752797], "34": [-0.0001355663683369975, 3.144521033383742], "35": [-0.00024353993185458213, 3.1440931557834397], "36": [-0.0003767982889667469, 3.143565080229388], "37": [-0.0005300017142007927, 3.1429579671265904], "38": [-0.0006970111820343252, 3.1422961441324255], "39": [-0.0008711343661362366, 3.1416061313184853], "40": [-0.0010453938375073765, 3.1409155784335057], "41": [-0.0012128067041028787, 3.140252156870112], "42": [-0.0013666644700333864, 3.139642450763283], "43": [-0.0015008018834083352, 3.1391108916835897], "44": [-0.0016098439887456718, 3.138678779631802], "45": [-0.001689421482747673, 3.1383634295671756], "46": [-0.001736345752415256, 3.138177477654439], "47": [-0.0017487365971149925, 3.1381283750024904], "48": [-0.0017260975338207639, 3.138218089152148], "49": [-0.0016693356807233432, 3.138443025253125], "50": [-0.0015807254263020497, 3.1387941700823125], "51": [-0.001463817333274338, 3.13925745314332], "52": [-0.0013232959133286433, 3.139814310402081], "53": [-0.0011647919543983257, 3.140442428098423], "54": [-0.0009946569065057737, 3.1411166368523147], "55": [-0.0008197083606915912, 3.141809920247243], "56": [-0.0006469568241410219, 3.1424944974685576], "57": [-0.0004833247528965442, 3.1431429365923327], "58": [-0.0003353691180287223, 3.1437292538849384], "59": [-0.00020901863773738178, 3.144229955037216], "60": [-0.00010933621295409927, 3.1446249765961447], "61": [-4.031608398897234e-05, 3.1448984898731753], "62": [-4.7238250285591994e-06, 3.145039535135048], "63": [-3.985571286566187e-06, 3.145042460692843], "64": [-3.8130901249268834e-05, 3.1449071493221488], "65": [-0.00010579165262224438, 3.144639022958576], "66": [-0.00020425671901009752, 3.1442488254810956], "67": [-0.00032958064104675924, 3.1437521922711738], "68": [-0.0004767416566597004, 3.14316902376874], "69": [-0.0006398428942063448, 3.1425226880985213], "70": [-0.0008123486584156739, 3.141839084698163], "71": [-0.000987346343642006, 3.141145606465005], "72": [-0.001157823471846, 3.140470042022016], "73": [-0.0013169487390912093, 3.1398394621157046], "74": [-0.0014583457914274808, 3.1392791347984543], "75": [-0.0015763487461580496, 3.1388115128878846], "76": [-0.0016662292145004035, 3.1384553342851396], "77": [-0.0017243857339031964, 3.13822487119424], "78": [-0.0017484880329901313, 3.1381293583037766], "79": [-0.0017375703656134492, 3.13817262281496], "80": [-0.0016920701888786006, 3.138352931116086], "81": [-0.0016138106424368238, 3.138663058235279], "82": [-0.0015059275280801957, 3.139090577293697], "83": [-0.0013727437034670867, 3.1396183573811687], "84": [-0.0012195959061131116, 3.1402252499327403], "85": [-0.0010526209310692013, 3.1408869361292155], "86": [-0.0008785097211551537, 3.141576901381], "87": [-0.0007042392243354916, 3.142267497845371], "88": [-0.0005367927734037482, 3.142931052383302], "89": [-0.0003828802090933932, 3.143540975531024], "90": [-0.00024866897827034007, 3.144072827020449], "91": [-0.00013953699347137992, 3.144505295133238], "92": [-5.98571585512109e-05, 3.1448210506421983], "93": [-1.2822186247006994e-05, 3.145007441136098], "94": [-3.167118445384464e-07, 3.14505699793196], "95": [-2.2841810301389528e-05, 3.144967735291411], "96": [-7.949492872884175e-05, 3.144743229972739], "97": [-0.00016800603447438488, 3.144392477937426], "98": [-0.0002848285366840424, 3.143929533942202], "99": [-0.000425281352412012, 3.1433729484341497], "100": [-0.0005837364418976873, 3.1427450242836708], "101": [-0.00075384431250831, 3.1420709231147606], "102": [-0.0009287884612806872, 3.1413776570325824], "103": [-0.0011015585561297443, 3.140693006157989], "104": [-0.0012652313961073497, 3.140044405366486], "105": [-0.0014132483751252635, 3.139457844870311], "106": [-0.0015396783154565704, 3.1389568287245058], "107": [-0.001639455130785726, 3.13856143300456], "108": [-0.001708580797277187, 3.138287501392158], "109": [-0.0017442855107121383, 3.13814601038353], "110": [-0.0017451386288068348, 3.138142629528744], "111": [-0.0017111059694912677, 3.1382774942959624], "112": [-0.0016435511793354656, 3.138545200645042], "113": [-0.0015451811177378898, 3.1389350215272454], "114": [-0.0014199374359394018, 3.139431336651764], "115": [-0.001272838679374709, 3.140014258325016], "116": [-0.0011097792235004404, 3.140660428313439], "117": [-0.0009372930879743897, 3.141343953818849], "118": [-0.0007622920906332311, 3.142037445065472], "119": [-0.0005917888411287572, 3.1427131129088393], "120": [-0.0004326156891501985, 3.1433438824587885], "121": [-0.00029115090657548705, 3.1439044780632694], "122": [-0.000173063089257631, 3.14437243615367], "123": [-8.30840255521457e-05, 3.1447290053574886], "124": [-2.4819127716046256e-05, 3.1449598978188913], "125": [-6.030086894572503e-07, 3.1450558616442144], "126": [-1.1405974121457302e-05, 3.14501305156325], "127": [-5.6795161730102313e-05, 3.1448331829786804], "128": [-0.00013495187798639953, 3.1445234632428174], "129": [-0.00024274444042801053, 3.1440963029103273], "130": [-0.00037585361888669097, 3.143568818516674], "131": [-0.0005289456661014016, 3.14296214677766], "132": [-0.0006958860201352377, 3.1423005976638283], "133": [-0.0008699851245614608, 3.141610680271354], "134": [-0.0010442665154555106, 3.1409200405250406], "135": [-0.0012117464222835006, 3.1402563532983967], "136": [-0.0013657136623584196, 3.1396462133725236], "137": [-0.00149999859649587, 3.1391140697025035], "138": [-0.0016092203574210192, 3.13868124571506], "139": [-0.001689002442605971, 3.1383650848978553], "140": [-0.001736148040950994, 3.1381782559031746], "141": [-0.0017487680833303478, 3.1381282449848515], "142": [-0.0017263569030717795, 3.1382170560779565], "143": [-0.0016698124873745267, 3.1384411305177347], "144": [-0.0015814005120880908, 3.138791489608203], "145": [-0.0014646635946769682, 3.1392540943383405], "146": [-0.0013242793873294867, 3.1398104078560327], "147": [-0.001165873179210391, 3.1404381381902504], "148": [-0.0009957925028284574, 3.14111213148387], "149": [-0.0008208527701334798, 3.1418053799547128], "150": [-0.000648064135090542, 3.1424901041876887], "151": [-0.0004843505405709673, 3.143138866367529], "152": [-0.00033627222485525137, 3.143725669814587], "153": [-0.00020976282264234284, 3.144227000738062],