{"0": [6.08671192822681e-06, 4.97848906496096], "1": [0.00038156784771122443, 4.947509852676931], "2": [0.0011406950167560845, 4.868637785640425], "3": [0.0017505601164049514, 4.741369812596345], "4": [0.0013211575709117214, 4.565181630229579], "5": [-0.0013592951540803582, 4.339924678157545], "6": [-0.007629071029399714, 4.066585953055823], "7": [-0.018463869838679477, 3.7489608630249323], "8": [-0.0336567784890115, 3.3966930968200395], "9": [-0.05113977522735191, 3.0279528684303756], "10": [-0.06755474886316529, 2.6667337433546034], "11": [-0.08013198654598838, 2.3342716439872526], "12": [-0.08794325205243031, 2.0433875425295795], "13": [-0.0916032938879153, 1.799682010809106], "14": [-0.09239687952989019, 1.6049045077891546], "15": [-0.09163900805687379, 1.4591869033669334], "16": [-0.09037517114943562, 1.3620796094328476], "17": [-0.08929588509109057, 1.3130410314541394], "18": [-0.0887445263376371, 1.3117224565124639], "19": [-0.08874067272708927, 1.3581188905123045], "20": [-0.08898140794497691, 1.4525705824689297], "21": [-0.08881918515817326, 1.5956135906912468], "22": [-0.08725086404414586, 1.7876950798075044], "23": [-0.0829922824011456, 2.0286952784831604], "24": [-0.07475513668103126, 2.3169444792804343], "25": [-0.06185308477152275, 2.6471087387405388], "26": [-0.04506543913830889, 3.0068945081410723], "27": [-0.027028271957991373, 3.375552896895675], "28": [-0.011122633385641817, 3.729007904409584], "29": [0.0004342796556459856, 4.048551018330924], "30": [0.007306533135944024, 4.324079778826341], "31": [0.010418858764272145, 4.551587361265435], "32": [0.011115396157659026, 4.730018012386124], "33": [0.01064035735301581, 4.859497800314684], "34": [0.009924067690514085, 4.9405391669051815], "35": [0.00953904970800792, 4.973638982566994], "36": [0.009719045827018151, 4.959038759301946], "37": [0.010377136834214047, 4.896621692484755], "38": [0.011097717903899473, 4.7859629439255205], "39": [0.011112765511278417, 4.626525124003744], "40": [0.009309822526763777, 4.4179933352272895], "41": [0.004360436063812147, 4.160871578262456], "42": [-0.0049030630140644, 3.8577729780908996], "43": [-0.018764512897576975, 3.516018196181397], "44": [-0.03579897825762447, 3.15085698015246], "45": [-0.05291784107403831, 2.785085894042645], "46": [-0.06695426434795705, 2.4417811638815476], "47": [-0.07633944818996635, 2.1366933729861826], "48": [-0.08126568257984185, 1.877459869073751], "49": [-0.08287885297186942, 1.6668082940632607], "50": [-0.08252691283212393, 1.5052690527178163], "51": [-0.08135840121471818, 1.3925325204166201], "52": [-0.0801807254057606, 1.328063795315043], "53": [-0.07944701905293879, 1.3114379538857404], "54": [-0.079279599739704, 1.342534268044343], "55": [-0.07947998100046068, 1.4215872283590814], "56": [-0.07951261760638441, 1.549083954889077], "57": [-0.07848527945137068, 1.7255226673840505], "58": [-0.07518731032170611, 1.9510122457709589], "59": [-0.06828943744166123, 2.224500867469581], "60": [-0.056837734894079533, 2.542083099154541], "61": [-0.04107234776515839, 2.8939587330046486], "62": [-0.023086082397708495, 3.2618363051468897], "63": [-0.00622445264624919, 3.6217683928395443], "64": [0.006786124852626961, 3.9527057234150647], "65": [0.015054240505046439, 4.241990402494153], "66": [0.019208219301666343, 4.484094188924293], "67": [0.02052976792982846, 4.677280594850182], "68": [0.020323938969327358, 4.821406855945208], "69": [0.019624965921676157, 4.916903380753826], "70": [0.019112677147788266, 4.96428994352842], "71": [0.019120024391032407, 4.9638950968309965], "72": [0.019655181378790125, 4.915710714158676], "73": [0.02040181254651265, 4.819396093276007], "74": [0.020697377617042607, 4.674432155690853], "75": [0.019525639944234723, 4.480411928095683], "76": [0.015599532852517133, 4.23753452312619], "77": [0.007652412549062888, 3.9476308550948023], "78": [-0.0049396207439032815, 3.6163457093937112], "79": [-0.021300036362773875, 3.2564235834819253], "80": [-0.03872541745514481, 2.888928395370618], "81": [-0.05387209646972051, 2.5377741836111025], "82": [-0.06463069906692548, 2.2211865860003015], "83": [-0.07075178498258695, 1.9488700949066429], "84": [-0.07319346260807318, 1.7246390443015487], "85": [-0.07329647422366231, 1.5494854192619247], "86": [-0.07228561624514682, 1.4232749633823807], "87": [-0.0710679101114555, 1.3455108099170012], "88": [-0.07019329901264726, 1.3157232397188359], "89": [-0.06987368909403281, 1.33370028436189], "90": [-0.06999909017939646, 1.3995799988187756], "91": [-0.07012803509061347, 1.5137895383256281], "92": [-0.06946529968292238, 1.6768404046212644], "93": [-0.06687734944550282, 1.8889797069901004], "94": [-0.06103749895632786, 2.149555400565152], "95": [-0.05082977548105754, 2.4556353069691403], "96": [-0.03609519913328946, 2.7993016104217276], "97": [-0.018421683876179127, 3.164554744001587], "98": [-0.000966614372316414, 3.5282782926872236], "99": [0.013210661137787667, 3.8678802265342878], "100": [0.022716375476690222, 4.168401595386893], "101": [0.027857040693534507, 4.422749797720581], "102": [0.029812832505476318, 4.628441915152168], "103": [0.029918271092608615, 4.785029680497758], "104": [0.029289697328448206, 4.892835467057007], "105": [0.028698929527911952, 4.952374254478267], "106": [0.02856520841266813, 4.964034049244473], "107": [0.028977793215549545, 4.92789593006046], "108": [0.029703000269214352, 4.843699213747145], "109": [0.030166531638245158, 4.710959175913681], "110": [0.029437967788129734, 4.529222804863781], "111": [0.02628322280173576, 4.298496656367102], "112": [0.019393065380153722, 4.020094661992918], "113": [0.007917983153153752, 3.698483952043971], "114": [-0.007696601707465096, 3.3444218686157874], "115": [-0.02515049630721675, 2.977150524435041], "116": [-0.041085990559933214, 2.620676077803617], "117": [-0.05298133278664781, 2.295119787490878], "118": [-0.06016929998179172, 2.0121158766958236], "119": [-0.06339552912400448, 1.7765949642801002], "120": [-0.06396249747979624, 1.5900449455386634], "121": [-0.06314600581154461, 1.4525283754767568], "122": [-0.061934147033042265, 1.3636076452439223], "123": [-0.06095942418413906, 1.322793435910962], "124": [-0.06051010811651081, 1.3298065368635112], "125": [-0.060549886625759934, 1.3847033444904011], "126": [-0.060714407180061346, 1.4878503243037549], "127": [-0.06028953487501074, 1.6397507534327553], "128": [-0.05821297372697667, 1.8407326753752167], "129": [-0.05318153781018309, 2.090402689657783], "130": [-0.043986628752234185, 2.38648498506182], "131": [-0.030187459632392718, 2.72242767252797], "132": [-0.01295034278279326, 3.084152700121194], "133": [0.004820293645312323, 3.4496766618711177], "134": [0.019883007420861035, 3.7955519236054007], "135": [0.030428519951036754, 4.104915607136539], "136": [0.03644992348432523, 4.3691925861744805], "137": [0.039004210943612595, 4.585143049142986], "138": [0.039430146371898386, 4.751998488720485], "139": [0.03890499248635901, 4.869959415436676], "140": [0.038276054641580674, 4.939516932381629], "141": [0.03803508749323155, 4.961095286606243], "142": [0.03833873442045727, 4.934844217021996], "143": [0.03902045734874497, 4.860572722716462], "144": [0.03957728875295657, 4.737835905902385], "145": [0.03915076801063088, 4.566162840369131], "146": [0.036559599085449125, 4.345440337336206], "147": [0.030483547166625775, 4.076642856257856], "148": [0.019929035298658433, 3.7634277660135744], "149": [0.005022179513106466, 3.415062569041507], "150": [-0.012298003988508062, 3.0491532897489724], "151": [-0.028754860171203173, 2.689359381922992], "152": [-0.041540802624339644, 2.357123698108461], "153": [-0.04962761684614919, 2.065739612545933], "154": [-0.053549454083524205, 1.8211933046908833], "155": [-0.05455177815801323, 1.6254641372813539], "156": [-0.05394002084937981, 1.4788160399304042], "157": [-0.05276477239002726, 1.3808815760216504], "158": [-0.05172581602122728, 1.3311701098216628], "159": [-0.051174115092497544, 1.3293565885392054],