{"0": [-1.224315187111172e-05, 0.8895771969817862], "1": [-0.000802772481594559, 0.9040097318942751], "2": [-0.0027570722291645447, 0.9408343258806425], "3": [-0.00572440807952803, 1.0005207464723178], "4": [-0.009429490998966632, 1.08376709049941], "5": [-0.013433043397183547, 1.191429519479504], "6": [-0.01708767885388788, 1.324438756681104], "7": [-0.019503424274767145, 1.4837138614368794], "8": [-0.019545717874560633, 1.6700725268248284], "9": [-0.015899419044097335, 1.8841010478701123], "10": [-0.007246075431204765, 2.125877398173795], "11": [0.007387588534055961, 2.3943571376029857], "12": [0.02808530344423674, 2.686255989220821], "13": [0.05345958189516862, 2.994709863633949], "14": [0.0805446039566766, 3.3089827398908103], "15": [0.10567845937765799, 3.6166337111558744], "16": [0.12594831446075974, 3.90711074312599], "17": [0.14003898268000017, 4.173794017877326], "18": [0.1480941968761721, 4.413597118263615], "19": [0.15112426129993106, 4.625600318349577], "20": [0.15046516628057774, 4.809950472885915], "21": [0.1474373646933955, 4.967268951151882], "22": [0.14317470858161427, 5.098388557537287], "23": [0.13856450565068848, 5.204230175703978], "24": [0.1342517043652296, 5.285716224952657], "25": [0.13067422259227282, 5.343686535037255], "26": [0.1281071071312355, 5.378816873646769], "27": [0.12670157995423395, 5.391550817029563], "28": [0.12651135681861422, 5.382054460749016], "29": [0.12750279758967345, 5.350199278205729], "30": [0.12954787604451962, 5.295574883162994], "31": [0.13240065300027093, 5.217530609292616], "32": [0.13566016508994705, 5.11524142755105], "33": [0.13872649763725797, 4.987789468123782], "34": [0.14076282904821807, 4.834250217706845], "35": [0.14068431957326177, 4.653780190016889], "36": [0.13720487500126638, 4.445732669619785], "37": [0.12898589463344287, 4.209890691776203], "38": [0.11494398485245642, 3.9469919143094465], "39": [0.09475717512635039, 3.659737727790504], "40": [0.06946770610790452, 3.354152800300873], "41": [0.04174393446643892, 3.0402427637912814], "42": [0.015214675688668734, 2.730375025625492], "43": [-0.006948429783917351, 2.4357504294714687], "44": [-0.0230788137714478, 2.1638483536151507], "45": [-0.03305663685992096, 1.9183945888978375], "46": [-0.037759168194009665, 1.7006601944401567], "47": [-0.038487370191474655, 1.5106627514753446], "48": [-0.03658265471609369, 1.3478552931084473], "49": [-0.03322512248350041, 1.2114406213312443], "50": [-0.029354633605383987, 1.100512846298285], "51": [-0.025664557321570063, 1.0141471865578924], "52": [-0.022632591491314424, 0.9514839024787346], "53": [-0.02056433018879748, 0.9118109993856925], "54": [-0.01963404204391242, 0.8946358891983339], "55": [-0.019913888700727092, 0.8997358117787171], "56": [-0.021387427797342807, 0.9271808228595587], "57": [-0.02394598150960465, 0.9773269443083397], "58": [-0.027368222688839323, 1.0507800067352435], "59": [-0.031285383540691936, 1.1483339470445462], "60": [-0.035137987854410274, 1.2708915110608099], "61": [-0.038135612238143365, 1.419378306959651], "62": [-0.039238893021452524, 1.5946560838208255], "63": [-0.037192712364528854, 1.7974164118788003], "64": [-0.03065196982878049, 2.0279798754748217], "65": [-0.018455155675217993, 2.285841774179291], "66": [-9.391499979801354e-05, 2.5687611594484014], "67": [0.02368196106128758, 2.871423088140169], "68": [0.05049134634798251, 3.1845262265734866], "69": [0.07679142656114056, 3.4959095884808926], "70": [0.09922365978415766, 3.7939005443751244], "71": [0.11581180529145227, 4.070258470774665], "72": [0.12618160309921592, 4.3206411594933956], "73": [0.13107121231879434, 4.543421978161894], "74": [0.13173645361797778, 4.738412874123409], "75": [0.12952975955970644, 4.9060836706069155], "76": [0.12566908816248712, 5.047194827258326], "77": [0.12114041026405305, 5.162635417091325], "78": [0.11668095341356667, 5.253328820856499], "79": [0.11280514708002759, 5.320148835676376], "80": [0.10984709141280477, 5.363836269737207], "81": [0.10800253707305156, 5.384924545115113], "82": [0.10736050534010125, 5.383684975274193], "83": [0.10791968894102925, 5.3600987120821095], "84": [0.10958781408810281, 5.3138583825290535], "85": [0.112164025652681, 5.244399375293406], "86": [0.11530629854349952, 5.1509576081463955], "87": [0.11848908520549936, 5.03264652573061], "88": [0.12096165392246948, 4.888542579394662], "89": [0.12172495246965429, 4.7177715469429], "90": [0.1195541896992991, 4.5196086869238385], "91": [0.1131062735134598, 4.293656164823163], "92": [0.10116535167556683, 4.040242477185954], "93": [0.08307943803957533, 3.7612491300054103], "94": [0.059357086189533934, 3.46140619966864], "95": [0.0321175406338399, 3.14937405946732], "96": [0.004788008502040312, 2.83703261673651], "97": [-0.01914742656950757, 2.536374118187998], "98": [-0.03744971187647196, 2.2562882766575845], "99": [-0.04950885921055928, 2.0016889515669005], "100": [-0.05592504492875518, 1.7745485757831065], "101": [-0.05790292875231988, 1.5752252622306402], "102": [-0.0567979242788095, 1.403326510823179], "103": [-0.053858010595415735, 1.25812849603212], "104": [-0.05010862837188321, 1.1387597309141686], "105": [-0.04632575350649085, 1.0443008550066912], "106": [-0.043056877479284425, 0.9738687364586734], "107": [-0.04066203759699216, 0.9267002268099443], "108": [-0.039356553482014646, 0.9022286211877786], "109": [-0.03924458515704549, 0.900141908559678], "110": [-0.04033798428686639, 0.9204151210280471], "111": [-0.042558234278747754, 0.9633131918376238], "112": [-0.04572128537172948, 1.0293639306467288], "113": [-0.0495069697489284, 1.1193037990002717], "114": [-0.05341766361838059, 1.234003139794949], "115": [-0.05673580553816851, 1.374381317576556], "116": [-0.05849697288084212, 1.5413205540831323], "117": [-0.057504284012579676, 1.73556977511385], "118": [-0.0524214056487188, 1.9575840257224948], "119": [-0.04199553735980565, 2.2071669996849836], "120": [-0.02546583171368902, 2.482713861521515], "121": [-0.0031469162191695, 2.779964623314595], "122": [0.023069610803297336, 3.0908149690929188], "123": [0.04988241540032007, 3.403692331810127], "124": [0.07373035852643757, 3.706405784413475], "125": [0.0921596277274451, 3.9895328395820693], "126": [0.10435080766939986, 4.247650743335617], "127": [0.11077404707691328, 4.478465018019998], "128": [0.112581063409805, 4.68145508597605], "129": [0.11112435022126463, 4.856938966301976], "130": [0.10767486120446408, 5.005605289302298], "131": [0.10329086859173865, 5.1283081289176575], "132": [0.09878159289043212, 5.225961177680486], "133": [0.09472339598116657, 5.299453169143325], "134": [0.09149920312325235, 5.349563986454095], "135": [0.08934164421579241, 5.3768866912481466], "136": [0.0883681275622231, 5.381766454440713], "137": [0.08860170660070944, 5.364264658611017], "138": [0.08997517828961886, 5.324152272077888], "139": [0.09231799553208547, 5.260933260448262], "140": [0.09532742913651236, 5.173895744030083], "141": [0.09852822846539169, 5.0621847349484295], "142": [0.1012297272794404, 4.924886306311214], "143": [0.10249619294123483, 4.761113691730569], "144": [0.1011550473125406, 4.570100869480498], "145": [0.09587875557659893, 4.3513511866185], "146": [0.0853901239109363, 4.104963434153952], "147": [0.0688476011747, 3.832333865282074], "148": [0.046414509562044404, 3.5373555386547704], "149": [0.019793546663075534, 3.2276722914590805], "150": [-0.007835159506291088, 2.9145604015680746], "151": [-0.032868815565393006, 2.6103207147032164], "152": [-0.05268519965997314, 2.3247953152457472], "153": [-0.06628733243887287, 2.0638395375203507], "154": [-0.07402936709301532, 1.830033214847], "155": [-0.07701239502913111, 1.6240444545346309], "156": [-0.07658229249193144, 1.4456236146094008], "157": [-0.07402686410163273, 1.2941144296894145], "158": [-0.0704307273701481, 1.168679221221695], "159": [-0.06663058528695663, 1.0684108016029743], "160": [-0.06322705950902009, 0.9924177293962613], "161": [-0.060622497227478124, 0.9399082252634495],