{"0": [-1.3219720674172408e-05, 0.8993536462855812], "1": [-0.0008631271715976997, 0.9221897779365344], "2": [-0.0029261308202998674, 0.9805991513955021], "3": [-0.005922378280459394, 1.0756536310479732], "4": [-0.009320476719272951, 1.208869039492677], "5": [-0.012250106948681, 1.3819743615952111], "6": [-0.013435880632764166, 1.5966765170025707], "7": [-0.011225684602700466, 1.8544016464994637], "8": [-0.003831941266922141, 2.1557311450491943], "9": [0.01003966145475162, 2.4987749560086585], "10": [0.030069991524681504, 2.875656203874195], "11": [0.05330590136179761, 3.2688616397125925], "12": [0.07493784622505023, 3.654028465740183], "13": [0.09107039803868636, 4.010291774840557], "14": [0.10046352619524669, 4.326581132043401], "15": [0.10397533131539383, 4.599428076608791], "16": [0.10332928984614506, 4.828870466770139], "17": [0.10029096265287835, 5.016169210371976], "18": [0.09630397489536077, 5.162976234567589], "19": [0.09239945257393174, 5.27102854963526], "20": [0.08923756878709772, 5.341924314313083], "21": [0.0871932618364973, 5.3768921692017635], "22": [0.08643433408584615, 5.3765953388195], "23": [0.08696569838141693, 5.341021303151552], "24": [0.0886298264804848, 5.269482721861013], "25": [0.0910633173118836, 5.160730199209585], "26": [0.09361938511227999, 5.013152273707351], "27": [0.09528247217397066, 4.82501254803462], "28": [0.09462697978811722, 4.594682805489993], "29": [0.08990810638590965, 4.320961132617933], "30": [0.07942436633626201, 4.003916679625953], "31": [0.062332365941591326, 3.647168191462702], "32": [0.039864437991677756, 3.261923154011223], "33": [0.015892541042675744, 2.869095058949947], "34": [-0.00477738731962666, 2.4930066173839744], "35": [-0.01917951417212679, 2.151065905778955], "36": [-0.02699469718741309, 1.8510130966406049], "37": [-0.029530422960854476, 1.5946261491823066], "38": [-0.028590762994044765, 1.3812589855156931], "39": [-0.02584373557398163, 1.2094623463245926], "40": [-0.022579615068527036, 1.0775367155462112], "41": [-0.019682401921423266, 0.983781271160976], "42": [-0.017695480538314504, 0.9267207320497507], "43": [-0.01690854407902099, 0.9053292634981986], "44": [-0.017424612621993556, 0.9191982448100386], "45": [-0.019187979577667554, 0.9686054082587469], "46": [-0.0219673034888455, 1.0544695597492328], "47": [-0.025297223493763874, 1.1781997100145394], "48": [-0.028393795399379397, 1.3414741100147487], "49": [-0.03007908301273308, 1.5460034111223426], "50": [-0.02877980375354522, 1.793287857975271], "51": [-0.022706255659529977, 2.084169158670238], "52": [-0.010374136184595194, 2.4175382871963196], "53": [0.008380408330778303, 2.7872707935915644], "54": [0.031241526165250326, 3.1781868021745807], "55": [0.05363542884659602, 3.5667722477675143], "56": [0.07122782853908753, 3.9304957088643735], "57": [0.0821561947203188, 4.256005576770594], "58": [0.08690462073753245, 4.538461978376819], "59": [0.08708418424632397, 4.777347491231388], "60": [0.08449172638603292, 4.9737282327929035], "61": [0.08065694407323815, 5.129180809888433], "62": [0.07670354649963729, 5.245420700610688], "63": [0.0733691707587314, 5.324075343559174], "64": [0.07108583970392139, 5.3664540739045465], "65": [0.07006198865450448, 5.373340781801767], "66": [0.07033478024966798, 5.344863065441937], "67": [0.07177975491304796, 5.280469673108815], "68": [0.07407590013825201, 5.179021830815654], "69": [0.07663382276279732, 5.038978820254749], "70": [0.07850968651290528, 4.858631546723162], "71": [0.07835162099869233, 4.636336035404423], "72": [0.07445916794697371, 4.3707992984710335], "73": [0.06508462153191691, 4.061778061022894], "74": [0.049155376091033334, 3.7120294381422436], "75": [0.027452226025741263, 3.331123863573064], "76": [0.0034183777212363022, 2.938402449794048], "77": [-0.018105671885345478, 2.5583489665079187], "78": [-0.03370279548695669, 2.210061903972443], "79": [-0.04263231575296122, 1.9028146619473638], "80": [-0.046002240717997425, 1.6391522065958362], "81": [-0.04558330639929367, 1.4187163086286716], "82": [-0.0430895933725512, 1.2401635181538047], "83": [-0.039882094071216984, 1.1018387276629544], "84": [-0.03691228077031512, 1.0020475151955957], "85": [-0.03477675295040653, 0.9392811211305051], "86": [-0.03380331181003663, 0.9124430955654235], "87": [-0.03412243155534262, 0.9210288070306163], "88": [-0.035701728087209506, 0.9652112312404687], "89": [-0.0383358091881167, 1.0458128680764953], "90": [-0.041593573717398025, 1.1641690428247369], "91": [-0.04473640440558734, 1.3219145088583855], "92": [-0.04663958124251274, 1.5207467532837156], "93": [-0.045777527518175674, 1.7621876251403201], "94": [-0.04037288534807166, 2.0471826447885473], "95": [-0.02886445710230994, 2.3749649079848236], "96": [-0.010858157370819105, 2.7402462281854785], "97": [0.011678987629038089, 3.129115978207681], "98": [0.03436947085472681, 3.51877051679367], "99": [0.05270262938288488, 3.8859943747626358], "100": [0.06447515224912222, 4.216174529461496], "101": [0.06993809061608304, 4.503619726839652], "102": [0.0706183120391357, 4.747441758157899], "103": [0.06831759852905642, 4.948569568413159], "104": [0.06460775507513697, 5.108522396920681], "105": [0.06066223914537549, 5.22898977037934], "106": [0.057262030039142146, 5.311599701902011], "107": [0.05487163591693649, 5.357689906648089], "108": [0.05372219320722225, 5.368096119835], "109": [0.053867442900882856, 5.343011776805541], "110": [0.05519781998625695, 5.281954103524242], "111": [0.057409737295444505, 5.1838448489466336], "112": [0.05993687910459724, 5.047188231965958], "113": [0.06186481541826731, 4.87030168984256], "114": [0.06187356109174365, 4.651549677771818], "115": [0.058285686122872465, 4.38962026114358], "116": [0.04934442766001943, 4.08417361969317], "117": [0.033898393563685396, 3.737666532636275], "118": [0.012553966282834826, 3.3590425930829375], "119": [-0.011438112672409233, 2.9669444295837017], "120": [-0.033262546287801696, 2.5857829812399635], "121": [-0.049336437787083576, 2.235289222765622], "122": [-0.05873824722636681, 1.9254016469938653], "123": [-0.062480276277671117, 1.6590283460837465], "124": [-0.06230981669969035, 1.4359592607793958], "125": [-0.05995458213117072, 1.2549121816853708], "126": [-0.05680238465896764, 1.1142645618471738], "127": [-0.053831951099521116, 1.0123394182213665], "128": [-0.051661971576873834, 0.9476299683368553], "129": [-0.050635929523948374, 0.9190262826628351], "130": [-0.050894641064720275, 0.925998042468714], "131": [-0.052412691734973316, 0.9686854407015272], "132": [-0.054990373844854876, 1.0478763798001174], "133": [-0.058202818978252156, 1.1648741757437184], "134": [-0.06131947026916816, 1.3212869453771132], "135": [-0.06322574717377566, 1.518791652093481], "136": [-0.0624067699859463, 1.7588957428244067], "137": [-0.05709199100759968, 2.0425416807271635], "138": [-0.04571405657478997, 2.368993741048345], "139": [-0.027846561920662267, 2.7330764113891135], "140": [-0.005396282154810388, 3.121089238975723], "141": [0.01730805539039684, 3.510395261397456], "142": [0.03574456947684688, 3.877720501076865], "143": [0.04765865569676882, 4.208251501545906], "144": [0.05325816977902484, 4.49613368462021], "145": [0.05404953456878692, 4.74039234447007], "146": [0.05183025247198331, 4.941913325682073], "147": [0.04817590247006483, 5.1021885192855345], "148": [0.04426652427817341, 5.2228851340042945], "149": [0.040889533578624924, 5.305612102234653], "150": [0.0385142441679951, 5.35169203558249], "151": [0.037374332509521595, 5.361950265948035], "152": [0.037523534946108564, 5.336574981073467], "153": [0.038849503008703615, 5.2750838915009135], "154": [0.0410428550427507, 5.176405709221158], "155": [0.04352851668665154, 5.039058468855444], "156": [0.04538125851777329, 4.861379731086768], "157": [0.04527090161444208, 4.64176014888898], "158": [0.041515881431042505, 4.378925974742845], "159": [0.03237104357543225, 4.07261173009613], "160": [0.016726070023794653, 3.7254359580731626],