{"0": [4.629445796258316e-06, 4.8280676345920925], "1": [0.00028073633643596184, 4.806961235459402], "2": [0.000746060912540926, 4.753355595386243], "3": [0.0007697441031959454, 4.667182809166427], "4": [-0.0006710907129066307, 4.548341286392649], "5": [-0.004963736367199657, 4.396713017819781], "6": [-0.013760876701145812, 4.212251066142298], "7": [-0.02873771853928953, 3.995299963318537], "8": [-0.0510969081123335, 3.7474611356178724], "9": [-0.08074746679877226, 3.473307568347158], "10": [-0.11543431531887646, 3.18241978052192], "11": [-0.15080370104774696, 2.8893281847226513], "12": [-0.18214666065451493, 2.6093760449269574], "13": [-0.2064918824680552, 2.3537492334016377], "14": [-0.22318220505488043, 2.128249032684629], "15": [-0.23314988708831386, 1.9350665310535364], "16": [-0.23801356148102784, 1.7747397524618267], "17": [-0.2394830284750711, 1.6472535373713046], "18": [-0.23905381561661668, 1.552477912922911], "19": [-0.2378755663103031, 1.4902966203932284], "20": [-0.23670939672227945, 1.4606318361540207], "21": [-0.23592339399695578, 1.4634470441888132], "22": [-0.23549689102735233, 1.4987475755074307], "23": [-0.23501998536726246, 1.56657868617489], "24": [-0.23368950475138886, 1.6670213768901336], "25": [-0.23031740339990478, 1.8001847711469552], "26": [-0.2233837311541363, 1.966169022268197], "27": [-0.21118871060716402, 2.164902016244374], "28": [-0.19219283821559463, 2.3956225315730104], "29": [-0.16565627004889288, 2.6556568877743296], "30": [-0.13255199823677824, 2.9384030891205413], "31": [-0.0961698179802886, 3.2318442368791183], "32": [-0.061297745852040585, 3.5204206687823376], "33": [-0.03205011732527096, 3.790219957404247], "34": [-0.010330866260526792, 4.032557740961434], "35": [0.004028046305156722, 4.2435105435720395], "36": [0.012354864932986237, 4.421805457903283], "37": [0.016356872856902283, 4.567228983029284], "38": [0.01766878091251332, 4.679870093635169], "39": [0.01763778785074084, 4.759854920735173], "40": [0.017239404026176384, 4.807280376011395], "41": [0.017056220079469168, 4.822204063225182], "42": [0.01727962804521388, 4.804642982843344], "43": [0.017712601577179236, 4.754573942173889], "44": [0.017766711006643558, 4.6719366863628755], "45": [0.016461254381022174, 4.556638809035682], "46": [0.012447496337062039, 4.4085710608542215], "47": [0.004099181804006289, 4.2276848657431145], "48": [-0.01026185903277028, 4.014281829548296], "49": [-0.031900197819880446, 3.7698117565697853], "50": [-0.06087816641296718, 3.4984988312725576], "51": [-0.09516837082960342, 3.2093976752640394], "52": [-0.13058656661784257, 2.916646406651606], "53": [-0.16238741660113098, 2.6356897372161914], "54": [-0.1874032686669587, 2.378186912931733], "55": [-0.2047817335868584, 2.150391244990429], "56": [-0.21533935497335213, 1.954756176781387], "57": [-0.22065010649690928, 1.79193388435492], "58": [-0.2224215256390325, 1.6619501028519943], "59": [-0.2221679621696515, 1.5646879820365238], "60": [-0.22106670473965873, 1.5000356771138157], "61": [-0.2199089989677005, 1.4679166804332486], "62": [-0.21909282841997693, 1.4682935080002177], "63": [-0.2186266552491733, 1.5011682447076453], "64": [-0.21812943731066178, 1.5665808440095865], "65": [-0.21682702219085065, 1.6646051527421029], "66": [-0.21355980324340545, 1.7953416036466385], "67": [-0.20683253901141077, 1.9588826541223918], "68": [-0.19495902617462152, 2.1551600371948547], "69": [-0.17638773985755096, 2.3834567519439727], "70": [-0.15031892008400943, 2.641237844661465], "71": [-0.1176029666796323, 2.9221802862848514], "72": [-0.08138337859614633, 3.214604390184983], "73": [-0.04638413059668002, 3.5030913260965284], "74": [-0.016790850652557615, 3.7735468653526434], "75": [0.005361314160984296, 4.016973727712724], "76": [0.020136700921933415, 4.229211135061709], "77": [0.02880943477245107, 4.408862259301863], "78": [0.03306901621706781, 4.5556611946000976], "79": [0.03455267066228024, 4.669676788678598], "80": [0.034619842312446386, 4.7510269320434855], "81": [0.03426205398862442, 4.799804525546883], "82": [0.03407862347479369, 4.816065530406927], "83": [0.03427717415593477, 4.799827564612642], "84": [0.03467633652005757, 4.751070297729758], "85": [0.03470320223692801, 4.669738411356639], "86": [0.03339281894045151, 4.555746434647689], "87": [0.02941212458869854, 4.408993957274238], "88": [0.021148768682217198, 4.229441642517662], "89": [0.006932468975344917, 4.017394174413568], "90": [-0.014507942792919481, 3.7742806699313203], "91": [-0.043267966409222786, 3.5042509434641427], "92": [-0.07738350687719261, 3.2162178379494093], "93": [-0.11273485877065523, 2.9241755927922117], "94": [-0.14459352627551292, 2.643540071616721], "95": [-0.16975483047532042, 2.3860670697591884], "96": [-0.1873142968033595, 2.1581340833744505], "97": [-0.19804986686165607, 1.9622816033922792], "98": [-0.20351452201899353, 1.799208591431616], "99": [-0.2054071803503716, 1.6689635737680206], "100": [-0.2052406343137369, 1.5714412694753488], "101": [-0.20419409717164874, 1.5065365366454713], "102": [-0.20306202097318773, 1.4741769593310445], "103": [-0.20224562529875656, 1.4743269431804331], "104": [-0.20175609825088178, 1.5069881846957758], "105": [-0.2012146528501395, 1.572197986348316], "106": [-0.19984943687111342, 1.6700253735136779], "107": [-0.19650410296404425, 1.8005635007644343], "108": [-0.18968891534078683, 1.9638936538096394], "109": [-0.177727108078515, 2.159929047301469], "110": [-0.159082400260653, 2.3879212424073266], "111": [-0.13297654948279883, 2.645286936384663], "112": [-0.10028192580372497, 2.925648443870931], "113": [-0.06414785594276759, 3.2173044732458873], "114": [-0.029273818175123294, 3.50488495819499], "115": [0.00019595667476975413, 3.7743848923857657], "116": [0.02225678918730383, 4.016871596458395], "117": [0.03698296433588357, 4.228205029557982], "118": [0.04564474648299805, 4.406983652492542], "119": [0.04992192316191639, 4.552929520607375], "120": [0.05144052829364487, 4.66610008835424], "121": [0.05154906036610041, 4.746604403105832], "122": [0.05122871057643872, 4.7945289643306515], "123": [0.0510687999153339, 4.80992551042628], "124": [0.05126678359853455, 4.792809644779595], "125": [0.05163058890131881, 4.743161361829286], "126": [0.05157623352437929, 4.660928000708201], "127": [0.05012841914246152, 4.546029208877075], "128": [0.04594697986237905, 4.398373806106625], "129": [0.03742036832868777, 4.217942082023867], "130": [0.022894940259883974, 4.005084607363786], "131": [0.0011434254071406706, 3.7613314673255114], "132": [-0.027850496725672885, 3.49101555157227], "133": [-0.06202775847950239, 3.203277857388346], "134": [-0.09722384949658425, 2.912227836082326], "135": [-0.12876710916796869, 2.6331538043742975], "136": [-0.15356624842535932, 2.3775510414248013], "137": [-0.17080736207064348, 2.1515928107704463], "138": [-0.1813098551113988, 1.9577239767250487], "139": [-0.18663222525783627, 1.796617172030224], "140": [-0.18846036376224157, 1.668322561660573], "141": [-0.1882863347259863, 1.5727434974180672], "142": [-0.18726626173519131, 1.5097831595175775], "143": [-0.1861712665605337, 1.479375519979393], "144": [-0.1853793567226142, 1.4814892499908996], "145": [-0.1848782096532768, 1.5161280196230333], "146": [-0.1842649197051258, 1.583328658483289], "147": [-0.18274359635118131, 1.6831572322374557], "148": [-0.1791365594395769, 1.8157004181296836], "149": [-0.1719411988432388, 1.981023817500834], "150": [-0.1594870847265224, 2.1789979823275596], "151": [-0.14028146111079218, 2.4087649886628824], "152": [-0.11364910600059593, 2.6675050794690303], "153": [-0.08062597548907605, 2.9484579598575302], "154": [-0.04451235489638276, 3.239557786949952], "155": [-0.0100166685087867, 3.525405665005157], "156": [0.01886985730635883, 3.7923543259723895], "157": [0.040328910188359796, 4.0319001541852275], "158": [0.054553531673834414, 4.240171873435075], "159": [0.0628580463745608, 4.415878374696291], "160": [0.06691992935739034, 4.558769296173883],