{"0": [2.7252838284600002e-05, 2.5938709062816834], "1": [0.0017999754688601591, 2.6047754090329076], "2": [0.0063129781105757425, 2.6322366675449382], "3": [0.013588684214661056, 2.6756680735722496], "4": [0.023621429770860156, 2.734078130433877], "5": [0.036322008028092524, 2.8060060434105196], "6": [0.051455355351974576, 2.8894536526496473], "7": [0.06858991972001127, 2.9818446189547205], "8": [0.08708271964406995, 3.0800531775379234], "9": [0.10611955909701527, 3.1805378258659855], "10": [0.1248101542254488, 3.2795790869922032], "11": [0.1423104150452179, 3.37356845821992], "12": [0.15792839498733618, 3.4592657746243947], "13": [0.17117994809887513, 3.5339607440636542], "14": [0.18178666177771038, 3.5955249014420967], "15": [0.18963188233737754, 3.6423832062924664], "16": [0.19469907508257725, 3.6734485140428235], "17": [0.19701306358768736, 3.6880536622882936], "18": [0.1965968882405035, 3.685900925545952], "19": [0.19345046468608332, 3.6670371461085454], "20": [0.18755321619347312, 3.631856925958285], "21": [0.1788904019745873, 3.5811335391024235], "22": [0.16750021982218885, 3.516074085741471], "23": [0.15353426632775855, 3.4383884032614973], "24": [0.1373169464826163, 3.350348725320077], "25": [0.11938199436991506, 3.2548025599245287], "26": [0.10046256851144218, 3.1550965779262583], "27": [0.08142309856413261, 3.054889962320665], "28": [0.0631463676083134, 2.957883020059768], "29": [0.046413766574359125, 2.8675333251691466], "30": [0.03182074407521432, 2.7868392177504537], "31": [0.019749571608929577, 2.718232244723823], "32": [0.010394259270750682, 2.663568768083293], "33": [0.003815875160195532, 2.624181188386978], "34": [4.813819335679594e-06, 2.600947882807395], "35": [-0.0010668579066638898, 2.5943543365627035], "36": [0.0005877381252610835, 2.604531905647627], "37": [0.0049802467197852356, 2.6312693319055795], "38": [0.012132942125458773, 2.673996113133134], "39": [0.02204190806324645, 2.731739295618228], "40": [0.03462230198388482, 2.803059875350078], "41": [0.049646193796341394, 2.8859846480301856], "42": [0.06669115588841225, 2.9779637195855146], "43": [0.08512344818482279, 3.075895624792205], "44": [0.10413567051291876, 3.1762561232674127], "45": [0.1228397086879355, 3.27533181234692], "46": [0.14038837709792423, 3.3695078672143643], "47": [0.156082610150056, 3.455527769980496], "48": [0.16942948465462693, 3.530659317704708], "49": [0.18014245697643486, 3.592750918778234], "50": [0.18809884800087934, 3.6402059838078733], "51": [0.19327867401814375, 3.671918456795762], "52": [0.19570560910066997, 3.6872047344659364], "53": [0.19540312875614568, 3.6857523074566716], "54": [0.192372240340032, 3.667593806847214], "55": [0.18659310446509056, 3.633109014484756], "56": [0.1780503622798987, 3.5830545912217766], "57": [0.16677937861181188, 3.51861821632865], "58": [0.15292622013871454, 3.4414870412501295], "59": [0.13680730360866286, 3.353908079565292], "60": [0.11894717981991347, 3.258703612147229], "61": [0.10007085336926601, 3.1591993446786204], "62": [0.08103809090126793, 3.059042448273398], "63": [0.0627320165676795, 2.9619330480035355], "64": [0.04593909257989406, 2.8713398372918095], "65": [0.03126271461247483, 2.790280058342886], "66": [0.01909358475957616, 2.7212074309155607], "67": [0.009632730730309621, 2.666000178166528], "68": [0.0029458789251277494, 2.626010375784521], "69": [-0.0009743531693980257, 2.602133499717517], "70": [-0.0021556105010236315, 2.5948700725741833], "71": [-0.0006118525027642046, 2.6043653669972517], "72": [0.0036675499407798954, 2.6304220269487875], "73": [0.010704663452104666, 2.672484595662927], "74": [0.0204970982151681, 2.7295974091183437], "75": [0.0329639682338639, 2.8003417881416275], "76": [0.047883911506873, 2.8827678716802367], "77": [0.06484300283520422, 2.974350646542121], "78": [0.08321623145500939, 3.0720117450931306], "79": [0.10220276458387205, 3.1722436775071237], "80": [0.1209168027760275, 3.271339463367711], "81": [0.13850853182571246, 3.3656790632936766], "82": [0.1542723933169532, 3.4519911634585836], "83": [0.16770728992033979, 3.527523311854065], "84": [0.17851900260183914, 3.5901023208462792], "85": [0.18657909061223354, 3.6381113593599967], "86": [0.1918642103715226, 3.670426555994796], "87": [0.19439685189455994, 3.686348814222732], "88": [0.19420083222577483, 3.685551718882107], "89": [0.19127816597693023, 3.6680545789469745], "90": [0.18560974241702238, 3.6342233346138877], "91": [0.17717971129795335, 3.584799172417015], "92": [0.16602090775716408, 3.520951696523159], "93": [0.15227435144961338, 3.4443469121115804], "94": [0.13624907385737525, 3.3572082260955978], "95": [0.11846103238909639, 3.262334126607036], "96": [0.09962747668863732, 3.1630302737791056], "97": [0.08060357351789718, 3.0629319579729777], "98": [0.06227248749426412, 2.96573841380711], "99": [0.04542519677476436, 2.8749281146483754], "100": [0.030672414887398664, 2.7935355777656956], "101": [0.018412731885509678, 2.7240350843353496], "102": [0.008853824318441396, 2.66832529128932], "103": [0.0020658957561483773, 2.6277767454647627], "104": [-0.0019562414328117726, 2.6033010020554803], "105": [-0.0032398770737938, 2.5954127144181887], "106": [-0.0017997127263973838, 2.604270198445505], "107": [0.0023739214695319213, 2.6296890807355284], "108": [0.00930283792386447, 2.6711279087083906], "109": [0.018985970837830147, 2.7276470824205314], "110": [0.03134600585245491, 2.7978468129927268], "111": [0.04616760417629702, 2.879798995122708], "112": [0.063044730799795, 2.9710019352172647], "113": [0.08136058326808683, 3.0683991279499216], "114": [0.10032063876938313, 3.1684992504046323], "115": [0.1190415172833438, 3.2676019980566515], "116": [0.13667120611879122, 3.3620831362786205], "117": [0.15249825887093876, 3.448658053014216], "118": [0.16601400451938586, 3.5245556842514545], "119": [0.17691701566489873, 3.5875827780805487], "120": [0.18507337166158094, 3.636103582808204], "121": [0.19045647626278792, 3.6689775232726154], "122": [0.19308761492501328, 3.6854909684933728], "123": [0.19299086047340172, 3.6853044794423124], "124": [0.1901691508142028, 3.668424927370685], "125": [0.18460408789538782, 3.6352053754063194], "126": [0.17627944198150777, 3.58637265175247], "127": [0.1652258013336473, 3.523079601929035], "128": [0.1515795995437378, 3.446972595417061], "129": [0.1356430696117246, 3.360253029490597], "130": [0.1179241635899514, 3.265697045783951], "131": [0.0991327930071339, 3.166591228531011], "132": [0.08011962240043635, 3.0665592007696985], "133": [0.061767595445439305, 2.9692986897777476], "134": [0.044871680592742866, 2.8782966835516848], "135": [0.030049292196910563, 2.796603389050378], "136": [0.01770636121611899, 2.726712048487226], "137": [0.008056829585957498, 2.6705403171740354], "138": [0.0011751790037594903, 2.62947599426584], "139": [-0.0029416273011560745, 2.6044456813100934], "140": [-0.004320468079254602, 2.595977248213281], "141": [-0.002976695953717806, 2.60424118087656], "142": [0.0010984590706239101, 2.629065177807918], "143": [0.00792651905658064, 2.66992076703409], "144": [0.017507556896043313, 2.725883212699016], "145": [0.029767466054903644, 2.795570211224155], "146": [0.04449640572109864, 2.8770738499553685], "147": [0.06129562910385332, 2.96791419879714], "148": [0.07955601436277034, 3.0650553516193377], "149": [0.0984890656958112, 3.1650215044706966], "150": [0.11721389012431035, 3.2641191955878375], "151": [0.13487667158169317, 3.3587209310811144], "152": [0.15076065924223117, 3.4455302404978814], "153": [0.16435020493261424, 3.5217590591077315], "154": [0.17533714950940077, 3.5851956015559105], "155": [0.1835823904057112, 3.6341865283006864], "156": [0.1890562027209705, 3.667575686166812], "157": [0.1917786602427956, 3.684635878935208], "158": [0.19177401359221227, 3.685015529465217], "159": [0.18904604103919964, 3.6687099516061785], "160": [0.18357703503472034, 3.6360602834210987], "161": [0.17535048503759798, 3.587780089774047], "162": [0.16439499648614736, 3.5250067466151607],