{"0": [-3.393045400148124e-05, 0.7864271389795248], "1": [-0.002226993161503012, 0.8013454598238153], "2": [-0.007669391235804367, 0.8393628264313027], "3": [-0.016000386813886925, 0.9008312430585059], "4": [-0.02655800177757468, 0.9862428663493723], "5": [-0.03828689216033397, 1.0961702970165412], "6": [-0.049641244243387964, 1.231249006402417], "7": [-0.0585062655878584, 1.3922457036913312], "8": [-0.062159009236008575, 1.580233114403973], "9": [-0.0572911721655948, 1.7968380169476341], "10": [-0.04015674713525278, 2.0444186993470814], "11": [-0.007059151939274455, 2.325742646922558], "12": [0.04424874456818201, 2.6420369061525144], "13": [0.11148624363724059, 2.987715367850096], "14": [0.1847656948269592, 3.3444135545388534], "15": [0.2501356856302926, 3.686732286218116], "16": [0.29859717369870337, 3.997977627830954], "17": [0.32866596522569036, 4.273940573009727], "18": [0.34296402282261185, 4.516378760500394], "19": [0.34530011760954016, 4.7281414914837985], "20": [0.3394189003665423, 4.911530977476706], "21": [0.3285839225228856, 5.0681031561939545], "22": [0.31545983127747684, 5.198877668261758], "23": [0.302103897301065, 5.304584319937638], "24": [0.29001286683419597, 5.385826405148797], "25": [0.28020464240429505, 5.443138754236927], "26": [0.27331460855033374, 5.476965557206375], "27": [0.26968381498493516, 5.487602219503064], "28": [0.2694194815839219, 5.47514305356157], "29": [0.27241570473435744, 5.439461946035298], "30": [0.2783304664288449, 5.380234889681886], "31": [0.28652312424866433, 5.296994689945993], "32": [0.29596495175571375, 5.189189745431631], "33": [0.3051429214017019, 5.056204255352381], "34": [0.31198027297198994, 4.897295785154958], "35": [0.3137949270339663, 4.711427734432023], "36": [0.30731800936794335, 4.497025645894007], "37": [0.2888313630450946, 4.2517918345273005], "38": [0.2546248775502403, 3.9729818287882313], "39": [0.202318749936304, 3.6592129674890526], "40": [0.13383010331529857, 3.3155084716940046], "41": [0.058574999933470824, 2.959444525143017], "42": [-0.009546514157072987, 2.6163636719908068], "43": [-0.06112553300563814, 2.3036936366421488], "44": [-0.09431602766340123, 2.026235298871086], "45": [-0.1115851184056753, 1.782442198717729], "46": [-0.11670460939852788, 1.569490141958156], "47": [-0.1134276642109151, 1.3850519575317304], "48": [-0.10504208505505878, 1.227546780331631], "49": [-0.09424195518111383, 1.0959432922983623], "50": [-0.08311468409423689, 0.9895132543614594], "51": [-0.07318494655043108, 0.9076635163031114], "52": [-0.06549411439656597, 0.8498723635271939], "53": [-0.06069511419384144, 0.8157071389494404], "54": [-0.059139964828047266, 0.8048796084697964], "55": [-0.06094021202364085, 0.8172970602611557], "56": [-0.06598781198379303, 0.853081471776735], "57": [-0.07393240292134363, 0.9125475578492508], "58": [-0.0841192349916471, 0.996149519145094], "59": [-0.0955005812357627, 1.104424944311709], "60": [-0.10654101289862497, 1.2379785865196522], "61": [-0.1151400422235467, 1.3975493583529295], "62": [-0.11859313256367333, 1.584181223943499], "63": [-0.1136142113387859, 1.7994657914217487], "64": [-0.09648248169789318, 2.0457147013923063], "65": [-0.06352518773052962, 2.325638484431384], "66": [-0.012498959110431862, 2.6404242032260177], "67": [0.054379592194740964, 2.9845480624177196], "68": [0.1273815819196516, 3.3398690830104343], "69": [0.1926857819833358, 3.6811598195522595], "70": [0.24127883338336115, 3.9916499705628223], "71": [0.2715998060481385, 4.266969210862704], "72": [0.2862120713422102, 4.508767002185001], "73": [0.2888913616625403, 4.719837430201544], "74": [0.2833642903252648, 4.902453679649532], "75": [0.27288440455861157, 5.058151850796998], "76": [0.2601113505729735, 5.187932116642834], "77": [0.247101026788706, 5.292500823181922], "78": [0.23535118544490824, 5.372432435222909], "79": [0.22588127677888317, 5.428228631078886], "80": [0.2193261938037553, 5.460299029782725], "81": [0.21602121167152796, 5.468907149474506], "82": [0.2160587128744647, 5.454122754941698], "83": [0.2193048026874301, 5.415806928877509], "84": [0.22537247646410155, 5.353637351504276], "85": [0.23355658588696165, 5.267161861145357], "86": [0.24274453574818106, 5.155849743136966], "87": [0.2513238356289065, 5.019097181863022], "88": [0.2571098978044939, 4.856145521504745], "89": [0.257314759203413, 4.665897460473326], "90": [0.2485825156940589, 4.446674647193318], "91": [0.22716742225742528, 4.196084741575737], "92": [0.18950398714927585, 3.9114913424299957], "93": [0.13379231332843936, 3.5923240076416474], "94": [0.06324010610276766, 3.2457349452208026], "95": [-0.011411560868581545, 2.891642396821307], "96": [-0.07659238772715311, 2.5548456071330046], "97": [-0.12448556705330245, 2.250084296937968], "98": [-0.1543830379316037, 1.9804169355108885], "99": [-0.1691489115522795, 1.743848747866988], "100": [-0.1725879099997731, 1.5376372499946147], "101": [-0.16836161047635745, 1.3596398374892171], "102": [-0.159631405106489, 1.2084290528857495], "103": [-0.14896062622884884, 1.0830741459515705], "104": [-0.13831461132395365, 0.9829087659762109], "105": [-0.12911209031278836, 0.9073853985530597], "106": [-0.12230760772289, 0.8560299960877066], "107": [-0.1184840243798154, 0.828468015945634], "108": [-0.11793255155563964, 0.8244777747458849], "109": [-0.12070196414667132, 0.8440320425446971], "110": [-0.12660655438877672, 0.8873048019838908], "111": [-0.1351911439901312, 0.9546394670606093], "112": [-0.1456603115242599, 1.0464946085145], "113": [-0.15678767303849134, 1.1634013444286377], "114": [-0.16682739587035272, 1.3059768772208482], "115": [-0.1734509331953328, 1.4750312393914184], "116": [-0.1737294548061438, 1.6717710706250066], "117": [-0.16419418338694558, 1.898035114845948], "118": [-0.14107826195258572, 2.156340114523555], "119": [-0.101063256133344, 2.449104046872338], "120": [-0.04324558922165398, 2.7755999570036543], "121": [0.027372325326275704, 3.125685597473066], "122": [0.09860947410524847, 3.4769135865419147], "123": [0.1577440622387485, 3.8059718668995615], "124": [0.19894386008578374, 4.101463019391909], "125": [0.22272107614663716, 4.362158175041662], "126": [0.23232832012072305, 4.590457179957384], "127": [0.23158225497032361, 4.788983848048055], "128": [0.22402908739300173, 4.959676143724236], "129": [0.21267850695016233, 5.103802088386452], "130": [0.19993786184486084, 5.222196064632599], "131": [0.18762709533171726, 5.315472519647948], "132": [0.17703902595436866, 5.384145064943109], "133": [0.1690253650167019, 5.428650953827222], "134": [0.16408667851616376, 5.44931560148909], "135": [0.16244433565715805, 5.446301200858094], "136": [0.16407799029574024, 5.41957472671296], "137": [0.16872056862928597, 5.3689130563109835], "138": [0.17581172064348863, 5.29394298189368], "139": [0.18441974988292292, 5.194194031431808], "140": [0.19315036664597268, 5.069125461949225], "141": [0.20006536931362126, 4.918083346169959], "142": [0.2026333398900375, 4.740159137619635], "143": [0.19773396421848055, 4.533964622009075], "144": [0.18176301937800476, 4.297427278489727], "145": [0.15099519315008025, 4.02792738368173], "146": [0.1026523065609057, 3.7236533903243547], "147": [0.03745443787956822, 3.3878148045250387], "148": [-0.03693841907060554, 3.0350711288873833], "149": [-0.1071239133265503, 2.69001831724744], "150": [-0.16234962461105718, 2.3725268597624485], "151": [-0.1993629659699395, 2.089742931570652], "152": [-0.21997128882362374, 1.841061039048444], "153": [-0.22776482216379357, 1.6238189185132308], "154": [-0.22650822149409047, 1.4356176882784013], "155": [-0.21956903906475053, 1.2747864357175551], "156": [-0.20974436385181539, 1.1402469625794485], "157": [-0.19922948160007542, 1.0312726078691772], "158": [-0.18965054262050543, 0.94730531332407], "159": [-0.18213526840314323, 0.8878718190054915], "160": [-0.17740174502270167, 0.8525838622911721], "161": [-0.1758428272218165, 0.8411821728085647], "162": [-0.17758566123602057, 0.8535820714843373],