{"0": [9.402990879867386e-06, 2.890894949997544], "1": [0.0006187621553039205, 2.896634769543114], "2": [0.0021495017862090994, 2.911019075983514], "3": [0.004558956326734483, 2.933565847714628], "4": [0.007776360714967908, 2.9635107578493387], "5": [0.011700810800971193, 2.9998232279960733], "6": [0.016200630823650475, 3.041232751962738], "7": [0.02111551038662455, 3.086267824068338], "8": [0.0262622300595335, 3.1333082887646717], "9": [0.03144385883910882, 3.180649474244821], "10": [0.036461263987150654, 3.226573787473377], "11": [0.04112502340282206, 3.2694235325230134], "12": [0.04526569464352135, 3.307668379650931], "13": [0.04874093419787709, 3.339962308951517], "14": [0.051438938908155034, 3.365187374557264], "15": [0.053278703213849254, 3.3824842863693636], "16": [0.054208303558534204, 3.391271726133897], "17": [0.054202667186560215, 3.391257106311574], "18": [0.05326207383298953, 3.3824412046032957], "19": [0.05141210326684098, 3.3651180821085678], "20": [0.048705041703408156, 3.3398703005136663], "21": [0.04522205774435187, 3.307558059422392], "22": [0.04107491533882278, 3.269299843500576], "23": [0.03640576935852296, 3.226441879342806], "24": [0.03138381816061229, 3.1805144716748814], "25": [0.026198289291215256, 3.133175184916765], "26": [0.02104824921832522, 3.086141474237052], "27": [0.016130713852178697, 3.041117900543059], "28": [0.011629097032066988, 2.999724489074507], "29": [0.007703923166025325, 2.963432492279756], "30": [0.004486997145557527, 2.9335119255580167], "31": [0.00207918456014333, 2.9109925605047424], "32": [0.0005510087151530147, 2.8966375891643983], "33": [-5.528928763598971e-05, 2.8909276312282532], "34": [0.0002763423600569217, 2.894052364874452], "35": [0.0015368028702052185, 2.9059076434752256], "36": [0.003691342306597266, 2.9260971574450894], "37": [0.006677773661717079, 2.9539391342382393], "38": [0.010404300328158225, 2.988479878429973], "39": [0.01474831378081006, 3.028516767107836], "40": [0.01955759077789727, 3.0726332611200498], "41": [0.02465491870475128, 3.1192473147306385], "42": [0.02984633723038101, 3.1666723388566838], "43": [0.03493213438203758, 3.2131871590286756], "44": [0.03971885718424448, 3.2571091623464703], "45": [0.04403025832144756, 3.2968639729264924], "46": [0.047715451798112825, 3.3310459104569614], "47": [0.050653436357719905, 3.3584657702725265], "48": [0.052754195869530306, 3.378185180017199], "49": [0.05395742021846258, 3.3895389888324763], "50": [0.05423028145243345, 3.392148282328291], "51": [0.053565616109361364, 3.385926631750553], "52": [0.05198140978854419, 3.3710813440373837], "53": [0.04952181200006249, 3.348110157398364], "54": [0.0462591912543421, 3.3177923965025515], "55": [0.04229613309608435, 3.2811724236052937], "56": [0.03776595065698509, 3.239532673875935], "57": [0.03283036354719455, 3.1943539958708658], "58": [0.02767356967070977, 3.147262596792253], "59": [0.022492884798237914, 3.099965379985005], "60": [0.017487161283089338, 3.0541781299885162], "61": [0.012844919969618987, 3.0115528444027553], "62": [0.008734226812813497, 2.973610747328563], "63": [0.005295774026018947, 2.9416860402611453], "64": [0.0026396348585603292, 2.916882891931186], "65": [0.0008451489836862466, 2.9000455405109644], "66": [-3.7298313517677586e-05, 2.89173951925915], "67": [1.5941088666677077e-05, 2.8922412889065443], "68": [0.001003208074377953, 2.9015338859848456], "69": [0.0028975021125880185, 2.9193072505359705], "70": [0.005645010012272538, 2.944963297749215], "71": [0.00916292207355323, 2.97762718111916], "72": [0.013337789380657692, 3.0161671944118966], "73": [0.01802587565345911, 3.0592259977137912], "74": [0.02305670150764474, 3.105265019658899], "75": [0.028240254329943447, 3.1526219369451804], "76": [0.03337731430970637, 3.199578476286714], "77": [0.038271375535924294, 3.2444332913101066], "78": [0.04274011393373944, 3.2855733273870085], "79": [0.046624503165594015, 3.3215374846726773], "80": [0.04979443899307757, 3.35106834913624], "81": [0.052150776989834204, 3.373150457132845], "82": [0.05362461912127298, 3.3870359919251247], "83": [0.054175218762757195, 3.3922602893382097], "84": [0.05378792441838594, 3.388649860239785], "85": [0.05247322237816713, 3.376325012734236], "86": [0.050267316781764444, 3.355697938047253], "87": [0.04723396586030444, 3.327465688791175], "88": [0.04346663630322408, 3.2925961876997456], "89": [0.03908960665428394, 3.252304630755324], "90": [0.03425660066408484, 3.208017760789309], "91": [0.029145958824033445, 3.161324728969197], "92": [0.023952215608398955, 3.11391553378125], "93": [0.018875000546685512, 3.06751074055056], "94": [0.014107037266127257, 3.023788374317049], "95": [0.00982331625574613, 2.9843146384262065], "96": [0.0061731296699400195, 2.9504841040949277], "97": [0.0032757515851731867, 2.9234726832466773], "98": [0.0012195002484596674, 2.904203988097607], "99": [6.310537719539697e-05, 2.8933275303875137], "100": [-0.00016206051581755797, 2.8912061405231526], "101": [0.0005497798898173689, 2.8979100274481784], "102": [0.0021792386649996318, 2.9132157775806626], "103": [0.004680672345717061, 2.9366099277759865], "104": [0.007980099015531072, 2.96729817244496], "105": [0.011973246378809586, 3.0042224171293768], "106": [0.016525167593216823, 3.0460883926256352], "107": [0.021472749243039133, 3.091406049396943], "108": [0.026630841885104534, 3.1385433132265073], "109": [0.03180177990228966, 3.18579126371215], "110": [0.03678702829296012, 3.2314361499362434], "111": [0.04139900008380972, 3.27383188790577], "112": [0.045471029340929586, 3.311466548256407], "113": [0.0488640879033307, 3.3430179021214057], "114": [0.05146983585501196, 3.367395676564743], "115": [0.053210597151578484, 3.3837707734885836], "116": [0.05403752123218764, 3.3915935096151726], "117": [0.053928383533448816, 3.390603599278319], "118": [0.05288622607580887, 3.380834226505837], "119": [0.050939478252021476, 3.362611470409685], "120": [0.048143490692187874, 3.3365489393435364], "121": [0.044582723081757966, 3.30353609860446], "122": [0.04037231193240604, 3.264717809733627], "123": [0.03565756730042996, 3.2214624143326582], "124": [0.030610229897410565, 3.175316592242253], "125": [0.025421067049729438, 3.127947228291982], "126": [0.020289415463890126, 3.081073192922544], "127": [0.015411234876078518, 3.0363923937344093], "128": [0.010967729732581925, 2.995510706853548], "129": [0.007116408510424691, 2.9598789018915412], "130": [0.003985665618994806, 2.93074164990523], "131": [0.0016729233858138036, 2.909099999315948], "132": [0.0002454577916724331, 2.895686312339936], "133": [-0.00025747596631044096, 2.8909492391163973], "134": [0.00017737289712685465, 2.8950460363798367], "135": [0.0015381273363818738, 2.9078402045341205], "136": [0.0037871197148264834, 2.928903656649313], "137": [0.0068590101480831165, 2.9575240686568383], "138": [0.010658654644617651, 2.9927193311289217], "139": [0.015060105258561891, 3.0332617568443845], "140": [0.019908149580419983, 3.077714527824193], "141": [0.025023343069938562, 3.1244815610335506], "142": [0.030210610313853293, 3.1718696567161118], "143": [0.035270441392107985, 3.2181590835707747], "144": [0.04001087663860025, 3.261676625274825], "145": [0.0442582090195325, 3.3008644497418196], "146": [0.04786475619212519, 3.3343392602620305], "147": [0.05071297715168741, 3.36093856683689], "148": [0.0527162504939745, 3.379753614046011], "149": [0.053817423267705396, 3.390150600454425], "150": [0.053986576262675265, 3.3917828323686066], "151": [0.05321932035412125, 3.384596359317883], "152": [0.05153645268701663, 3.368830726421922], "153": [0.04898512080402082, 3.345015128725931], "154": [0.045640929873636056, 3.3139588338912462], "155": [0.04160984390217444, 3.2767336142473464], "156": [0.037028439135883856, 3.234645474875158], "157": [0.03206120661716903, 3.1891935210051585], "158": [0.02689421968859443, 3.1420155061786037], "159": [0.021725458439730463, 3.0948221511730396], "160": [0.016753103463155904, 3.049324947116335],