{"0": [-1.580291411776533e-05, 0.8543959114652796], "1": [-0.0010335356319963037, 0.8762548249531998], "2": [-0.0035210096944972616, 0.9321712931856851], "3": [-0.007191276465493076, 1.0231886011223845], "4": [-0.01149264104466358, 1.1507900401009112], "5": [-0.01550761202900212, 1.3166941104269885], "6": [-0.017864371852743418, 1.5226758013503257], "7": [-0.01672829305633404, 1.770435068859512], "8": [-0.00998390854552248, 2.0613064356326887], "9": [0.004204833478923668, 2.395099580234017], "10": [0.026218763831122097, 2.766856202283252], "11": [0.053461102705416215, 3.1618715225295277], "12": [0.08038481283581869, 3.5555214714473973], "13": [0.10159055976408322, 3.9237836323540134], "14": [0.11475964592770596, 4.2530528565151196], "15": [0.12047028959071061, 4.5391201649738475], "16": [0.120641691709948, 4.782125571746309], "17": [0.11740274303794646, 4.983519473546453], "18": [0.11257168810236934, 5.145034251829821], "19": [0.1074970236602419, 5.268438515299953], "20": [0.1030766001441721, 5.355414203261981], "21": [0.09984919498742706, 5.407380822748728], "22": [0.0980943706818784, 5.425297404808298], "23": [0.09790423101933932, 5.409511805528927], "24": [0.09921048497660702, 5.359703137765616], "25": [0.10176220291762712, 5.274932412680906], "26": [0.10505798369649896, 5.153789644881217], "27": [0.10824779103943802, 4.994595104349378], "28": [0.11003911511410167, 4.7955862272169165], "29": [0.10866961092006568, 4.5550524342143905], "30": [0.10204774020365101, 4.271569378662669], "31": [0.088233671509926, 3.9449407342228002], "32": [0.06650355095338109, 3.5790256295898146], "33": [0.03888972915643933, 3.1866637701938196], "34": [0.01058782117111803, 2.7913018375962433], "35": [-0.012721753475359875, 2.4179486942512365], "36": [-0.028154225376416098, 2.0821010896882908], "37": [-0.03591345289532202, 1.789165522628553], "38": [-0.03779109276249197, 1.5394513268966112], "39": [-0.03592701402586111, 1.3316295082998129], "40": [-0.03220576247195332, 1.1639998475125675], "41": [-0.028053416957925403, 1.0348042926694216], "42": [-0.024435858565813567, 0.9423497909077804], "43": [-0.021943245256221783, 0.8851745469354682], "44": [-0.02089107430084108, 0.8622465014098363], "45": [-0.021397432285093387, 0.8731244607641934], "46": [-0.023417146387621435, 0.9180309589478302], "47": [-0.026726704853127278, 0.9978173084749593], "48": [-0.030862471659225083, 1.1138287467017203], "49": [-0.03502559284129275, 1.2677076937310139], "50": [-0.037985287175446775, 1.4612016215665304], "51": [-0.03803864340060569, 1.6960233103773255], "52": [-0.03312208451372322, 1.973649410062633], "53": [-0.021235072275022537, 2.294525096220779], "54": [-0.0014170027426930257, 2.655549549870128], "55": [0.02473008515855152, 3.0452964226433776], "56": [0.052343398135075624, 3.441434596454787], "57": [0.0755943118579111, 3.818424358605196], "58": [0.09115741560776933, 4.159284112080903], "59": [0.09891079650827964, 4.457559090856192], "60": [0.10052152668836999, 4.712518663187092], "61": [0.09812625494268527, 4.925371522431304], "62": [0.09365736506186423, 5.0977852063287425], "63": [0.08860157246552162, 5.231505063878055], "64": [0.0839796906728503, 5.328227153813639], "65": [0.08042416325745397, 5.389439792332572], "66": [0.07828022543867816, 5.4162261987431775], "67": [0.07768700873640584, 5.409096312068473], "68": [0.07861702044112831, 5.367902543428568], "69": [0.08086656501302922, 5.291862647040114], "70": [0.08399872756482062, 5.179684745553779], "71": [0.08725103502561835, 5.029759659015357], "72": [0.0894374181205259, 4.840355962720949], "73": [0.08889974876365557, 4.609764243454006], "74": [0.08359975520769543, 4.336480209326498], "75": [0.07150374629142131, 4.019906210569948], "76": [0.05149668277702981, 3.662647975020228], "77": [0.0248772614545519, 3.275141232976059], "78": [-0.0037621952917712177, 2.8788126088415624], "79": [-0.028529843257055522, 2.499438686694713], "80": [-0.04578712005183374, 2.155064467166763], "81": [-0.05515736926669135, 1.852969794653593], "82": [-0.058201605166423864, 1.594237155812284], "83": [-0.05704618959286007, 1.3777639809611093], "84": [-0.053655216579774796, 1.2019132317766723], "85": [-0.0495590171126189, 1.0649530834344547], "86": [-0.04581911425769381, 0.9651902853519169], "87": [-0.043099819495886794, 0.9011229578987839], "88": [-0.04176887971073649, 0.8716362305973179], "89": [-0.04198101938631563, 0.8761747202819476], "90": [-0.04372105193230365, 0.9148344645903366], "91": [-0.04679811150457892, 0.9883484206514987], "92": [-0.050791994183861086, 1.0979684388435658], "93": [-0.054962940087143926, 1.2452765110269157], "94": [-0.05815321374285439, 1.4319884371859395], "95": [-0.0587339872512272, 1.65980638547371], "96": [-0.05468566634461888, 1.9302448892040789], "97": [-0.043959080358100484, 2.2439829076127515], "98": [-0.0253501594041216, 2.598699823375778], "99": [2.8819952384744225e-05, 2.9845646288442382]}