{"0": [-6.566144166844228e-05, 3.9575823798721697], "1": [-0.004398026644721719, 3.9266500854713384], "2": [-0.015990363601093353, 3.8480222890000517], "3": [-0.03625293199355967, 3.7216187289101508], "4": [-0.06673757217280861, 3.548615903567161], "5": [-0.10750904211096035, 3.335167006864412], "6": [-0.15466664016364873, 3.098639628432784], "7": [-0.20028021505613935, 2.867555381525195], "8": [-0.2374154108462019, 2.667616044157969], "9": [-0.26377287454188053, 2.511629761699629], "10": [-0.2802358397336897, 2.4032364190184543], "11": [-0.28848243626095854, 2.3427743314200637], "12": [-0.2897339409445945, 2.3299683959527977], "13": [-0.2843011540912685, 2.364687968828159], "14": [-0.2715106941285944, 2.4470369880351788], "15": [-0.24992271168517488, 2.5770338714757766], "16": [-0.21805705269563097, 2.7532247309098596], "17": [-0.1761145141538649, 2.9687018295688423], "18": [-0.12840092498421743, 3.204980878890405], "19": [-0.08294344145834515, 3.4332790039891314], "20": [-0.046291138326089436, 3.628970688933275], "21": [-0.02037089488408011, 3.780305022193554], "22": [-0.004175782115054512, 3.8840718305377373], "23": [0.003944077068079015, 3.940017904910773], "24": [0.005126548006367801, 3.948404228982913], "25": [-0.0004114999861036877, 3.9093358878936977], "26": [-0.013422313045322319, 3.8227052420325323], "27": [-0.03537458890720373, 3.688575354122015], "28": [-0.06765441854677832, 3.5087476873908665], "29": [-0.1097404158841574, 3.2910389077342748], "30": [-0.15687398689922208, 3.0551827196367665], "31": [-0.20096741405804405, 2.83012142624671], "32": [-0.23592421948905298, 2.639216091749023], "33": [-0.2602149667670279, 2.4930843194401904], "34": [-0.274968770633833, 2.3944936190462824], "35": [-0.2817980912656451, 2.343612188216701], "36": [-0.2817462228339074, 2.340194926574425], "37": [-0.27492549508061254, 2.3841632565871556], "38": [-0.26049805125994646, 2.4756238799553847], "39": [-0.23697061891559382, 2.6144056594206972], "40": [-0.20308069671795034, 2.798272326317546], "41": [-0.15973247530359488, 3.0183253360758147], "42": [-0.11217499499690158, 3.2534766509132713], "43": [-0.0684977474455291, 3.4747885504357403], "44": [-0.03427643499420915, 3.6603553907840096], "45": [-0.01062906665163342, 3.800740694924615], "46": [0.0036874726097976887, 3.8936169665964346], "47": [0.010236664981347997, 3.9388962538816767], "48": [0.009955632733614399, 3.9368052940738396], "49": [0.0028421648847964855, 3.8873958886489905], "50": [-0.012032090872721666, 3.7905697480583833], "51": [-0.036176292728675744, 3.6466417538756972], "52": [-0.07069125414605604, 3.4583910706222727], "53": [-0.11422107683098696, 3.2359884287463205], "54": [-0.1610037492465967, 3.0019388646809655], "55": [-0.2030299434127093, 2.7849470455907954], "56": [-0.23530957901949348, 2.605280828461661], "57": [-0.2571380746405375, 2.4711782636841186], "58": [-0.2698581386654953, 2.384543609561732], "59": [-0.27497062241541037, 2.3453931963239643], "60": [-0.2732945978629981, 2.353521580165518], "61": [-0.26470413104568336, 2.4089030420820343], "62": [-0.24817783627413928, 2.511616176411114], "63": [-0.22220488133449545, 2.6611548669709557], "64": [-0.1858943193926006, 2.8540639489050523], "65": [-0.14112773402235518, 3.0786970655950183], "66": [-0.09418113796883151, 3.311129417216912], "67": [-0.0528796848596123, 3.5231793464955485], "68": [-0.0215712487044839, 3.696377259360763], "69": [-0.0005574464084127212, 3.823669532832654], "70": [0.01158411213901919, 3.9035463725367503], "71": [0.01627629835196197, 3.936051557095234], "72": [0.014208193707359087, 3.9213661761789393], "73": [0.005122060446895644, 3.859491924541739], "74": [-0.012096074663057385, 3.7503863410305143], "75": [-0.03893760720326593, 3.5948096003556036], "76": [-0.07602389356912422, 3.39705514509878], "77": [-0.12087183293528533, 3.170452907364854], "78": [-0.16671890678322154, 2.940270702264243], "79": [-0.20604663233602963, 2.7338256858334353], "80": [-0.23519251095688148, 2.5676643465958833], "81": [-0.25423515163643007, 2.4477001186086373], "82": [-0.2646521387871849, 2.375086489691071], "83": [-0.267771775871098, 2.349732935340998], "84": [-0.26414141653614964, 2.3714855484040545], "85": [-0.253364909975591, 2.440362664946248], "86": [-0.23423995587048219, 2.556347170936767], "87": [-0.2053242883194872, 2.718342259479542], "88": [-0.16633858245546376, 2.921021254850301], "89": [-0.12043977769386817, 3.149172754783209], "90": [-0.07481402807221701, 3.3763613316031322], "91": [-0.03653866004032962, 3.5765093499141014], "92": [-0.008565756827867324, 3.735070291564621], "93": [0.009529417617992208, 3.8471994539706484], "94": [0.01925165176880887, 3.9120550095178195], "95": [0.021817345528704245, 3.929760041955113], "96": [0.017620903857359052, 3.900439083484907], "97": [0.006123106877274928, 3.8240605046878557], "98": [-0.013957516684185376, 3.7007339621310953], "99": [-0.043973820808772206, 3.5320006205772145]}