{"0": [6.420007793530166e-07, 6.2699163636460895], "1": [4.262122741814311e-05, 6.269446393433901], "2": [0.00015140637369076042, 6.2682284968548005], "3": [0.0003329141778063117, 6.266196389819979], "4": [0.0005970138159686879, 6.263239484369215], "5": [0.0009580579935279474, 6.2591968888675655], "6": [0.0014356516267676226, 6.253848691300924], "7": [0.002055693533707279, 6.246904072561517], "8": [0.002851734881226113, 6.237985645810295], "9": [0.003866702328351954, 6.226609256028041], "10": [0.00515502760514259, 6.212158313465863], "11": [0.0067851955613683675, 6.1938516095524845], "12": [0.008842643020953984, 6.170703549433602], "13": [0.011432759278537829, 6.141475987352174], "14": [0.014683358289184609, 6.1046216696231665], "15": [0.018745239407122985, 6.058221210366426], "16": [0.02378805004288996, 5.999919391023154], "17": [0.029986249780896423, 5.926873401448813], "18": [0.03748633561071771, 5.835735725662092], "19": [0.046342290607882634, 5.722704623226841], "20": [0.05640451688672214, 5.583674097042592], "21": [0.06715501529066088, 5.414480356147513], "22": [0.07750558279596406, 5.21115575491666], "23": [0.08561318346030651, 4.970002249502792], "24": [0.08879932141755997, 4.68732077943352], "25": [0.0836956746752667, 4.3589734042616355], "26": [0.06689519143907459, 3.980882511143868], "27": [0.036841469301363054, 3.5535162020933355], "28": [-0.0025229488438812423, 3.093318282523019], "29": [-0.04063908040453114, 2.637435946131297], "30": [-0.06784006737980533, 2.2199645882692276], "31": [-0.0815297644309666, 1.8530073499731474], "32": [-0.08391507684699508, 1.5352170645379064], "33": [-0.07854202034838347, 1.2622092812756582], "34": [-0.06871222665217548, 1.0299046423791864], "35": [-0.05697478618916868, 0.8346493427403069], "36": [-0.04504270769312603, 0.6727462711234954], "37": [-0.03390216975460593, 0.5402416346252643], "38": [-0.024005567902859213, 0.43304032756315414], "39": [-0.015469038795917425, 0.34716564951547313], "40": [-0.008228128073220495, 0.2789910615613978], "41": [-0.002140298181398716, 0.22537350650672947], "42": [0.0029564007037683024, 0.1836942409917077], "43": [0.007213787388554674, 0.15184033605621242], "44": [0.010760816468083164, 0.1281581603783907], "45": [0.01369949877853497, 0.11139979186921006], "46": [0.01610472694996876, 0.10067396973915463], "47": [0.018025462125659326, 0.09540714287638333], "48": [0.01948600338417662, 0.09531688115495193], "49": [0.020486741445981255, 0.1003983900157114], "50": [0.021004161423831373, 0.11092429922320908], "51": [0.020990085768135457, 0.12745773794750573], "52": [0.020370370406555587, 0.15087856067521122], "53": [0.019043615019160513, 0.18242205612110166], "54": [0.016881097834027355, 0.2237280185473077], "55": [0.013730358582081199, 0.2768948924747849], "56": [0.009426983248833246, 0.34452780079017725], "57": [0.0038224814094614504, 0.4297600183675157], "58": [-0.0031596612427397808, 0.5362167784283501], "59": [-0.011424943197165333, 0.667887151208984], "60": [-0.02055556699799236, 0.8288942525832907], "61": [-0.029614343327426653, 1.023227890182193], "62": [-0.03694953519531393, 1.2546075694130403], "63": [-0.040080668212228825, 1.5266649232351441], "64": [-0.03577511674318817, 1.8433882741935264], "65": [-0.020534832537704554, 2.2090237476540944], "66": [0.007903312419688818, 2.6249311202983843], "67": [0.047244533787998526, 3.0796190159154655], "68": [0.0881472239433899, 3.5397728687422387], "69": [0.11987465969642583, 3.9678005367394173], "70": [0.13814213528761246, 4.346481019393935], "71": [0.14438792898049732, 4.675157522787163], "72": [0.14203831611088324, 4.957975547300905], "73": [0.13451822197197527, 5.199131270639444], "74": [0.1245701652923054, 5.402312463650561], "75": [0.11410031449241083, 5.5711432368262885], "76": [0.10425345356078615, 5.709478865051865], "77": [0.09559388790444437, 5.821353840380454], "78": [0.08830711623296472, 5.910736576235449], "79": [0.08236738344592964, 5.9812789902370636], "80": [0.07765249914219757, 6.036155318606076], "81": [0.07401190388700854, 6.077997480917843], "82": [0.07130235882243972, 6.1088966992180795], "83": [0.06940443068062947, 6.130438155780907], "84": [0.0682288848450904, 6.1437449359054375], "85": [0.06771843136397171, 6.149517360357161], "86": [0.06784777663650628, 6.148060602195319], "87": [0.06862342861064748, 6.139297386373143], "88": [0.07008379785771107, 6.122764664175796], "89": [0.07229948062685984, 6.09759449059455], "90": [0.07537289872931875, 6.062480845159187], "91": [0.0794353885098027, 6.015636795303734], "92": [0.0846380029955292, 5.954751316789091], "93": [0.09112935003922878, 5.8769632023661735], "94": [0.09900976567301865, 5.778880107052532], "95": [0.10824750032794497, 5.656677857852016], "96": [0.11854395329476537, 5.506302313092546], "97": [0.1291490462258798, 5.323739490541616], "98": [0.1386589046369302, 5.1052189595008555], "99": [0.1448654817599616, 4.847149941798512]}