{"0": [4.370121187326133e-05, 5.338835736296053], "1": [0.0028488981755667576, 5.318791920994394], "2": [0.009625681409290038, 5.2678949536129025], "3": [0.019418902872589183, 5.186124858004717], "4": [0.030586819570945334, 5.073440820100542], "5": [0.040711594624687604, 4.9296537624671934], "6": [0.04652697006708888, 4.754123345047758], "7": [0.043868207743811734, 4.545258479888174], "8": [0.0276578437466433, 4.299887818951625], "9": [-0.007897091431308336, 4.012849612200731], "10": [-0.06802142562365049, 3.678420638625019], "11": [-0.15237450215163892, 3.2988860384529497], "12": [-0.24620728176122977, 2.901762528084694], "13": [-0.3259015300092366, 2.5307490822382075], "14": [-0.3798750567421247, 2.207400189127487], "15": [-0.4096990190876594, 1.9308401790935088], "16": [-0.42108063580545463, 1.6949122209505685], "17": [-0.4197989725431942, 1.4947572521637733], "18": [-0.41079391092156586, 1.327542134383064], "19": [-0.3980681233596709, 1.1919093962694076], "20": [-0.3847279748558121, 1.0873523243650252], "21": [-0.37304471510830817, 1.0137528667206812], "22": [-0.3645318342645427, 0.9711154100271403], "23": [-0.3600314794288113, 0.9594604618690135], "24": [-0.359782970901547, 0.9788054681787406], "25": [-0.3634443776252411, 1.0291646658166265], "26": [-0.37005697651627323, 1.1105450809343012], "27": [-0.3779686694407955, 1.2229749530923888], "28": [-0.3847481540716812, 1.3666386802131179], "29": [-0.3871152193634828, 1.5421853759507993], "30": [-0.3808925872967113, 1.7512297723538781], "31": [-0.3609966532691467, 1.9969741524254656], "32": [-0.321656646460088, 2.284579364187301], "33": [-0.25777786875169456, 2.6195832210984036], "34": [-0.17010041308578955, 2.9989863809340687], "35": [-0.07383744198796449, 3.394351647382248], "36": [0.007717635499760377, 3.7625020288302795], "37": [0.06363934093887758, 4.082985630944323], "38": [0.09573322314276321, 4.356979459623312], "39": [0.10970035991493825, 4.590548294761997], "40": [0.1112639553217168, 4.788420651183335], "41": [0.10530681256254862, 4.953334959253379], "42": [0.0957794472761602, 5.086589740013805], "43": [0.08574043422158634, 5.188657098002599], "44": [0.07741684114715928, 5.259633897706951], "45": [0.07227996337824727, 5.299500994937279], "46": [0.07112790027805205, 5.308228055223897], "47": [0.07414815648990818, 5.285795328972136], "48": [0.08093313110667644, 5.232195819264297], "49": [0.09044101232568835, 5.147434676009675], "50": [0.1009199675654285, 5.0314854150397865], "51": [0.1098267387450952, 4.884129863721342], "52": [0.11376201606454969, 4.704621240575329], "53": [0.10842699305369641, 4.49116187020988], "54": [0.08863122695297329, 4.240290797915582], "55": [0.048603278261692355, 3.9466587600455023], "56": [-0.016275590196097374, 3.6052972633965834], "57": [-0.10350088264268835, 3.222211589089647], "58": [-0.19561606013623192, 2.8300103198172395], "59": [-0.27035536598754656, 2.4700203510544076], "60": [-0.3193540104425107, 2.15820923633237], "61": [-0.34545502378619053, 1.8919079406010337], "62": [-0.354452972545102, 1.66517071766995], "63": [-0.3519316469521016, 1.4736435866752144], "64": [-0.3426053113013175, 1.3148832831714012], "65": [-0.33026306243735665, 1.1877740745042171], "66": [-0.3178127186875091, 1.0919398788070511], "67": [-0.30734209570566423, 1.0273265703989038], "68": [-0.30019447584606707, 0.9939703167998836], "69": [-0.29704625244501476, 0.9919075883572729], "70": [-0.29795918775210734, 1.0211560738259269], "71": [-0.3023837562003409, 1.0817120235924513], "72": [-0.30911175494377285, 1.173559928710503], "73": [-0.3161998851159132, 1.2967437528028267], "74": [-0.3208942023140747, 1.451571409382561], "75": [-0.3195726645738876, 1.6390013209665322], "76": [-0.30771050427848134, 1.8611994302814279], "77": [-0.27993027898829104, 2.122114847430215], "78": [-0.23053111634799786, 2.427344123717561], "79": [-0.15604400184874007, 2.7803077231179913], "80": [-0.06256610973860136, 3.168747502494889], "81": [0.029207544077092258, 3.55403407452097], "82": [0.09987349128349987, 3.9000935683622164], "83": [0.14507711343690735, 4.19788147262843], "84": [0.16900524113287085, 4.451861141863426], "85": [0.17750446819235544, 4.667643140966984], "86": [0.17591568928462467, 4.848980952589304], "87": [0.16867728573354268, 4.997868650187701], "88": [0.15931446080112338, 5.115153721687573], "89": [0.15048815391450415, 5.201079718986053], "90": [0.1440586469979642, 5.255649362340602], "91": [0.1411608772494379, 5.278812491536779], "92": [0.14227411998093026, 5.270532925289961], "93": [0.14725844135488889, 5.230802097342772], "94": [0.15534074713944673, 5.159638778216805], "95": [0.16505693571876826, 5.057060281407237], "96": [0.17417606745441183, 4.922965699666948], "97": [0.17963299837283045, 4.756865144554086], "98": [0.17748007245696143, 4.557425715771322], "99": [0.162871504779544, 4.321882684043998]}