{"0": [6.364146042954651e-06, 3.0304707452627766], "1": [0.00041739493808854724, 3.03485088342966], "2": [0.0014376246952189507, 3.0457145689613725], "3": [0.003007490287111431, 3.062409647078419], "4": [0.005033992010757042, 3.083929244077498], "5": [0.0073950367679612794, 3.1089685146513286], "6": [0.009946237030452923, 3.1360018730996218], "7": [0.012530093196254118, 3.163377174255268], "8": [0.014986796944278886, 3.1894204076342247], "9": [0.017165347716614713, 3.21254229666196], "10": [0.018933560705354523, 3.2313377622559147], "11": [0.020185924758640724, 3.244670728767225], "12": [0.020848939201432208, 3.2517394988349073], "13": [0.02088417992957238, 3.2521207026219416], "14": [0.020289639410351102, 3.2457916501635102], "15": [0.019099771173087116, 3.2331314682958863], "16": [0.017384275602123543, 3.2149010758421013], "17": [0.015245248630272268, 3.1922016605322407], "18": [0.012812145906525112, 3.166411714523129], "19": [0.010234246683102716, 3.1391043306373305], "20": [0.0076708864172004305, 3.1119491474022962], "21": [0.005280411220215141, 3.086606147570056], "22": [0.003209248271591881, 3.0646202537077176], "23": [0.001582448764957523, 3.0473255011194706], "24": [0.0004965638065543164, 3.0357655796054575], "25": [1.5021466398965432e-05, 3.0306346507430244], "26": [0.00016562635246066484, 3.0322397719555], "27": [0.0009396304644217215, 3.040484810276541], "28": [0.0022920414623070185, 3.054875501093542], "29": [0.004143264148678357, 3.0745457472722593], "30": [0.006382538750962903, 3.098305492269432], "31": [0.008873699096017425, 3.1247097620889708], "32": [0.011463423339081426, 3.1521464639178207], "33": [0.013991502446169384, 3.17893768604862], "34": [0.01630200430186646, 3.2034466219299396], "35": [0.018253896193707052, 3.224181009878017], "36": [0.01972987543820244, 3.239884732142658], "37": [0.02064274631367397, 3.249611591360919], "38": [0.0209393645021925, 3.252778194797028], "39": [0.02060262214199222, 3.2491951759648225], "40": [0.019651996380598315, 3.23907704935913], "41": [0.018142879635445586, 3.223030946597703], "42": [0.01616446870096098, 3.2020240076124393], "43": [0.013835691521347832, 3.1773291837824655], "44": [0.011298709721063635, 3.1504503208415096], "45": [0.008709994245243862, 3.123029720315939], "46": [0.0062296549549724, 3.0967442839051005], "47": [0.004010285477312986, 3.0731986663617534], "48": [0.00218675843349885, 3.053824532274113], "49": [0.000868078880071078, 3.0397937041178866], "50": [0.00013175097667852108, 3.031950327360251], "51": [2.046836207583796e-05, 3.0307643419935704], "52": [0.0005405968907880246, 3.0363065816281116], "53": [0.0016619869211830958, 3.0482451256691783], "54": [0.003319024755980347, 3.065862790806089], "55": [0.00541326038955553, 3.0880960781277413], "56": [0.007818158302356618, 3.1135956272398957], "57": [0.010386336002465538, 3.140806736492968], "58": [0.012959102531602932, 3.1680659107441818], "59": [0.015377419104039758, 3.193706534293168], "60": [0.017492917989071922, 3.216164842803085], "61": [0.019177591796441476, 3.2340772892785745], "62": [0.020331216899692806, 3.246362206230719], "63": [0.020886261744150886, 3.252281508293472], "64": [0.02081061040298338, 3.2514808465764276], "65": [0.020108654086862417, 3.244008228094878], "66": [0.018821126175596333, 3.2303114678703273], "67": [0.017023638468518235, 3.2112144378890473], "68": [0.014823486699297388, 3.187871768890145], "69": [0.012354188142923696, 3.1617022557097516], "70": [0.009767517260439302, 3.1343030805093712], "71": [0.00722343023475639, 3.1073497578597995], "72": [0.004878935019986157, 3.0824894187579144], "73": [0.002877331759688937, 3.061236495016273], "74": [0.0013391213102745007, 3.044879349479441], "75": [0.0003553255750441918, 3.0344041687874643], "76": [-1.6726870988486425e-05, 3.0304395220007896], "77": [0.00024441123468980447, 3.033222570096868], "78": [0.0011236060257672745, 3.042586690796395], "79": [0.002569664020085833, 3.05797022574559], "80": [0.004497247421904315, 3.078446526868132], "81": [0.006790684518750928, 3.102775592710232], "82": [0.009310166095115976, 3.129476627601683], "83": [0.011900402145356474, 3.156918651338748], "84": [0.014401141026183555, 3.183423395256523], "85": [0.01665834231301307, 3.207372265935216], "86": [0.018534562182078745, 3.227308255697685], "87": [0.019917382078447284, 3.242024767152762], "88": [0.02072534152048127, 3.25063587612275], "89": [0.020911499227027525, 3.252625435751587], "90": [0.020465134557686344, 3.2478745319319366], "91": [0.019412079804072654, 3.236667643375758], "92": [0.017813826471939846, 3.2196776776154117], "93": [0.015765112822626874, 3.1979295969924877], "94": [0.013389452394781585, 3.172742493196433], "95": [0.010832195394196822, 3.145651306668306], "96": [0.008251231655861706, 3.118311884361193], "97": [0.005806134762623027, 3.092395962387553], "98": [0.003647074147626535, 3.0694847551871307], "99": [0.0019049072224609504, 3.050970152917558]}