{"0": [4.007896981403294e-05, 2.2610007340976157], "1": [0.002667863221992375, 2.2780129674129252], "2": [0.009550292080537799, 2.3211090843832434], "3": [0.02121629948818726, 2.390035145983426], "4": [0.03839696816656591, 2.4842646138232714], "5": [0.06181113964666498, 2.6027431264771264], "6": [0.0918130805181906, 2.7434036338219157], "7": [0.12791398534455012, 2.902440400006908], "8": [0.16835605377566978, 3.0736357284795384], "9": [0.21014507311619443, 3.2484762790909527], "10": [0.24982964057742077, 3.417612077867461], "11": [0.2846201953223452, 3.572929334743333], "12": [0.3130332479875459, 3.708751855966155], "13": [0.334798950065906, 3.8217258618086265], "14": [0.3503946221502228, 3.910079898270156], "15": [0.36058076346036017, 3.9729321269285105], "16": [0.3660765835341115, 4.0098565759138], "17": [0.36736922247335213, 4.020665121395407], "18": [0.36461898406194027, 4.00531713399567], "19": [0.357633726315945, 3.963898568142533], "20": [0.3459042144672767, 3.896653209349764], "21": [0.32871097520291837, 3.8040889351850624], "22": [0.30533112587685285, 3.6872217815465866], "23": [0.27538087794379335, 3.548043925350463], "24": [0.23928705150016746, 3.390235731446127], "25": [0.1987228752507375, 3.219854094935972], "26": [0.15661406281554582, 3.0452842063239896], "27": [0.11640465419478718, 2.875861821328882], "28": [0.08094093018637578, 2.719804785190536], "29": [0.05178607570552601, 2.5829363331903203], "30": [0.029273882274745817, 2.4687321589165427], "31": [0.012962637483307126, 2.3790412044296487], "32": [0.002103280532339197, 2.314788023716814], "33": [-0.004028109988520595, 2.2764209613023314], "34": [-0.005932910235903627, 2.2641404116645303], "35": [-0.0037905011798060276, 2.2779949178908567], "36": [0.0025709174059879206, 2.3179053415776774], "37": [0.013642484603645892, 2.3836366384050187], "38": [0.030132362253089122, 2.4746967240742848], "39": [0.05276553528484586, 2.590102045027752], "40": [0.08195008090547945, 2.7279245050594527], "41": [0.1173124362320639, 2.8845926963662936], "42": [0.15725433859457907, 3.0541928662580218], "43": [0.1989138791144332, 3.2284594530091204], "44": [0.2388584808084569, 3.3980786064378545], "45": [0.27419489999121954, 3.554746511586679], "46": [0.30328943039680073, 3.6925101257740867], "47": [0.32574980043495205, 3.807782977772281], "48": [0.3419840685648103, 3.898644423997484], "49": [0.35272950872153225, 3.964129896923985], "50": [0.3587131176064667, 4.003769962353961], "51": [0.3604482430109152, 4.017352703428595], "52": [0.35813088951506467, 4.004822296337751], "53": [0.3516073199527456, 3.96625184765438], "54": [0.34040280409676715, 3.901868977101821], "55": [0.3238199929128019, 3.8121525926805324], "56": [0.3011333646355839, 3.6980590827520525], "57": [0.2719152190741061, 3.5614623785960093], "58": [0.23649398731280374, 3.4058403656994574], "59": [0.19640241673478212, 3.236981099126536], "60": [0.15444406335467065, 3.06304045902629], "61": [0.11403722973003641, 2.893305084683593], "62": [0.07811318233670918, 2.7361481757955266], "63": [0.048366965354767026, 2.597635365402825], "64": [0.025243433308385167, 2.4814520781740805], "65": [0.008365773038793276, 2.389584207285879], "66": [-0.002991486587057806, 2.3230332083962786], "67": [-0.009556993566197675, 2.282288102403947], "68": [-0.011853928600255848, 2.2675714808844494], "69": [-0.010092528770317757, 2.278945780173704], "70": [-0.004134847180731253, 2.316343151211109], "71": [0.00647918665150121, 2.3795421570119624], "72": [0.02243677019389814, 2.4680746524867248], "73": [0.04446270817016866, 2.5810065344787594], "74": [0.07300014491955066, 2.71650886950582], "75": [0.10775820045733944, 2.871182743147289], "76": [0.14726039562648427, 3.0393486597500985], "77": [0.1887555001937772, 3.212949382795457], "78": [0.2288411864932549, 3.382728733305094], "79": [0.2645563210551194, 3.5402592714071863], "80": [0.2941536389339428, 3.67937984490468], "81": [0.31714194745453006, 3.7963184500217637], "82": [0.33386961921842867, 3.88903097919348], "83": [0.34505060673639176, 3.956482600215786], "84": [0.3514139817270793, 3.9981664148159477], "85": [0.35349073842131595, 4.013850100389248], "86": [0.35150301855815236, 4.003465312943957], "87": [0.3453264067497034, 3.967075415172834], "88": [0.33451369904700046, 3.904896846189276], "89": [0.3183870593895726, 3.817389238475137], "90": [0.2962233978574006, 3.7054689310960467], "91": [0.26756789312309615, 3.5709283957295117], "92": [0.23268097171632915, 3.417101344526511], "93": [0.1929918611692074, 3.2495754921366924], "94": [0.15120591373258382, 3.076321275061702], "95": [0.11070871701657266, 2.9065628959501772], "96": [0.07448384413048549, 2.7487682281167287], "97": [0.044321785584883935, 2.6091771117538336], "98": [0.020753560607352194, 2.4916353350375187], "99": [0.003456096543306918, 2.3982376884446146]}