{"0": [1.3905921652866625e-05, 2.4741505828876282], "1": [0.0009203341882754336, 2.4901828331334075], "2": [0.0032447751940031812, 2.530468031262346], "3": [0.0070357862996894985, 2.5939032956301946], "4": [0.012327371308142463, 2.678629326725016], "5": [0.019082879994629466, 2.781926764828647], "6": [0.027137100066212883, 2.900129718762965], "7": [0.036159931809350204, 3.0286276972166832], "8": [0.04566652892163992, 3.1620335087365405], "9": [0.055083794037928006, 3.294546258343571], "10": [0.06385362159206497, 3.42043988958075], "11": [0.0715299044276747, 3.534528860443272], "12": [0.07783042563055852, 3.632477328554811], "13": [0.08263242044482452, 3.7109122437340325], "14": [0.08592762515570225, 3.7673901574421547], "15": [0.08776268755333781, 3.8002984201167034], "16": [0.08818633200329186, 3.8087550492811655], "17": [0.08721565755220834, 3.792542589831669], "18": [0.08482684762670682, 3.752090075541659], "19": [0.08097139880929116, 3.688505768944912], "20": [0.07561577379104856, 3.6036549953667243], "21": [0.06879753250107865, 3.5002637154305667], "22": [0.06068310950970874, 3.3820044451716025], "23": [0.05160381663914294, 3.253493180689641], "24": [0.042045263875353005, 3.1201199992213815], "25": [0.03258051925417592, 2.9876849018921217], "26": [0.023766836609764204, 2.861909198345079], "27": [0.0160489699541006, 2.7479709623188753], "28": [0.00970775672237632, 2.6501975136175617], "29": [0.00486493375666579, 2.5719536880826546], "30": [0.001528245212767643, 2.515675691579249], "31": [-0.0003490103404836947, 2.4829699558778295], "32": [-0.0008153045416062895, 2.474712982026554], "33": [0.00011261729485875381, 2.4911170670654332], "34": [0.0024588166998625585, 2.5317479211610894], "35": [0.006271743967993553, 2.5954915622286716], "36": [0.011584447075320229, 2.680476255680887], "37": [0.01835840603488365, 2.783969010870132], "38": [0.026425891775272315, 2.9022902397642247], "39": [0.03545430391763573, 3.030818041166369], "40": [0.04495721396281643, 3.164159188795737], "41": [0.05436157204875794, 3.296514524956505], "42": [0.06311101343557644, 3.422167665279688], "43": [0.07076220752696986, 3.5359483572623516], "44": [0.07703577358294439, 3.6335382409831136], "45": [0.08181106451976074, 3.711581137523626], "46": [0.08508089121330796, 3.767648488069271], "47": [0.08689201790852318, 3.800140435079639], "48": [0.08729265362346193, 3.8081862785280984], "49": [0.0862991716398072, 3.7915791826573626], "50": [0.08388725051027275, 3.750759003451244], "51": [0.08000849278588795, 3.6868457816055193], "52": [0.07463036330206274, 3.601718044888855], "53": [0.06779239298994395, 3.4981162430552843], "54": [0.059663677796966484, 3.3797274819075356], "55": [0.05057818264178806, 3.251179964634603], "56": [0.04102320829311427, 3.1178703244306116], "57": [0.03157179628425432, 2.9855969199044616], "58": [0.022779383916244674, 2.8600710268642446], "59": [0.015087807825329218, 2.7464547213477517], "60": [0.008774915252419628, 2.6490569663299874], "61": [0.003960202462562463, 2.571224842965573], "62": [0.0006502688812933029, 2.5153788607775787], "63": [-0.0012017211282497795, 2.483111948458108], "64": [-0.001643703787478854, 2.475288686627696], "65": [-0.000691662088563147, 2.492110147092607], "66": [0.0016789999499116682, 2.533130597592938], "67": [0.005516626637381195, 2.597223599308717], "68": [0.01085321617233088, 2.6825034468346782], "69": [0.017648175226557497, 2.7862218022216907], "70": [0.02573096843504225, 2.904683597517102], "71": [0.034766190838119194, 3.033253934200424], "72": [0.04426561676528783, 3.166532519945983], "73": [0.053656204543775156, 3.2987217572830727], "74": [0.062383483691535596, 3.4241156673438913], "75": [0.07000718237045996, 3.5375607081985407], "76": [0.07625106321791622, 3.6347577506731983], "77": [0.08099684103168808, 3.7123692504390315], "78": [0.08423853990977519, 3.7679831473088337], "79": [0.0860230748355769, 3.8000137941837937], "80": [0.08639809875902606, 3.8076030469960624], "81": [0.08537918616966332, 3.790555900008743], "82": [0.08294145229004123, 3.7493242719494577], "83": [0.07903660684377124, 3.6850413397846835], "84": [0.07363321346531895, 3.5996003716118183], "85": [0.06677297993236503, 3.4957580227106333], "86": [0.05862795374973049, 3.3772177661369], "87": [0.04953505491859641, 3.248621585378239], "88": [0.03998348546751615, 3.1153736781968155], "89": [0.03054629423412233, 2.983270912169488], "90": [0.02177694441407585, 2.858013775491045], "91": [0.014114071896864673, 2.7447469157811413], "92": [0.007832228225996003, 2.647759191733757], "93": [0.003048428145338123, 2.570378173606064], "94": [-0.00023200891396606436, 2.5150070744626016], "95": [-0.002056084584737045, 2.4832239089891424], "96": [-0.0024711577568816627, 2.475880068819929], "97": [-0.0014923762479520319, 2.49316419205198], "98": [0.0009054474060108955, 2.534617863200324], "99": [0.004770547926491433, 2.5991008265644995]}