{"0": [3.3551472421789674e-05, 5.819441379166784], "1": [0.00221515105822291, 5.8011976318609975], "2": [0.007744124036870024, 5.754182334184151], "3": [0.016534164320624975, 5.676681935959239], "4": [0.028264245647337167, 5.5662953534551685], "5": [0.0421280882581673, 5.42036747396873], "6": [0.056529960168770765, 5.236365549306742], "7": [0.06881364978060127, 5.0118546681063645], "8": [0.07510750864632072, 4.7437712138896275], "9": [0.07031957786350465, 4.4270445116997], "10": [0.04846091398712078, 4.053427287277119], "11": [0.00456408554087842, 3.6145785011502314], "12": [-0.05798390663206278, 3.121995458101219], "13": [-0.11953906250070051, 2.632216500673706], "14": [-0.16120858975266975, 2.1992712854550316], "15": [-0.18056650992414172, 1.8318071217037362], "16": [-0.18295154021623694, 1.5207441783596445], "17": [-0.17442202389678668, 1.2578970994825576], "18": [-0.16004395866516202, 1.0383561919413518], "19": [-0.14364081257018352, 0.8591776643408177], "20": [-0.12782818042495994, 0.718029315197117], "21": [-0.11418178743783433, 0.6125121479308592], "22": [-0.10350970371014433, 0.5401610209981867], "23": [-0.09615002994368285, 0.4988193297768202], "24": [-0.09221160503101224, 0.4870566022719021], "25": [-0.09171813688099248, 0.5044452512420667], "26": [-0.09465046148677497, 0.5516438934930081], "27": [-0.10088849624857614, 0.6302815634731043], "28": [-0.11005037636088502, 0.7426496765726347], "29": [-0.12123714261755612, 0.8912689684534907], "30": [-0.13273071340540435, 1.0785448078810667], "31": [-0.14173476685271238, 1.3068609574072045], "32": [-0.1442360470885954, 1.5793844950120712], "33": [-0.1350210203031343, 1.9014698952572737], "34": [-0.10808695163691827, 2.281620443604989], "35": [-0.05896830912134545, 2.727193835947317], "36": [0.007152089526480026, 3.221825112276917], "37": [0.06939270198422681, 3.7053467756369014], "38": [0.11076140193714426, 4.129057111769825], "39": [0.1303773696428592, 4.488160420499948], "40": [0.13385034907799861, 4.791987256174384], "41": [0.12713451520699307, 5.048229895655118], "42": [0.11513520058858742, 5.261419118783778], "43": [0.10151795194352188, 5.43430502773771], "44": [0.08876168493579047, 5.569128374223221], "45": [0.07834176632987463, 5.668198391507551], "46": [0.07100810788108095, 5.733826734181713], "47": [0.06707553048321181, 5.767937847092977], "48": [0.06664793434216713, 5.771672247048305], "49": [0.06974074770646797, 5.74514946840388], "50": [0.07629609273063029, 5.6874386197780415], "51": [0.08609050060823212, 5.596740805014611], "52": [0.09853661304888939, 5.4707554192200005], "53": [0.11240312976699947, 5.307104129395312], "54": [0.1255223634417004, 5.103527408311797], "55": [0.13457820458674996, 4.857503912835718], "56": [0.1350296049665641, 4.565151718217673], "57": [0.12123554126772505, 4.2198087648835125], "58": [0.08737279650925378, 3.8123559644496376], "59": [0.031817275646421075, 3.3417653972772565], "60": [-0.03289229402772376, 2.844717205996614], "61": [-0.08434676954066066, 2.3857259816105287], "62": [-0.1131461007686467, 1.9922950549064824], "63": [-0.12248248273779089, 1.6596083839350768], "64": [-0.11844076819557563, 1.378469608003724], "65": [-0.10655386465763776, 1.1427517000074623], "66": [-0.09117490119521825, 0.9489480180901086], "67": [-0.07543032616066286, 0.7947154393572589], "68": [-0.06133289675246166, 0.6778994753177372], "69": [-0.050012949608984524, 0.5962725600682512], "70": [-0.04201001533380788, 0.5477837146296395], "71": [-0.03753610434079381, 0.530973292056368], "72": [-0.03664932456347487, 0.5452963677528283], "73": [-0.039316933489486915, 0.5912462919286187], "74": [-0.04536514034553497, 0.6702543274049929], "75": [-0.0543168724061122, 0.7843820101692449], "76": [-0.06513463694068455, 0.9359010265880293], "77": [-0.07592587577133718, 1.1270034749850597], "78": [-0.08370256402945958, 1.359993710130189], "79": [-0.08426493677827361, 1.638188532626644], "80": [-0.07225305561612455, 1.9673201013858885], "81": [-0.04171554115659959, 2.3560866336675397], "82": [0.01089384602289465, 2.809818413551999], "83": [0.07772785507119316, 3.3047375687068854], "84": [0.1369122219889689, 3.7776458213797484], "85": [0.17438680062249315, 4.187941021007387], "86": [0.19106492772256525, 4.535090385027138], "87": [0.1927796578847449, 4.828387135656248], "88": [0.18530564856030388, 5.074797139061002], "89": [0.17331662485972762, 5.278335115814754], "90": [0.16025899440395844, 5.4414753164301946], "91": [0.14842965673418965, 5.566289833132568], "92": [0.1391778913677757, 5.654888990240392], "93": [0.13318628301863072, 5.709278761025404], "94": [0.13074440141674948, 5.730967774606487], "95": [0.1319425242111213, 5.720617720375682], "96": [0.1367536510924217, 5.677884320893365], "97": [0.14499708453860746, 5.601490265798616], "98": [0.15618540493760513, 5.489514980998711], "99": [0.16927360367323846, 5.339803729586549]}