{"0": [-2.6994539010128143e-05, 0.649831675292142], "1": [-0.0017733982517977873, 0.6734904534227589], "2": [-0.0061135438840197375, 0.7342585377663186], "3": [-0.012731316142015406, 0.8338345988350551], "4": [-0.020921886744105674, 0.9745469119209483], "5": [-0.029356422143120658, 1.1589827377313509], "6": [-0.03584893551921222, 1.3898663904721855], "7": [-0.03723191483046453, 1.6704470469079478], "8": [-0.029489444615708394, 2.005185000732951], "9": [-0.008552407160671006, 2.399069321935016], "10": [0.02700372393981165, 2.850297499174203], "11": [0.07069173172252613, 3.3320148985193394], "12": [0.10878620020392867, 3.792962333515983], "13": [0.13251898078877983, 4.199037430650841], "14": [0.14205712027919845, 4.544958222593733], "15": [0.14129316414614868, 4.835490530206971], "16": [0.13441878412963434, 5.0754963405585185], "17": [0.12485470770403176, 5.26845934644477], "18": [0.11503475216827319, 5.4171282342030045], "19": [0.10649246665651252, 5.524036167427376], "20": [0.10007861023255267, 5.5914938593289385], "21": [0.09620130820200419, 5.62126106927867], "22": [0.09500966877375806, 5.614196641434464], "23": [0.09648172077595532, 5.570072484414714], "24": [0.10040555333713197, 5.487616704099816], "25": [0.10625528334081973, 5.3647745572746866], "26": [0.112980391607891, 5.199086135259415], "27": [0.1187625400806834, 4.987944665373684], "28": [0.12083455201935447, 4.728430360632277], "29": [0.11548605039529666, 4.416667364221284], "30": [0.09850679795247656, 4.047601688108921], "31": [0.06690356953912457, 3.6187330577967476], "32": [0.023387563162231215, 3.1446263440628814], "33": [-0.020196325193181944, 2.6702285173715437], "34": [-0.051760345886560366, 2.241048940182398], "35": [-0.06835634372004891, 1.872070660970727], "36": [-0.0729736401882228, 1.5606669560594313], "37": [-0.06988599758941161, 1.3016114187874932], "38": [-0.06286765249734269, 1.0909480227525417], "39": [-0.05474436675421355, 0.9257609798428257], "40": [-0.04738806516058412, 0.8035049750858309], "41": [-0.04189495605745481, 0.7218098391288527], "42": [-0.038826057060684156, 0.6787159619136285], "43": [-0.038417395629920345, 0.6730399249982414], "44": [-0.04070458818585859, 0.7046302596207161], "45": [-0.04554139677580646, 0.774405768425404], "46": [-0.05250991267237064, 0.8841625112076769], "47": [-0.06073464877654109, 1.0362191228053437], "48": [-0.0686430117710447, 1.2330959777417978], "49": [-0.07375633871862003, 1.4775320144905049], "50": [-0.07262643724813803, 1.7730139306700183], "51": [-0.061106104526927045, 2.124305232528542], "52": [-0.035547834863073294, 2.5354739764655077], "53": [0.003592338371964994, 2.999008298096393], "54": [0.04688721504136384, 3.478106109957108], "55": [0.0809053596963064, 3.922502313454333], "56": [0.09997874190022696, 4.308343690880222], "57": [0.10597397575870683, 4.635210675844587], "58": [0.10306265482740799, 4.9082715755471975], "59": [0.09523260852927781, 5.131860507519287], "60": [0.08559120241736266, 5.309077924920489], "61": [0.07627189927622774, 5.442488531522847], "62": [0.06857256464338979, 5.534469389587067], "63": [0.06318681145406245, 5.5870726739622345], "64": [0.060427756406122704, 5.601672651099032], "65": [0.06037690031391221, 5.578670192880086], "66": [0.06292890136946527, 5.517398572173331], "67": [0.06772607723699713, 5.416265620632601], "68": [0.07399157628002449, 5.273081386767308], "69": [0.08029715294941604, 5.085401372481405], "70": [0.08434251439875966, 4.850592871908678], "71": [0.08285622789064134, 4.565397346142835], "72": [0.07178160345508558, 4.225313411619807], "73": [0.04722210847887254, 3.8257731847435794], "74": [0.008484414631653562, 3.370837515910731], "75": [-0.0367579644729118, 2.8914588586161423], "76": [-0.07485857709762689, 2.4387557787091896], "77": [-0.09837627849307527, 2.0425196510532575], "78": [-0.10822585616070911, 1.7059309328608692], "79": [-0.10841236365808528, 1.42411561825631], "80": [-0.10302754220406204, 1.1925193131069647], "81": [-0.09534951095165561, 1.0079040962149186], "82": [-0.08768065587926964, 0.8676907908423173], "83": [-0.08145541675440285, 0.7695208762994677], "84": [-0.07746110904062402, 0.7113200147212968], "85": [-0.07606660152007877, 0.691630196322136], "86": [-0.07738430180531261, 0.709922165028127], "87": [-0.08132977828741805, 0.7667200860812875], "88": [-0.08756982788882918, 0.863488472459238], "89": [-0.09536644851095298, 1.002322997043573], "90": [-0.10335022955542741, 1.1856042829003726], "91": [-0.10929700975714572, 1.4158998900014592], "92": [-0.11001570347596887, 1.696357929375706], "93": [-0.10150273479188873, 2.0313370197415046], "94": [-0.0797941352647933, 2.4255002524118976], "95": [-0.043776798510383755, 2.8759956557074595], "96": [-0.00034716536135714817, 3.3544201140521093], "97": [0.036943031469295604, 3.809902763066118], "98": [0.059925195622604246, 4.2101591792653155], "99": [0.06904147293852395, 4.550578624396408]}