{"0": [-1.6210015721226108e-05, 3.7848771349633017], "1": [-0.0010734215272409273, 3.7625087436629885], "2": [-0.0037884992618949253, 3.706559545652144], "3": [-0.008212747480975903, 3.619285294574406], "4": [-0.014331677308049956, 3.5045613533444393], "5": [-0.02195594670760435, 3.3681309870533793], "6": [-0.03064219274872405, 3.2176709372112082], "7": [-0.03970984411419675, 3.0624014121353897], "8": [-0.0483794722203528, 2.9121397960145097], "9": [-0.05596923363068922, 2.776093166654676], "10": [-0.06203487164072488, 2.6619125094677365], "11": [-0.06638819518282611, 2.5753052263228438], "12": [-0.06901845944886012, 2.5201048278319242], "13": [-0.06998287129596893, 2.498522820339324], "14": [-0.06932002338387527, 2.5113708666358727], "15": [-0.0670128803162845, 2.5581570220044134], "16": [-0.06300910562410592, 2.637031051528541], "17": [-0.05729455442911439, 2.744593177167798], "18": [-0.049999864453934076, 2.8756381800977997], "19": [-0.04149448806312333, 3.023012312360663], "20": [-0.032401948215139566, 3.1778541657855057], "21": [-0.02349294294113538, 3.3303977600287014], "22": [-0.015494189421625571, 3.4711571271741875], "23": [-0.008922722830070673, 3.591990303312865], "24": [-0.004032813071853602, 3.6866460270471935], "25": [-0.0008736969967819299, 3.750795214104534], "26": [0.0006031113090228588, 3.7818037301540817], "27": [0.000447276607465669, 3.7784883958249553], "28": [-0.0013424101275881126, 3.740981499300905], "29": [-0.004813641056957995, 3.670743572028539], "30": [-0.010000713061842345, 3.570720570726307], "31": [-0.016823874836235753, 3.4455939363097134], "32": [-0.02498580458295767, 3.301979116227264], "33": [-0.0339281680334413, 3.1483176365083043], "34": [-0.04290429547829734, 2.994230398262719], "35": [-0.05115602624784486, 2.8493972834097208], "36": [-0.05809786534083666, 2.722407866586502], "37": [-0.06340489497045754, 2.6200548631756275], "38": [-0.06698093589605171, 2.5471804303203687], "39": [-0.06885817477966436, 2.506859730611577], "40": [-0.06909321461987165, 2.5006573255841933], "41": [-0.06770089288879602, 2.5287989802501607], "42": [-0.06464272709492139, 2.590200885895786], "43": [-0.059872180179688296, 2.6823499913808173], "44": [-0.053426560569265584, 2.8010704522436543], "45": [-0.04553503743623386, 2.9402899457020775], "46": [-0.03668545966190897, 3.092034785834289], "47": [-0.027586477401309217, 3.246916816239948], "48": [-0.019012849932748294, 3.395153620930839], "49": [-0.011611420373413603, 3.5277640365838536], "50": [-0.005780253475278192, 3.6374258772427384], "51": [-0.001670359885037723, 3.7187697449117794], "52": [0.0007260176190127347, 3.7682600710951824], "53": [0.0014672160321638778, 3.7839382723511292], "54": [0.0005831103828025902, 3.7652188880069652], "55": [-0.0019521757136009698, 3.712818948786705], "56": [-0.006190279851910692, 3.6288378974677062], "57": [-0.012127665381757174, 3.516966450873794], "58": [-0.019597565789902543, 3.3827376600773733], "59": [-0.028185078327759912, 3.2336225577289186], "60": [-0.03723163277338067, 3.078697765612679], "61": [-0.045961408449050674, 2.927753734961466], "62": [-0.05367595057714129, 2.790095308395869], "63": [-0.059903951214521564, 2.673551166863118], "64": [-0.06443264275821561, 2.584027160452358], "65": [-0.06723691590283157, 2.5255387120903743], "66": [-0.06837066972830078, 2.5004535110236765], "67": [-0.06787660698416641, 2.5097215253147263], "68": [-0.0657436521916616, 2.552985706897512], "69": [-0.06192128238164533, 2.628543109136612], "70": [-0.05638781661292259, 2.733166771273387], "71": [-0.04925469006694006, 2.861852281749438], "72": [-0.04086406690961566, 3.0076536198997155], "73": [-0.03181477560127428, 3.161873454587261], "74": [-0.02286823913597192, 3.3148074044433793], "75": [-0.014762509224592772, 3.456905176341108], "76": [-0.008039596682715627, 3.57986655982273], "77": [-0.0029795724914096784, 3.6772467075587136], "78": [0.0003511347171618169, 3.7445319320200445], "79": [0.0019949800367336217, 3.7789283586411546], "80": [0.0020041271119198623, 3.7791136561536116], "81": [0.00038328176316568957, 3.7450884883689626], "82": [-0.002911783437368685, 3.6781738349419624], "83": [-0.007919816562818899, 3.5811540429415154], "84": [-0.014576764888062053, 3.45852044478737], "85": [-0.022610619734972325, 3.3166829056023035], "86": [-0.031489270323885155, 3.1639040880560194], "87": [-0.04048031710320659, 3.0097120433784084], "88": [-0.048819894444551086, 2.8638162774806752], "89": [-0.05590056699777453, 2.7349411484227044], "90": [-0.06137119807699545, 2.6300646901004607], "91": [-0.0651159064593299, 2.554214916795325], "92": [-0.06715803267508937, 2.510630370015938], "93": [-0.06755473950138462, 2.501016459044666], "94": [-0.06632628374785449, 2.52572849922167], "95": [-0.0634388053986461, 2.5838157965121815], "96": [-0.058844005801884335, 2.6729165944363737], "97": [-0.05256696816927461, 2.7890338549349694], "98": [-0.04481412603267806, 2.926295403435937], "99": [-0.036046685750646165, 3.076915729087424]}