{"0": [-8.355700653816626e-06, 0.3172525624137452], "1": [-0.0005531371556870315, 0.3262240925489025], "2": [-0.001949827191168677, 0.3493467478395247], "3": [-0.004231027408561078, 0.3875321472805513], "4": [-0.007438649238793463, 0.4422475300875902], "5": [-0.011605578222046789, 0.5155081760636558], "6": [-0.016722574364470017, 0.6098431450469802], "7": [-0.022683444235444307, 0.7282138167682223], "8": [-0.029202770629477324, 0.8738698293631671], "9": [-0.03570810427479822, 1.0501498347934903], "10": [-0.04122589351510824, 1.2602733120230973], "11": [-0.04430727363789399, 1.5071877065772707], "12": [-0.04307357779931696, 1.7934432022462377], "13": [-0.03551053418979829, 2.12074808184972], "14": [-0.020215605197366746, 2.488288387290786], "15": [0.0022601911045142076, 2.888782279118165], "16": [0.028209478389357914, 3.304341206248379], "17": [0.05185212454012786, 3.7099969336303973], "18": [0.06875253800659124, 4.0855215493207115], "19": [0.07767905826514046, 4.421538071133616], "20": [0.07973326978959569, 4.716299603493115], "21": [0.07689861378284464, 4.971237673401666], "22": [0.07114630045713441, 5.188813426912938], "23": [0.06405517993097748, 5.371903458537303], "24": [0.05672226706829964, 5.523660935462614], "25": [0.04981741238255876, 5.6473881175848115], "26": [0.04369326272735229, 5.746342460006625], "27": [0.03849743609233281, 5.823533085955222], "28": [0.034261996269359406, 5.881562896408037], "29": [0.030964976537291522, 5.922532853214117], "30": [0.02856845048096077, 5.947997293282892], "31": [0.027040122009094794, 5.958950282631803], "32": [0.026364335026128956, 5.955825417284007], "33": [0.026546275496383002, 5.938497684374678], "34": [0.027610983356706236, 5.906282517434518], "35": [0.029596764384317287, 5.857933363574878], "36": [0.03254052236118624, 5.791645405089175], "37": [0.03645032775079843, 5.705079739861511], "38": [0.04125863674916673, 5.595427707982264], "39": [0.04674955685438611, 5.459533978903914], "40": [0.052458587488343415, 5.294080887092134], "41": [0.057557145611072454, 5.095801353605925], "42": [0.06075816763530479, 4.861655627456917], "43": [0.06031046211018627, 4.588949649918163], "44": [0.05419127257356009, 4.275604150426983], "45": [0.04067557143184505, 3.921286067671698], "46": [0.019489753532218622, 3.530563608005073], "47": [-0.006753905016622593, 3.1176149107401088], "48": [-0.032648768460275514, 2.706149400501351], "49": [-0.05295356782562219, 2.3192070440055077], "50": [-0.06536845097849288, 1.9697364473945846], "51": [-0.07038964583645625, 1.661460195299509], "52": [-0.06983549061709864, 1.393664264648974], "53": [-0.06574188107565924, 1.1641238890796146], "54": [-0.05983798294216038, 0.9700866725824103], "55": [-0.053380038082898734, 0.8084919677666283], "56": [-0.04716984891120003, 0.6760813713895135], "57": [-0.0416535950274302, 0.569574483520906], "58": [-0.03703714402721397, 0.48587724231684526], "59": [-0.033384349239465094, 0.42225922580171404], "60": [-0.030687649172101192, 0.3764704635892331], "61": [-0.028913187208627972, 0.34680189737497924], "62": [-0.028027127171721924, 0.3321081624486192], "63": [-0.028009582361051798, 0.33181167848946047], "64": [-0.028860601191124907, 0.34590144803606593], "65": [-0.030600416960318417, 0.3749332325438195], "66": [-0.03326404410679553, 0.4200312886477993], "67": [-0.03688818353460389, 0.48288535700960006], "68": [-0.04148616323439209, 0.5657298047860736], "69": [-0.04700460187281028, 0.6712859384245297], "70": [-0.053254999238947755, 0.8026480406020562], "71": [-0.05981744918362986, 0.9631069062192907], "72": [-0.06592598654440979, 1.155937243945707], "73": [-0.07036759283111267, 1.3842109764127994], "74": [-0.07145725447998676, 1.650673999444312], "75": [-0.06719072728824696, 1.9575294958809912], "76": [-0.055740994322711054, 2.305509041380717], "77": [-0.03651593811038892, 2.69108844230116], "78": [-0.011621913145903107, 3.1017887811585223], "79": [0.013836379962711963, 3.51492752794868], "80": [0.034359669331761, 3.90654891779478], "81": [0.04714092463667845, 4.261986178000191], "82": [0.05233804047130213, 4.576412273272066], "83": [0.05165255375423798, 4.850104619206259], "84": [0.04713108101173666, 5.08514397424192], "85": [0.040565821173934924, 5.28421494271398], "86": [0.033286998814972095, 5.450326458536802], "87": [0.0261609855173848, 5.586703573598357], "88": [0.019681620734733313, 5.696621661047754], "89": [0.014085701471262108, 5.783198222362064], "90": [0.009454935402758848, 5.8492074925978885], "91": [0.005790796354819074, 5.896953395872285], "92": [0.003063130755331834, 5.928200696109021], "93": [0.0012388727176662767, 5.9441468231492225], "94": [0.0002974460207581366, 5.945414992272668], "95": [0.00023756783974240636, 5.932054405271394], "96": [0.0010778894269769367, 5.903540162233282], "97": [0.002851703056169762, 5.858772254011485], "98": [0.0055937535993918885, 5.79607972476439], "99": [0.009314909823792935, 5.7132430336484505]}