{"0": [9.107489076992495e-07, 6.258446283153281], "1": [6.035047916057266e-05, 6.257848425062332], "2": [0.0002133799634791193, 6.2563091798581745], "3": [0.0004656691132029923, 6.253771395269069], "4": [0.0008265596922961088, 6.250140858299984], "5": [0.0013094011776032003, 6.245282823991477], "6": [0.0019320260602316986, 6.239017062923388], "7": [0.002717375171446529, 6.231111261987214], "8": [0.003694283566275771, 6.221272566492257], "9": [0.004898433565405243, 6.2091370085187725], "10": [0.006373470330559115, 6.194256533504701], "11": [0.008172250770554473, 6.176083327827148], "12": [0.010358148099624213, 6.153951189285897], "13": [0.013006244097774523, 6.127053812963461], "14": [0.016204079692910548, 6.09442015843808], "15": [0.020051356175917537, 6.054887632062716], "16": [0.024657519011402878, 6.007074815878731], "17": [0.03013543597964967, 5.949357078696892], "18": [0.036588346609172304, 5.87985070502516], "19": [0.04408597984510127, 5.7964138989285345], "20": [0.05262461284356003, 5.696674984277332], "21": [0.06206590433173099, 5.578096593410702], "22": [0.07205237042031752, 5.4380754380678775], "23": [0.08190528437921149, 5.274057705629885], "24": [0.09052374292952374, 5.083626370287662], "25": [0.09631870228158733, 4.864511759797555], "26": [0.09723096846568897, 4.6145291933587504], "27": [0.09090863346547173, 4.331601975662536], "28": [0.07518787293213598, 4.014333238797586], "29": [0.049120761625278675, 3.6639959048562583], "30": [0.014592078438749947, 3.2884245200293187], "31": [-0.022746091106985385, 2.904693692849365], "32": [-0.055620250833226796, 2.5339105806533757], "33": [-0.07912928674111105, 2.1911492033799873], "34": [-0.09215454217229187, 1.8823073566891344], "35": [-0.09605992169925649, 1.6076828660952005], "36": [-0.0931433427667435, 1.3655537502965558], "37": [-0.0857433217385552, 1.153766358814436], "38": [-0.07584316499953836, 0.9701135399317585], "39": [-0.06493914129093198, 0.812304358570117], "40": [-0.05404669050083769, 0.6779059961248644], "41": [-0.043777594142761535, 0.5643696048764049], "42": [-0.034443397132350305, 0.4691252661144007], "43": [-0.026154905172168307, 0.38969532030814047], "44": [-0.018902153147871345, 0.3237869205925918], "45": [-0.012611108681698192, 0.2693485287911839], "46": [-0.007180141558019549, 0.22459244936308176], "47": [-0.0025015675239634157, 0.18799280168663157], "48": [0.0015266998288098084, 0.15826891254805361], "49": [0.004995551790687027, 0.1343619003604339], "50": [0.007982544181148807, 0.11540958464404724], "51": [0.010551583600591875, 0.10072272963028829], "52": [0.01275347056517619, 0.0897641918451476], "53": [0.014626746728419727, 0.08213167061917799], "54": [0.01619854289215303, 0.07754428440014897], "55": [0.017485267864215337, 0.07583296911630309], "56": [0.018493057874472727, 0.07693461592246932], "57": [0.01921794970994759, 0.08088986905610876], "58": [0.01964576561325728, 0.08784454923056534], "59": [0.019751716452975108, 0.09805472668218385], "60": [0.019499751892207193, 0.11189551824799676], "61": [0.0188417235916073, 0.12987369925247336], "62": [0.01771649576215552, 0.15264416660865993], "63": [0.016049261180841885, 0.1810301057162012], "64": [0.013751538331467932, 0.2160463080141882], "65": [0.010722693169581706, 0.2589243224443709], "66": [0.006854421233654193, 0.31113683000847303], "67": [0.002040514671913128, 0.37441665728665496], "68": [-0.0038045715495294476, 0.45076325518692817], "69": [-0.01071356886465104, 0.5424269544469353], "70": [-0.01861523225786519, 0.6518608387813869], "71": [-0.027260185169073217, 0.781635304455261], "72": [-0.036125334852135975, 0.9343252722553937], "73": [-0.04430928144348703, 1.1124035167313595], "74": [-0.050445741010851204, 1.3181908841768284], "75": [-0.05267687458184255, 1.5538927126590907], "76": [-0.04874709188779891, 1.8216478291841494], "77": [-0.03632336080692799, 2.1232848349629556], "78": [-0.01374500026770789, 2.459090916928857], "79": [0.01858024912913859, 2.824707008124561], "80": [0.056651515708297906, 3.2071492387916467], "81": [0.09344378537829252, 3.585899085299102], "82": [0.12260167782619358, 3.9422077012431838], "83": [0.14137661542040794, 4.266288154630797], "84": [0.15023931808765636, 4.555877406889105], "85": [0.15121707999445444, 4.81208995193309], "86": [0.14669942333230868, 5.036972301907736], "87": [0.1388547823864296, 5.232706866126656], "88": [0.12940194353660955, 5.40152779021674], "89": [0.11956496002821783, 5.545791402086859], "90": [0.11012491639687887, 5.667990395657469], "91": [0.10151604885247845, 5.770683778810588], "92": [0.09392964333837364, 5.856385373655469], "93": [0.08740372248303055, 5.927458314176512], "94": [0.08189005025048803, 5.986041295855656], "95": [0.07729909790333979, 6.034010939734618], "96": [0.07352768382403803, 6.072973045412452], "97": [0.07047462767715658, 6.10427245429542], "98": [0.06804882804574156, 6.129012584395909], "99": [0.06617289171897572, 6.148078311333156]}