{"0": [1.090623967941362e-05, 5.091992101758935], "1": [0.000698856862661919, 5.065278374065718], "2": [0.0022422480331231493, 4.997237188811414], "3": [0.004076738468270626, 4.88733245302952], "4": [0.005233039772099018, 4.734847828735438], "5": [0.0043127373177592075, 4.539030173324088], "6": [-0.0004354964351070799, 4.299315926150504], "7": [-0.010812659419999197, 4.015978392780733], "8": [-0.027955931848192037, 3.6919736333520277], "9": [-0.05115515980986836, 3.3365943324256397], "10": [-0.07697641718503737, 2.968517808303177], "11": [-0.10043737490409707, 2.6117902056882767], "12": [-0.11788800967611723, 2.285709162855684], "13": [-0.12841852048544408, 2.000107481851634], "14": [-0.13308351727185613, 1.7581551763833005], "15": [-0.13368416021688112, 1.5601596902774988], "16": [-0.13200924551850665, 1.4055454804924736], "17": [-0.12950655593454513, 1.2935505386623238], "18": [-0.12719478567712383, 1.2234583248959452], "19": [-0.12568326422037462, 1.1947348046277158], "20": [-0.12521859705429794, 1.2071418781184948], "21": [-0.1257116462356617, 1.2607943280877125], "22": [-0.12672622005133857, 1.3561313382759046], "23": [-0.12743706768824598, 1.493814936804917], "24": [-0.12659183946452282, 1.6745943826143395], "25": [-0.12254250490728308, 1.8991266131530027], "26": [-0.11345377522498883, 2.167534759263469], "27": [-0.09785573503012891, 2.4780765343064637], "28": [-0.07569002035081214, 2.824076837319435], "29": [-0.04946012368100736, 3.1900771883826535], "30": [-0.023906189566242395, 3.552849762492192], "31": [-0.00340875264302173, 3.890511251356999], "32": [0.010206635562686538, 4.19009294978714], "33": [0.017473556436258933, 4.446645563333216], "34": [0.02004758919199351, 4.659192490307015], "35": [0.01977183452533483, 4.828119076015554], "36": [0.018225114597200668, 4.954151421475515], "37": [0.01657037518046555, 5.038029177704526], "38": [0.01554853857545615, 5.080354344553199], "39": [0.01552214122514587, 5.0814690103442715], "40": [0.016511801331631625, 5.041375596661402], "41": [0.01819792447621661, 4.959736452857541], "42": [0.0198866421438353, 4.835954830508917], "43": [0.020465599650196294, 4.6693024705159045], "44": [0.018404417910401854, 4.4590756076775655], "45": [0.011891823588474971, 4.204908575482624], "46": [-0.0007432950343852448, 3.90772537298698], "47": [-0.020146415169105963, 3.572194674005112], "48": [-0.04471005768657451, 3.2106919417040776], "49": [-0.07022184093524378, 2.8446178541597673], "50": [-0.0918652868362722, 2.497422032818172], "51": [-0.10691822169813221, 2.185177209050736], "52": [-0.11528407301731565, 1.9149669775285878], "53": [-0.11838290587353081, 1.6886700502689884], "54": [-0.11806269655604794, 1.506181356757428], "55": [-0.11601044980300011, 1.3668404617667425], "56": [-0.11352478193571862, 1.2699018950279994], "57": [-0.11147562614980591, 1.214713832639995], "58": [-0.1103391334187838, 1.2008465259924754], "59": [-0.11024013359812164, 1.2281892791774904], "60": [-0.11096581797170135, 1.2969775615520114], "61": [-0.11194148370840978, 1.4077350337971752], "62": [-0.11218563556569908, 1.561156450540026], "63": [-0.11028990263406524, 1.7579637856044066], "64": [-0.1045030367731675, 1.9986693897857222], "65": [-0.09304744331038574, 2.2828934059574304], "66": [-0.07485038051700109, 2.607451270542428], "67": [-0.05072892881631851, 2.962672452640196], "68": [-0.02420223017795096, 3.3295626164755734], "69": [-0.00021662890995912494, 3.6841807034472027], "70": [0.017708138570749918, 4.00766329034079], "71": [0.02876909522109586, 4.2905272804682575], "72": [0.034062104885459604, 4.529743544925598], "73": [0.0353859841751722, 4.725027024350654], "74": [0.03450885901432612, 4.876935932941488], "75": [0.03285335856380733, 4.986205016391126], "76": [0.031414159691912434, 5.053519903560485], "77": [0.030778509651615226, 5.079381922893044], "78": [0.03117092093533368, 5.063998944461485], "79": [0.03247711886799222, 5.007234905308639], "80": [0.03423031396352951, 4.908643944966504], "81": [0.035569383417282496, 4.767574141337713], "82": [0.03520603844145202, 4.583303779465341], "83": [0.031469612640289926, 4.355233462470524], "84": [0.022541765078239503, 4.083383921723243], "85": [0.007052148875607654, 3.7698666506820544], "86": [-0.014838821980450157, 3.4221125035041946], "87": [-0.04036355273147391, 3.0565126405497534], "88": [-0.06471474649775025, 2.6965486526800264], "89": [-0.08373666070367296, 2.3633322332258784], "90": [-0.09588698825675794, 2.0688763443882183], "91": [-0.1018569076378836, 1.8176009643600162], "92": [-0.10333995333514139, 1.6103068487693972], "93": [-0.10215511023874282, 1.4465823245662255], "94": [-0.09983461240976255, 1.3257202612290928], "95": [-0.09749178333610665, 1.2470151816142994], "96": [-0.09582181980590376, 1.2099092135547165], "97": [-0.09514491633954941, 1.2141095340435215], "98": [-0.09543834037864046, 1.259658283348502], "99": [-0.09633311209350602, 1.3469217244852862]}