{"0": [-1.040024947931716e-05, 3.3878442252053595], "1": [-0.0006842902583359857, 3.381969078848958], "2": [-0.002376278020834661, 3.367253184998612], "3": [-0.0050369024277211, 3.3442094966409224], "4": [-0.00858415064616843, 3.313651347610597], "5": [-0.012901211369630718, 3.2766749659937457], "6": [-0.01783601831449948, 3.234630327217744], "7": [-0.02320419362308496, 3.1890776096019944], "8": [-0.02879628605023833, 3.141728438321657], "9": [-0.034389012330110665, 3.0943741359037698], "10": [-0.03975894166425483, 3.0488063929829967], "11": [-0.04469623019091712, 3.0067378555398956], "12": [-0.04901599258623658, 2.96973015744334], "13": [-0.05256570133924383, 2.9391348926876693], "14": [-0.05522826570764022, 2.9160498350071067], "15": [-0.056921643802329246, 2.9012896534151458], "16": [-0.057596582133751774, 2.8953684067336747], "17": [-0.057234211138895215, 2.898490555644724], "18": [-0.0558448283756096, 2.9105479013318587], "19": [-0.0534684593710284, 2.931121298007349], "20": [-0.050176907805543056, 2.959487720396048], "21": [-0.046076194887937946, 2.9946348513723042], "22": [-0.04130774857167131, 3.03528633006926], "23": [-0.03604663645403593, 3.079940699367831], "24": [-0.03049566830523714, 3.1269255974964163], "25": [-0.02487526679339245, 3.1744659729188998], "26": [-0.019410301493104423, 3.220761825636089], "27": [-0.014316099172298185, 3.2640684270031564], "28": [-0.009786131808525615, 3.302771261413001], "29": [-0.005983307545413705, 3.335449397614658], "30": [-0.0030356147834087075, 3.3609239652617897], "31": [-0.0010355979082616112, 3.3782916372061766], "32": [-4.2234034483299634e-05, 3.3869453821391273], "33": [-8.346061031335738e-05, 3.3865857276797464], "34": [-0.0011578553134387996, 3.377225432495058], "35": [-0.003234628109752052, 3.3591892110597925], "36": [-0.006251943514183038, 3.333108463527367], "37": [-0.010114444536326518, 3.299909286638685], "38": [-0.014691494212061937, 3.260790830295021], "39": [-0.01981788026961047, 3.2171907920658263], "40": [-0.025298383748997736, 3.170735897756707], "41": [-0.03091668350416853, 3.123177643410322], "42": [-0.03644779251910863, 3.0763168110705186], "43": [-0.04167206338569393, 3.031923180657263], "44": [-0.046388256521900956, 2.9916582122855457], "45": [-0.050423487869130666, 2.9570076443462314], "46": [-0.053638912495389345, 2.9292283251648747], "47": [-0.055931298251462716, 2.909310313004047], "48": [-0.05723169973869873, 2.897952565718465], "49": [-0.05750295016181521, 2.8955491262997457], "50": [-0.05673759831412993, 2.902182683663058], "51": [-0.05495736231655845, 2.917623414717538], "52": [-0.05221435266139878, 2.941332620628744], "53": [-0.04859344102007127, 2.9724723974629508], "54": [-0.04421442115515106, 3.0099239839860275], "55": [-0.03923223150820265, 3.0523180371264997], "56": [-0.03383366819928039, 3.098079461696681], "57": [-0.028229780301366157, 3.1454873840844937], "58": [-0.02264435006434848, 3.1927477710841288], "59": [-0.017300111478025973, 3.2380730462968232], "60": [-0.012405134775945327, 3.2797611228474093], "61": [-0.008141748999703755, 3.3162664275931126], "62": [-0.0046595150872275354, 3.3462576676244895], "63": [-0.0020724865132429153, 3.3686603125170884], "64": [-0.00045982052814403523, 3.3826847596550524], "65": [0.0001318880665585644, 3.3878429978065685], "66": [-0.00031373729339293437, 3.383957012596383], "67": [-0.0017839310793514593, 3.371161424177493], "68": [-0.004236076002452556, 3.349901367471325], "69": [-0.00759556973787219, 3.320924888352624], "70": [-0.011753426554850817, 3.2852675794443797], "71": [-0.016565278535294253, 3.244226278509532], "72": [-0.02185346016077995, 3.199318863791561], "73": [-0.027413276833116982, 3.1522287946783343], "74": [-0.033023451200869504, 3.104735891552061], "75": [-0.03845944852597121, 3.0586381120502355], "76": [-0.043507412382171706, 3.0156715102362517], "77": [-0.04797622744313773, 2.9774360878850783], "78": [-0.05170586784759026, 2.9453336183058054], "79": [-0.05457139259840685, 2.9205204847201345], "80": [-0.0564832048596041, 2.903875388532906], "81": [-0.057385055664525286, 2.8959795266664106], "82": [-0.05725154007998776, 2.897105982856465], "83": [-0.056086540595804577, 2.9072155140544704], "84": [-0.05392338952511874, 2.9259572222287558], "85": [-0.05082665715900815, 2.952674307646855], "86": [-0.046894629209053566, 2.9864167535346287], "87": [-0.04226092040078751, 3.0259639411797754], "88": [-0.03709348541062201, 3.0698603662307775], "89": [-0.031589684979097574, 3.1164664498838937], "90": [-0.025967035677873677, 3.1640239131126013], "91": [-0.020450557137452377, 3.2107319253670443], "92": [-0.015258753819482954, 3.254827419508548], "93": [-0.010590742908058389, 3.2946617873719584], "94": [-0.006616644861729039, 3.328767179855154], "95": [-0.0034722721501275105, 3.355908366796127], "96": [-0.001257857563764238, 3.3751193877094807], "97": [-3.954633176573364e-05, 3.385726845208407], "98": [0.00014807877549603452, 3.3873629853953413], "99": [-0.0006999661620812667, 3.379971630945924]}