{"0": [-2.0576246228291385e-05, 0.6069473088587239], "1": [-0.0013559975206422657, 0.6187991744597025], "2": [-0.004722462012557176, 0.6491147736451564], "3": [-0.010042714159851862, 0.698474408370045], "4": [-0.017150110640287184, 0.7677559904445119], "5": [-0.025730765288199526, 0.8580636854409214], "6": [-0.035245793110087055, 0.9706397901948084], "7": [-0.04484200711290734, 1.106780740163048], "8": [-0.05326763221119526, 1.2677891331097344], "9": [-0.05881764090782441, 1.4549906514267033], "10": [-0.059341185274842265, 1.66981013068318], "11": [-0.05236147581559713, 1.9138143072878433], "12": [-0.03541185278933487, 2.1884553147538233], "13": [-0.006798827294265269, 2.4939538879423626], "14": [0.03297614093225094, 2.826615810979709], "15": [0.07961586184972529, 3.175357442930522], "16": [0.125453917387365, 3.5222495602293797], "17": [0.16319631188034817, 3.8501921203740856], "18": [0.1892616665723705, 4.1496402149650855], "19": [0.2036800892916288, 4.4179593270794895], "20": [0.20839464854124595, 4.6558141715408095], "21": [0.2059410034310474, 4.864773241605912], "22": [0.1987762268516237, 5.046406745638148], "23": [0.18899443040549901, 5.202122407905944], "24": [0.1782341643240805, 5.333232034878523], "25": [0.16768579120186694, 5.4410236786931305], "26": [0.1581535090965981, 5.5267686159780185], "27": [0.1501417750625962, 5.591666846519563], "28": [0.14394326612918049, 5.6367620534006875], "29": [0.1397134311118738, 5.662856438692285], "30": [0.13752445222503742, 5.670444229446946], "31": [0.13739676054533062, 5.6596715754439755], "32": [0.13930845405761128, 5.630324555927846], "33": [0.143182929863282, 5.581845413195681], "34": [0.14885429350746823, 5.513376998174089], "35": [0.15601030493825513, 5.423833310449732], "36": [0.1641152699116567, 5.311987161898419], "37": [0.17232114648902075, 5.176554266966433], "38": [0.1793832873541592, 5.016242079993255], "39": [0.1836052788614092, 4.829734407905014], "40": [0.1828451918911702, 4.615616772860946], "41": [0.17463314719970516, 4.372333036527376], "42": [0.1565025905771454, 4.098435166802364], "43": [0.12674361951121674, 3.79368052696266], "44": [0.08581132412841133, 3.4616835090929197], "45": [0.03793028130135952, 3.113390836732323], "46": [-0.009281007798142376, 2.76664337671693], "47": [-0.04850521392402737, 2.4386002236766315], "48": [-0.07610021242834962, 2.1389354403829683], "49": [-0.09204881051431206, 1.8703763028166762], "50": [-0.09827091538743683, 1.6323003203754232], "51": [-0.09729479888793248, 1.423154279173989], "52": [-0.09157819841620742, 1.2413743905778167], "53": [-0.08321972447886078, 1.0855587672243006], "54": [-0.07386406825800135, 0.9544035023430884], "55": [-0.06470808856786417, 0.846630596697264], "56": [-0.056562019151991154, 0.7609802052048102], "57": [-0.049935415322247774, 0.6962643697569307], "58": [-0.045124886457999225, 0.6514516125322634], "59": [-0.04228854069738605, 0.625751925699425], "60": [-0.04149981462921011, 0.6186831415094022], "61": [-0.04277869823209451, 0.630110715567906], "62": [-0.04610060047250021, 0.6602590173218609], "63": [-0.05138311231932265, 0.7096939387151359], "64": [-0.05845026388716684, 0.7792769736759558], "65": [-0.0669742253726389, 0.8700933572338683], "66": [-0.07639726961130126, 0.983364093864187], "67": [-0.08584287360015284, 1.1203635745412501], "68": [-0.0940330302577336, 1.2823748481253232], "69": [-0.0992367797897208, 1.47071008156173], "70": [-0.099283065215308, 1.6867866331515249], "71": [-0.0916902603265201, 1.9321586340592671], "72": [-0.07402110106962445, 2.208224212800878], "73": [-0.04467966084493516, 2.5150301763769836], "74": [-0.004365913113095316, 2.84849645541842], "75": [0.04238077462190867, 3.19703610922001], "76": [0.08782047515482386, 3.542550916788686], "77": [0.12485618534453949, 3.868330313384488], "78": [0.15017385518946302, 4.165342067630823], "79": [0.16396664445026987, 4.431234204580523], "80": [0.168234803810863, 4.666751570057157], "81": [0.16551418651359145, 4.873456374568672], "82": [0.1582381700490171, 5.05289204383769], "83": [0.14846953694815937, 5.206441485610797], "84": [0.13781586658671952, 5.33539587213436], "85": [0.12744110670475264, 5.441022169950966], "86": [0.1181294707926353, 5.524565101050876], "87": [0.11037195652515919, 5.587189825891365], "88": [0.10445312679658052, 5.629896589638675], "89": [0.1005237201879076, 5.65343704232706], "90": [0.09865224511226527, 5.658250301933075], "91": [0.09885377285318425, 5.644426170787514], "92": [0.10109615104173371, 5.611697278332993], "93": [0.1052837910327085, 5.55946034878852], "94": [0.11121864366704556, 5.48682617402142], "95": [0.11853867437454668, 5.392694732108384], "96": [0.1266375253624575, 5.275843777835282], "97": [0.1345755647952658, 5.1350070775326255], "98": [0.14100080464024678, 4.968909601242817], "99": [0.14410591311974566, 4.776235783503544]}