{"0": [-1.7083031448254962e-05, 3.9546609233932686], "1": [-0.001133025608910868, 3.940853525717008], "2": [-0.004017603041258177, 3.906001293838206], "3": [-0.008796131247470255, 3.8506358435899832], "4": [-0.015629822489544445, 3.775670975125006], "5": [-0.02465643321727948, 3.6824908850551363], "6": [-0.035912978992586664, 3.5730665104440886], "7": [-0.04925359691137817, 3.450075618011667], "8": [-0.06428788985078919, 3.3169741071000924], "9": [-0.08037326861498244, 3.1779448206947376], "10": [-0.09668525054566675, 3.037668962346713], "11": [-0.11235571030532837, 2.9009421822312937], "12": [-0.12662895452563697, 2.7722506821979356], "13": [-0.13897369185174377, 2.655449808335275], "14": [-0.14911707364724386, 2.553621132936609], "15": [-0.1570084986471605, 2.469088319702087], "16": [-0.16274458269060407, 2.403520632848546], "17": [-0.16648660206888577, 2.358056932093572], "18": [-0.16839016078344707, 2.3334110744540966], "19": [-0.1685556241506909, 2.3299443842869905], "20": [-0.16700138391768626, 2.347703669211262], "21": [-0.1636597786961028, 2.3864266119074666], "22": [-0.15839555105947406, 2.445515035949622], "23": [-0.15104711675494334, 2.523974571136282], "24": [-0.14148974004474935, 2.6203204347389186], "25": [-0.1297149696933716, 2.732457954029951], "26": [-0.11591111548206272, 2.857566968688315], "27": [-0.10051725904917451, 2.9920479192243645], "28": [-0.08421736974255142, 3.131603752747337], "29": [-0.06785527650025157, 3.2715021470149175], "30": [-0.05228854841798796, 3.406977374042508], "31": [-0.03823658294816021, 3.5336443892879292], "32": [-0.026182105244005018, 3.647789216155876], "33": [-0.01635195036140921, 3.7464781855706777], "34": [-0.008763102231702598, 3.8275199325743934], "35": [-0.003301112237450366, 3.889353915510931], "36": [0.00019862642351111217, 3.930928019755177], "37": [0.0018841269722755013, 3.9515989152904027], "38": [0.0018415263146296617, 3.9510662029579975], "39": [7.265569567598505e-05, 3.929340690561918], "40": [-0.0035048079947651812, 3.8867450105740247], "41": [-0.009034623491863198, 3.823946513697318], "42": [-0.01667647250001134, 3.7420240415906028], "43": [-0.026539132396178836, 3.6425678985489185], "44": [-0.03859941660640656, 3.527801452104742], "45": [-0.052624366266153084, 3.400690116148166], "46": [-0.06812616653522596, 3.264975016184274], "47": [-0.08438238092378868, 3.1250584886827153], "48": [-0.10053511761776612, 2.985709538617973], "49": [-0.11574296938063687, 2.8516487512194906], "50": [-0.12932653158277757, 2.727149138121552], "51": [-0.14085246336405352, 2.6157789279470287], "52": [-0.15013840277097687, 2.5203247426435826], "53": [-0.15719827547308093, 2.4428490689227162], "54": [-0.1621615337966286, 2.384807508829799], "55": [-0.16519376954986317, 2.34716842587615], "56": [-0.1664337856966808, 2.3305064612566295], "57": [-0.16595265452125788, 2.3350617565068483], "58": [-0.1637356017610745, 2.360765426642685], "59": [-0.1596864123394939, 2.4072329010516014], "60": [-0.1536544472647831, 2.4737247698451776], "61": [-0.14548437757071475, 2.559073545905708], "62": [-0.1350864364884163, 2.6615783057731757], "63": [-0.12251848094791891, 2.778882185663444], "64": [-0.10806002912403875, 2.907872365902579], "65": [-0.09224713778751298, 3.044669523154035], "66": [-0.07583720835265557, 3.184776359843733], "67": [-0.059696599539391416, 3.323402384700932], "68": [-0.04464510205780354, 3.4558870651622198], "69": [-0.03131891598463159, 3.578079227782095], "70": [-0.020101698157040476, 3.686559642045769], "71": [-0.011133217714865898, 3.778687159163217], "72": [-0.004371473034724509, 3.8525244931140414], "73": [0.0003251864661459998, 3.9067172365288987], "74": [0.0031210912770264624, 3.9403779477860996], "75": [0.00414434362314312, 3.9529990344873447], "76": [0.0034502566549799046, 3.944400148989457], "77": [0.0010075599854899515, 3.914708932482488], "78": [-0.003292912018296311, 3.864373764518685], "79": [-0.009606872269781684, 3.7942092794020374], "80": [-0.018082674750211403, 3.705476050673611], "81": [-0.02878792929730774, 3.599990839393605], "82": [-0.041627160986036096, 3.480248554368338], "83": [-0.05627273322184578, 3.349510732082156], "84": [-0.07214141954190814, 3.2117901557377047], "85": [-0.08844492671599591, 3.0716674062250657], "86": [-0.10431425783223883, 2.9339386888262933], "87": [-0.1189564546899625, 2.8031900856780796], "88": [-0.13178120862739048, 2.6834422846193315], "89": [-0.14245434230389126, 2.5779633611676362], "90": [-0.15087649660445399, 2.489251200300112], "91": [-0.15711482299510274, 2.4191217538588625], "92": [-0.16132040927627914, 2.3688319042902557], "93": [-0.16365418821821812, 2.3391908206143595], "94": [-0.1642322057404116, 2.330640482240528], "95": [-0.16309346807775918, 2.3433016972587843], "96": [-0.1601904784473398, 2.376987163190462], "97": [-0.15540224011083204, 2.4311825615444134], "98": [-0.1485699613138845, 2.5049945804681264], "99": [-0.13955505103337687, 2.597064863129049]}