{"0": [-6.588565871064469e-06, 0.0769294109339015], "1": [-0.0004365316228548125, 0.07877083856916926], "2": [-0.001542881583037454, 0.08351048235380405], "3": [-0.0033650248091368845, 0.09132065795838262], "4": [-0.005967346498493085, 0.1024845062829228], "5": [-0.009440678456374004, 0.11740486738530873], "6": [-0.01390396398320527, 0.13661629060240665], "7": [-0.019505669240635556, 0.16079973192517658], "8": [-0.026424084231760236, 0.19079896331256826], "9": [-0.034865021161486896, 0.22763680536585118], "10": [-0.045054436051925474, 0.2725278588304161], "11": [-0.05722212146862359, 0.32688242603904855], "12": [-0.07157098865943096, 0.39229413719666395], "13": [-0.08822518746537449, 0.47050265298071897], "14": [-0.10715078934876648, 0.5633253038285712], "15": [-0.12804704376495513, 0.67256129062119], "16": [-0.15021565186045618, 0.7998910555612889], "17": [-0.1724277276295464, 0.9468164420260933], "18": [-0.1928152434089952, 1.114699102802327], "19": [-0.20880732294569487, 1.3049391556547347], "20": [-0.21711501287707227, 1.5192934286740107], "21": [-0.21376562218968967, 1.7602745379206368], "22": [-0.19425085176143406, 2.0314645136869642], "23": [-0.15409438662973274, 2.337216177544705], "24": [-0.09076564966761785, 2.6801262670956163], "25": [-0.008293761122427369, 3.0535743460939964], "26": [0.07857824282927021, 3.4340736053651177], "27": [0.15167061821961964, 3.792638143421048], "28": [0.20188880905113382, 4.114982741397783], "29": [0.2294727192209486, 4.400797682541274], "30": [0.23845894957946748, 4.654304313278096], "31": [0.2335328101250439, 4.8796277384025775], "32": [0.2189943911443193, 5.07978377250093], "33": [0.19848963621983565, 5.25683453467015], "34": [0.17494926075005057, 5.412287186963533], "35": [0.15058855540502114, 5.547462160325783], "36": [0.1269502683144714, 5.663740292928512], "37": [0.10499334588557727, 5.762665254734915], "38": [0.08521635333394656, 5.845925241347255], "39": [0.06779129477561809, 5.915266384688271], "40": [0.05268416726392465, 5.972390517280693], "41": [0.03974897215718859, 6.01887079653882], "42": [0.028793033113746428, 6.056097047428373], "43": [0.019618201178801885, 6.085248554006333], "44": [0.01204466526085935, 6.107286387182243], "45": [0.005923518305755563, 6.122957020150932], "46": [0.0011427022035659694, 6.132800784143198], "47": [-0.0023705756304651334, 6.137160826321685], "48": [-0.004649060759910737, 6.136189944605694], "49": [-0.005685267240742706, 6.129853887357173], "50": [-0.005431466177302051, 6.117930551422311], "51": [-0.003799927176793594, 6.10000518684533], "52": [-0.0006640183938759964, 6.075462427029832], "53": [0.004138548447181398, 6.043476915270201], "54": [0.010798078108561439, 6.003005679841671], "55": [0.019517278937932838, 5.952787304381738], "56": [0.03048249316487242, 5.891355099379372], "57": [0.043815203006269204, 5.817072882766003], "58": [0.05949730952146576, 5.728200305903646], "59": [0.07726715796902446, 5.622986405744601], "60": [0.09649177479173066, 5.49977272748809], "61": [0.11603279118941633, 5.357064514709295], "62": [0.13413212018604476, 5.193513613933007], "63": [0.14833969016907367, 5.0077668121753005], "64": [0.15548982631188332, 4.798171791430303], "65": [0.15172561738979617, 4.56238817124875], "66": [0.13261749174771897, 4.2970433247751725], "67": [0.09362078432257168, 3.997864729138668], "68": [0.03166247333208255, 3.661652155962166], "69": [-0.05073304048042221, 3.2928052659366074], "70": [-0.14056897904546323, 2.9120320275179625], "71": [-0.21929853690872184, 2.5489793484269345], "72": [-0.2759688607114324, 2.2209111333896643], "73": [-0.3096504980188794, 1.929797240332433], "74": [-0.324029222678002, 1.6717479362956362], "75": [-0.32377485452354454, 1.4425269356882373], "76": [-0.313270386014712, 1.23895271465482], "77": [-0.296270531101919, 1.0588487591140672], "78": [-0.27582205083724043, 0.9006619142863884], "79": [-0.2542566087204562, 0.7630840779906987], "80": [-0.23322675492629488, 0.6447849162687496], "81": [-0.21378760850333298, 0.5442879498418528], "82": [-0.19651583453222263, 0.45997303828810543], "83": [-0.18164315854176954, 0.3901561393808536], "84": [-0.16918004876711148, 0.3331926411972194], "85": [-0.15901449698021583, 0.2875674655386963], "86": [-0.15098218614467418, 0.25195704656391066], "87": [-0.1449118116279086, 0.22526373907261132], "88": [-0.14065207757399018, 0.20663002700496613], "89": [-0.13808662307698166, 0.1954408689987407], "90": [-0.13714165666439332, 0.19132089412741304], "91": [-0.13778945157042552, 0.19413095600204988], "92": [-0.14004946634596996, 0.20396657651867892], "93": [-0.14398772002831522, 0.2211591777501319], "94": [-0.14971402700785316, 0.24627952789135357], "95": [-0.15737559940470483, 0.2801412453936073], "96": [-0.16714419465862254, 0.3238002961082537], "97": [-0.17919238499995546, 0.3785442014690071], "98": [-0.19365292892792438, 0.44586276324230034], "99": [-0.21055451912845785, 0.527392222272038]}