{"0": [-1.526818325975379e-05, 3.844130587895518], "1": [-0.0010124145793094146, 3.8224539560348294], "2": [-0.00358599761827378, 3.7681099244706515], "3": [-0.0078199875791436, 3.682949362138935], "4": [-0.013761340536901735, 3.570172390459547], "5": [-0.02131265942503799, 3.4345860038694354], "6": [-0.030136639896481864, 3.282769556649868], "7": [-0.039633922658164664, 3.122909024089011], "8": [-0.04903922004476797, 2.964123061757716], "9": [-0.05760771273734458, 2.8154060609067675], "10": [-0.06479024641300861, 2.6846231543773547], "11": [-0.07030543946112523, 2.577948184802711], "12": [-0.07409783660365406, 2.4997922632882257], "13": [-0.07623512197136993, 2.4530105508817712], "14": [-0.07680382609862885, 2.4391587631473013], "15": [-0.07583916962095541, 2.458671472638938], "16": [-0.07330292743906139, 2.5109176246243945], "17": [-0.06911212340002898, 2.5941257533686333], "18": [-0.06321461558103506, 2.705191024852951], "19": [-0.0556953674906112, 2.8394184657428876], "20": [-0.0468743557402744, 2.990345394164952], "21": [-0.03733522410625514, 3.1498786992015466], "22": [-0.027837030386446533, 3.3089351314108724], "23": [-0.019131343253999435, 3.458483533722481], "24": [-0.011783148554080239, 3.59056669775714], "25": [-0.0060908625800808495, 3.698897118780355], "26": [-0.002121951141089849, 3.7789554562662393], "27": [0.00018639942855292182, 3.8277945318006967], "28": [0.0009218519658659571, 3.843781455050668], "29": [0.00012404574175748395, 3.826412558246295], "30": [-0.0022407649428849924, 3.7762496060090753], "31": [-0.006254266442109322, 3.6949862541321203], "32": [-0.011973281408491201, 3.5856341366330233], "33": [-0.019324710147668355, 3.4527782319034586], "34": [-0.028005558223912607, 3.3027653680777944], "35": [-0.03744807598444726, 3.143594183391734], "36": [-0.04690015285479095, 2.9843084500640926], "37": [-0.05560433380177583, 2.833971248182253], "38": [-0.06298033383052314, 2.700628276383103], "39": [-0.06871274051357923, 2.5906790663166217], "40": [-0.07272177794658441, 2.5087508915034373], "41": [-0.07506498975979614, 2.457883096451837], "42": [-0.07583084118335703, 2.43978575765534], "43": [-0.07506322063208365, 2.4550312406004733], "44": [-0.07273290172445084, 2.5031261351390355], "45": [-0.06875976224807256, 2.5824530586663483], "46": [-0.0630827839200812, 2.690091536775368], "47": [-0.05576376582142182, 2.821564550406926], "48": [-0.04708908575983947, 2.9706401869740775], "49": [-0.037610465085952983, 3.1294156674301683], "50": [-0.028072391838037104, 3.288890557271184], "51": [-0.019237354763491255, 3.439974621379498], "52": [-0.011700383858662393, 3.5745373175359463], "53": [-0.005793817793930632, 3.6860688250887845], "54": [-0.0016100194243430688, 3.7698343061350057], "55": [0.0009028949097508746, 3.82270212949766], "56": [0.0018338618730403334, 3.842885017256595], "57": [0.0012308404317213446, 3.829742278290423], "58": [-0.0009308523522542534, 3.783699861170487], "59": [-0.0047295208703719525, 3.7063003571697086], "60": [-0.010229913957490665, 3.600375073591898], "61": [-0.017380977797314377, 3.4702951091805843], "62": [-0.02591256823126874, 3.3221785074902335], "63": [-0.03528908413032461, 3.1638310141135912], "64": [-0.044774292981197394, 3.0042060768531567], "65": [-0.05360151214931954, 2.85241640287913], "66": [-0.061161540222993166, 2.716673679459005], "67": [-0.0671052126865196, 2.603596178985373], "68": [-0.07132732589910354, 2.518025862008838], "69": [-0.07387372397268388, 2.463186736627587], "70": [-0.07483348378334266, 2.44094329918942], "71": [-0.07425844795648047, 2.452004217704984], "72": [-0.07212848615236139, 2.496010152891134], "73": [-0.06836734549373734, 2.571491876186256], "74": [-0.06290699172143115, 2.6757053033477027], "75": [-0.05578827971825505, 2.8043832189813998], "76": [-0.047265517972925594, 2.9515203043956957], "77": [-0.037858135519042824, 3.1094088192291482], "78": [-0.02829351874261091, 3.2691457398933337], "79": [-0.01934171945445376, 3.42160047566962], "80": [-0.01162551979858561, 3.5584839350807003], "81": [-0.005510780160269865, 3.673071326859205], "82": [-0.0011157755467864126, 3.760414083329031], "83": [0.0015989300675228032, 3.817195761586189], "84": [0.0027222230416058825, 3.8414746301993588], "85": [0.0023096352478727917, 3.832474371704609], "86": [0.000345583932250338, 3.7904885298662294], "87": [-0.003243917875572106, 3.7169143476182462], "88": [-0.008529764546172004, 3.6144105813982637], "89": [-0.015480763847069152, 3.4871425932619133], "90": [-0.023858032281108325, 3.341004208734769], "91": [-0.03315832697948811, 3.183604383784345], "92": [-0.042663656040210045, 3.0237924908452043], "93": [-0.051601405950770014, 2.8707125188701044], "94": [-0.059335819283469475, 2.732727189921451], "95": [-0.06548449832331091, 2.616665789749197], "96": [-0.06991588952697234, 2.527582903452448], "97": [-0.0726626639706684, 2.468887432338853], "98": [-0.07381318799587835, 2.442598357215723], "99": [-0.07342648154776765, 2.4495593369012543]}