{"0": [2.9371618725176634e-05, 2.5541065029961443], "1": [0.0019434123664358685, 2.5757978393239935], "2": [0.006844914994517796, 2.6300978188242983], "3": [0.01479164866037207, 2.714892826870175], "4": [0.025703904159525885, 2.826397890749956], "5": [0.039166600377113454, 2.9587266072202767], "6": [0.054291562143062425, 3.1036990923223646], "7": [0.06978051535744578, 3.2513523673231903], "8": [0.08422988033106528, 3.3912910848545863], "9": [0.0965068741321122, 3.5142819922054964], "10": [0.10595266922531349, 3.6132408163294873], "11": [0.11233812566931536, 3.6833589584622985], "12": [0.11568031515928233, 3.721739022893856], "13": [0.11605543623723348, 3.726975180262621], "14": [0.11348389330364063, 3.698896294419571], "15": [0.10791260077627522, 3.638527750652275], "16": [0.09929682875355977, 3.5482748415638397], "17": [0.08776640478552288, 3.4322966328996696], "18": [0.0738217806225305, 3.2969213845682357], "19": [0.058442839461049785, 3.150736271538758], "20": [0.04297625683470242, 3.0039044674903375], "21": [0.028798294846152577, 2.866702146629439], "22": [0.016956574246124918, 2.747987592445131], "23": [0.008016631548151283, 2.6543877362877257], "24": [0.0021443748147665326, 2.590304328733209], "25": [-0.000701071396973288, 2.5583160409789416], "26": [-0.0005907397262342415, 2.5595757227790963], "27": [0.0024710105570871234, 2.5940260038366127], "28": [0.00854459733822093, 2.66039401463516], "29": [0.017655161516463763, 2.7559669892644094], "30": [0.02961484961938537, 2.876193711017632], "31": [0.04383314624070014, 3.014298110903822], "32": [0.059242609518705434, 3.1613107662026056], "33": [0.07446159992409042, 3.3069258751445045], "34": [0.0881554931799249, 3.4410471075956237], "35": [0.0993677151842125, 3.5552224879238237], "36": [0.10762254795740031, 3.643281533711762], "37": [0.11280977150166382, 3.7012140981206447], "38": [0.11498735074232772, 3.7267460533067225], "39": [0.11421755980836461, 3.718970585982329], "40": [0.11048889327172587, 3.6781750488146634], "41": [0.10373757113639885, 3.605889704653135], "42": [0.09396513104362805, 3.5051517785924267], "43": [0.08142522757195636, 3.380921861262047], "44": [0.0668018138603113, 3.2404250286369227], "45": [0.05124362833891514, 3.0929804166671793], "46": [0.03615269445322573, 2.94897478396211], "47": [0.02280868861581228, 2.8182673759849926], "48": [0.012073266844544541, 2.7088793849479975], "49": [0.004337103027163823, 2.6265301313273963], "50": [-0.00033752998533484864, 2.5748542143153252], "51": [-0.002019424711467589, 2.5558343470815004], "52": [-0.0007591948730765331, 2.5701366863251134], "53": [0.0034695897481106784, 2.617240751371213], "54": [0.010729368350102199, 2.6953473215715], "55": [0.020984376897160966, 2.8010767671684387], "56": [0.03390772522626122, 2.9290434086316237], "57": [0.048720220288420844, 3.0715775840016413], "58": [0.0642001978276338, 3.2190504592701705], "59": [0.07894058320104859, 3.361058726518619], "60": [0.09172858502335635, 3.4880327753530325], "61": [0.10179933594119665, 3.5923998650259144], "62": [0.10884134479598488, 3.6688828720446764], "63": [0.11283251724922957, 3.714206387692169], "64": [0.11384674118389593, 3.7266672239552836], "65": [0.11192078931717982, 3.7058361166602265], "66": [0.10701501936214289, 3.652471522973589], "67": [0.09907375043677268, 3.5686548069813635], "68": [0.08817487351922376, 3.458126597442678], "69": [0.07472537345290975, 3.326711100652607], "70": [0.05959968033700748, 3.1825117222894996], "71": [0.044081993318381626, 3.0354198046224625], "72": [0.029568788569593996, 2.895789589250962], "73": [0.01719571194360475, 2.772854240871886], "74": [0.007630894612843919, 2.6737269092595044], "75": [0.001113369986869506, 2.6032544309785273], "76": [-0.0023673021071142866, 2.564369236736378], "77": [-0.0028849676057822967, 2.5585054921933073], "78": [-0.0004611253377124679, 2.5858576723213273], "79": [0.004954583875190362, 2.6454227631946847], "80": [0.013404981229503503, 2.7348225205308854], "81": [0.024761928298306445, 2.8499364757064285], "82": [0.03853231874946019, 2.9844915873579296], "83": [0.05374849119667402, 3.129968655101741], "84": [0.06907594478819681, 3.276267572219895], "85": [0.08314430802490527, 3.413148373749846], "86": [0.0949034324785041, 3.5317546166029103], "87": [0.10378008175529768, 3.6254378204327935], "88": [0.10960031447565487, 3.6897672999713524], "89": [0.11239972049630478, 3.7221379149038096], "90": [0.11224761625825246, 3.721375521093366], "91": [0.10914956445102979, 3.687520030506804], "92": [0.10304777146570633, 3.621827347051753], "93": [0.0939190145069047, 3.526988765925414], "94": [0.08194985770073519, 3.4075231791215272], "95": [0.06772445101968684, 3.2701587283192692], "96": [0.05229953221757481, 3.1238048427386045], "97": [0.03704609540016756, 2.978711030080431], "98": [0.023293506357264848, 2.8449397887745524], "99": [0.012000125017782796, 2.7309376134407946]}