{"0": [5.472957724879514e-06, 1.71492785250861], "1": [0.00039219093075600677, 1.7427233693718833], "2": [0.001664758138405148, 1.813209501023018], "3": [0.0045791009753193114, 1.9261784634659875], "4": [0.010279960591653287, 2.081188244497703], "5": [0.020117410226254285, 2.277243623127315], "6": [0.03525356266709086, 2.5119378357432223], "7": [0.055973554151103555, 2.779658501004534], "8": [0.08087265085694129, 3.069222160921958], "9": [0.10671612600830709, 3.3634824803578476], "10": [0.12976115228093857, 3.6436707557353816], "11": [0.14758959274511743, 3.895390939999114], "12": [0.15971130863250516, 4.110541066438198], "13": [0.16695729270795126, 4.285458866963223], "14": [0.17066482632873067, 4.418656301401808], "15": [0.17213348666015724, 4.509517044286317], "16": [0.1723482230794612, 4.557760920306778], "17": [0.17186097624188792, 4.563266930784561], "18": [0.17074981696936076, 4.526025973550967], "19": [0.1686149615785314, 4.446140034611213], "20": [0.16460691509389092, 4.323859778060928], "21": [0.15751695561999585, 4.159717464528836], "22": [0.1459983931131056, 3.954933263032469], "23": [0.1290217483603867, 3.712455398039324], "24": [0.10662228018428777, 3.4389674452218233], "25": [0.08064974606774951, 3.147104069636208], "26": [0.05460763632338095, 2.8548865670574943], "27": [0.03206400649205046, 2.5805019319369644], "28": [0.014991359346777929, 2.3368893825352863], "29": [0.003508659520554658, 2.1309298008925213], "30": [-0.00338864580935929, 1.9656361848831931], "31": [-0.007060577017607693, 1.8422292873306887], "32": [-0.008748127254884358, 1.761226630915261], "33": [-0.009341409914335538, 1.7228670613189963], "34": [-0.009284184794666283, 1.727245534612968], "35": [-0.008543442331250541, 1.7743462786659618], "36": [-0.006612043756818715, 1.8640359805242703], "37": [-0.0025476603526189256, 1.9960117460333229], "38": [0.004913358586006057, 2.1696253671229115], "39": [0.017089621539243937, 2.3833659350155174], "40": [0.03483098175077545, 2.6336088187243143], "41": [0.057724599480496325, 2.912422382999313], "42": [0.08346509059269946, 3.2056859174645176], "43": [0.10836448898761732, 3.494780342398931], "44": [0.1291330257653048, 3.762439020427116], "45": [0.14426986691294902, 3.997262667255013], "46": [0.15399677549351817, 4.193504718896788], "47": [0.1594562928923155, 4.348714619290408], "48": [0.16200727203870569, 4.461895259736231], "49": [0.16281804181241305, 4.532612540264206], "50": [0.16267533682659127, 4.560665445447392], "51": [0.16190886543871608, 4.545985617527847], "52": [0.1603701784092538, 4.488616048913429], "53": [0.15744257817142548, 4.388726338285674], "54": [0.1520936500334016, 4.246684281576365], "55": [0.1430180521281029, 4.0632888957046465], "56": [0.12895724420592203, 3.8404274425071185], "57": [0.10929645674258917, 3.582562728846313], "58": [0.08488192168328816, 3.2990491638633377], "59": [0.058461262259435355, 3.0054504153635055], "60": [0.033797945656354744, 2.7206245012809527], "61": [0.013807237541511273, 2.4606044569389987], "62": [-0.0004882653794380696, 2.2352280369481523], "63": [-0.009611932103690128, 2.04921667290363], "64": [-0.014807812502487194, 1.9045437733491026], "65": [-0.01741059329982256, 1.8020218429068529], "66": [-0.018502696511264436, 1.7420143810374191], "67": [-0.018759462322416657, 1.7246870700919774], "68": [-0.018391023227108144, 1.7500806616275884], "69": [-0.017129612371907698, 1.8181220270510168], "70": [-0.014247926837222969, 1.9285987629183707], "71": [-0.008628877159502911, 2.081060750453545], "72": [0.0010560160428709875, 2.274510872409736], "73": [0.01596461120302969, 2.5065753024608375], "74": [0.03641319660345793, 2.771764950235172], "75": [0.06107382674388917, 3.059149618009919], "76": [0.086800947249553, 3.351867253170583], "77": [0.10988388094374098, 3.631243240291629], "78": [0.12786211001059902, 3.882737712309164], "79": [0.14017814248977573, 4.098035525312609], "80": [0.14761152366755345, 4.273317087396732], "81": [0.1514716257072647, 4.407005771335562], "82": [0.15304728195689138, 4.498439866909809], "83": [0.15332272692951573, 4.5473161738885794], "84": [0.15285445307002324, 4.553502790263984], "85": [0.15172788868439077, 4.5169880689273505], "86": [0.1495527255453581, 4.437878972718125], "87": [0.14549159099332684, 4.316439512001597], "88": [0.1383516361612728, 4.153226313857234], "89": [0.12680647895067684, 3.949498524683234], "90": [0.109849431040234, 3.708256204443671], "91": [0.08753206826271193, 3.436224178477561], "92": [0.0616965228504823, 3.146012331860119], "93": [0.03580612213604795, 2.855518080626469], "94": [0.013380553529187569, 2.582778564365429], "95": [-0.0036312488006840947, 2.340658065635105], "96": [-0.015105705020731752, 2.1360413489289822], "97": [-0.022029342460723817, 1.9719751098850131], "98": [-0.02574197972038434, 1.8497120815170254], "99": [-0.027466515391395305, 1.7697915286102557]}