{"0": [1.6157172687285913e-05, 5.503527710489213], "1": [0.0010615888042288725, 5.489458009429139], "2": [0.00366660802052999, 5.453523424739475], "3": [0.007686826633271471, 5.395175873556394], "4": [0.01284750630296111, 5.313597829020538], "5": [0.018689891027414175, 5.207779309946528], "6": [0.024506557269617712, 5.076604684665894], "7": [0.029280518494756998, 4.918928161707987], "8": [0.03165212189637526, 4.733622242511354], "9": [0.029949361710475613, 4.519618451508426], "10": [0.022336119757679983, 4.276044915393101], "11": [0.0071670052038321636, 4.002713593519277], "12": [-0.016335093868973322, 3.701357152131095], "13": [-0.04709773558038089, 3.3777585395078575], "14": [-0.08152800819128354, 3.043417337919503], "15": [-0.11437348015186578, 2.7136680119241587], "16": [-0.1410851610054506, 2.4021567360445903], "17": [-0.15951307801085174, 2.11699778669622], "18": [-0.16977029098709848, 1.8612985574703271], "19": [-0.17324949539079723, 1.635424087397677], "20": [-0.17178176544873147, 1.4386614680368923], "21": [-0.16715296536495614, 1.2699752972759863], "22": [-0.16087993317643914, 1.128249159473735], "23": [-0.15413816540702444, 1.0123438989220563], "24": [-0.1477729906231054, 0.9211335889636626], "25": [-0.14235195943763243, 0.853567548104465], "26": [-0.13823008688203545, 0.8087529221758148], "27": [-0.13560952722947622, 0.7860366786877102], "28": [-0.1345833798723187, 0.785068932292807], "29": [-0.13515903700361667, 0.8058374417099855], "30": [-0.13725958412043218, 0.8486692826035019], "31": [-0.14070317448884812, 0.9141994157835112], "32": [-0.1451616138119437, 1.0033094376470835], "33": [-0.15010225437310498, 1.1170456840186502], "34": [-0.15472276895794815, 1.2565338553528131], "35": [-0.15789639157555338, 1.4229115325448958], "36": [-0.1581550648228456, 1.6172870339002643], "37": [-0.1537510306459657, 1.8406839429530562], "38": [-0.14286062789519097, 2.093825253547249], "39": [-0.12403191186362486, 2.3764480106789803], "40": [-0.09697942325822441, 2.6857526012158988], "41": [-0.06357248877869603, 3.014166107579131], "42": [-0.02813284648342305, 3.3485012783582055], "43": [0.004046765821036851, 3.67333820061638], "44": [0.029112304498880023, 3.976649481398593], "45": [0.045737993563227844, 4.25216736805112], "46": [0.05456493924650504, 4.4979156203363475], "47": [0.0572003840702558, 4.714006089502417], "48": [0.055496065853590404, 4.901299709976051], "49": [0.05116370273035952, 5.060865126289984], "50": [0.04561044068964181, 5.193823719013715], "51": [0.03989954980366406, 5.301308935012473], "52": [0.03477870996956177, 5.384423306574167], "53": [0.030738978051197335, 5.444167831418928], "54": [0.028079559278335553, 5.481357403406358], "55": [0.026962824588622578, 5.496543639312351], "56": [0.027451416716720134, 5.489960662610048], "57": [0.02952410678691747, 5.461501695374456], "58": [0.033069480543383996, 5.410729046672853], "59": [0.037857770107053525, 5.336916639673742], "60": [0.04349288583820954, 5.239119953538359], "61": [0.04935045650929855, 5.116261335514053], "62": [0.05451415144742536, 4.967211009474571], "63": [0.05773129009825038, 4.7908443246465415], "64": [0.057419371993677054, 4.586079629533458], "65": [0.05177088519415819, 4.351968747370163], "66": [0.03903280064150622, 4.088040938218461], "67": [0.01807373025831809, 3.7952666820903627], "68": [-0.010704432462975368, 3.4779512888296367], "69": [-0.04448742935874114, 3.145817279797888], "70": [-0.07833530477890005, 2.8134889451646052], "71": [-0.10724306868982826, 2.495700269348115], "72": [-0.12827258032146585, 2.2023691466804327], "73": [-0.14093606718072121, 1.9379156751018518], "74": [-0.14633533582584463, 1.7033349208659312], "75": [-0.14622866716115018, 1.4981423687733995], "76": [-0.14244450323955746, 1.321372445335199], "77": [-0.13659182022134744, 1.1719349403486294], "78": [-0.12995031733562168, 1.0487064684019913], "79": [-0.12346116099135832, 0.9505650272498946], "80": [-0.1177699331017924, 0.8764432862341951], "81": [-0.11328987191599942, 0.825406689054438], "82": [-0.11026416392142793, 0.7967373481313073], "83": [-0.1088147072434356, 0.7900037541963971], "84": [-0.10897125907933275, 0.805103714477006], "85": [-0.11067873055134385, 0.8422749150078626], "86": [-0.11378222205161986, 0.9020719080795648], "87": [-0.11799067533454029, 0.9853118681327394], "88": [-0.12282244821327391, 1.0929967650435715], "89": [-0.1275409590438552, 1.2262273507693557], "90": [-0.13109602862026584, 1.3861301932464787], "91": [-0.13209597913528245, 1.5738113188607508], "92": [-0.12884753029110235, 1.7903108274508999], "93": [-0.11952063284292698, 2.0364417500948506], "94": [-0.10253067874651885, 2.3122437717640216], "95": [-0.07725105257352852, 2.6156514934076402], "96": [-0.044999013060723, 2.940324696278913], "97": [-0.00959763812684623, 3.274219378727266], "98": [0.023682020056619603, 3.601946004063304], "99": [0.05051376621782164, 3.910365509236876]}