{"0": [-1.561083650105891e-06, 1.533292185727027], "1": [-7.170849396244397e-05, 1.5589785173041335], "2": [4.678502972913608e-05, 1.6241945382275418], "3": [0.0011419542242997835, 1.728969766769428], "4": [0.004467551146026661, 1.873339955313079], "5": [0.011655665438036459, 2.057269542686119], "6": [0.02447592612659687, 2.280304241553414], "7": [0.04429942228886445, 2.540498282265276], "8": [0.07114331955647955, 2.832075267515018], "9": [0.10261574459534707, 3.1425140766512354], "10": [0.13406902745485644, 3.4528867912487478], "11": [0.16082579891063892, 3.7442337488747146], "12": [0.1804467448520145, 4.004006280684106], "13": [0.192930356114884, 4.22645929683764], "14": [0.1996554549117361, 4.4097048389724085], "15": [0.2024104326169579, 4.553338406153673], "16": [0.20284927629313823, 4.65735615162946], "17": [0.20224850131786082, 4.721809200600624], "18": [0.20141923503026582, 4.746731140532704], "19": [0.20068584927773286, 4.732133468142323], "20": [0.19988417760990312, 4.67800921692938], "21": [0.19836214925464052, 4.584335650314916], "22": [0.19499264665792437, 4.451080290087313], "23": [0.18823660300691542, 4.2782489924767875], "24": [0.17633050741102582, 4.066127688479653], "25": [0.1577248858449139, 3.816097339135118], "26": [0.13192284373262486, 3.5325972805459362], "27": [0.1005891766715175, 3.226103868068029], "28": [0.06788659811576098, 2.9141697341735435], "29": [0.03874950918432958, 2.616515560801281], "30": [0.01633193656713486, 2.3477239250267203], "31": [0.0012184209142371415, 2.1151537178380173], "32": [-0.007700182280475603, 1.9214663595902457], "33": [-0.012164508559013156, 1.7673304745251277], "34": [-0.013893092427745704, 1.6528136888699303], "35": [-0.014273950963581954, 1.577872295932903], "36": [-0.014244973764485063, 1.5424698106018178], "37": [-0.014260054008931962, 1.546590641721699], "38": [-0.014284533109135165, 1.5902369119105424], "39": [-0.013795380178039572, 1.6734254718585038], "40": [-0.011788787769582204, 1.7961839959977672], "41": [-0.006825374869122548, 1.9585212498157833], "42": [0.002823723362436666, 2.1602593158081698], "43": [0.018818366565111214, 2.400417400981255], "44": [0.04202432734307229, 2.675594102929221], "45": [0.07142510638469234, 2.977128461254839], "46": [0.10343688262517751, 3.2891111650839995], "47": [0.13307777997076478, 3.591663664699567], "48": [0.15657649964845283, 3.8684316405016363], "49": [0.17273276311818844, 4.11034086147256], "50": [0.18232701208582744, 4.313810216398946], "51": [0.18701038252447766, 4.477827957310518], "52": [0.18854130177781392, 4.602233530061647], "53": [0.18840465332650325, 4.687055267481962], "54": [0.1876554397227166, 4.732330703355175], "55": [0.1868693148499471, 4.7380786223191835], "56": [0.18613363024842203, 4.7043008354290246], "57": [0.18504716032791113, 4.630985461697875], "58": [0.1827244804948047, 4.518109940730472], "59": [0.17782811758292166, 4.365659544668958], "60": [0.16868252253304308, 4.173743842483225], "61": [0.15356778055656098, 3.943062155596761], "62": [0.13134203747795112, 3.6762228204179173], "63": [0.10246663748781723, 3.3803370774064274], "64": [0.06991378141672276, 3.0695808287034136], "65": [0.03853430962741643, 2.763474397150613], "66": [0.01258954654241208, 2.4797903714480714], "67": [-0.0061007032438826535, 2.2293418612276494], "68": [-0.017938121420772037, 2.0167597518454046], "69": [-0.024443444292647058, 1.8434821366702956], "70": [-0.02738962005852206, 1.7097963517114891], "71": [-0.02834298470193974, 1.6156995860620686], "72": [-0.02846546926340413, 1.5611556871754948], "73": [-0.028446531407222062, 1.5461435938797583], "74": [-0.02848806971448768, 1.570658401880408], "75": [-0.02830330459031024, 1.6347078955050087], "76": [-0.02711926564489853, 1.7383098032208513], "77": [-0.023699535973271808, 1.8814800287858116], "78": [-0.016433363859988916, 2.064151536292034], "79": [-0.0035772410279608646, 2.2858220078347515], "80": [0.016211914104020588, 2.544482779437146], "81": [0.04293414251157644, 2.8343093754181075], "82": [0.07421628856278384, 3.142818931233823], "83": [0.10547454966062052, 3.451243020395496], "84": [0.13209870237208585, 3.7407898276349023], "85": [0.15167403114107042, 3.9989637696153557], "86": [0.1641856616456753, 4.2199812058206225], "87": [0.1709856635486738, 4.40189509079304], "88": [0.1738361783048747, 4.544254041776048], "89": [0.1743691304058013, 4.647023135749455], "90": [0.17384276376102603, 4.710234032979701], "91": [0.17305216747999994, 4.733909086301392], "92": [0.172306328172591, 4.718055513710618], "93": [0.17142552512861006, 4.662668818302733], "94": [0.16974270987151585, 4.56773556247687], "95": [0.1661195616481607, 4.433241161130715], "96": [0.15901639485009045, 4.259226767268988], "97": [0.1466919091538095, 4.046057290995069], "98": [0.1276606027713322, 3.7952909024842776], "99": [0.10154761025082643, 3.5117042699111036]}