{"0": [3.920941887856617e-06, 6.1932762956146625], "1": [0.0002599294397109276, 6.19080402085214], "2": [0.0009199728971185402, 6.184427439410102], "3": [0.002010864238419878, 6.173879764484721], "4": [0.003576468944373675, 6.158720907175186], "5": [0.005678673120268361, 6.138321271375163], "6": [0.008398329900552186, 6.111839659370623], "7": [0.011835614635344268, 6.078196001639012], "8": [0.016108726419762787, 6.036040656819425], "9": [0.021349042754492866, 5.983723893678922], "10": [0.027689532020514628, 5.919272155389776], "11": [0.03524141911008722, 5.840381765708445], "12": [0.04405212058188374, 5.744444676506713], "13": [0.054036522530315295, 5.6286210375102845], "14": [0.06487628361076947, 5.489962924493528], "15": [0.0758912026002044, 5.325565605057083], "16": [0.08590364940006293, 5.132681908254455], "17": [0.09313658214617139, 4.908713365137593], "18": [0.09520179539481258, 4.651047352017965], "19": [0.08926286384572442, 4.356909948276025], "20": [0.07255658900005943, 4.023848854648393], "21": [0.04367190284629491, 3.652237256509735], "22": [0.004860660383235503, 3.251103859380389], "23": [-0.03647754356345972, 2.8426042387256354], "24": [-0.07121057621806087, 2.4533577383157334], "25": [-0.09416973499554906, 2.0995665500891207], "26": [-0.10509355488079718, 1.7853073367318928], "27": [-0.10627054633851346, 1.5090290508837596], "28": [-0.1006334598077871, 1.2679175641831584], "29": [-0.09088071343473192, 1.0592453114273088], "30": [-0.0791544318245289, 0.8804348693800296], "31": [-0.0669729326090648, 0.7288536630996592], "32": [-0.05529168021500531, 0.6017093916489598], "33": [-0.04462611864589689, 0.4961012531554407], "34": [-0.035187812459906126, 0.4091580507990562], "35": [-0.02700228144573325, 0.3381814742611038], "36": [-0.019995755002011038, 0.2807484176358991], "37": [-0.014051752487902691, 0.23476295642287262], "38": [-0.009044481330656988, 0.19846837669112055], "39": [-0.004856776476920945, 0.17043458595986993], "40": [-0.001388727229931279, 0.14953390216844056], "41": [0.0014388315208056105, 0.1349140618589965], "42": [0.00368338167249025, 0.12597370875822134], "43": [0.005380843463222286, 0.12234318883258746], "44": [0.006545940504623006, 0.12387203119073267], "45": [0.007172402041890955, 0.13062371397492137], "46": [0.007232855235419824, 0.14287790914566478], "47": [0.006678461480420459, 0.16114013849664482], "48": [0.005438573915662139, 0.1861584550080475], "49": [0.003421023188161757, 0.21894617528360735], "50": [0.0005141817695732056, 0.2608085645616352], "51": [-0.0034071521666731073, 0.31336939250304546], "52": [-0.008468639970283227, 0.37859015881696567], "53": [-0.014770787672313655, 0.45877067538917415], "54": [-0.022343635961389805, 0.5565160154344484], "55": [-0.031073924402189798, 0.674655646503314], "56": [-0.04060022735435348, 0.8161130144498641], "57": [-0.05018194948029258, 0.9837541089695168], "58": [-0.05856573811950163, 1.1802841656957395], "59": [-0.06389208731144311, 1.4082768476863456], "60": [-0.06370095191124987, 1.6703495308208762], "61": [-0.05512813797780198, 1.9692730205575109], "62": [-0.03549896990075021, 2.3073167248091933], "63": [-0.0037434404585755094, 2.683339269377004], "64": [0.03722137085275028, 3.086646962286669], "65": [0.07945656979885468, 3.4936640165158006], "66": [0.11410369598609428, 3.878495117789301], "67": [0.13672236814921057, 4.226786733358304], "68": [0.1475358007606037, 4.5355772637489], "69": [0.14899643495481718, 4.806735582168203], "70": [0.14403536240190243, 5.043083498817376], "71": [0.13528516568534388, 5.247306862103916], "72": [0.12480388505796787, 5.421965102387122], "73": [0.11402966064506814, 5.569692831672547], "74": [0.10385307580621325, 5.6932814485103425], "75": [0.09474400985329465, 5.795610680851368], "76": [0.08688652262172677, 5.879505193094583], "77": [0.08029279416656927, 5.947594322911309], "78": [0.07488561123663003, 6.002215374596636], "79": [0.07055152027667988, 6.045366107822337], "80": [0.06717194647134414, 6.078694683844583], "81": [0.06463984968727587, 6.103511771569657], "82": [0.06286778644158275, 6.120812294738667], "83": [0.061791307050467835, 6.131298434280762], "84": [0.06137008649174159, 6.135398922476402], "85": [0.06158814749853263, 6.1332819648747225], "86": [0.06245386734230183, 6.124860518375208], "87": [0.06400001472104934, 6.109789495061639], "88": [0.0662837033211917, 6.087455090673085], "89": [0.06938574850928853, 6.056957170083842], "90": [0.07340834179758784, 6.017086809494917], "91": [0.07846906582857599, 5.966303056540226], "92": [0.08468791862738331, 5.902716029700913], "93": [0.09216217747952864, 5.824087537765903], "94": [0.10092199771154534, 5.727864121779611], "95": [0.11085890915942505, 5.6112569218666914], "96": [0.12162244891726885, 5.471371033374535], "97": [0.1324901691489529, 5.305357674471748], "98": [0.14223362304451226, 5.110522013447464], "99": [0.1490222136551383, 4.884302148725245]}