{"0": [1.676073065188033e-05, 5.3895570693390376], "1": [0.0010970797989685818, 5.371998712991392], "2": [0.003748507748727579, 5.327186211640244], "3": [0.007707986232181048, 5.254527692742124], "4": [0.012491595777081777, 5.153166585989344], "5": [0.01732560706141624, 5.022081414584526], "6": [0.021078503123935912, 4.860174374638512], "7": [0.022226556011191858, 4.666324912612922], "8": [0.018902016101050946, 4.439442867217905], "9": [0.009102574006599884, 4.178699642690971], "10": [-0.00880506075832435, 3.8843648648748665], "11": [-0.03513492148409318, 3.5598561655674836], "12": [-0.0676729909710176, 3.2147792755966536], "13": [-0.10143899037660645, 2.865747632059968], "14": [-0.13076993028421352, 2.5310850830336906], "15": [-0.1521345642003036, 2.2236041720064326], "16": [-0.1648831789242655, 1.9489539810417822], "17": [-0.17023787648664876, 1.7083430302301639], "18": [-0.1701464606760801, 1.5011983030538065], "19": [-0.1665925102732798, 1.3264599081006196], "20": [-0.16127802682601494, 1.1829981596741121], "21": [-0.15551831663838278, 1.069703727728486], "22": [-0.15024819546396057, 0.9855262016225752], "23": [-0.14608013585223456, 0.929544730370096], "24": [-0.14337575057754398, 0.9010640664466741], "25": [-0.14230561811572795, 0.8997031321451856], "26": [-0.14288334553622198, 0.9254479302082763], "27": [-0.14496779184565026, 0.9786542162571857], "28": [-0.14823309004994434, 1.0599989316215006], "29": [-0.15211169072078937, 1.1703929238238024], "30": [-0.15572342438509465, 1.3108814504183062], "31": [-0.15781433774521786, 1.4825657433096817], "32": [-0.15674244775041277, 1.6865577347859413], "33": [-0.1505666945313578, 1.9238986831224996], "34": [-0.1373322607353937, 2.1951949327018037], "35": [-0.11570262925370958, 2.4994579408631217], "36": [-0.08604664863410294, 2.831621237575427], "37": [-0.05152509001234461, 3.1796952089591004], "38": [-0.01765111120773786, 3.5256971520856], "39": [0.010358805770843395, 3.8524683447297914], "40": [0.029930022581694447, 4.149606405334097], "41": [0.04114605127973578, 4.4132186669187545], "42": [0.04555980423572264, 4.642872197549716], "43": [0.04518020618087431, 4.839369649712752], "44": [0.041920360020351585, 5.003806204398248], "45": [0.037362294769598244, 5.13730147682696], "46": [0.03269538345473462, 5.24094326945395], "47": [0.02874394839542697, 5.3157416329766], "48": [0.02603274307026016, 5.362547469718236], "49": [0.02485643568110298, 5.381955721653184], "50": [0.025331840914110764, 5.374226455170535], "51": [0.02742166849969956, 5.339247914469333], "52": [0.030925732166701324, 5.276551568698621], "53": [0.03544103973338259, 5.185375669035288], "54": [0.040298386906020174, 5.064759852674006], "55": [0.04449192694174002, 4.91364039938074], "56": [0.046629868379779275, 4.730915816917444], "57": [0.04494910613904841, 4.5154907396084365], "58": [0.03746019346936166, 4.266417400011168], "59": [0.02233506976167749, 3.98346951315394], "60": [-0.0013017049356526542, 3.668734239006574], "61": [-0.032182006456989085, 3.3294812566339815], "62": [-0.06614166036533684, 2.9802529154710298], "63": [-0.09742092672270702, 2.639658781819878], "64": [-0.12159122892182145, 2.32282245913018], "65": [-0.13711891529465212, 2.0375629574423155], "66": [-0.14474643467631784, 1.7862183363583604], "67": [-0.14627417120488612, 1.5686187320435518], "68": [-0.14371687328624635, 1.3838075367557494], "69": [-0.13888398090867313, 1.2306758899204107], "70": [-0.13321850223926096, 1.1081194681024358], "71": [-0.12777411367244804, 1.0150790623915336], "72": [-0.12326060506443945, 0.9505987892527789], "73": [-0.12011354330322387, 0.9139163128483827], "74": [-0.1185590568010058, 0.9045562593435157], "75": [-0.11865634555510242, 0.9223955032222172], "76": [-0.12030953544512717, 0.9676812531903151], "77": [-0.12324689682083133, 1.0409969228033287], "78": [-0.126970991652972, 1.1431844286852308], "79": [-0.1306904393974951, 1.2752458039098258], "80": [-0.13325400394953116, 1.438257031971703], "81": [-0.13312035016620133, 1.6333157103758174], "82": [-0.12841368483973853, 1.861482007467696], "83": [-0.11714621087054652, 2.123523300740733], "84": [-0.09774284107509544, 2.4190218454492527], "85": [-0.0700131315691619, 2.7442522065265593], "86": [-0.03633758056366954, 3.0891754200508834], "87": [-0.0017853995114845587, 3.4369297419734175], "88": [0.028074831525077344, 3.7694167578223103], "89": [0.04990237546565444, 4.074288331161214], "90": [0.06318978291793617, 4.346225309098851], "91": [0.06921844486553197, 4.584149659005474], "92": [0.06994157665053416, 4.788656363824672], "93": [0.06732345729966033, 4.9607904083190935], "94": [0.06303879665818675, 5.1016583960456074], "95": [0.058375995210478066, 5.2123438227707135], "96": [0.054247004273549455, 5.293866439451368], "97": [0.05124612666622475, 5.347109779970745], "98": [0.04972012304349841, 5.3727260565758055], "99": [0.04982536800656511, 5.371051226603516]}