{"0": [1.4745766997803735e-05, 5.468424320093942], "1": [0.0009659820270656321, 5.447794331288065], "2": [0.003306379611393858, 5.394987846837604], "3": [0.0068109131543195615, 5.308928327171482], "4": [0.01103833110465862, 5.188064021589557], "5": [0.015237158117623141, 5.030573247997858], "6": [0.018252879872070665, 4.834569464892645], "7": [0.01849086308717132, 4.59826742331964], "8": [0.014024954586516732, 4.320219469387885], "9": [0.002998815833056734, 4.000106965763615], "10": [-0.015474303266378008, 3.6410735934961225], "11": [-0.039946448275839826, 3.254008961001679], "12": [-0.0660015901474729, 2.8598608308054336], "13": [-0.08822818623559661, 2.482935645805631], "14": [-0.10335574479381589, 2.1401125848349594], "15": [-0.11107298492072418, 1.8383617454959202], "16": [-0.11283547874504606, 1.5788414289042294], "17": [-0.11062581204513218, 1.360522176346128], "18": [-0.10627958164597974, 1.1817369091289676], "19": [-0.10122814607883632, 1.0406364492465447], "20": [-0.09646461885813881, 0.9353553724947372], "21": [-0.0926125567804714, 0.8641859881686271], "22": [-0.0900241378065867, 0.8257851577262106], "23": [-0.08886510282661735, 0.8193581594485737], "24": [-0.08916569172036727, 0.8447717386858596], "25": [-0.09083009535970471, 0.9025741844288055], "26": [-0.09360339755075174, 0.9939187912175748], "27": [-0.09700006215727293, 1.1204031265116692], "28": [-0.10020799360115884, 1.283860157752681], "29": [-0.10200075452826485, 1.4861588904352094], "30": [-0.10071747886680414, 1.7290404582834837], "31": [-0.09440783206225122, 2.013836043393225], "32": [-0.08130086272888025, 2.340497737137822], "33": [-0.06079959808016433, 2.7049168752619015], "34": [-0.034849251449298124, 3.094529647621235], "35": [-0.00823461801328242, 3.487118670730569], "36": [0.013811087674756495, 3.8590021276404385], "37": [0.028534140733231628, 4.195052047534034], "38": [0.036015325290786326, 4.4895784578741535], "39": [0.037864701292741, 4.741959195214281], "40": [0.03607007704273243, 4.953380887836483], "41": [0.032408111932382536, 5.125546861307561], "42": [0.0282351507619009, 5.260307924424085], "43": [0.024476637290843525, 5.359504513250238], "44": [0.021704419767667887, 5.424785059019456], "45": [0.02023456859779046, 5.457399285460264], "46": [0.020207168905643096, 5.458024380500618], "47": [0.021630078175019597, 5.4266676922298425], "48": [0.024380566896530297, 5.36266445890279], "49": [0.028164647021359894, 5.2647714798731995], "50": [0.03243959581431495, 5.1313403170361465], "51": [0.036316726689563296, 4.960528548732058], "52": [0.03848174979915456, 4.750491148768166], "53": [0.03719863268822661, 4.499546868699667], "54": [0.030504197031158167, 4.206536061458663], "55": [0.016766698053259244, 3.87204476815974], "56": [-0.00420741928273605, 3.5015195774647343], "57": [-0.02985616327276914, 3.1096110460554267], "58": [-0.0550451657352266, 2.7197392550895567], "59": [-0.07487203170049485, 2.3544331011898345], "60": [-0.0872111084796247, 2.0267053581075167], "61": [-0.09256271580837022, 1.7408789544448866], "62": [-0.09268209148863465, 1.4970421981099675], "63": [-0.08954376182942057, 1.293857905364272], "64": [-0.08484688964776425, 1.1295877643961123], "65": [-0.07985757641863926, 1.002382168247742], "66": [-0.07542269136882478, 0.9104355090626186], "67": [-0.0720552347621106, 0.8521762784428221], "68": [-0.07003041064351632, 0.8264712514594167], "69": [-0.06945863468528497, 0.8327856201896582], "70": [-0.07032048105728522, 0.8712607171641438], "71": [-0.07245897600231037, 0.9426949423565669], "72": [-0.07553009741689884, 1.048430411402135], "73": [-0.07891902390734637, 1.1901669603623901], "74": [-0.0816431768176222, 1.3697510191074442], "75": [-0.0822853566989791, 1.5889941577370448], "76": [-0.07903092617654214, 1.849493420119683], "77": [-0.06992929948951809, 2.1521505393022364], "78": [-0.053568533959089275, 2.495591219600076], "79": [-0.030300644680456654, 2.872558786100012], "80": [-0.003405090890363504, 3.265961808897233], "81": [0.02173365296437832, 3.6515245032090524], "82": [0.040737568611890485, 4.00853458417693], "83": [0.052194844964423066, 4.326364061384008], "84": [0.057020456862798295, 4.60204388817203], "85": [0.057088057276616644, 4.8359753312949705], "86": [0.05433359738467405, 5.029628152920009], "87": [0.05035892552495336, 5.184771270271618], "88": [0.04632602246849865, 5.303247006340847], "89": [0.04299449483777338, 5.386811914778185], "90": [0.04081337461209093, 5.436938740304727], "91": [0.04001351981971369, 5.45461843008084], "92": [0.04067199531615105, 5.440217985665668], "93": [0.04273653025013944, 5.393426325472184], "94": [0.0460069853415883, 5.313298059599568], "95": [0.05007606751855935, 5.198388342589222], "96": [0.05423966602022776, 5.046950540576283], "97": [0.057403017465840714, 4.857143388499715], "98": [0.05803332843350501, 4.627202406525295], "99": [0.0542429959269788, 4.355654393270449]}