{"0": [1.4530658639122705e-05, 5.309346309757481], "1": [0.0009400802500900345, 5.275879022367119], "2": [0.003098969920118912, 5.190211919623132], "3": [0.00592504629349618, 5.050685371777243], "4": [0.00835278689417355, 4.855103372300406], "5": [0.008706788751566788, 4.601138489719513], "6": [0.004769106305213772, 4.286789125385295], "7": [-0.005684447523158233, 3.911920720731084], "8": [-0.0234358913939088, 3.4836424152063463], "9": [-0.04568328763253147, 3.0259229520042683], "10": [-0.06627924308540176, 2.5787249813186817], "11": [-0.08031646673755279, 2.175819172188807], "12": [-0.08696074058335827, 1.831599206324878], "13": [-0.08797330837232124, 1.5483781681458446], "14": [-0.0857184700233081, 1.3246340989805787], "15": [-0.08220589589690067, 1.1580860959629882], "16": [-0.07883044811003002, 1.0464429822545664], "17": [-0.07641804698864253, 0.9877679289166161], "18": [-0.07535820717807076, 0.9808769488564602], "19": [-0.07570435447946312, 1.025635675567881], "20": [-0.07718835604025469, 1.1229976246736941], "21": [-0.07914293263324233, 1.2747602489698575], "22": [-0.08037043002891575, 1.4831600678043986], "23": [-0.07905630830227356, 1.7504790074275791], "24": [-0.07291276807569298, 2.0784844628730665], "25": [-0.05988337487289884, 2.4662986355715057], "26": [-0.039834711404270175, 2.9037674577538386], "27": [-0.016533228990326058, 3.362311033981576], "28": [0.0036989089445611896, 3.801143515220137], "29": [0.01684593713424982, 4.19078898697079], "30": [0.02287654747535751, 4.520571204396932], "31": [0.023824659287210836, 4.7895462577546635], "32": [0.022019692715722072, 4.9995235451954745], "33": [0.01933425061074738, 5.152799621543875], "34": [0.017020949055040164, 5.251594772328301], "35": [0.015792138977927545, 5.297684349280017], "36": [0.015951589349356286, 5.292008701660049], "37": [0.01747652756496817, 5.234430025361311], "38": [0.02000873014491669, 5.123766471746506], "39": [0.022758762484385697, 4.958090336418779], "40": [0.02437514850359015, 4.73514076254994], "41": [0.022895836147766177, 4.452713331944157], "42": [0.01599725109502481, 4.1094199975009955], "43": [0.0019176512196156358, 3.7076838764708637], "44": [-0.018609177509557723, 3.2617309211547716], "45": [-0.04082260489166738, 2.804917197612724], "46": [-0.05855869718634663, 2.3772244375964737], "47": [-0.06888859003275571, 2.002939352280587], "48": [-0.07253116951291137, 1.689277285556924], "49": [-0.07171421300182126, 1.4360765336187604], "50": [-0.06868565359424418, 1.2413231472319322], "51": [-0.0651575284794181, 1.102728419807953], "52": [-0.06222987051088786, 1.0181717195638909], "53": [-0.06049667480093542, 0.9860804796470406], "54": [-0.060170466374481486, 1.0057976879216468], "55": [-0.06114154602257675, 1.0777567255321976], "56": [-0.06294345744272078, 1.2033682842956035], "57": [-0.06464085129031266, 1.384673561694217], "58": [-0.06470778661321926, 1.6239348657278436], "59": [-0.0610370898407958, 1.9232240939562708], "60": [-0.051334610219554856, 2.2832992560221843], "61": [-0.034318365881522185, 2.6993961639775055], "62": [-0.011823751918224577, 3.1520884200736634], "63": [0.010513345572809293, 3.6038046252045293], "64": [0.02711081331324323, 4.01742336930854], "65": [0.036238457643518275, 4.374319566169728], "66": [0.03925632906796783, 4.670255045267489], "67": [0.03849479435606713, 4.906214827730883], "68": [0.0360739030426443, 5.084341759785276], "69": [0.033525307338832515, 5.206889676566901], "70": [0.031789979468086184, 5.275841607576643], "71": [0.03134090346528058, 5.292520030838297], "72": [0.03229353347857245, 5.257260408572486], "73": [0.03443791249490238, 5.169319036304634], "74": [0.03717748570150677, 5.027067620353817], "75": [0.039405045421191755, 4.828377139558762], "76": [0.03940363978615639, 4.571015414853754], "77": [0.034941950078862236, 4.25314323034934], "78": [0.023867316801155863, 3.8750614861016537], "79": [0.005631242950072287, 3.445004357992707], "80": [-0.016634666828358836, 2.988565484394515], "81": [-0.036746124433687175, 2.545944543314834], "82": [-0.05014178029342638, 2.1493032215781036], "83": [-0.05628436289937093, 1.8116961915926617], "84": [-0.05702422306032249, 1.5350075153097702], "85": [-0.05470010482606331, 1.3176907439098386], "86": [-0.051262061858820644, 1.1575375501409935], "87": [-0.04804689149208652, 1.052362134998432], "88": [-0.04583404855142295, 1.0003670745877944], "89": [-0.04497419881089579, 1.000531083476517], "90": [-0.0454783458994267, 1.0528731129758355], "91": [-0.04701916454198555, 1.1584497056350753], "92": [-0.04884402714505034, 1.3190825763520448], "93": [-0.04964730897569484, 1.5369549007524652], "94": [-0.04751385594745913, 1.814221534893202], "95": [-0.04014000679644415, 2.1523003155141756], "96": [-0.025694398418946728, 2.549116927797471], "97": [-0.004678546255650968, 2.991505252802281], "98": [0.018423760426570936, 3.4473894868985715], "99": [0.03742622469721426, 3.8766099971980426]}