{"0": [-8.570713534421384e-06, 4.299570561544836], "1": [-0.0005795708442478285, 4.274188371958804], "2": [-0.002157735897562121, 4.210063727899592], "3": [-0.005062043278883336, 4.108070722446732], "4": [-0.009726931774765123, 3.9698652922176034], "5": [-0.016565862938621525, 3.798294481890818], "6": [-0.025767050133825888, 3.5980079107818694], "7": [-0.0370665933067863, 3.376124063669297], "8": [-0.04962904882603167, 3.1424720785356146], "9": [-0.0621958625968019, 2.908776079791229], "10": [-0.07349972776794465, 2.686779346234778], "11": [-0.08268588963747478, 2.48635130739314], "12": [-0.08947335759579723, 2.3146429363685614], "13": [-0.09404272922670293, 2.176316844052075], "14": [-0.09680960486437006, 2.074218404213272], "15": [-0.09821760751613652, 2.009995554418417], "16": [-0.09859911354713848, 1.9845130979599404], "17": [-0.0981002666069432, 1.9980782173154148], "18": [-0.09665430656715733, 2.050521103248227], "19": [-0.09399443762732161, 2.141151601721567], "20": [-0.08971071065992617, 2.268581977490163], "21": [-0.08336567467874254, 2.4303784555965913], "22": [-0.07467956344807831, 2.622507275317675], "23": [-0.06375952587609535, 2.838652903182507], "24": [-0.05126924653560348, 3.069779755203649], "25": [-0.03837278860954952, 3.304581803305599], "26": [-0.026383698122031066, 3.5311055260752675], "27": [-0.016311562401537878, 3.738775991204518], "28": [-0.008608328580086724, 3.9196114223967484], "29": [-0.003211156493246101, 4.068262582572791], "30": [0.0002480718001764785, 4.181408190975048], "31": [0.00222152892969573, 4.257091392182379], "32": [0.0030848592252592268, 4.294241812125139], "33": [0.0030445298268964804, 4.292398414099747], "34": [0.002098087570740112, 4.2515889260906885], "35": [3.5314634556035695e-05, 4.172336355656334], "36": [-0.0035192993368556792, 4.0557932116531905], "37": [-0.00901027239840219, 3.9040336288385276], "38": [-0.016786707020727595, 3.7205451244732535], "39": [-0.026879910937640156, 3.5108932012266836], "40": [-0.038800201389494415, 3.2832916706643513], "41": [-0.05150968825033071, 3.048482307969517], "42": [-0.06369219999463738, 2.8184350451741205], "43": [-0.07420861321872288, 2.6043107327183193], "44": [-0.08243312677441265, 2.4149135814338067], "45": [-0.08829225312178375, 2.2563306920184343], "46": [-0.09208682608260294, 2.132415710687538], "47": [-0.09426301710129101, 2.045474649067554], "48": [-0.0952310473644558, 1.9968065168299292], "49": [-0.09525355703353723, 1.987035940019414], "50": [-0.09439177012226298, 2.0162760102310373], "51": [-0.09249505901251251, 2.084158243320584], "52": [-0.08923029729175581, 2.189738231784673], "53": [-0.08416042077869083, 2.331255082686389], "54": [-0.07688777580910584, 2.505702123477226], "55": [-0.06726320824476971, 2.708201396973736], "56": [-0.05560794585717847, 2.931357821911609], "57": [-0.04281078984459897, 3.1651044528938423], "58": [-0.03014803972512281, 3.397644184623047], "59": [-0.01885581425171691, 3.617378685684493], "60": [-0.009728962188384043, 3.8147193621268305], "61": [-0.0029926276584647457, 3.9828018368024853], "62": [0.0015666505207596213, 4.117182720875281], "63": [0.004372985443972936, 4.215162027112583], "64": [0.005861025949713029, 4.275184839691968], "65": [0.006344312063967329, 4.296449852578266], "66": [0.005946132034412909, 4.278701282580994], "67": [0.004577249838584775, 4.2221619916632225], "68": [0.001953103661813798, 4.1275902525305685], "69": [-0.0023436958419095653, 3.996473274247887], "70": [-0.008740477673282822, 3.831396466869597], "71": [-0.01748278243765954, 3.6366167268798555], "72": [-0.02840620042644826, 3.41873784566675], "73": [-0.04078480287002748, 3.1870783316251954], "74": [-0.05342072379449558, 2.953089277301635], "75": [-0.06501862373414785, 2.728637105422599], "76": [-0.07462757021515433, 2.5240249331947373], "77": [-0.08185997375814409, 2.346916961764273], "78": [-0.08682233637133506, 2.202401930455777], "79": [-0.08989936837767035, 2.0936226326083616], "80": [-0.09153850792351352, 2.022421492074453], "81": [-0.09209774022538773, 1.9897930461678401], "82": [-0.0917598408566374, 1.9961406771906702], "83": [-0.09049769082024789, 2.0413816149249997], "84": [-0.0880799338929801, 2.124926293345691], "85": [-0.08411894840429476, 2.2455278922616535], "86": [-0.07817445798525502, 2.4009692330164816], "87": [-0.06992571685018704, 2.587548167784848], "88": [-0.05939627799716037, 2.7994073776958324], "89": [-0.0471440878133645, 3.028015396450471], "90": [-0.03425619147275115, 3.2624151874278042], "91": [-0.022046657411813435, 3.490652512788328], "92": [-0.011601574900314304, 3.7018109511507062], "93": [-0.0034760217547817893, 3.887425626203418], "94": [0.002311412586085459, 4.0417120067220855], "95": [0.006087748659024143, 4.161032655362119], "96": [0.008300101112637973, 4.243221683405246], "97": [0.009343202270411704, 4.2870711747758365], "98": [0.009455765276486335, 4.292022238804036], "99": [0.00867253499280062, 4.25801997802319]}