{"0": [6.566243284158041e-06, 1.778149262068961], "1": [0.000463545903525281, 1.811100554427953], "2": [0.0019051744134549857, 1.894557510282521], "3": [0.005048699150951938, 2.027945594155988], "4": [0.010923390599355718, 2.2099991467081783], "5": [0.020586269509244175, 2.437967325279348], "6": [0.034582465632589245, 2.705914543315434], "7": [0.05222111128495889, 3.0022026360189873], "8": [0.07123205906062506, 3.3083505669440916], "9": [0.08860172952247683, 3.6027277966710716], "10": [0.10214911245298042, 3.8673345573022146], "11": [0.11128765006669149, 4.091106594182062], "12": [0.11662968748547575, 4.2685150278895145], "13": [0.11925883872925229, 4.397038232721102], "14": [0.12020569234776193, 4.475531367170528], "15": [0.1201772285981739, 4.503486545151992], "16": [0.11944543797142562, 4.480753362880885], "17": [0.11781741018889015, 4.407467809227348], "18": [0.11465789577533671, 4.284116734604448], "19": [0.1089867296133799, 4.1117924459622], "20": [0.09972232310406819, 3.892859502095573], "21": [0.08616605586848425, 3.632444152347524], "22": [0.0687125283452965, 3.3408662906509066], "23": [0.04933752307468397, 3.035342600569535], "24": [0.031022737114207447, 2.7373784440270494], "25": [0.016211859753064047, 2.4661113838653845], "26": [0.005802123896563358, 2.233966609839882], "27": [-0.0006373275211897115, 2.0473639358553215], "28": [-0.004143568473991985, 1.9092647023666962], "29": [-0.00578256286495358, 1.8210126765117063], "30": [-0.00633516740746334, 1.7832138070068204], "31": [-0.006161673349222632, 1.7960799475059528], "32": [-0.005159657430695468, 1.8595309071364008], "33": [-0.0027762575113463228, 1.9731565351278484], "34": [0.0019127201804832283, 2.1360092616205995], "35": [0.00999465537901225, 2.3460434535308914], "36": [0.022288098834406696, 2.598817790947573], "37": [0.038661528821867734, 2.885202514194229], "38": [0.05744256669987296, 3.189289579019579], "39": [0.07574348961485247, 3.489966993798842], "40": [0.09090878909988671, 3.767177218410659], "41": [0.1017320518192089, 4.007148534868585], "42": [0.10844077736531758, 4.202500837391722], "43": [0.11200535100297752, 4.3497793310108746], "44": [0.11351416092509557, 4.447415782791179], "45": [0.11381425030756952, 4.4946965230502895], "46": [0.11334940266394468, 4.491345839324103], "47": [0.1121046603887087, 4.437390360025747], "48": [0.1096090026668201, 4.333172112398832], "49": [0.10499895478713919, 4.1795165454606265], "50": [0.0971962766999718, 3.97820491373504], "51": [0.0852915720283878, 3.7331009469925776], "52": [0.06918722445199248, 3.4522751601060233], "53": [0.05025500457267675, 3.1503326017377793], "54": [0.03123765701029093, 2.847770776156152], "55": [0.014947786343741587, 2.565332676778282], "56": [0.0028908610475093304, 2.3180881294208113], "57": [-0.004939233738136289, 2.114434656489109], "58": [-0.00942655902764135, 1.9583744548031987], "59": [-0.011668622808354985, 1.8517276575169725], "60": [-0.01257059568583396, 1.795326410375156], "61": [-0.012654684729061373, 1.7895133522235396], "62": [-0.011990067868588559, 1.8343140394748771], "63": [-0.01018629741429169, 1.9294478583994865], "64": [-0.006443671672591618, 2.074193531033428], "65": [0.0002952245344279517, 2.266990099679823], "66": [0.011005858200646132, 2.504460088308151], "67": [0.025982032573218298, 2.7794655151685355], "68": [0.044140869513632844, 3.0786612234173907], "69": [0.0629237235453829, 3.3823347120695453], "70": [0.07941632199764981, 3.6692954731523635], "71": [0.09183218960778546, 3.923255827558859], "72": [0.09994251704345253, 4.134758980887317], "73": [0.10452638101582855, 4.299202852107088], "74": [0.10667694287213057, 4.4144865214658395], "75": [0.10734914008073551, 4.479647605332552], "76": [0.10713830444698244, 4.494272890150196], "77": [0.10619417138345173, 4.4582853211402735], "78": [0.10420504086387745, 4.37190935418009], "79": [0.10043668999391463, 4.235776414321769], "80": [0.09386150456676548, 4.0512627807934525], "81": [0.08345874420951788, 3.8213366286022357], "82": [0.06876925999646506, 3.5523216447105876], "83": [0.050604957193255626, 3.2563721288603715], "84": [0.031312910955728676, 2.9522947263736827], "85": [0.013855733028722875, 2.661498058216925], "86": [0.00027610340050240574, 2.4013798371549697], "87": [-0.008953634348770088, 2.1824804203201444], "88": [-0.014490346307272776, 2.0100510158530915], "89": [-0.01740943192230889, 1.8865031002504438], "90": [-0.018707015772341372, 1.8129419303052092], "91": [-0.01904605921168801, 1.7898554480505207], "92": [-0.018653076475738037, 1.8173720767193562], "93": [-0.017292859682012943, 1.8953194018506412], "94": [-0.014297301395923273, 2.0231443647809595], "95": [-0.00867532197358005, 2.199626544001957], "96": [0.0006218617924737936, 2.4221426720322787], "97": [0.014190651353052057, 2.6850758880987353], "98": [0.03146832912516227, 2.9773776175198887], "99": [0.050336193501013426, 3.2812224436974704]}