{"0": [1.596266047276144e-05, 5.44907927977129], "1": [0.001046668706898361, 5.432255892147713], "2": [0.0035937614089688145, 5.389280469935654], "3": [0.00745321593146399, 5.319485470823693], "4": [0.012240082761562524, 5.221894065913046], "5": [0.01732035270387536, 5.095330061120795], "6": [0.02173720906964448, 4.938529287410311], "7": [0.024159392092046927, 4.7502229117078425], "8": [0.022894915393161564, 4.529200819397595], "9": [0.016037001139015156, 4.274476270722023], "10": [0.00185192080112455, 3.985889858003775], "11": [-0.020443873722616433, 3.665724804162047], "12": [-0.049549993104230444, 3.321520157835875], "13": [-0.0814276809433828, 2.967948146391773], "14": [-0.11060826534244353, 2.6234503555616038], "15": [-0.13294823349773036, 2.3028807450332587], "16": [-0.14704907461736436, 2.0139233485053505], "17": [-0.1536542957224618, 1.7588962553840553], "18": [-0.15449937257948534, 1.5376202078808214], "19": [-0.15151157381155517, 1.3490828864049376], "20": [-0.14640969604968457, 1.1920608389079377], "21": [-0.14055243524927802, 1.0652855549167586], "22": [-0.1349217677862544, 0.9675023735927614], "23": [-0.13017311551891755, 0.8975485367155626], "24": [-0.12670872918985254, 0.8544607841300627], "25": [-0.12474629958140243, 0.8375834378337697], "26": [-0.12436693145436617, 0.8466478480164973], "27": [-0.12553522890246638, 0.8818061018177314], "28": [-0.1280892812987208, 0.9436129599975421], "29": [-0.13170157753042444, 1.0329587489409193], "30": [-0.13581608680585006, 1.150966070497508], "31": [-0.13957420924238165, 1.2988757901348376], "32": [-0.14175356192133226, 1.4779539785448312], "33": [-0.14075799658863958, 1.6894281119947512], "34": [-0.1347175508006129, 1.934372991113521], "35": [-0.1217936333701548, 2.2132800505573877], "36": [-0.1008328310517324, 2.5247877646691657], "37": [-0.072434047321873, 2.863140349704597], "38": [-0.03988598965383021, 3.2156341309590113], "39": [-0.008507535179092345, 3.5642067276823273], "40": [0.016946628295690415, 3.892360892740879], "41": [0.034302627640199736, 4.190412893496491], "42": [0.043817880293612665, 4.4548414360290405], "43": [0.047046108409715306, 4.685339877539163], "44": [0.04591260521429493, 4.882772950624051], "45": [0.04221628784669274, 5.0483246476783314], "46": [0.037422007945421366, 5.183250107366133], "47": [0.032614120707005444, 5.2888061299502915], "48": [0.028532793469787036, 5.366182622677789], "49": [0.025643966110078107, 5.416401257776068], "50": [0.024211024513176947, 5.4402046230508665], "51": [0.024349215071834792, 5.437967055721803], "52": [0.0260534935527803, 5.409647842332552], "53": [0.029196463452649448, 5.3547955722717955], "54": [0.03349660738195011, 5.272603180433568], "55": [0.03846078958085516, 5.162003626288423], "56": [0.043311556693341864, 5.021783829963044], "57": [0.04692013395473664, 4.850685192725805], "58": [0.04777963889569464, 4.647472299549503], "59": [0.0440712041950352, 4.411019828898785], "60": [0.03390714835356364, 4.140627868872099], "61": [0.015884700702630733, 3.8370278650625496], "62": [-0.009936267886609253, 3.504618751888745], "63": [-0.04095707098218298, 3.154305011261678], "64": [-0.07217436076305997, 2.803322686750911], "65": [-0.09844355825743475, 2.469230162262079], "66": [-0.11689976022026587, 2.1635158511610806], "67": [-0.1272990751537974, 1.8909527735269398], "68": [-0.1309770254702547, 1.652402070884946], "69": [-0.12982546747277743, 1.4471800547304032], "70": [-0.12569968192426684, 1.274151986332488], "71": [-0.12015373814848467, 1.1320788183981343], "72": [-0.11436327102783748, 1.0197069044706475], "73": [-0.10914664639362683, 0.9358302071184158], "74": [-0.10502989403763968, 0.8793845704223867], "75": [-0.10231981958927415, 0.8495589270262748], "76": [-0.10116342039352937, 0.8458915959540394], "77": [-0.10158226076990555, 0.8683279010567698], "78": [-0.10347729610411117, 0.9172276927731138], "79": [-0.10660361506345663, 0.993321234372694], "80": [-0.11051813001050644, 1.0976212417884201], "81": [-0.11450908412988878, 1.2313107499554565], "82": [-0.11752581924153505, 1.3956374633754114], "83": [-0.11814021793150303, 1.5918389590323383], "84": [-0.11458801819366818, 1.821069325222231], "85": [-0.10496578033180762, 2.084159566766929], "86": [-0.08770646903692836, 2.380805510569642], "87": [-0.06246895043128013, 2.707610286359046], "88": [-0.031264920952431, 3.0551889270653154], "89": [0.0012879367061991841, 3.407320373413585], "90": [0.02984061963772414, 3.7458798070099797], "91": [0.050953476730009876, 4.057862046798433], "92": [0.0639016946421403, 4.3372810830409785], "93": [0.06978563910121456, 4.58268959133914], "94": [0.07044078262353567, 4.794566625423638], "95": [0.06775782922260516, 4.9739891999101], "96": [0.06336295446492846, 5.122178220755909], "97": [0.05851033057690655, 5.240380992543174], "98": [0.05408788828802586, 5.329811779837642], "99": [0.05067629003845276, 5.391564371854792]}