{"0": [-7.801475262210253e-06, 1.2650643784707665], "1": [-0.0005026633587155787, 1.2821468690588145], "2": [-0.0016416344556484832, 1.3255907730527106], "3": [-0.0031051057065868866, 1.395588714203111], "4": [-0.004357203934552708, 1.492404816903286], "5": [-0.0046326293859156485, 1.616321074405923], "6": [-0.0029438445732484567, 1.7675665069068904], "7": [0.0018650290093928852, 1.9462050065201593], "8": [0.010981125029851685, 2.15191359792381], "9": [0.025358402608078093, 2.383528345163435], "10": [0.04530059460706465, 2.638237908066451], "11": [0.06997539038798714, 2.9105446460909863], "12": [0.09718232114583576, 3.191729615260824], "13": [0.12381474857947485, 3.4709353941433787], "14": [0.14696207998028263, 3.7377945125326213], "15": [0.16486597939851538, 3.98468445664131], "16": [0.17712343990046925, 4.207167070121511], "17": [0.1843175089060454, 4.403143924832573], "18": [0.18752874389442842, 4.571841446539626], "19": [0.18796581245914917, 4.713127146498881], "20": [0.18674782387915353, 4.827151291420338], "21": [0.18479982627799113, 4.914175428676442], "22": [0.18281819148103312, 4.974481311985838], "23": [0.18127274523063203, 5.008309033452568], "24": [0.18042233999720744, 5.015810210786226], "25": [0.18032862384729817, 4.9970186300744], "26": [0.18085973474603373, 4.9518436891170285], "27": [0.18168205942505675, 4.880088268296595], "28": [0.18224448191268416, 4.781487551035563], "29": [0.1817661627878452, 4.655763568127982], "30": [0.17924623748756316, 4.502697803505382], "31": [0.1735224313116567, 4.322248410091555], "32": [0.16341575900304492, 4.114784090763111], "33": [0.14800537001041378, 3.881560156802612], "34": [0.12705476816775402, 3.625549610151412], "35": [0.10149218941723452, 3.352476564141504], "36": [0.07360506894235537, 3.071267021588318], "37": [0.046520974093441726, 2.792828860791698], "38": [0.023087444522265382, 2.5273799580902683], "39": [0.004960844143923017, 2.282303516236802], "40": [-0.007542087704070497, 2.061836210207451], "41": [-0.015053808609005048, 1.8679546568266066], "42": [-0.018672346297517566, 1.7013726427060187], "43": [-0.01960370115796496, 1.5621973491977068], "44": [-0.01895397708850183, 1.450269599481179], "45": [-0.01763119511804086, 1.365326876498049], "46": [-0.01631416774336313, 1.3070912405119088], "47": [-0.0154561052204443, 1.2753298857031576], "48": [-0.015300309845737721, 1.269900713843781], "49": [-0.015893266752566946, 1.2907800087543675], "50": [-0.01708736512625479, 1.3380670412826166], "51": [-0.018531880428025047, 1.4119643975477962], "52": [-0.01965715849264731, 1.5127378096875839], "53": [-0.019663612974763548, 1.6406604695658304], "54": [-0.017534579098664845, 1.7959381172069626], "55": [-0.012100806666942346, 1.9785852844650573], "56": [-0.0021945764564591744, 2.1881760255801477], "57": [0.013062776544675612, 2.423340691881683], "58": [0.033824172992629645, 2.6809060799794597], "59": [0.059045107574277764, 2.9548736573124303], "60": [0.0863372762760899, 3.236077390388475], "61": [0.1125552259961087, 3.5135665418197526], "62": [0.13493220221410143, 3.777315213874167], "63": [0.1519339564979936, 4.020226864447653], "64": [0.16334400520107042, 4.238299419370665], "65": [0.16985090473574743, 4.42969602565519], "66": [0.17257163660098135, 4.593771133258944], "67": [0.17270805477307638, 4.7304465708514005], "68": [0.17135039266107124, 4.83989190561438], "69": [0.16938634405401906, 4.9223709044186945], "70": [0.16747391804145836, 4.978157128164003], "71": [0.1660466909981325, 5.007474884928976], "72": [0.16532958242173074, 5.0104551491042955], "73": [0.16535111704742944, 4.987109903410923], "74": [0.1659450038542824, 4.937329836372492], "75": [0.1667402453188964, 4.860906106123927], "76": [0.167145330000152, 4.757572068015904], "77": [0.16633879681646235, 4.62706035263219], "78": [0.16328599262152363, 4.469180749417392], "79": [0.1568107405921541, 4.283952287772104], "80": [0.14576083118465266, 4.071871633630881], "81": [0.1293105204805293, 3.834449036852345], "82": [0.10740849054631806, 3.575100176945814], "83": [0.08123607107309527, 3.300146531438549], "84": [0.05329352699746665, 3.0190205100584744], "85": [0.02673656535589358, 2.7426971376146865], "86": [0.004230666169298636, 2.4809615105201392], "87": [-0.012831792819486418, 2.2405772042033996], "88": [-0.02434666982390558, 2.025282800530287], "89": [-0.031063510252988674, 1.8367610403487593], "90": [-0.03411855531206188, 1.6755828731344722], "91": [-0.03470740950551957, 1.5417947624906383], "92": [-0.03390131404508516, 1.4352157445735925], "93": [-0.03256428823211457, 1.3555807915358038], "94": [-0.031330342904744984, 1.3026214769315256], "95": [-0.03061047081087791, 1.2761233316434157], "96": [-0.030608417079644387, 1.275968157793055], "97": [-0.031331941652294026, 1.3021573199815855], "98": [-0.03259309176098451, 1.3548113986730057], "99": [-0.03399737230450136, 1.4341460656636065]}