{"0": [3.4555000235720355e-05, 5.608426500532802], "1": [0.0022734644489251226, 5.5953671738532735], "2": [0.007881996823948986, 5.562042711874188], "3": [0.01663440008102176, 5.50803081601488], "4": [0.02809310381612939, 5.432728718704082], "5": [0.041517893941307685, 5.335432263758104], "6": [0.0557601274289176, 5.215399971085936], "7": [0.0691625088716343, 5.071859545515739], "8": [0.07948554857658804, 4.903918757933369], "9": [0.08387662055854916, 4.710369418863756], "10": [0.07889969392671353, 4.489425574533335], "11": [0.06068931458714553, 4.238542560715252], "12": [0.02545724450219993, 3.954747004612469], "13": [-0.029035255440927745, 3.636618028335614], "14": [-0.1002260036324616, 3.2896343728442465], "15": [-0.17754478067497992, 2.9321369690725434], "16": [-0.24628764036287235, 2.5893041284684197], "17": [-0.2971015867441362, 2.2773336997098013], "18": [-0.32849069486537946, 1.9999782213133956], "19": [-0.3431771718841118, 1.7551828844306667], "20": [-0.3450843581891153, 1.5398991495282914], "21": [-0.3380683130911008, 1.3516703313208533], "22": [-0.32550223293146113, 1.1888094435015837], "23": [-0.31015896437521695, 1.0501784444759705], "24": [-0.29419827555437, 0.9349283331140096], "25": [-0.279207668098152, 0.8423182493061198], "26": [-0.2662813433597455, 0.7716417339903623], "27": [-0.2561215502638595, 0.7222426987624089], "28": [-0.24914164900021737, 0.6935815661616817], "29": [-0.24555145514871163, 0.6853104860573845], "30": [-0.2454115856537933, 0.6973276390132215], "31": [-0.24865015122218753, 0.7297945108996652], "32": [-0.2550400273287925, 0.7831116777567949], "33": [-0.26413898342706904, 0.8578590243243774], "34": [-0.2752001962783226, 0.9547185372162487], "35": [-0.287067666076281, 1.0744120322432367], "36": [-0.2980770837032698, 1.2176962064931913], "37": [-0.3059832161678222, 1.38545266769386], "38": [-0.3079298063944024, 1.5788836343822408], "39": [-0.3004806509878779, 1.7997712576963556], "40": [-0.2797771495426406, 2.0506515235689227], "41": [-0.2420544748199628, 2.3344661627479857], "42": [-0.18513326071408231, 2.6525431018704486], "43": [-0.11168159954982355, 2.99921954381123], "44": [-0.03234493626559325, 3.356004688578995], "45": [0.03825580348586822, 3.697833071653263], "46": [0.09092689713712433, 4.008742957666309], "47": [0.12426094867855488, 4.285093634985136], "48": [0.14099882619412368, 4.5289427733484535], "49": [0.14505491089541647, 4.74330885119155], "50": [0.1402694664882243, 4.930618047712784], "51": [0.12999953783842771, 5.092533325854218], "52": [0.11700337032393815, 5.230174020502883], "53": [0.10342855695281046, 5.344372558256491], "54": [0.09085338094647014, 5.435852219810726], "55": [0.08036578618407389, 5.505298815663533], "56": [0.07266398490541869, 5.553344196158189], "57": [0.0681580152443604, 5.580501103419611], "58": [0.06705290702105758, 5.587090156171905], "59": [0.06940025963440033, 5.573188623697373], "60": [0.07511165447377743, 5.538616736047782], "61": [0.08393236948312874, 5.482965303229388], "62": [0.09537828186948358, 5.405657361247793], "63": [0.10864452124687796, 5.306023661723724], "64": [0.12250152209590365, 5.183357700036033], "65": [0.13519952961524112, 5.036907618053456], "66": [0.14440207651686407, 4.865770165614283], "67": [0.14716392446550533, 4.668682386585234], "68": [0.13997556061270092, 4.443764545537401], "69": [0.11895538984812196, 4.188391059666772], "70": [0.08046588973121539, 3.899703235741087], "71": [0.02283968664871611, 3.5770552267020905], "72": [-0.05012813736079671, 3.2278838578346853], "73": [-0.12669211515697867, 2.8725272316659582], "74": [-0.19258587510694733, 2.5354672338842783], "75": [-0.23995802702416916, 2.23049461724493], "76": [-0.2683143554678519, 1.959921521279774], "77": [-0.28070678661391285, 1.7213651855189744], "78": [-0.28107570815744226, 1.5118766272631334], "79": [-0.27319131612785463, 1.329172345831047], "80": [-0.2603134194795524, 1.171705639614557], "81": [-0.2450987144205902, 1.0384302968672836], "82": [-0.2295988433627713, 0.9285541064234399], "83": [-0.21530829055564926, 0.8413787750697662], "84": [-0.2032474066258418, 0.7762443579321305], "85": [-0.19406356069862152, 0.7325554883672156], "86": [-0.18812950740864154, 0.7098486929854467], "87": [-0.1856204091388608, 0.7078613933380136], "88": [-0.1865573998471607, 0.7265752750167352], "89": [-0.1908120449680686, 0.7662205647408085], "90": [-0.1980711071269811, 0.8272398431117878], "91": [-0.20776591433600683, 0.9102218819483636], "92": [-0.21897692360105792, 1.0158297582224405], "93": [-0.23033108995029744, 1.1447608798553783], "94": [-0.23991364005798846, 1.2977811538113062], "95": [-0.2452134454182059, 1.475861487219389], "96": [-0.24311722965076318, 1.6804074003239622], "97": [-0.22998429799166728, 1.913502589810076], "98": [-0.20192128985739552, 2.17792368315804], "99": [-0.15563201838741442, 2.4762348767503375]}