{"0": [-3.183404374094225e-05, 3.687930692398205], "1": [-0.0021031796482770485, 3.6743359029543505], "2": [-0.007381721856417406, 3.640150767520899], "3": [-0.01589882848602021, 3.586254961111202], "4": [-0.02762834993659729, 3.5141710073586205], "5": [-0.042387855408338664, 3.42620412132513], "6": [-0.05973635558179298, 3.3255757098457965], "7": [-0.07891430053477247, 3.2164589631630918], "8": [-0.09887700476701909, 3.103809154685595], "9": [-0.11843973971832802, 2.992949592920451], "10": [-0.13648619275544818, 2.889019372797746], "11": [-0.15214601356673396, 2.7964902782135352], "12": [-0.16487000176333336, 2.7189087093789817], "13": [-0.1743985966910597, 2.658870877118229], "14": [-0.18066828555400222, 2.6181358664686614], "15": [-0.18370699941432295, 2.597772366605673], "16": [-0.18355229138671314, 2.5982753247003134], "17": [-0.18020799449403568, 2.61962707599629], "18": [-0.17364444881960475, 2.6612967815839594], "19": [-0.16384218505368522, 2.722178436607741], "20": [-0.1508737420167651, 2.800474235767538], "21": [-0.1350077176546006, 2.8935494994720456], "22": [-0.11680123442419824, 2.9978234320420607], "23": [-0.09713007078484158, 3.1087994446817895], "24": [-0.07711242762858063, 3.2213285046638847], "25": [-0.057931111861990764, 3.3300947144705724], "26": [-0.040625603300899336, 3.430165917534481], "27": [-0.02594801563371745, 3.517402897951976], "28": [-0.014330886439901677, 3.588623403285972], "29": [-0.005948169426407578, 3.641562187816722], "30": [-0.0008180143824105363, 3.674735302276603], "31": [0.0010984791773156128, 3.6872998860839736], "32": [-0.0001711437686818653, 3.678956938280851], "33": [-0.004637921614494273, 3.6499131394075226], "34": [-0.012334746402602672, 3.600904647429395], "35": [-0.02325743423645385, 3.533280890221274], "36": [-0.03727203181252102, 3.4491363475864008], "37": [-0.05401024644098523, 3.3514518156697592], "38": [-0.07279417292115772, 3.2441642751025905], "39": [-0.09264266855920489, 3.1320564980683363], "40": [-0.11238988260704083, 3.0204011675191986], "41": [-0.1308851770170667, 2.914427126379023], "42": [-0.14718652784341488, 2.8188011911227213], "43": [-0.16066420726352235, 2.737307655492754], "44": [-0.17099313732257687, 2.672771390625112], "45": [-0.1780700800534967, 2.6271464162430154], "46": [-0.18190820484928946, 2.6016612796327805], "47": [-0.18254779333688376, 2.5969463173209304], "48": [-0.1800026725145466, 2.61310944262715], "49": [-0.17424945078541446, 2.6497510591720075], "50": [-0.16526052188228355, 2.7059172662462614], "51": [-0.15307711267068866, 2.779995812696734], "52": [-0.13790981499948998, 2.869574466744905], "53": [-0.12023777532489505, 2.971315145865219], "54": [-0.10085903572905107, 3.080939565333144], "55": [-0.08084292889145019, 3.193429874683451], "56": [-0.06137369939878118, 3.3034673316150136], "57": [-0.043541662069467524, 3.4059852004082223], "58": [-0.028176686763817953, 3.496627463766162], "59": [-0.015787737685434726, 3.571974582192123], "60": [-0.006604719144435655, 3.629545523596131], "61": [-0.0006753751678880782, 3.6676765559618], "62": [0.0020320969901561113, 3.685376717668915], "63": [0.00155186679772068, 3.682217932279788], "64": [-0.0021173391294854195, 3.6582817960501295], "65": [-0.00900641835115568, 3.6141680044955313], "66": [-0.019127103383071463, 3.551063603304856], "67": [-0.03238650787138922, 3.4708646644310193], "68": [-0.04848282500792343, 3.3763202669830963], "69": [-0.0668184344958518, 3.2711290158584423], "70": [-0.08648188115217685, 3.159882244641414], "71": [-0.10633853774737766, 3.047769171305155], "72": [-0.12521645078523524, 2.940073847186172], "73": [-0.14210982532167607, 2.841634526072331], "74": [-0.1563092935399413, 2.7564648013492166], "75": [-0.16742009752004403, 2.687620333021101], "76": [-0.1752932502713443, 2.6372563376810287], "77": [-0.17992171996256054, 2.6067669308416543], "78": [-0.18134498724983622, 2.5969207839711363], "79": [-0.17958584874447703, 2.607950776205388], "80": [-0.1746289110066852, 2.6395840647911646], "81": [-0.1664429033720715, 2.6910104237023624], "82": [-0.15504440949475262, 2.760791604561136], "83": [-0.14059325324693228, 2.8467261616462802], "84": [-0.1234953687817242, 2.945713113415279], "85": [-0.10446978305700846, 3.0537004723232437], "86": [-0.08452820093252912, 3.1658262807831004], "87": [-0.06484313243649445, 3.2768036238852942], "88": [-0.046544280021761565, 3.381462306894337], "89": [-0.030534095993999595, 3.475247172146833], "90": [-0.017399302339660996, 3.554505193299294], "91": [-0.0074308838158192135, 3.6165352655440817], "92": [-0.0007121088789926763, 3.6594875511277083], "93": [0.002776973648888957, 3.6822182590097094], "94": [0.0030745629685050603, 3.6841686233110402], "95": [0.00018914439250671575, 3.665297190709849], "96": [-0.005905443396718526, 3.6260731186277977], "97": [-0.015231518263616442, 3.567530737475008], "98": [-0.02773021167409841, 3.4913796679556692], "99": [-0.04315956551045864, 3.400147407949338]}