{"0": [2.198488863500928e-05, 2.4372826021254697], "1": [0.001455978958104883, 2.451774082989283], "2": [0.0051425471146228415, 2.4882928278588525], "3": [0.011187419590982715, 2.5461165327189406], "4": [0.019702952174958543, 2.6239980812014156], "5": [0.030727690043729352, 2.7200432889865693], "6": [0.04413006222569603, 2.8315656835887055], "7": [0.05952331331110259, 2.9549740881590862], "8": [0.07623318945625593, 3.0857855447328557], "9": [0.0933561379784163, 3.2188516695250864], "10": [0.10990824534652549, 3.3487998195342743], "11": [0.1250096583901984, 3.4705576141679786], "12": [0.138024102511652, 3.5797691610777314], "13": [0.14860441292742824, 3.6729879973173185], "14": [0.15665073184490416, 3.747664901065226], "15": [0.16222151530133913, 3.8020243744340596], "16": [0.16543779676786846, 3.8349190640587896], "17": [0.1664057675615396, 3.845712498016489], "18": [0.1651684147368828, 3.8342076963260245], "19": [0.16168921526659813, 3.8006238112508246], "20": [0.1558682719562962, 3.7456200443183607], "21": [0.14759042780347442, 3.6703672807453493], "22": [0.13680230084282263, 3.5766649380593134], "23": [0.12360752112177245, 3.4670851673375433], "24": [0.10835530574975673, 3.3450940306649706], "25": [0.09168227137064552, 3.2150609909503456], "26": [0.07446751941162699, 3.082063956674589], "27": [0.057693963874685415, 2.9514724382888153], "28": [0.04226427779464336, 2.828423712159005], "29": [0.028851613166238965, 2.717383218921171], "30": [0.017840821308714606, 2.621920323697628], "31": [0.009360462813324526, 2.5446976137074198], "32": [0.003367923688893485, 2.4875850645315403], "33": [-0.00025407592715908517, 2.451806195209597], "34": [-0.0016168540557445206, 2.438060476076208], "35": [-0.0007733145688997967, 2.446601036086649], "36": [0.0023026494441181346, 2.4772643261019924], "37": [0.007704335844598799, 2.529452506325447], "38": [0.01554832688941579, 2.602068226681312], "39": [0.025900995467708174, 2.693403404675923], "40": [0.03868475190944619, 2.8009968825115235], "41": [0.05358671885128683, 2.921506164240909], "42": [0.07000827832979452, 3.0506775078176602], "43": [0.08709702194433719, 3.1835102554058015], "44": [0.10387439467664815, 3.3146475407266207], "45": [0.11941787939171658, 3.4388958500499], "46": [0.1330188884056109, 3.551685288985613], "47": [0.14425466347898006, 3.649324874564196], "48": [0.15296667082900964, 3.7290375800671227], "49": [0.15918008858612875, 3.788857135941308], "50": [0.16300702072419462, 3.8274823008251184], "51": [0.16456290526844325, 3.8441497181563538], "52": [0.16391007092637203, 3.838549999058658], "53": [0.16103289782524466, 3.8107917962724795], "54": [0.15584535851681652, 3.7614131825330888], "55": [0.14823072226853334, 3.6914405102962213], "56": [0.13811139572853143, 3.602493844299389], "57": [0.1255408273367283, 3.496926721577449], "58": [0.11079687864020643, 3.377959954128443], "59": [0.0944400579199987, 3.2497299664421617], "60": [0.07729410745292942, 3.117154064897991], "61": [0.060329990387642814, 2.985567294355009], "62": [0.04448700867906715, 2.8602105806942957], "63": [0.03050753466000329, 2.7457527183859627], "64": [0.018852253086621508, 2.6460045926265656], "65": [0.009710821662332496, 2.563858500054022], "66": [0.003077053755910028, 2.501378750318906], "67": [-0.0011545410466854147, 2.4599458935660725], "68": [-0.0031024690904199984, 2.4403881340193703], "69": [-0.002837929055415884, 2.4430713259266126], "70": [-0.00035578121945644754, 2.467941120875806], "71": [0.004422151991353445, 2.5145177582090774], "72": [0.011611570689429125, 2.5818435011011616], "73": [0.021299597706225762, 2.6683831085538956], "74": [0.03345504140803599, 2.771887277553209], "75": [0.047833628346625294, 2.889254714909391], "76": [0.06391283916811863, 3.0164673262643826], "77": [0.08089930153500237, 3.1486965819755084], "78": [0.09783272721014324, 3.2806380459209366], "79": [0.11376014392446553, 3.407012305295662], "80": [0.12790724082894384, 3.5230576461927474], "81": [0.1397755897886101, 3.6248454338457834], "82": [0.14914338721691342, 3.7093675354980875], "83": [0.15599631958227564, 3.7744599431440236], "84": [0.16043181694767142, 3.818661192249873], "85": [0.16257036171725883, 3.8410772019956183], "86": [0.16249140854492317, 3.841285357706838], "87": [0.1602002169527524, 3.8192861865540206], "88": [0.15562695071662472, 3.7755024587577974], "89": [0.14865802368367978, 3.710825525711399], "90": [0.13919839208012638, 3.626708869053132], "91": [0.12725884882978397, 3.525300932598651], "92": [0.11305159051467747, 3.4095858914660795], "93": [0.09706148052635372, 3.283463034584664], "94": [0.0800500840469909, 3.151667358215247], "95": [0.06296410136495188, 3.0194643404523576], "96": [0.04676703338166548, 2.8921629221801406], "97": [0.03226310444604548, 2.7746113661185525], "98": [0.019988100116671077, 2.6708534654267733], "99": [0.010196854735696882, 2.5840134719120957]}