{"0": [-1.371276357448384e-05, 3.217505402631028], "1": [-0.0008984609255086827, 3.2140961624860767], "2": [-0.00308667366543582, 3.2056676298872633], "3": [-0.006430744335744909, 3.1927954153333515], "4": [-0.010702561065544363, 3.176364010067414], "5": [-0.015607077482156674, 3.1575102245192226], "6": [-0.020802069385905758, 3.137545845556198], "7": [-0.025923149984332684, 3.117863939749244], "8": [-0.030611546879765847, 3.0998369253976072], "9": [-0.03454119437445123, 3.0847167156892454], "10": [-0.03744192549120257, 3.073546694360471], "11": [-0.039116822747919056, 3.0670923234829606], "12": [-0.03945337014107815, 3.065793388396654], "13": [-0.03842911786697172, 3.069738035878124], "14": [-0.03611271317430033, 3.078657766323726], "15": [-0.032660529556548766, 3.0919430909478103], "16": [-0.028308321667763217, 3.1086804850961967], "17": [-0.023357017229276137, 3.127711191728719], "18": [-0.01815234701070028, 3.147710522767173], "19": [-0.013059405688101088, 3.167282834009065], "20": [-0.008434780981153146, 3.1850637259038987], "21": [-0.0045997319481175455, 3.1998190901160886], "22": [-0.0018175393925371989, 3.2105314546437795], "23": [-0.00027680452211440327, 3.2164672149722024], "24": [-8.09075873679396e-05, 3.2172221095196916], "25": [-0.001242855779153717, 3.2127449760260585], "26": [-0.003684703466506378, 3.203340627518472], "27": [-0.007241399187560397, 3.1896520345709285], "28": [-0.011669697519502245, 3.17262112385642], "29": [-0.016663008446394935, 3.153427745866057], "30": [-0.021872369125720485, 3.1334084665363786], "31": [-0.02693227803234346, 3.1139604061612625], "32": [-0.03148862134233258, 3.096438879382528], "33": [-0.0352251897755197, 3.0820592629705827], "34": [-0.03788576667540411, 3.0718123987842922], "35": [-0.039290178307770936, 3.066399550582786], "36": [-0.03934423378064604, 3.0661892058266336], "37": [-0.03804437394673452, 3.0711955142874956], "38": [-0.03547780172863109, 3.0810775416572493], "39": [-0.031818151610336604, 3.0951592561739054], "40": [-0.027316000814072233, 3.1124709846097995], "41": [-0.02228337601761033, 3.1318126568963978], "42": [-0.017072193307717164, 3.151836865502961], "43": [-0.012048059429807858, 3.1711461172695445], "44": [-0.007562328468078207, 3.188395238569224], "45": [-0.003925922955263055, 3.2023884918195917], "46": [-0.001387824517314716, 3.212162359988776], "47": [-0.00011967468343265557, 3.2170483787823674], "48": [-0.00020642670981815253, 3.216714061799559], "49": [-0.0016421909843125776, 3.211182277088648], "50": [-0.004330553491187212, 3.2008298649812197], "51": [-0.008089397857787867, 3.1863654736368443], "52": [-0.012660981022993026, 3.168785843462235], "53": [-0.017728071715219132, 3.1493103701151255], "54": [-0.022936083430255553, 3.129296254584736], "55": [-0.027919606000014054, 3.1101402592355836], "56": [-0.03233032718721111, 3.0931763717322505], "57": [-0.035862841822293635, 3.079579802627399], "58": [-0.038275567110445705, 3.0702860733974258], "59": [-0.03940549210527549, 3.065930414586861], "60": [-0.0391769442370725, 3.0668091078996924], "61": [-0.03760525788544348, 3.07286228476595], "62": [-0.03479600676052102, 3.0836774373120353], "63": [-0.03093968168725584, 3.0985137700352037], "64": [-0.026301018592920673, 3.116348178437658], "65": [-0.021202215004173623, 3.135942854726391], "66": [-0.016000241366860832, 3.1559318633850753], "67": [-0.011060009731587278, 3.174920275691651], "68": [-0.006726512466878012, 3.19158632266092], "69": [-0.003299413280125523, 3.204776188189182], "70": [-0.0010127393942203186, 3.2135829929382975], "71": [-2.0779030716450832e-05, 3.2174051500573917], "72": [-0.0003898861539267301, 3.2159827629912425], "73": [-0.002095290321337348, 3.2094126608994378], "74": [-0.0050223148268232955, 3.1981427573772674], "75": [-0.008972208243838207, 3.1829455018952744], "76": [-0.013673421768926339, 3.164869636482024], "77": [-0.018799036044180602, 3.145170448844556], "78": [-0.023989986443334884, 3.1252215404081887], "79": [-0.028882159890626164, 3.106414905468364], "80": [-0.033134157490038826, 3.090059074879665], "81": [-0.03645227443651848, 3.077285623891753], "82": [-0.038610188798311094, 3.0689721674188473], "83": [-0.03946242110576444, 3.06568626291912], "84": [-0.038951968873809854, 3.067651264423437], "85": [-0.03711302517465054, 3.0747334447674333], "86": [-0.03406930760671759, 3.086449769912236], "87": [-0.03002770782714119, 3.101996654153113], "88": [-0.025266400520471386, 3.1203004676807633], "89": [-0.020116776573526424, 3.1400893931153506], "90": [-0.014939702123117437, 3.1599832402885726], "91": [-0.010098191518291553, 3.178594046810689], "92": [-0.005929781312815901, 3.194627525146571], "93": [-0.0027220067490531783, 3.206975165749651], "94": [-0.0006933417177762062, 3.2147892160033336], "95": [1.962309767326382e-05, 3.217536509404591], "96": [-0.0006307354017059416, 3.2150303688455932], "97": [-0.002600819703407763, 3.2074413342242023], "98": [-0.005757938936400772, 3.1952872511661243], "99": [-0.009887188203426144, 3.1794022995035007]}