{"0": [2.7356262354750853e-05, 2.1363083100738356], "1": [0.0018342489509219834, 2.1602114647676784], "2": [0.006687589924659296, 2.2207055616405946], "3": [0.015245908703210565, 2.3172641671184255], "4": [0.02839294912670533, 2.4487950486261636], "5": [0.046915873673347507, 2.6130758258252356], "6": [0.07097938407636145, 2.8056685365883762], "7": [0.09949967335447894, 3.0184999850277556], "8": [0.12988976621379536, 3.239328398059559], "9": [0.15877522022764695, 3.4537649285896963], "10": [0.18338716074622194, 3.6491096064291266], "11": [0.20243211509954728, 3.8167558232782057], "12": [0.21594829459515308, 3.951915824098415], "13": [0.22468865572110558, 4.052204249855332], "14": [0.22956434447021234, 4.116471110185467], "15": [0.23129484416890161, 4.144175768516877], "16": [0.23022714183874377, 4.135126981162561], "17": [0.22626847697804092, 4.089405847604672], "18": [0.21890632380236497, 4.007390415120049], "19": [0.20732329136705116, 3.8899058750974977], "20": [0.190647424085896, 3.738629495756173], "21": [0.1683942141432524, 3.5569523132032232], "22": [0.1410821096647281, 3.3513347120364902], "23": [0.11071427694808424, 3.1324068584730806], "24": [0.0804910888000843, 2.914086625205932], "25": [0.05357318655375323, 2.7101583502011164], "26": [0.03187508066149757, 2.5309536011477447], "27": [0.015830603084842226, 2.3826407430667422], "28": [0.004901228668727476, 2.2684039089419947], "29": [-0.00180907536845676, 2.1897908417102334], "30": [-0.005121955709754665, 2.147543401867551], "31": [-0.005544057335265312, 2.141977793593549], "32": [-0.0031594758228537237, 2.173119348224305], "33": [0.0023840079087277593, 2.240715558890598], "34": [0.011800716739612888, 2.3441447988413002], "35": [0.025977116615665864, 2.482133666635059], "36": [0.04561168705770547, 2.6520997659388525], "37": [0.07065502389336593, 2.8489670268431913], "38": [0.09971463339970249, 3.0638056502327577], "39": [0.12996616510525288, 3.2837275296597666], "40": [0.1580682583803485, 3.4944433303343185], "41": [0.1815328265780346, 3.684034803684131], "42": [0.1993770150669974, 3.8447756207838863], "43": [0.21182996655750305, 3.9724790786395348], "44": [0.21970493267219823, 4.065075995358946], "45": [0.2238862205994999, 4.121567428521478], "46": [0.22502016127395122, 4.141492748793557], "47": [0.22336168104734708, 4.124718463046809], "48": [0.2187262994146573, 4.071384953732088], "49": [0.21052850778389998, 3.981952702965989], "50": [0.19792123583281643, 3.8573937719806812], "51": [0.18008235021514746, 3.69967768387994], "52": [0.1566989026672692, 3.5127466066103388], "53": [0.12858815860448805, 3.3039054458347583], "54": [0.09806310744736924, 3.0846336906450293], "55": [0.06841789620632267, 2.8690985998395915], "56": [0.04259924462861929, 2.6704871103042414], "57": [0.02217887921462074, 2.498170933694508], "58": [0.007330599657194823, 2.3575481607177338], "59": [-0.0025988511719580018, 2.251361207974443], "60": [-0.008508411230865959, 2.1809421240111906], "61": [-0.01115815029381814, 2.1469256934739613], "62": [-0.010962945075320748, 2.149560853202364], "63": [-0.007907818916162148, 2.1888126973107624], "64": [-0.001553143401248105, 2.2643543016427023], "65": [0.008868551556119297, 2.3754426218949605], "66": [0.024229529800775966, 2.520568569209668], "67": [0.045102274007746315, 2.696688159100897], "68": [0.07116961357262266, 2.897944214756057], "69": [0.1006921649861157, 3.1144480335455995], "70": [0.13063114957336577, 3.3327291815505053], "71": [0.1577521718764914, 3.538801860138178], "72": [0.17990611227253944, 3.721692500902783], "73": [0.19643465195418477, 3.8746051967377393], "74": [0.2077467878099899, 3.9939487271369245], "75": [0.21469914406297705, 4.077958833575857], "76": [0.2181330771430747, 4.125783897276459], "77": [0.21860770266886323, 4.137045854505165], "78": [0.21627443247948658, 4.1116754424134125], "79": [0.21084966445148065, 4.049883264823301], "80": [0.20167463007201467, 3.9522331582341366], "81": [0.1878847696697481, 3.8198879344342034], "82": [0.1687393138881914, 3.6551960679302495], "83": [0.14414926749018517, 3.462789268667342], "84": [0.11528224949472356, 3.250953965300709], "85": [0.08476184559459653, 3.0320194651894057], "86": [0.05590745062453251, 2.820213102863581], "87": [0.03137524426799864, 2.6279120187073017], "88": [0.012364709778190486, 2.463438849002143], "89": [-0.0012023270311278594, 2.3314222222004584], "90": [-0.01007456641504136, 2.234182120665589], "91": [-0.015135137267182346, 2.1728455089632797], "92": [-0.017066660552434124, 2.1479411503138626], "93": [-0.01617939261609964, 2.159646041982308], "94": [-0.012350274675587806, 2.2078559933891206], "95": [-0.005049470845683707, 2.2921528434387524], "96": [0.006535620169507435, 2.411637072744198], "97": [0.023237345369043202, 2.5644916925695913], "98": [0.045453735324064506, 2.7470841537066417], "99": [0.0725404859147166, 2.952619931874254]}