{"0": [6.989224605833725e-06, 1.8881799146433418], "1": [0.00047650769787193167, 1.9130783346721707], "2": [0.0018100308554468722, 1.9760673852855082], "3": [0.0043657441358456875, 2.0765270459587635], "4": [0.008655162839931736, 2.2132522641724055], "5": [0.015220310664974632, 2.384098356565677], "6": [0.02443113078148892, 2.5854009517858434], "7": [0.03622305682997579, 2.81121564090097], "8": [0.049885738606971354, 3.05274355422454], "9": [0.06410288342079777, 3.298674173485468], "10": [0.0773500658195336, 3.5368663990381295], "11": [0.08843844563652613, 3.756572364815901], "12": [0.09683096072556552, 3.9497896449792718], "13": [0.10260132304846657, 4.111284562227389], "14": [0.10619232541181288, 4.237899198183], "15": [0.10816144113047059, 4.3278138591233555], "16": [0.1089982468590233, 4.380027645807387], "17": [0.10901917176023765, 4.3940559322227095], "18": [0.10831837688595056, 4.369782409000351], "19": [0.10675587858565952, 4.307423396713156], "20": [0.10397707426891807, 4.207593107925967], "21": [0.09947300341787056, 4.071487771634923], "22": [0.09270204037924176, 3.9012370454204994], "23": [0.08329108180323273, 3.7004799022748873], "24": [0.07129714533589036, 3.475122357696343], "25": [0.05742012520935384, 3.2339172230870203], "26": [0.04296776782447601, 2.988139058347796], "27": [0.02946313940825944, 2.7499228018963056], "28": [0.018101437466065295, 2.5300415573264283], "29": [0.00942929031710463, 2.3365371330215527], "30": [0.0033810304620248187, 2.174679383572639], "31": [-0.0004815668610203862, 2.047652441752279], "32": [-0.0027146365145533824, 1.9572930313813166], "33": [-0.0038086481646165287, 1.9046127466672502], "34": [-0.004082224611122386, 1.8901030131735097], "35": [-0.0036323764212011977, 1.9138847574152702], "36": [-0.002322197409170615, 1.9757454115200355], "37": [0.0001999990665640298, 2.0750749459080584], "38": [0.004440973251706266, 2.21068340699253], "39": [0.010941735938012743, 2.3804519829205026], "40": [0.02007748027467908, 2.5807604563019924], "41": [0.03179673816486088, 2.805731875811825], "42": [0.04540766882812986, 3.04664935329172], "43": [0.059609493062417945, 3.2922678893716837], "44": [0.07288081950181885, 3.530460072967995], "45": [0.08402207934184629, 3.750435792987844], "46": [0.09247947013607442, 3.9441241761134327], "47": [0.09831235502821535, 4.106227746268838], "48": [0.10195517688496314, 4.233541918025842], "49": [0.10396274323153518, 4.3242164782404275], "50": [0.10482594439548493, 4.37723130274031], "51": [0.10486487620404639, 4.392089596175419], "52": [0.10417858413518057, 4.368666949414397], "53": [0.10263243948748292, 4.307173367399334], "54": [0.09987700225226658, 4.208216305155035], "55": [0.09540734744139147, 4.072981949166653], "56": [0.08868327312057785, 3.9035823703326824], "57": [0.07932853018563558, 3.703625555864091], "58": [0.06739099584096166, 3.4789685931266625], "59": [0.05355684249651237, 3.2383025383473], "60": [0.03912149348340579, 2.992849371024035], "61": [0.02560441812649798, 2.754727887455866], "62": [0.014207625603628204, 2.534737201752997], "63": [0.005489713677472016, 2.34096700409435], "64": [-0.0006041337539213316, 2.178733798819555], "65": [-0.0045053895570776195, 2.051256797865766], "66": [-0.00676756705394853, 1.9603961100944345], "67": [-0.00788152024058908, 1.9071781894585984], "68": [-0.008168107171188979, 1.8921037498697786], "69": [-0.007727599683167598, 1.9152995373785808], "70": [-0.00642684979679654, 1.9765569185411886], "71": [-0.003917994577665781, 2.0752694142761423], "72": [0.0003024267677301848, 2.2102521238202453], "73": [0.006773628621611222, 2.379395666223844], "74": [0.015871908693104255, 2.5790978470895487], "75": [0.0275510540343795, 2.803512348018287], "76": [0.0411281940915186, 3.0439639082644647], "77": [0.055311633441280234, 3.2892469500727657], "78": [0.06858402497111254, 3.5272521878758276], "79": [0.0797428067463234, 3.7471793335630537], "80": [0.08822694887865606, 3.940930055967849], "81": [0.09408848535956058, 4.10317742507982], "82": [0.09775674717169351, 4.230693465383471], "83": [0.09978400198761078, 4.321611800041138], "84": [0.10066062212974049, 4.3749018700058935], "85": [0.10070752519595504, 4.390060510288399], "86": [0.10002540648253698, 4.366959793514063], "87": [0.09848180585482233, 4.305808176998896], "88": [0.09572976974046732, 4.207212759135841], "89": [0.09126692873590225, 4.072359621868751], "90": [0.084555226703519, 3.90335947429757], "91": [0.07521930800453125, 3.703815095901122], "92": [0.06330562442680503, 3.479571049744351], "93": [0.04949609194719506, 3.2392967732916227], "94": [0.035080307827070056, 2.9941880756572603], "95": [0.02157332271348964, 2.75634394142776], "96": [0.010176394877290294, 2.5365581279128655], "97": [0.0014506406326356635, 2.342927504416435], "98": [-0.004654955172134093, 2.18078084167561], "99": [-0.008568416534591491, 2.0533490064510476]}