{"0": [-2.904189231036734e-05, 1.090561419160584], "1": [-0.0018832785995615007, 1.1111111952767294], "2": [-0.006267405039878243, 1.1633145717567075], "3": [-0.012294775399195402, 1.2472650328081758], "4": [-0.01846245364158352, 1.363145837808329], "5": [-0.022589639524149, 1.5113533258760585], "6": [-0.02178105380098066, 1.6927408989001982], "7": [-0.01245235771005579, 1.9089493149778323], "8": [0.009481467186449379, 2.162605187409195], "9": [0.047906462458389004, 2.4566340345468785], "10": [0.10437845835901377, 2.7906370916528815], "11": [0.17382863966693785, 3.1522747131010074], "12": [0.24280931006869488, 3.5129378057385336], "13": [0.29807265243411846, 3.844526892668889], "14": [0.3349130389941335, 4.1355511665681535], "15": [0.35513479389276265, 4.3860961384753], "16": [0.36273471694390486, 4.599242645563352], "17": [0.3618314095519271, 4.777635720636561], "18": [0.35600865336097876, 4.922897887355539], "19": [0.34814900666806076, 5.035859884132368], "20": [0.34041893411903407, 5.116895454910269], "21": [0.3343094768481218, 5.166162815800256], "22": [0.3306975025365984, 5.183727092289979], "23": [0.3298997833041629, 5.169601435428778], "24": [0.3316960042774986, 5.123755089968145], "25": [0.33531026097231253, 5.046111008821995], "26": [0.33935951443166895, 4.936515056549983], "27": [0.3417925005909695, 4.7946300044560015], "28": [0.33984803490384385, 4.619713660581241], "29": [0.33006692745659355, 4.410298762611977], "30": [0.30843995092421755, 4.163947020139352], "31": [0.27097621470135924, 3.877693827195416], "32": [0.21549468636811295, 3.5509548730871], "33": [0.1456049579608875, 3.1933568822334646], "34": [0.07356680418451911, 2.8312084443188494], "35": [0.01342461543516528, 2.49425159669469], "36": [-0.028598247441696378, 2.1968856477125844], "37": [-0.053525865046166306, 1.940328979871821], "38": [-0.06516120589049616, 1.721696567332237], "39": [-0.06765183775321709, 1.5382170526845858], "40": [-0.0646765538015725, 1.388119453767184], "41": [-0.0592288188686102, 1.2704744233789798], "42": [-0.05358497815074398, 1.1848596819940256], "43": [-0.04933727241303884, 1.131099751736353], "44": [-0.04745190607218354, 1.1091246462058573], "45": [-0.04832424170409524, 1.1189171858063194], "46": [-0.051806433478811406, 1.1605009206591996], "47": [-0.05719483869276862, 1.233941613503042], "48": [-0.06318305052032828, 1.3393745430163841], "49": [-0.06780229997630945, 1.4771010882329696], "50": [-0.06837770313576627, 1.6477968920360964], "51": [-0.06153338447354938, 1.8528226711881655], "52": [-0.043319962372607365, 2.0944892686227767], "53": [-0.009715047493841026, 2.3757329109740652], "54": [0.04177311320360251, 2.697596982181219], "55": [0.108362259742761, 3.05196222567132], "56": [0.1786468320007424, 3.414161586082687], "57": [0.2382983980181087, 3.7538333387930423], "58": [0.28016288479428764, 4.0547602125452284], "59": [0.3047119017645561, 4.314764123157001], "60": [0.3155861931232253, 4.536530258030947], "61": [0.31693191699738066, 4.722881494212231], "62": [0.3124766811645844, 4.875673706753065], "63": [0.3052762125244435, 4.995896298914068], "64": [0.2976702033786251, 5.084001439478689], "65": [0.2913097274207846, 5.1401742127694385], "66": [0.2872124379626781, 5.164485708998947], "67": [0.28581737152345765, 5.1569538766224445], "68": [0.287014456903178, 5.117558967851166], "69": [0.29013505811827905, 5.046242440475058], "70": [0.2939080068671484, 4.942880093137911], "71": [0.2964017963176001, 4.807188338994182], "72": [0.294981021121037, 4.63852161392719], "73": [0.2863098362669994, 4.435567203475834], "74": [0.266473271171891, 4.196077741223062], "75": [0.23145540942111298, 3.9171599992310306], "76": [0.1786751969232014, 3.5976576372472118], "77": [0.11062146325133419, 3.2451770012742585], "78": [0.03832462718191374, 2.883685797684193], "79": [-0.02387598334856776, 2.5436137168478066], "80": [-0.06849968621402652, 2.2418422984643795], "81": [-0.0957857804139145, 1.98097399370416], "82": [-0.10929029807180725, 1.758447088306169], "83": [-0.11314327200536861, 1.5714445292359247], "84": [-0.11107995964032581, 1.418091034419665], "85": [-0.10617132556252819, 1.2973814120248428], "86": [-0.10077407489157039, 1.208856931914616], "87": [-0.09655512443283888, 1.1523329874280301], "88": [-0.09454470534917861, 1.127741630245252], "89": [-0.09518977795012742, 1.135066867235778], "90": [-0.09838306458173784, 1.1743272908868116], "91": [-0.10345407784955306, 1.2455775603343886], "92": [-0.10912643637653988, 1.348937515722725], "93": [-0.11346184565687313, 1.4846889165261743], "94": [-0.11381862893433, 1.6534801056466795], "95": [-0.10685808452090595, 1.8566297095434947], "96": [-0.08867208977887944, 2.0963834952458176], "97": [-0.05527819421725082, 2.3755906710122607], "98": [-0.004193546815070084, 2.6952355590534762], "99": [0.06190313774003748, 3.0473332821950296]}