{"0": [9.920262057549233e-06, 1.8675668643232213], "1": [0.000682505066527561, 1.8970654279172707], "2": [0.002648328519359469, 1.9717401315539094], "3": [0.006560766123754768, 2.090989594007971], "4": [0.013346128648236533, 2.2535742551537603], "5": [0.02394595565859759, 2.456997100798156], "6": [0.03885641258486899, 2.696235640459374], "7": [0.05752059499785552, 2.9618925600733648], "8": [0.07798255598461397, 3.2391630047413082], "9": [0.09743903121153698, 3.5100378023967043], "10": [0.11354459214021231, 3.7582935356667004], "11": [0.12529797648308866, 3.9728841619859123], "12": [0.13293118048139124, 4.147687909508822], "13": [0.13731605792477047, 4.279654022828785], "14": [0.13943492348439943, 4.367291391131181], "15": [0.14006168169850836, 4.409873829709907], "16": [0.13960669041734186, 4.407106977010326], "17": [0.1380586043940388, 4.359018480804694], "18": [0.13498699290562238, 4.265967362079777], "19": [0.1296075656835037, 4.1287771263513635], "20": [0.12094932367371193, 3.9491074961664063], "21": [0.10819051933711282, 3.7303102051755843], "22": [0.09120026144467165, 3.4789930907642894], "23": [0.07111066019257217, 3.2067960394437405], "24": [0.05035144310160728, 2.930323638555382], "25": [0.03169213716406615, 2.66743859521811], "26": [0.016965361717996223, 2.4323920082396686], "27": [0.0066045847424565434, 2.234004321623968], "28": [4.026655084634939e-05, 2.076902740046279], "29": [-0.0036936913590635964, 1.9633596697739881], "30": [-0.005517770435292885, 1.8944908585486373], "31": [-0.006064930350974889, 1.8708220734594192], "32": [-0.0055723473865365945, 1.8925089659888443], "33": [-0.0038507247284770086, 1.959391632119151], "34": [-0.0003107170062822331, 2.0709396594540106], "35": [0.005935817172689446, 2.226040070823672], "36": [0.015846599263817904, 2.422458539506072], "37": [0.030025494210213347, 2.655697772090096], "38": [0.048126973761680125, 2.9172086982389303], "39": [0.06842531451979147, 3.1930696994560264], "40": [0.08819056346916405, 3.4655456489573786], "41": [0.10492719929225997, 3.717836229677235], "42": [0.11739863890606554, 3.937989193544325], "43": [0.12566526986724005, 4.119179020076525], "44": [0.13052764993524366, 4.2579572722753865], "45": [0.13297033940987477, 4.352634950965496], "46": [0.1338102720907561, 4.402384017339492], "47": [0.1335197368142633, 4.406847676312534], "48": [0.13215563942112182, 4.366003915973574], "49": [0.12935324854828664, 4.280157992666998], "50": [0.12438015943926624, 4.150052298056043], "51": [0.11628387222386452, 3.97718901380129], "52": [0.10419670252084658, 3.764590840786558], "53": [0.08784634082583809, 3.5182506929510193], "54": [0.06814595299906409, 3.2489520690575135], "55": [0.04735368016441334, 2.9726460022384287], "56": [0.028262101857372313, 2.7072886022502582], "57": [0.01289576948702159, 2.467866425536596], "58": [0.00189144670390485, 2.263993781688961], "59": [-0.005201359465426388, 2.100824005218008], "60": [-0.009314901664047219, 1.980906617224111], "61": [-0.011390217435644076, 1.905495022060284], "62": [-0.012108826964817267, 1.8751902417012105], "63": [-0.01176839418664384, 1.8901989199663947], "64": [-0.010242505790491055, 1.9504068359784124], "65": [-0.006998649884917978, 2.055340216819774], "66": [-0.0011864791318522043, 2.2039826366601902], "67": [0.008155463989908861, 2.3942977993675707], "68": [0.021707677233570324, 2.622191551997456], "69": [0.039291516375726525, 2.879796742515903], "70": [0.059383162374246894, 3.1539704406064715], "71": [0.07934527814013373, 3.4273271146229956], "72": [0.09658210373168175, 3.6826799761797377], "73": [0.10965977554346087, 3.9073190954313466], "74": [0.11848036877802297, 4.093781806498729], "75": [0.12377076904687019, 4.238244297584357], "76": [0.12650870956417296, 4.338827776828794], "77": [0.12754284093397558, 4.39460745966928], "78": [0.12739569319364105, 4.405169239979195], "79": [0.1261812988975429, 4.370447824526563], "80": [0.12359122648188646, 4.290704448069521], "81": [0.11893964686323447, 4.166618770928814], "82": [0.11129575953384742, 3.9995746609117786], "83": [0.09976392713484176, 3.7923471450531574], "84": [0.0839664996942562, 3.5504531164589768], "85": [0.06463891965137078, 3.283973944116673], "86": [0.04388030211496031, 3.00825249616675], "87": [0.02447410952671312, 2.741214412874046], "88": [0.008590747621135318, 2.4984053410777367], "89": [-0.0029577671764451966, 2.290119389164451], "90": [-0.010510287221630898, 2.121986762032339], "91": [-0.014960908117513178, 1.9968155525477507], "92": [-0.017261866318329853, 1.9159883735448298], "93": [-0.01813214357847668, 1.8801755913688685], "94": [-0.017918571427462244, 1.8896289856492043], "95": [-0.016547089601311234, 1.9442725731262775], "96": [-0.013533805608088366, 2.0436771549532344], "97": [-0.008063262302419872, 2.1868989423024434], "98": [0.0008222239515460882, 2.3720486496710023], "99": [0.013855954296531666, 2.5953355550243344]}