{"0": [5.646595461869583e-05, 2.67010150452888], "1": [0.0037286881692216644, 2.6833755235219754], "2": [0.013069858628156765, 2.7167754211908046], "3": [0.02808769171066977, 2.769473496770865], "4": [0.04864603066395339, 2.8399463795636235], "5": [0.0742687109224124, 2.925716837384296], "6": [0.1039401080174683, 3.0231012766217726], "7": [0.13602084788066626, 3.1271566867843004], "8": [0.16840511838708216, 3.2320408195202184], "9": [0.1989175952118542, 3.33178278747089], "10": [0.22575113362079052, 3.4211220924713257], "11": [0.24770778663883564, 3.496008643999164], "12": [0.2641771784774266, 3.5536537080562427], "13": [0.274955757622136, 3.5923093448577244], "14": [0.2800393281497585, 3.6109953172429585], "15": [0.2794669132069953, 3.609294805439094], "16": [0.2732430803258097, 3.587254659564563], "17": [0.2613434777855395, 3.5453926995293865], "18": [0.24380308543269627, 3.484811661135248], "19": [0.22088031327096228, 3.407414328212996], "20": [0.19326472889970037, 3.31617535176854], "21": [0.16224320627222188, 3.2153350756251444], "22": [0.12969064302776387, 3.1102926402724824], "23": [0.09779675816099852, 3.0070473379338547], "24": [0.06862023703269192, 2.9113445366261144], "25": [0.04371530390203497, 2.8279478261539106], "26": [0.024009387833142222, 2.7603423812380514], "27": [0.009910818174864442, 2.710830634480527], "28": [0.0015142009829146922, 2.6807967041755556], "29": [-0.0012089546612370852, 2.6709575259936913], "30": [0.0017129746747806332, 2.6815227451008843], "31": [0.010293250482098282, 2.7122476576855536], "32": [0.02454514545829921, 2.7623797043824654], "33": [0.044359248867979734, 2.8304990167764053], "34": [0.06931438569141789, 2.9142696846274943], "35": [0.09847447393472762, 3.0101798376357793], "36": [0.1302822370021263, 3.1134507643336176], "37": [0.16268062300760752, 3.218335584332479], "38": [0.1934839675495948, 3.31884571017359], "39": [0.22082287678840457, 3.4096024827209015], "40": [0.24341806781423111, 3.4863935508674238], "41": [0.2605900222809851, 3.54627704475903], "42": [0.27209224050346215, 3.5873849347171247], "43": [0.27790274824795386, 3.6086494712202564], "44": [0.27805974427975555, 3.609587762031572], "45": [0.27257359867876957, 3.590188504881131], "46": [0.2614216364737394, 3.550905548674941], "47": [0.24462557301162022, 3.4927577134187184], "48": [0.22240614637056474, 3.4175310916751975], "49": [0.19538746158914402, 3.328046973738025], "50": [0.1647739323491895, 3.2283747300500436], "51": [0.1323700462201533, 3.123774696774762], "52": [0.100341469887232, 3.020198359058846], "53": [0.0707817268405942, 2.9234556271977845], "54": [0.04531819670459921, 2.838451436064544], "55": [0.02495532547959917, 2.768830182783127], "56": [0.010158474360165471, 2.7170309141533706], "57": [0.0010528604606079906, 2.684540310345951], "58": [-0.0023809404802922957, 2.672150200990441], "59": [-0.00017450933171941007, 2.6801298798273407], "60": [0.007680268650786662, 2.7082923598527366], "61": [0.021200149605905754, 2.755954433633409], "62": [0.040298133223534545, 2.821790912707568], "63": [0.06460184136925637, 2.903595966278496], "64": [0.0932486600703765, 2.9980190307703167], "65": [0.12476094323908384, 3.1004420011805705], "66": [0.15713411109973136, 3.2052208004470493], "67": [0.18818050686726498, 3.3063650325590426], "68": [0.2159766761208656, 3.3983939668260748], "69": [0.23916652209029188, 3.476943321685179], "70": [0.2570021136466031, 3.538922510174071], "71": [0.2691925719848526, 3.5823446230230505], "72": [0.2756961030157378, 3.606054794325955], "73": [0.2765484104195981, 3.6095049872182257], "74": [0.27176500263382597, 3.592627976259641], "75": [0.26132576807448077, 3.555817856271121], "76": [0.24524208512748713, 3.5000164427313996], "77": [0.2237021160280523, 3.4269029627943586], "78": [0.19727081933461127, 3.3391565704654034], "79": [0.1670750326655832, 3.2406838610995123], "80": [0.1348488690233704, 3.136605721058091], "81": [0.10272807998904808, 3.0328145422467787], "82": [0.07283247750380822, 2.935168399515518], "83": [0.046855949719596994, 2.8486999755341436], "84": [0.025877201381666673, 2.7772053994762214], "85": [0.010418921402764564, 2.723257509686024], "86": [0.0006386427124199266, 2.6884447416613715], "87": [-0.0034721282687785082, 2.673633183959858], "88": [-0.0019469292079566502, 2.6791503147305806], "89": [0.005217269511206685, 2.704863883371908], "90": [0.018039054018819483, 2.7501548316928157], "91": [0.03645007084361443, 2.8137846285636905], "92": [0.060121078712617584, 2.8936669980494676], "93": [0.08825696709104695, 2.9866022641518772], "94": [0.11945658420759014, 3.0881278988501952], "95": [0.15177026406945726, 3.1927076921994892], "96": [0.1830156263932834, 3.2943632910834078], "97": [0.21122306733924917, 3.3875273169429474], "98": [0.23496458909069434, 3.467694350349065], "99": [0.2534251639942781, 3.53163029025276]}