{"0": [-7.356861521455425e-07, 4.684934586808774], "1": [-6.45133523735191e-05, 4.665036391228653], "2": [-0.0003771424126508932, 4.614538736776838], "3": [-0.0013371902887064828, 4.533494947378149], "4": [-0.003574819805331524, 4.422051565041577], "5": [-0.007910022760122593, 4.280550023146598], "6": [-0.015256164983108791, 4.109718493098606], "7": [-0.02643560823869127, 3.9110336293020898], "8": [-0.04188431228700164, 3.6873404588526073], "9": [-0.06128354542472979, 3.4436850358187003], "10": [-0.0833014199472923, 3.1879157592774168], "11": [-0.10575254178934905, 2.9302093931345787], "12": [-0.12628502265473945, 2.6811798925356163], "13": [-0.14318782964162186, 2.449669937904186], "14": [-0.15577028307920987, 2.2417132537278324], "15": [-0.16422848164995918, 2.0608419983467967], "16": [-0.16928562894687849, 1.9089230682883238], "17": [-0.17185640296422217, 1.7868836105077126], "18": [-0.1728204368013174, 1.6951625751944512], "19": [-0.17289617006126243, 1.6339537669599455], "20": [-0.17258191174026716, 1.6033323194561768], "21": [-0.17213388901724921, 1.603320905374963], "22": [-0.17156048422183226, 1.6339191167115295], "23": [-0.17062218281528596, 1.6951025335054475], "24": [-0.16883711607718824, 1.786791544039204], "25": [-0.16550242511537883, 1.9087836663235698], "26": [-0.1597519113018989, 2.060626646265184], "27": [-0.15067969916160323, 2.241377484910005], "28": [-0.13756258708719793, 2.449157616763601], "29": [-0.12019064676559954, 2.6804393777579216], "30": [-0.09922591321582291, 2.929219298497345], "31": [-0.07634731682982822, 3.1866995270073106], "32": [-0.05389289074957011, 3.442290625717075], "33": [-0.03406268140327088, 3.6858005957238524], "34": [-0.018218072359869626, 3.9093478188290294], "35": [-0.006702508048662835, 4.107864419222282], "36": [0.0009082497524760967, 4.278501971349313], "37": [0.005436314294315017, 4.419790974490363], "38": [0.007802212020737171, 4.531012446582615], "39": [0.008837246924294525, 4.6118317639699224], "40": [0.009185005879650958, 4.6621058292651085], "41": [0.009258423904398894, 4.681782320073854], "42": [0.00922531612446105, 4.670848046660269], "43": [0.00900525705746621, 4.629310677865243], "44": [0.008271037739222685, 4.557210283074021], "45": [0.006458284852248765, 4.4546623556236025], "46": [0.0027971483340404044, 4.3219429097460695], "47": [-0.003609959756882068, 4.159648217776249], "48": [-0.013632558035371839, 3.968997954463915], "49": [-0.02784927508742504, 3.7523747112466364], "50": [-0.04619103221527735, 3.514115272301345], "51": [-0.0676243671161321, 3.2612486896707957], "52": [-0.09016388153507492, 3.0034090386953363], "53": [-0.11142509468789116, 2.751306724134646], "54": [-0.1294570961084684, 2.514446042709391], "55": [-0.1432757039605243, 2.299670630917248], "56": [-0.15285539163622658, 2.1111500722321024], "57": [-0.1588036093894533, 1.9511473771357213], "58": [-0.16200468069782564, 1.8208067608018133], "59": [-0.16336138877579562, 1.7206801014592152], "60": [-0.1636434958576782, 1.6510189080971338], "61": [-0.1634129708909566, 1.61192653460602], "62": [-0.16299387695532053, 1.6034379903073293], "63": [-0.16246336457026528, 1.6255585254827631], "64": [-0.1616504337333588, 1.6782709223284962], "65": [-0.1601394815803839, 1.7615129011318116], "66": [-0.15728599667462756, 1.8751206588826486], "67": [-0.1522620394385025, 2.0187216884812225], "68": [-0.14415885591509564, 2.1915321657314495], "69": [-0.1321796374966506, 2.3919770651550567], "70": [-0.11594250375764843, 2.6170499098203095], "71": [-0.09584635070145373, 2.861481715105253], "72": [-0.0733033959757937, 3.117203705772742], "73": [-0.05053327962421686, 3.373944841666741], "74": [-0.029848850880724517, 3.6211976523063996], "75": [-0.012873766497596296, 3.850358596407072], "76": [-0.00021266575344248604, 4.055633345251973], "77": [0.008385702178018435, 4.233656284068322], "78": [0.013666533790640081, 4.382653558598496], "79": [0.01654301311459697, 4.5017433319611575], "80": [0.01787995714611121, 4.590506712417821], "81": [0.018374723661490344, 4.648757805020027], "82": [0.018502223587823496, 4.676423915259505], "83": [0.018494721646817088, 4.673483156227942], "84": [0.018336646769928806, 4.639938031021749], "85": [0.017764943406474342, 4.575819222524993], "86": [0.016275845084237836, 4.4812199839662625], "87": [0.01314927980273245, 4.356368583855683], "88": [0.007512294024714763, 4.201764249934274], "89": [-0.0015282106287044762, 4.018435300435144], "90": [-0.014651813169059526, 3.808410224113838], "91": [-0.03198657512086702, 3.575453309557261], "92": [-0.0527618832476021, 3.3258678022620467], "93": [-0.07520838066145057, 3.068699383415975], "94": [-0.09697406954703024, 2.814575779729263], "95": [-0.1159348645223024, 2.5734808909844724], "96": [-0.1308457701169817, 2.3529766578595095], "97": [-0.14146150427178164, 2.157853465994844], "98": [-0.14826182909284627, 1.9907812759339274], "99": [-0.15208604170322565, 1.8531337576361462]}