{"0": [-2.660360427872618e-05, 0.6819543409488003], "1": [-0.0017446714639023568, 0.7092951526802079], "2": [-0.005982092963978343, 0.7795586245982818], "3": [-0.012323018432689155, 0.8947691776980359], "4": [-0.01985430431397452, 1.0576409149640857], "5": [-0.02689088546794551, 1.2711616791853937], "6": [-0.03074220560641588, 1.538634645127057], "7": [-0.02767799801967951, 1.8643677088474513], "8": [-0.013393970323385244, 2.253961278556789], "9": [0.015043895549225954, 2.709520527807134], "10": [0.05414609765413606, 3.211123776093674], "11": [0.09124174742633276, 3.7042685446313492], "12": [0.11547556943422632, 4.141783201210676], "13": [0.12565620255298288, 4.512366616681936], "14": [0.1254989049072441, 4.820485824002593], "15": [0.11931719672844146, 5.071662623895415], "16": [0.11062803307171348, 5.269881996332501], "17": [0.10188069758815248, 5.418271474732924], "18": [0.09456568857500909, 5.519670372017628], "19": [0.08947047215303791, 5.576534835095382], "20": [0.08694174625420086, 5.590495658655036], "21": [0.08706073046030371, 5.5619720375999275], "22": [0.08969041121749571, 5.490060981085732], "23": [0.09438673527250452, 5.372751492040354], "24": [0.1001892475318351, 5.207370233879576], "25": [0.10534800968988248, 4.99097436816309], "26": [0.10710022627017375, 4.720264516518105], "27": [0.10165911225595264, 4.390875697973429], "28": [0.084739723605922, 3.9972495431402324], "29": [0.0536763844822308, 3.5381354109346836], "30": [0.012638493689509362, 3.0359949397232797], "31": [-0.02538590010987497, 2.5466027808002085], "32": [-0.050214597446646234, 2.1145976696892026], "33": [-0.06121347070647238, 1.7493869940822406], "34": [-0.06222044668078224, 1.4462274513645461], "35": [-0.05750467814475623, 1.1997505198413523], "36": [-0.05050189365967402, 1.0061064758318383], "37": [-0.043583735219926645, 0.8622488698484422], "38": [-0.038181636920028315, 0.7654184716031379], "39": [-0.035045001400647556, 0.7132760743174159], "40": [-0.034496308858644735, 0.7043450110416263], "41": [-0.03659340150332978, 0.7383706749973961], "42": [-0.04116062477631521, 0.8163919763436926], "43": [-0.04768306680919775, 0.9404904935739528], "44": [-0.055084782862682265, 1.1133372124861602], "45": [-0.061457475071828804, 1.3378552123204168], "46": [-0.06386180990809824, 1.6174183447292856], "47": [-0.05837570566013134, 1.956596684195433], "48": [-0.04078296278178577, 2.3608284249080524], "49": [-0.009147022860679987, 2.8290230009075374], "50": [0.030685149569257785, 3.3324532177504156], "51": [0.06519920196383867, 3.813292113571043], "52": [0.08587051169027843, 4.233184395718005], "53": [0.09325261942460496, 4.58673168315296], "54": [0.09142129616356624, 4.879204860347196], "55": [0.08453778286792549, 5.115664298886518], "56": [0.07585301724438087, 5.29971813644312], "57": [0.06756240980755765, 5.434295924385083], "58": [0.06096267250722094, 5.522045506075045], "59": [0.05671558050792259, 5.565119151096213], "60": [0.05508846533622372, 5.564730208936678], "61": [0.05609076607279928, 5.520846319641731], "62": [0.05947508241914299, 5.432190221641356], "63": [0.06460221406850605, 5.296550632060069], "64": [0.0702010646007288, 5.111235712786687], "65": [0.07410521344666031, 4.873302736707796], "66": [0.07310101642959149, 4.579183728034843], "67": [0.06308832807145015, 4.223966240333479], "68": [0.04009451791964942, 3.8027673679055165], "69": [0.003665584449405189, 3.321653078370185], "70": [-0.03770467361962086, 2.8193648006098804], "71": [-0.07055755051150855, 2.353482186332271], "72": [-0.08908612206966522, 1.952182353742205], "73": [-0.09530913366510257, 1.6161128541625482], "74": [-0.09350350328313425, 1.339663868217703], "75": [-0.08762356636388297, 1.1182491995785067], "76": [-0.0806319449712615, 0.9485610816345564], "77": [-0.07446197276304108, 0.8278075804080496], "78": [-0.07021611891976882, 0.7534995897576499], "79": [-0.06843168513178037, 0.7237641588370549], "80": [-0.06929526626944699, 0.7377698006046711], "81": [-0.07273941284117051, 0.7959466505941708], "82": [-0.07839979873891706, 0.8998819442341776], "83": [-0.08544141187964181, 1.051939810097224], "84": [-0.09230095969154314, 1.2548442337159154], "85": [-0.09644776042642467, 1.5116359671139912], "86": [-0.0943148219504455, 1.8262578421597124], "87": [-0.08166586609928386, 2.203984435328964], "88": [-0.055228085414117695, 2.647775583510229], "89": [-0.0172523142273767, 3.1420090094706095], "90": [0.02068735177699371, 3.636136779433164], "91": [0.04686592879335414, 4.079350826662932], "92": [0.05892502660937286, 4.456031234910942], "93": [0.06018197081218551, 4.76941227137207], "94": [0.05493825811379092, 5.024944018462201], "95": [0.046814559762494115, 5.2266223130331895], "96": [0.03838872903839454, 5.377455524378945], "97": [0.031266871250096265, 5.4800806693901185], "98": [0.02631999395102511, 5.536749428972113], "99": [0.02393916947062308, 5.548933660490268]}