{"0": [-3.902610536709448e-05, 3.8822711126065963], "1": [-0.0025894424792299755, 3.865739847516386], "2": [-0.009191250622299682, 3.823980811102184], "3": [-0.020145676289952365, 3.757571097849685], "4": [-0.03580821730127785, 3.6676075472757206], "5": [-0.056387202450068626, 3.555994948924637], "6": [-0.08166879866702306, 3.42586812904179], "7": [-0.11074274427404145, 3.2820215769284693], "8": [-0.14190132908567746, 3.1310116220464845], "9": [-0.17289625545378218, 2.9805529254638086], "10": [-0.20151451372890125, 2.838276858396294], "11": [-0.22613356223722564, 2.7105357263899035], "12": [-0.2459365209444471, 2.6018904494576502], "13": [-0.26078098724985666, 2.5152768808962076], "14": [-0.27091600152955675, 2.452452769504667], "15": [-0.276711707320373, 2.414410154371495], "16": [-0.2784668982671147, 2.401647275652163], "17": [-0.2763001510068045, 2.4143095953837777], "18": [-0.2701145433833408, 2.4522324448518824], "19": [-0.2596306995812227, 2.5148998385985095], "20": [-0.24449266980429007, 2.601306477382084], "21": [-0.22445616628280624, 2.709691715595376], "22": [-0.19965427867953778, 2.8371352712527544], "23": [-0.17087940114957817, 2.979114551975307], "24": [-0.13972310370542784, 3.1293274330050256], "25": [-0.10837918977363376, 3.2801765904034315], "26": [-0.07910151680377517, 3.423943834121781], "27": [-0.053622022058512485, 3.5540406896077377], "28": [-0.032876515833707036, 3.6656385015129636], "29": [-0.017093614882828623, 3.7555834098130187], "30": [-0.006066695247981554, 3.821968313717246], "31": [0.0005683656319098917, 3.8637055146107984], "32": [0.003128279970326474, 3.8802334165856167], "33": [0.0017617334104448616, 3.8713582367781743], "34": [-0.003596270537917618, 3.8371982496223107], "35": [-0.013201596806901273, 3.778212346694821], "36": [-0.027406607946058353, 3.695321859144041], "37": [-0.04648481258745769, 3.5901554107597713], "38": [-0.07037537081692676, 3.465434048081309], "39": [-0.09839716744002096, 3.3254200349227903], "40": [-0.12907584852064252, 3.176157529813645], "41": [-0.16028312750777074, 3.0251025887265017], "42": [-0.1897390042367174, 2.8800287545747594], "43": [-0.21561132622766155, 2.747740197494975], "44": [-0.23684621866616598, 2.6333289788323504], "45": [-0.25312472058611835, 2.540171726038905], "46": [-0.26460575698860433, 2.470331203180726], "47": [-0.271642918983052, 2.424995315508528], "48": [-0.27456762195487994, 2.4047913280533106], "49": [-0.273556790807165, 2.409961780447514], "50": [-0.268576911959253, 2.440433491455488], "51": [-0.25939690932898984, 2.4958011732362553], "52": [-0.24567150117384104, 2.5752207299539887], "53": [-0.22710405538773135, 2.677184509562629], "54": [-0.203691235650108, 2.799156102088844], "55": [-0.17600986196987833, 2.9371211351146287], "56": [-0.14541751960129476, 3.0852940296381144], "57": [-0.11396772955487755, 3.236380254742178], "58": [-0.0839524817863442, 3.3825811900414036], "59": [-0.05729413883840632, 3.5168989989179438], "60": [-0.035162645773917964, 3.63398461336926], "61": [-0.017970727350009784, 3.730235053058476], "62": [-0.0056121612597180865, 3.8034259244754263], "63": [0.0022516459554185863, 3.8522645342746884], "64": [0.005963533682320535, 3.876055489010576], "65": [0.005726661601804914, 3.8745068676431487], "66": [0.00153833676373655, 3.8476477847476445], "67": [-0.0068067921365150014, 3.7958329532444854], "68": [-0.019643929906234998, 3.7198352136916193], "69": [-0.03728734541654103, 3.621051286160413], "70": [-0.05979694693858018, 3.501846744112942], "71": [-0.08669301447772766, 3.36600101061446], "72": [-0.11673299142011692, 3.219043151187141], "73": [-0.14794562969722566, 3.0680895205836944], "74": [-0.17804033317571255, 2.920935171466726], "75": [-0.20501514702271711, 2.784748437144555], "76": [-0.2275871241005487, 2.665127010934826], "77": [-0.24524710311396353, 2.5659025508383335], "78": [-0.2580439241279205, 2.489466612290244], "79": [-0.26629679276593055, 2.43722124188987], "80": [-0.270356652212017, 2.4099325399184246], "81": [-0.270450779530368, 2.4079425999168174], "82": [-0.2666064479700947, 2.4312655887155272], "83": [-0.258644662202412, 2.4795947445606155], "84": [-0.2462428387211287, 2.5522231747175392], "85": [-0.2290739823725272, 2.6478559933352614], "86": [-0.20702871888133428, 2.7642855126277945], "87": [-0.18049692247515503, 2.897954111726509], "88": [-0.15060893073740353, 3.04358494546578], "89": [-0.11924787847408083, 3.194253032769724], "90": [-0.08869052830984288, 3.3421935495148807], "91": [-0.06100741060908727, 3.480091554891924], "92": [-0.037590407938362394, 3.602110962246793], "93": [-0.019047019999717182, 3.7041904341272356], "94": [-0.005390102235918201, 3.7837662389206597], "95": [0.003675880338592009, 3.8393224801635495], "96": [0.0085066358171677, 3.870019681122623], "97": [0.009351348915623912, 3.875464639428695], "98": [0.006266237502788211, 3.855600480255633], "99": [-0.0009009773453761012, 3.81068828252735]}