{"0": [-6.017502712851373e-06, 3.3617212369943665], "1": [-0.00039504235913884905, 3.3533319363745044], "2": [-0.001363965163133707, 3.3324989493217134], "3": [-0.0028636796618287164, 3.3004114995702003], "4": [-0.004813970352601627, 3.25892164221547], "5": [-0.00710402260866811, 3.2104554047268956], "6": [-0.009596725401655225, 3.1578804196722343], "7": [-0.012137744832698711, 3.1043319342331857], "8": [-0.014568391533576398, 3.0530096480316855], "9": [-0.016739548064162384, 3.00696697094826], "10": [-0.01852340446115927, 2.968916895689638], "11": [-0.019820796119101147, 2.9410731827944017], "12": [-0.02056390163119752, 2.925035187071392], "13": [-0.020715819597350013, 2.9217149294598688], "14": [-0.020269266682874626, 2.931300013993303], "15": [-0.01924615041687898, 2.9532465557496046], "16": [-0.017698447022501812, 2.9863006609132827], "17": [-0.015709299472706814, 3.028552221098035], "18": [-0.013392233104658329, 3.077527692949632], "19": [-0.01088642109097413, 3.1303265853302387], "20": [-0.008347182619484894, 3.1837988691031027], "21": [-0.005932881779957199, 3.234749852832811], "22": [-0.0037910739448044767, 3.280150354060063], "23": [-0.0020471160902210076, 3.3173281623622604], "24": [-0.0007972854390852807, 3.3441229428457744], "25": [-0.0001064583540515509, 3.358997272290844], "26": [-8.71121040651537e-06, 3.3611059093650772], "27": [-0.0005085983140919127, 3.3503298685886347], "28": [-0.0015814509244393773, 3.3272808421304445], "29": [-0.0031724116551852927, 3.293276925575516], "30": [-0.005195415473091274, 3.2502854691083622], "31": [-0.0075342673771181855, 3.200826331820981], "32": [-0.01004781640892728, 3.1478312968867894], "33": [-0.012579875214300078, 3.0944633623051234], "34": [-0.014972528838680062, 3.043910351623044], "35": [-0.017079885178369152, 2.999175530122841], "36": [-0.01877910031542077, 2.962888965539389], "37": [-0.019976803247371354, 2.937156598578722], "38": [-0.020611055533517577, 2.923453321477129], "39": [-0.020650593335703883, 2.9225573038047163], "40": [-0.020093588574715472, 2.9345188764295016], "41": [-0.01896748061315911, 2.958658751414487], "42": [-0.017330018530778955, 2.993595129146766], "43": [-0.015270181380614445, 3.03730426436687], "44": [-0.012906788791495484, 3.0872212191486823], "45": [-0.010382881334883139, 3.1403845146369305], "46": [-0.007855395506765154, 3.193620010857721], "47": [-0.005481674211986281, 3.243748604865173], "48": [-0.0034058484073789612, 3.287794612992635], "49": [-0.0017481930223188532, 3.3231714351181405], "50": [-0.0005991572424167514, 3.3478284568323846], "51": [-1.7750068057967856e-05, 3.3603538847845247], "52": [-3.243485853427212e-05, 3.360036887713939], "53": [-0.0006423150101675722, 3.3468958026720683], "54": [-0.0018171703665347213, 3.321677277321345], "55": [-0.0034963504669796113, 3.285826287539361], "56": [-0.005587973079980522, 3.2414220912994365], "57": [-0.007970643033691074, 3.1910734319440666], "58": [-0.010499522019905528, 3.1377698589807124], "59": [-0.013017045081205781, 3.0846948155196223], "60": [-0.015366563070048992, 3.035016840116121], "61": [-0.01740580057840213, 2.9916823970549022], "62": [-0.019017103472139946, 2.9572333298562357], "63": [-0.020112956887901993, 2.9336640306748683], "64": [-0.0206372716120179, 2.922322656985632], "65": [-0.020564373263206176, 2.9238524603648046], "66": [-0.019897882852960253, 2.9381664452567877], "67": [-0.01867081215347618, 2.964450865278608], "68": [-0.016946721667027837, 3.0011981266670777], "69": [-0.014820382997338944, 3.0462743770989587], "70": [-0.012415713681256066, 3.0970283774252363], "71": [-0.009879254309626648, 3.1504441599663586], "72": [-0.00736907621916567, 3.203330827379865], "73": [-0.005041014558624376, 3.252532238461], "74": [-0.0030353983999114485, 3.29513275812377], "75": [-0.0014672133663053428, 3.3286365521263512], "76": [-0.0004210304262296906, 3.351106310705942], "77": [4.997035341604264e-05, 3.361258018927261], "78": [-7.710725537670023e-05, 3.3585162215061626], "79": [-0.0007959168411347317, 3.3430365403487228], "80": [-0.002070643664966175, 3.315699534161121], "81": [-0.003834809735345357, 3.278074825004176], "82": [-0.0059907710044605775, 3.2323499048657225], "83": [-0.008412144871225753, 3.1812171633029207], "84": [-0.010950787352548256, 3.1277173075424214], "85": [-0.013448243955947839, 3.075046832106024], "86": [-0.01574961205430637, 3.026347660588633], "87": [-0.017716595961592172, 2.984503018207254], "88": [-0.019236922237402428, 2.951961513855752], "89": [-0.02022897061362832, 2.9306025502126816], "90": [-0.020642458726784912, 2.921645522753367], "91": [-0.02045725846244162, 2.9255978982566386], "92": [-0.01968244387785548, 2.9422354834164683], "93": [-0.018356644428183307, 2.970611219452962], "94": [-0.016549261640730617, 3.009094077392295], "95": [-0.014360791808727739, 3.055443916856657], "96": [-0.011920021159963904, 3.10692857858063], "97": [-0.009376594899429776, 3.1604843191773955], "98": [-0.006889226576132577, 3.2129109102033095], "99": [-0.004611769736139635, 3.261082451400898]}