{"0": [8.21078535182654e-06, 1.8466051581077756], "1": [0.0005632161238637253, 1.8718704727140416], "2": [0.0021710070426797785, 1.9358502771017305], "3": [0.005339569351479481, 2.0380960026247608], "4": [0.010810654427075603, 2.177716307780524], "5": [0.019404917907532345, 2.3530335813063474], "6": [0.03174388398255543, 2.5609140234992425], "7": [0.04784725560687277, 2.795709139208599], "8": [0.06675009578878188, 3.0482056759238616], "9": [0.08649670998692136, 3.305749275324112], "10": [0.10477768366198166, 3.554487958797058], "11": [0.11984873333685829, 3.782547769325081], "12": [0.1310160292496853, 3.9817387843794787], "13": [0.1384982484215486, 4.147229589623185], "14": [0.14301030201635107, 4.276398405229716], "15": [0.1453843967601011, 4.367857336786741], "16": [0.1463252322306313, 4.420879877049046], "17": [0.14627977159764063, 4.435121080470754], "18": [0.1453799537545602, 4.41049986082626], "19": [0.14342932811311218, 4.347173505698727], "20": [0.13992532285698495, 4.245587378836424], "21": [0.1341305983633329, 4.106627762180492], "22": [0.125226427344925, 3.9319618048394247], "23": [0.11258847859716786, 3.724701224517972], "24": [0.09618734164538725, 3.490453883431333], "25": [0.07697221840830243, 3.2383757881511483], "26": [0.05688425174303606, 2.9810703890855894], "27": [0.03822927871569703, 2.732377256722081], "28": [0.02276071213161659, 2.504201366890571], "29": [0.01118652469149289, 2.304780798606648], "30": [0.0032995735028061306, 2.1389878548600514], "31": [-0.0016086603202059894, 2.0094710824927415], "32": [-0.004368381110894496, 1.9176340635501186], "33": [-0.005685153232383044, 1.864212301256426], "34": [-0.006008438151620515, 1.84955597970256], "35": [-0.00547353274453453, 1.8737492600335315], "36": [-0.003887758890787205, 1.9366366778607642], "37": [-0.000752395047696267, 2.0377741909595595], "38": [0.004666454938720588, 2.176277414432627], "39": [0.013185382270883622, 2.3504838063076243], "40": [0.025429371799349076, 2.5572929804018996], "41": [0.0414329482532554, 2.791120315787953], "42": [0.06025656679441584, 3.042845709475987], "43": [0.07996931361875288, 3.299901795998329], "44": [0.09826964955312197, 3.54846406958338], "45": [0.11340021303797522, 3.776614586358888], "46": [0.12464483076746223, 3.9760882106689563], "47": [0.13220309496572072, 4.141987357424334], "48": [0.13677871244452713, 4.271645865863508], "49": [0.13919972068811395, 4.363649352254759], "50": [0.14017138549515554, 4.417255987530951], "51": [0.14014402204471924, 4.432112015600805], "52": [0.1392544651281774, 4.408131508143872], "53": [0.13731201248117883, 4.345469475132112], "54": [0.13382023285363223, 4.2445705147337485], "55": [0.12804769602546567, 4.106320242467205], "56": [0.11918012129408098, 3.932382353908306], "57": [0.10659395427972078, 3.725856458590603], "58": [0.09025404928191266, 3.4923210341060034], "59": [0.07109629453104796, 3.240881394070678], "60": [0.05104572799008832, 2.984083766617141], "61": [0.032399011536589445, 2.7357354232772924], "62": [0.01691240910735402, 2.5077496769255805], "63": [0.005304397657079601, 2.3083977752101816], "64": [-0.0026210699631011624, 2.142586929225207], "65": [-0.007564511209078363, 2.012991664353547], "66": [-0.010351670649120237, 1.9210322051167668], "67": [-0.011686380794670435, 1.8674539888540822], "68": [-0.012018186445942453, 1.8526126473303104], "69": [-0.011483655683259946, 1.8765945481888966], "70": [-0.009892278117698817, 1.939243753177859], "71": [-0.006748362832844911, 2.040113223250605], "72": [-0.0013219725395908352, 2.17831298928246], "73": [0.007198696472761729, 2.352172475092635], "74": [0.01943371503425826, 2.5585823882551098], "75": [0.03541441754502678, 2.791953481756715], "76": [0.05420264478636799, 3.0431743426715876], "77": [0.07387491184578485, 3.2997050222697917], "78": [0.09213996473143767, 3.5477574837809214], "79": [0.107247596724528, 3.7754403578484186], "80": [0.11848286341085447, 3.9744970343867254], "81": [0.12604225374460365, 4.140026268101405], "82": [0.1306247253570127, 4.269354422796166], "83": [0.13305361970927893, 4.361060416908591], "84": [0.1340302181387382, 4.414397944790141], "85": [0.13400168633674048, 4.42901121456133], "86": [0.13310253526053673, 4.404814764776857], "87": [0.13114067691305747, 4.341966862710192], "88": [0.1276196269243819, 4.240918893759976], "89": [0.12180998593549325, 4.102568328449626], "90": [0.11290261055665715, 3.92859837581101], "91": [0.10028297274346708, 3.7221384728060403], "92": [0.08392795863842342, 3.4888054688928225], "93": [0.06478385809451347, 3.237737542975728], "94": [0.0447768366910903, 2.981482926093281], "95": [0.02619216906628185, 2.733808278922827], "96": [0.010769084799157733, 2.5065658368991874], "97": [-0.0007867655494687318, 2.3079770538417197], "98": [-0.008676241292394579, 2.1429217920117853], "99": [-0.013598341533805494, 2.014063630205419]}