{"0": [-1.1257184254963437e-05, 0.9784553665035484], "1": [-0.0007314645478184532, 1.0047814636837653], "2": [-0.002444821313636682, 1.0721007172277426], "3": [-0.004814957087196517, 1.181590314714276], "4": [-0.007215917298814342, 1.3348629769993665], "5": [-0.008654911335603881, 1.5336519212247193], "6": [-0.007751627108310968, 1.7794444957397735], "7": [-0.0028840579646349637, 2.0728969481804476], "8": [0.007335018652259237, 2.4123953410439216], "9": [0.023110474247330245, 2.7908034654753244], "10": [0.04239572395422487, 3.191310888397106], "11": [0.06113585442123076, 3.5885044922455767], "12": [0.0755759273339106, 3.9583653866254807], "13": [0.0842302123295761, 4.286666066808586], "14": [0.08768680895156118, 4.568077857232535], "15": [0.08746944693273072, 4.8018262043880195], "16": [0.0851895373291459, 4.988895753002546], "17": [0.08215970628233436, 5.130884284019288], "18": [0.07929827515327877, 5.2295161055982895], "19": [0.07717055118725702, 5.286302213777586], "20": [0.07606860396533316, 5.3022471618371], "21": [0.07607406797266425, 5.277647495225374], "22": [0.07707837417787354, 5.212030618746289], "23": [0.07875411629543747, 5.104249609901049], "24": [0.08048684633046373, 4.952712957574168], "25": [0.08129769139751383, 4.755697158917169], "26": [0.07981965043672988, 4.511710538609891], "27": [0.07443566777158726, 4.22006500836865], "28": [0.06374074888072141, 3.882270901049264], "29": [0.04747296642936043, 3.5052174790176327], "30": [0.027593150687660238, 3.1053528710055085], "31": [0.008111525734821877, 2.70790607704678], "32": [-0.0071706692796756535, 2.3371056174599287], "33": [-0.016686002545046253, 2.0075331467042723], "34": [-0.020969354173535175, 1.7247530757746707], "35": [-0.021527078234022147, 1.4896474043541088], "36": [-0.01997392292113199, 1.3012769972726823], "37": [-0.017633822078025798, 1.1580659998895553], "38": [-0.015437286074195387, 1.0582998013119522], "39": [-0.013959624385519573, 1.0004666363105812], "40": [-0.013500093234686612, 0.9835519720316162], "41": [-0.014145326090940278, 1.0072428372918818], "42": [-0.01579066430785153, 1.0719925512311674], "43": [-0.018112649565302435, 1.1789293852529281], "44": [-0.020501677785876395, 1.3296294686641639], "45": [-0.021984846037914618, 1.5258055920521743], "46": [-0.021201303612605346, 1.768944344588421], "47": [-0.016537411900633972, 2.0597390229789445], "48": [-0.006583052071702929, 2.3967117069600934], "49": [0.00894485573975033, 2.773063427787836], "50": [0.02812066117444506, 3.1724918554614385], "51": [0.046956699921282846, 3.5698580462548173], "52": [0.061638064270935815, 3.940866620102248], "53": [0.07056591787407275, 4.270796726843594], "54": [0.07425253730868753, 4.553982822882927], "55": [0.07419549994968934, 4.789491905711852], "56": [0.07200945403723744, 4.978237836307204], "57": [0.0690219573032669, 5.121781053569193], "58": [0.06616789878053342, 5.221825496471813], "59": [0.0640262569635828, 5.279876299694556], "60": [0.06289871626939712, 5.296945375922451], "61": [0.0628730472539992, 5.273346743768915], "62": [0.0638445646205201, 5.208631303867733], "63": [0.06548880061263535, 5.101677748587795], "64": [0.06719443610462023, 4.9509192783358085], "65": [0.06798668459920013, 4.7546545038379495], "66": [0.06650366695452216, 4.511410878125502], "67": [0.061133324042737934, 4.220515423271538], "68": [0.050472241313585166, 3.8834819476281903], "69": [0.03425080584279735, 3.5071707597902675], "70": [0.014409544260277789, 3.1079527708150816], "71": [-0.0050625863724045855, 2.710978472007358], "72": [-0.02036749278604555, 2.3404764941994145], "73": [-0.02992491959450537, 2.0110930025589924], "74": [-0.03425587500455733, 1.7284573048725391], "75": [-0.03485841313639847, 1.4934949774845219], "76": [-0.033344011606438816, 1.3052963807481845], "77": [-0.031036321236940466, 1.1623096525334562], "78": [-0.028866827116117485, 1.0628422502265684], "79": [-0.027411809689951664, 1.0054027878511984], "80": [-0.026970568119357597, 0.9889942752761448], "81": [-0.027628093295386704, 1.0133167420926092], "82": [-0.029275691474306004, 1.0788298720352822], "83": [-0.031582901179594176, 1.1866594846005476], "84": [-0.03393013301475935, 1.3383689411854636], "85": [-0.03533291827255709, 1.5356474195408185], "86": [-0.0344213031687454, 1.7799442908259482], "87": [-0.029583206868345906, 2.0718862186346234], "88": [-0.019434072732640348, 2.40985424095383], "89": [-0.003752551937533835, 2.7867743807162424], "90": [0.015456479087426821, 3.1859951264629687], "91": [0.03418023726882392, 3.5822585064543033], "92": [0.04866845823946529, 3.951538530635662], "93": [0.05740878753477619, 4.279474834827078], "94": [0.06096152240280575, 4.560608726822579], "95": [0.06083405771243632, 4.794079083388092], "96": [0.05863153640229742, 4.980811885051208], "97": [0.055666216626152815, 5.122357035942906], "98": [0.05285848017791176, 5.2203948047090725], "99": [0.0507756088741262, 5.276395633030609]}