{"0": [7.405589973066071e-05, 5.481834550138872], "1": [0.004810396411342827, 5.449703714295295], "2": [0.016071549604643527, 5.36846922827902], "3": [0.031719504100974454, 5.2390403331021504], "4": [0.04808863643057191, 5.062522665539142], "5": [0.05988289621286049, 4.838980033795681], "6": [0.0600109934219263, 4.56516928527592], "7": [0.039015354496054616, 4.230994927942382], "8": [-0.015890610842016435, 3.814432682229451], "9": [-0.1159435775171471, 3.289369800686527], "10": [-0.23227556605399302, 2.724144234485658], "11": [-0.30859659765926417, 2.2559141128712525], "12": [-0.3427390063768763, 1.8874562159297261], "13": [-0.34922417186820354, 1.5894525282127205], "14": [-0.3393705817361729, 1.3461526529743757], "15": [-0.32142349431788564, 1.1513654953305121], "16": [-0.30154761711999406, 1.0038364695941342], "17": [-0.28420955445431517, 0.9044048764615165], "18": [-0.27229711123857125, 0.8542802468110646], "19": [-0.26722830083904353, 0.8542200358567029], "20": [-0.2690552997098197, 0.9042963854695197], "21": [-0.27645887657912827, 1.0038772737332953], "22": [-0.2866340947954138, 1.151825287519766], "23": [-0.29517967174647736, 1.3473020439658754], "24": [-0.29600097814173754, 1.5914929611532473], "25": [-0.28099241830197935, 1.890409826346642], "26": [-0.2392047923652085, 2.2592264162072193], "27": [-0.15701049451123017, 2.725359950185677], "28": [-0.036680244509310386, 3.284970572633133], "29": [0.06736383178576692, 3.8045505554291754], "30": [0.1257091554996089, 4.214494520058092], "31": [0.14985506785420516, 4.541068980427592], "32": [0.15285558274113564, 4.80639155051697], "33": [0.14422043399502993, 5.0204433581010655], "34": [0.13098711964678458, 5.186378735361458], "35": [0.11835753946495883, 5.304078066672662], "36": [0.10989744790881632, 5.372349134592204], "37": [0.10762211960946685, 5.390169591365286], "38": [0.11208440241937383, 5.357194476525846], "39": [0.12240466963286965, 5.2738629327698625], "40": [0.13620267721811607, 5.141241407379335], "41": [0.14950401318778123, 4.960352393140015], "42": [0.15665942416630702, 4.730667264844781], "43": [0.15010658064169266, 4.447589965572047], "44": [0.11967395371851791, 4.098550750038863], "45": [0.052141920025161825, 3.6588183543105526], "46": [-0.057069505964563866, 3.1169656404769026], "47": [-0.1632342087023376, 2.5825492606933085], "48": [-0.2253798721482347, 2.154941263565821], "49": [-0.25077785222464183, 1.8166996528073787], "50": [-0.2529621279032915, 1.5433736597747758], "51": [-0.24199746611464112, 1.3231653310815956], "52": [-0.22528294196378915, 1.1519511950377048], "53": [-0.20829352571057455, 1.0294151928918138], "54": [-0.1948333395843478, 0.95664940086792], "55": [-0.18711754909261497, 0.9347373078961536], "56": [-0.18583832923962978, 0.9641003799574942], "57": [-0.19019114766450818, 1.0443307117178766], "58": [-0.19782637815359594, 1.1743731782399958], "59": [-0.20477809332722183, 1.3532493020090521], "60": [-0.2053890552522135, 1.5815976892580896], "61": [-0.1920618760876269, 1.86421244044855], "62": [-0.15456497183765022, 2.213960122151965], "63": [-0.07981914108411425, 2.655468453493022], "64": [0.03494365068746852, 3.195637597109156], "65": [0.14345783113513938, 3.7203789909206733], "66": [0.2083742726012843, 4.138891770681768], "67": [0.2378151537898951, 4.469942269032595], "68": [0.24496554419060645, 4.7367281100385785], "69": [0.2396218277421269, 4.950301156306802], "70": [0.2289877084168182, 5.114423941755522], "71": [0.2183593491514563, 5.229278158416399], "72": [0.21135552059812748, 5.293773672193671], "73": [0.20998686415831055, 5.306909343659704], "74": [0.2147018293025596, 5.268401301795309], "75": [0.2243946417138955, 5.1788097697832365], "76": [0.23636172406091377, 5.039229893866091], "77": [0.24624902133958793, 4.850352113989172], "78": [0.2479588807173937, 4.610674255412534], "79": [0.23330461895828342, 4.313655853692073], "80": [0.19124719526525946, 3.9434762049328964], "81": [0.10916224403037389, 3.4746125243603516], "82": [-0.004354632710345302, 2.927462828748633], "83": [-0.09532147374170817, 2.4363126602449015], "84": [-0.14338801378510704, 2.049873707108465], "85": [-0.16054419895241145, 1.7426497769609064], "86": [-0.1588668207786053, 1.4957188259115886], "87": [-0.14719654056458403, 1.3008071729024056], "88": [-0.1320507848554742, 1.1555499164327012], "89": [-0.11813009554897644, 1.060311616832362], "90": [-0.10846872024598504, 1.0162073864178844], "91": [-0.10448051117227287, 1.0239868519490654], "92": [-0.10598284607118612, 1.0835818598452651], "93": [-0.11118366303810127, 1.1941559807523527], "94": [-0.11664345072784471, 1.354700668651408], "95": [-0.1172252853185742, 1.5653747469983936], "96": [-0.10591416959595709, 1.8297638699038103], "97": [-0.07326399378270076, 2.158369882695782], "98": [-0.006929071022202592, 2.572616123018649], "99": [0.10011900531860192, 3.0879631812968356]}