{"0": [-1.3857052327305181e-05, 4.450228619311], "1": [-0.0009456020602952257, 4.429797563903828], "2": [-0.0036025172191087693, 4.377963593787509], "3": [-0.008744669312514181, 4.294794449951667], "4": [-0.01753977784112298, 4.180402437955056], "5": [-0.03143641546156789, 4.035029205858935], "6": [-0.051903524712286035, 3.8593501001570205], "7": [-0.07994056546212544, 3.6552404001101446], "8": [-0.11530439451822821, 3.4271982934806866], "9": [-0.15572238351985448, 3.183937393019682], "10": [-0.19696297624711012, 2.9382735847256014], "11": [-0.23440214922147187, 2.7038270928451738], "12": [-0.2649580413691593, 2.490948880424009], "13": [-0.287722484987323, 2.305463413668417], "14": [-0.30336011157933007, 2.149939320307356], "15": [-0.31325982863720586, 2.025314771913964], "16": [-0.3189351380160693, 1.9318987353453505], "17": [-0.32169161643909217, 1.869807900605366], "18": [-0.3224616326751487, 1.8391053069324104], "19": [-0.3217285089226962, 1.8398222386651657], "20": [-0.3194977090310942, 1.8719519003394207], "21": [-0.3152973118974856, 1.9354477900867755], "22": [-0.30820807654150595, 2.0302263328730485], "23": [-0.296941338790065, 2.1561397735648518], "24": [-0.28000717456842283, 2.312829602687919], "25": [-0.2560493181816951, 2.499279505366489], "26": [-0.2244428476719055, 2.7128095420460387], "27": [-0.18613109119337143, 2.947470805858761], "28": [-0.1442090646332835, 3.192829740766544], "29": [-0.10328701156046369, 3.435275807989809], "30": [-0.0675672227673191, 3.6620874975158877], "31": [-0.039288555416834806, 3.864678083448762], "32": [-0.01866337892263507, 4.038660701738071], "33": [-0.004669720814284444, 4.1822374906742334], "34": [0.004174957751247912, 4.294781315393685], "35": [0.009326493492793835, 4.376080440692628], "36": [0.011956650667100057, 4.4260426257521415], "37": [0.012828652029995629, 4.4446154121075985], "38": [0.012242490028199113, 4.431780965157979], "39": [0.010018294749652051, 4.387562130122505], "40": [0.005507374504666648, 4.3120209407250645], "41": [-0.0023621625587971055, 4.205261798059195], "42": [-0.014978693612667814, 4.06749131508235], "43": [-0.03382468645213203, 3.8992559587956896], "44": [-0.06004971313074063, 3.702077054168764], "45": [-0.09376231310651971, 3.479716446143093], "46": [-0.1332013994501151, 3.239822230090712], "47": [-0.17452470225854572, 2.9943969514627886], "48": [-0.21304696154793343, 2.7572022047495883], "49": [-0.24524336193056778, 2.539525820281491], "50": [-0.26973580558724064, 2.3481639830330137], "51": [-0.28689632346749405, 2.1862903598896453], "52": [-0.2979965706595965, 2.0551229034171983], "53": [-0.30454420530936493, 1.955075199270684], "54": [-0.307898864080241, 1.886297683124892], "55": [-0.3090768706198723, 1.8488660086703468], "56": [-0.3086595025703344, 1.8428206758186019], "57": [-0.30675559581352113, 1.8681637773157636], "58": [-0.30299615201473723, 1.9248555899788493], "59": [-0.29655757525087834, 2.012817091592212], "60": [-0.28622765086507956, 2.131912459305502], "61": [-0.27055070672674036, 2.281836145118248], "62": [-0.24812040044018746, 2.461745630431113], "63": [-0.21811547025621641, 2.6693915995185495], "64": [-0.1810989780176958, 2.8996170930715746], "65": [-0.13971430742183275, 3.1429319289316817], "66": [-0.09835859940399552, 3.386166915223566], "67": [-0.06144680051069569, 3.6161411228286306], "68": [-0.03165232084665575, 3.8233568342654354], "69": [-0.009550691991055982, 4.0026801916653065], "70": [0.005686122199725694, 4.151903118956802], "71": [0.015480372924759402, 4.27022341775067], "72": [0.021306125335035866, 4.357367276855601], "73": [0.02439434562052768, 4.4132219726371344], "74": [0.02558759230596517, 4.437725338035496], "75": [0.025274328086823537, 4.430851183028227], "76": [0.023366005490568897, 4.392614960158298], "77": [0.019302959841755507, 4.323073874241843], "78": [0.0120927604849873, 4.222327864227646], "79": [0.000403397563554403, 4.090564657496772], "80": [-0.017240267307840746, 3.928254486688618], "81": [-0.04207431974506383, 3.736694617701939], "82": [-0.07444197311236755, 3.5191489780131313], "83": [-0.11296154293724883, 3.2824752455351693], "84": [-0.15413832607959851, 3.0379493364697168], "85": [-0.19332736651283602, 2.799257420222958], "86": [-0.2267095565351884, 2.5783143499658143], "87": [-0.25253221433543366, 2.3826947070286737], "88": [-0.27090880239837717, 2.2161039933466253], "89": [-0.28299327311848615, 2.0800231450771642], "90": [-0.29027154213501133, 1.974970579315784], "91": [-0.2941348921317299, 1.9011327698291673], "92": [-0.29565858654853683, 1.8585984986323247], "93": [-0.29549605729128997, 1.8474163224526687], "94": [-0.2938339763049712, 1.8675955664992674], "95": [-0.2903821087289958, 1.9191020592774148], "96": [-0.2843917078699512, 2.001859936464388], "97": [-0.2747135678341664, 2.115739193312812], "98": [-0.25992797230073605, 2.2604632380830316], "99": [-0.23860901750423102, 2.435293392318582]}