{"0": [1.3819193279766394e-05, 5.08551431019703], "1": [0.0008880407756646804, 5.061973144736469], "2": [0.0028755970326592275, 5.002076956667128], "3": [0.005338061792471062, 4.9054957044114245], "4": [0.007190086363781239, 4.77174944138932], "5": [0.006868081086870162, 4.600224369443534], "6": [0.0023674582282385125, 4.3901854301350625], "7": [-0.008557447137697606, 4.140973129711266], "8": [-0.0278581083552336, 3.8529233673835295], "9": [-0.056077745338524575, 3.529929195517149], "10": [-0.09080141214780943, 3.1836121517972695], "11": [-0.1263180063087719, 2.8345299110861744], "12": [-0.156392708267684, 2.5046168923401333], "13": [-0.17766805249948497, 2.207890879304546], "14": [-0.19008179228994668, 1.949691720656302], "15": [-0.19538232245428624, 1.730831449144889], "16": [-0.19583392990008275, 1.5507049554202348], "17": [-0.19355179665723946, 1.40853029250536], "18": [-0.19023824284794044, 1.3036508761421908], "19": [-0.1871164321403938, 1.235559627281082], "20": [-0.18495088363435852, 1.2039023994969016], "21": [-0.1840916282164386, 1.208506495238626], "22": [-0.1845034040579642, 1.2494056727946625], "23": [-0.1857616094549581, 1.326833820197708], "24": [-0.18701748841239513, 1.4411912885162914], "25": [-0.18695580865460923, 1.593015738486342], "26": [-0.18378906329577943, 1.7829766379683918], "27": [-0.17535948826143136, 2.0118114590739404], "28": [-0.15947518714813017, 2.2798688172674293], "29": [-0.13470060667510086, 2.5855029786169714], "30": [-0.10176435711241046, 2.9215389713337383], "31": [-0.06482513787899528, 3.27164576132237], "32": [-0.030333609338401894, 3.613240042552592], "33": [-0.0033694036167934223, 3.9275906854195495], "34": [0.014458413984229406, 4.205337107543562], "35": [0.024170258471202435, 4.443863086809859], "36": [0.02787948489559759, 4.643286861328249], "37": [0.027823379799694188, 4.804362581885611], "38": [0.02592746179037677, 4.927811689622476], "39": [0.023656716945285778, 5.014208315432467], "40": [0.02200124453703217, 5.063979608769419], "41": [0.021513762085184924, 5.077389108889893], "42": [0.02234923117560281, 5.054506102931275], "43": [0.024278170100003164, 4.995194881417857], "44": [0.026665732567570634, 4.899137155539742], "45": [0.0284295870624193, 4.76586722209365], "46": [0.02801027169843496, 4.594787477266215], "47": [0.0234102758536252, 4.3851831075775705], "48": [0.012396111884479278, 4.13642512605161], "49": [-0.006964270417705696, 3.8489000139020195], "50": [-0.035188897653543015, 3.526574085439266], "51": [-0.06984701280382875, 3.1811275812080773], "52": [-0.1052479622436454, 2.833083777628305], "53": [-0.13520857683263302, 2.5042573730266615], "54": [-0.1564110632600407, 2.2085781318952815], "55": [-0.16880311585735325, 1.951372066966223], "56": [-0.17412561347885205, 1.7334732833883928], "57": [-0.1746301555920467, 1.5543034686737722], "58": [-0.17241934687369484, 1.4131031746681575], "59": [-0.16918451542616117, 1.3092343716091719], "60": [-0.16613926060892908, 1.2422062687400737], "61": [-0.16403893321646482, 1.2116790153284593], "62": [-0.16322326836774168, 1.2174909256572881], "63": [-0.16364400173324165, 1.2596816428790127], "64": [-0.16485976379966027, 1.3384848283079671], "65": [-0.16600144051402405, 1.454295436562496], "66": [-0.16573207645610724, 1.6076429321254946], "67": [-0.16224639311635017, 1.7991855043613858], "68": [-0.15338323166931556, 2.0296328751762713], "69": [-0.1369814351042879, 2.2992435096157005], "70": [-0.11170226844951173, 2.6061230533121664], "71": [-0.07845544088847095, 2.9426104497730017], "72": [-0.04157745229880891, 3.2918715435947856], "73": [-0.007502942384714064, 3.63134816753069], "74": [0.018898480121140274, 3.942866027632219], "75": [0.03621577651933527, 4.2175702439572245], "76": [0.045560158991196434, 4.453062998415525], "77": [0.049058408148298864, 4.6495042468763685], "78": [0.04892592473337549, 4.8076306002632245], "79": [0.0470543800155671, 4.92813646676587], "80": [0.04487337417578952, 5.011571168729187], "81": [0.043339771544124286, 5.058338843010447], "82": [0.04297500878144964, 5.06868104768172], "83": [0.04390227074984509, 5.042648086495709], "84": [0.04585667297392693, 4.980091475559593], "85": [0.04816227731329947, 4.880687760573196], "86": [0.04969083641194235, 4.743971418744867], "87": [0.048837919557229735, 4.569347369210146], "88": [0.04357552026785693, 4.356114576193925], "89": [0.03168146829502573, 4.103718689813074], "90": [0.011327907489249488, 3.812816865721027], "91": [-0.017741283931402424, 3.488054102665242], "92": [-0.05271114007881568, 3.142156960609458], "93": [-0.08768602339694406, 2.796231161974064], "94": [-0.116712958857826, 2.471469907330573], "95": [-0.13688697408071496, 2.180708698705329], "96": [-0.14842651342303637, 1.9285944237870074], "97": [-0.15316561772232745, 1.7157307735003158], "98": [-0.15334933542560722, 1.5415128997379017], "99": [-0.15103254841029906, 1.4052100637576201]}