{"0": [5.635236190511733e-06, 2.96630851313894], "1": [0.00037000418093007675, 2.972371812209281], "2": [0.0012780521038768067, 2.987456466805865], "3": [0.0026857780390286547, 3.0107747635645543], "4": [0.004522822453866162, 3.0411003225378286], "5": [0.006693958119053374, 3.076824509036649], "6": [0.009082776823059944, 3.1160367861010774], "7": [0.011558054098792814, 3.156627438874618], "8": [0.013982412069266547, 3.1964070038785812], "9": [0.016222044058488636, 3.2332328819562557], "10": [0.01815584195224983, 3.2651317639508246], "11": [0.019682502603697933, 3.290407567248711], "12": [0.020724957635836518, 3.307728040050871], "13": [0.02123237909702941, 3.3161874138912677], "14": [0.021180641555243955, 3.3153457481656052], "15": [0.02057223541888806, 3.3052469522603825], "16": [0.01943624566494112, 3.2864169446276685], "17": [0.01782834769405989, 3.259841823405797], "18": [0.015830132106333758, 3.2269244351076147], "19": [0.013546750167776702, 3.189417460789314], "20": [0.011102062729753752, 3.149332805650787], "21": [0.00863116211962522, 3.108830577316842], "22": [0.006271051363122708, 3.0700951564034313], "23": [0.004150976889338947, 3.0352090248331747], "24": [0.002384051994195681, 3.0060356141455142], "25": [0.0010613030191106234, 2.9841201673428484], "26": [0.00024838449332622046, 2.9706135816265853], "27": [-1.5619606113765783e-05, 2.966220217378644], "28": [0.0002816930589007511, 2.971168184123496], "29": [0.0011261407917377362, 2.985200154663205], "30": [0.002476923754702097, 3.0075838797080485], "31": [0.004266809494014471, 3.0371432660207036], "32": [0.006403421327224498, 3.072311955404635], "33": [0.008772621477443263, 3.11121080669508], "34": [0.011244554861125218, 3.151748137847469], "35": [0.013682085863439943, 3.1917375777678374], "36": [0.015950479458747665, 3.2290243958622673], "37": [0.017926685342891813, 3.26160901331278], "38": [0.019506739491927962, 3.287757117052482], "39": [0.020610518844348724, 3.3060890406093217], "40": [0.02118399997526044, 3.3156453060744546], "41": [0.021199851579453415, 3.3159286703971724], "42": [0.020657370302321027, 3.306924607938683], "43": [0.0195824400443006, 3.289101828070465], "44": [0.018027551187444826, 3.2633929116547673], "45": [0.01607125696575317, 3.2311535876866397], "46": [0.013816072651448729, 3.1940987082098222], "47": [0.011383948729151886, 3.1542143996144243], "48": [0.008909085626211883, 3.113649186363494], "49": [0.0065287660778250356, 3.0745911020376027], "50": [0.004373640405944895, 3.03914118598687], "51": [0.0025591208335698323, 3.0091947142904485], "52": [0.0011791052429576223, 2.9863395553647334], "53": [0.00030238885385485624, 2.971777134875816], "54": [-2.8735923318973702e-05, 2.9662674157099116], "55": [0.00020133193390712095, 2.9700965956104337], "56": [0.000981605688375397, 2.983065530459729], "57": [0.002274487483801593, 3.0044978679685324], "58": [0.004015888500040443, 3.0332685609065875], "59": [0.00611632991179574, 3.067854636746512], "60": [0.008464031260246764, 3.1064097954625542], "61": [0.010930629653587036, 3.146862095867678], "62": [0.013379373505023577, 3.1870300964577747], "63": [0.015674735656666595, 3.2247487349081885], "64": [0.017691832037518892, 3.2579937685787894], "65": [0.019324106963806403, 3.284993957998589], "66": [0.020488415049169185, 3.3043231795656673], "67": [0.02112754542316182, 3.314968863479209], "68": [0.0212109597981295, 3.3163767715007975], "69": [0.020734761061762422, 3.308473964074129], "70": [0.019721633770132054, 3.291671677390974], "71": [0.018220877442681166, 3.266848402622985], "72": [0.01630797953380734, 3.2353118395292433], "73": [0.014082755056956667, 3.198737749350478], "74": [0.011665140162936087, 3.15908490605896], "75": [0.009188309515414684, 3.1184884670357316], "76": [0.006789683131419092, 3.0791382774006406], "77": [0.004601189006111378, 3.0431522026782307], "78": [0.0027404465454876183, 3.0124558810382807], "79": [0.0013041732107518997, 2.9886786528953317], "80": [0.00036428514955164185, 2.9730716674020887], "81": [-3.371907138688504e-05, 2.9664500128656743], "82": [0.00012896162755370036, 2.969157795726031], "83": [0.0008445341467355388, 2.9810541578064123], "84": [0.002078602588657085, 3.0015190396480933], "85": [0.003770235603154313, 3.0294791582764447], "86": [0.005832895167682603, 3.063455993415425], "87": [0.008157240160582979, 3.1016374933408235], "88": [0.010616519000680011, 3.141973139755605], "89": [0.013074504803793687, 3.182288250442763], "90": [0.015395016436583664, 3.2204092439343737], "91": [0.017451448662899553, 3.2542888493619917], "92": [0.0191347281863399, 3.2821202444014603], "93": [0.02035872355673295, 3.3024318476914396], "94": [0.02106304658497328, 3.3141586543862473], "95": [0.02121395129524852, 3.316689773918392], "96": [0.020804346445829423, 3.3098939077074037], "97": [0.019853719088316884, 3.2941245898210965], "98": [0.018408173682056987, 3.270205688207836], "99": [0.016540107014658266, 3.239396003916694]}