{"0": [1.2353204544525432e-05, 1.9843981204156387], "1": [0.0008437735156888631, 2.0202360792806586], "2": [0.0032155467950307653, 2.1107061662611564], "3": [0.007757297215763897, 2.2543134341193047], "4": [0.015250511343050853, 2.4479302639727027], "5": [0.026210760789676664, 2.6853705078258967], "6": [0.04029700871347458, 2.955200753238603], "7": [0.055922951433457393, 3.2393984207765913], "8": [0.07071329656014239, 3.5159483830682565], "9": [0.08270720148177052, 3.764997674204762], "10": [0.09115706009070058, 3.973018713059608], "11": [0.0963661931270948, 4.132439605637848], "12": [0.09909796214302889, 4.239411639837735], "13": [0.10008171136037151, 4.292071160546926], "14": [0.09973619519267309, 4.289668910492387], "15": [0.09805803921221773, 4.232253768907335], "16": [0.09462472938377324, 4.120688920971166], "17": [0.08871363722483327, 3.9570059300219587], "18": [0.0795889027979825, 3.745325703734507], "19": [0.06700332046671353, 3.4936374733161295], "20": [0.051777750781387424, 3.215966938866829], "21": [0.0359199256977221, 2.932482666047323], "22": [0.021785100093877425, 2.6650734916278456], "23": [0.010889851440927082, 2.4312949225587372], "24": [0.00350718144479476, 2.2420895111249943], "25": [-0.0009173448276193481, 2.103295539061651], "26": [-0.0031772301774569546, 2.017827312456857], "27": [-0.0038989185981142135, 1.9870447449882194], "28": [-0.003338992317194339, 2.0113646175736584], "29": [-0.001321585382282215, 2.0904309044779046], "30": [0.002715781213709278, 2.2229774234120607], "31": [0.009544320656587545, 2.406286036091514], "32": [0.019772902610222003, 2.6349461670489522], "33": [0.033280341223357456, 2.8987780849100084], "34": [0.04873723556537327, 3.181093690962831], "35": [0.06385396714997592, 3.460308364379712], "36": [0.07649938814121271, 3.715697247962533], "37": [0.0856657778859066, 3.9323656442855155], "38": [0.09148210760305253, 4.101689885883716], "39": [0.09465874333408399, 4.219220242183702], "40": [0.09595565932391546, 4.282773279765609], "41": [0.0958645866876889, 4.29140736314888], "42": [0.09446939891600897, 4.24501858292189], "43": [0.09142783093813513, 4.144297022148156], "44": [0.08606471192062588, 3.9910027100379932], "45": [0.07762000892617132, 3.788747355225128], "46": [0.06570780587896342, 3.544591569728033], "47": [0.05090558417602494, 3.2712425485527175], "48": [0.03501640304315217, 2.98782037871889], "49": [0.02041680230515124, 2.716327387871213], "50": [0.008846302887214594, 2.4754650696627514], "51": [0.00080653475322897, 2.2774182652502133], "52": [-0.0041382833797790775, 2.128849054162064], "53": [-0.00676798141295277, 2.033118992207834], "54": [-0.007758319608557961, 1.991832883954624], "55": [-0.007443683746937795, 2.005569773499388], "56": [-0.0057313909226810135, 2.074121488520955], "57": [-0.002126685820017543, 2.196414468792725], "58": [0.004118573039839686, 2.3700622819448895], "59": [0.013676401147579792, 2.590284767360473], "60": [0.026605478116046542, 2.847970670526197], "61": [0.04181779981308186, 3.1277006746480693], "62": [0.057146998285808596, 3.408515131666272], "63": [0.07034669178052784, 3.669098672401316], "64": [0.08017212518165866, 3.8933229119322226], "65": [0.08657102072445855, 4.0715182798906975], "66": [0.09018479744199145, 4.198611347381522], "67": [0.09178919189675848, 4.272086241681581], "68": [0.09193708578217075, 4.2908083550855025], "69": [0.09079096098196979, 4.254529963871061], "70": [0.0880846315078935, 4.163789696457546], "71": [0.08319438842551678, 4.02012326802793], "72": [0.07535399718913596, 3.8267306104214227], "73": [0.06407304830768837, 3.589906357575243], "74": [0.04971975484302762, 3.3211970647924467], "75": [0.033889003315085535, 3.038648227994652], "76": [0.01893089133585431, 2.7641318950931626], "77": [0.00676481858275047, 2.517271708189353], "78": [-0.001888396995016107, 2.3114224873985307], "79": [-0.007335241494263864, 2.1540773340134716], "80": [-0.010327264667510393, 2.0490603005831396], "81": [-0.01157667308845771, 1.9982261472541865], "82": [-0.011485415405981985, 2.0023120132163847], "83": [-0.01003689937521047, 2.061244412857088], "84": [-0.006802278388129828, 2.174113831421624], "85": [-0.0010644884566661746, 2.3388045333580796], "86": [0.007888445471665239, 2.5510485313470546], "87": [0.020259340842650467, 2.8026338916916833], "88": [0.035178567729646906, 3.079305027282402], "89": [0.05062449972790495, 3.360840976098402], "90": [0.06428418941993107, 3.6255841374610203], "91": [0.07470471884249573, 3.8563297707809574], "92": [0.0816528546153823, 4.042395989396336], "93": [0.08568928605886292, 4.17807648178166], "94": [0.08759246912385135, 4.260514999889411], "95": [0.08796517776269593, 4.288384459056594], "96": [0.08703961446241312, 4.261301291065009], "97": [0.08462023535187084, 4.179670392432415], "98": [0.08013578806498481, 4.044840512939958], "99": [0.07282636252218185, 3.859677352765867]}