{"0": [-1.3642504448628932e-05, 0.8262377583563997], "1": [-0.0008924079505136329, 0.8500410406599933], "2": [-0.003040648488251537, 0.9110422325493015], "3": [-0.006205525351367995, 1.0106506468026024], "4": [-0.00988415488338419, 1.1508670880873115], "5": [-0.013213927898391462, 1.3339812239239], "6": [-0.014879653830298023, 1.5622667015947809], "7": [-0.013125152027158535, 1.8376764251845645], "8": [-0.006016893394557535, 2.1611829681029184], "9": [0.00781317349424647, 2.5306948359862105], "10": [0.027810081501417293, 2.9363548597046134], "11": [0.05038085661674823, 3.356115802276567], "12": [0.0702441549558318, 3.76112217179428], "13": [0.0838020520857984, 4.129494259789618], "14": [0.09051280098630776, 4.451608222650583], "15": [0.09176889018962212, 4.7255542803823385], "16": [0.08952650165643686, 4.952405847447022], "17": [0.0855601263390029, 5.134155663122919], "18": [0.08120033998848007, 5.27307720251473], "19": [0.07732312456629861, 5.371434442835557], "20": [0.07444284671548973, 5.431187548063305], "21": [0.07282192451292488, 5.453697945232388], "22": [0.0725515293186919, 5.439511333324135], "23": [0.07358466592158369, 5.3882690098675425], "24": [0.07571680590404381, 5.298763563605715], "25": [0.07851670439301182, 5.169130787617726], "26": [0.08122147508123695, 4.997138311269223], "27": [0.08263370987496985, 4.780496004722153], "28": [0.08109655316590664, 4.517148690630025], "29": [0.07467696105300906, 4.205781671841615], "30": [0.06176548870384984, 3.847412986980995], "31": [0.04229699693087638, 3.4494359117100197], "32": [0.01910336532124322, 3.03083138867573], "33": [-0.0026624618904728804, 2.619966131767232], "34": [-0.018733502048146083, 2.2414686350537947], "35": [-0.02785944493446018, 1.907776854114606], "36": [-0.031097666195280597, 1.6221824978266144], "37": [-0.030355647491078323, 1.3840836419019793], "38": [-0.027489229135899747, 1.191638580850766], "39": [-0.02394536172593177, 1.0426264925076525], "40": [-0.020705664119289008, 0.9347697015966826], "41": [-0.018363349200124113, 0.8660199004046676], "42": [-0.0172338850531073, 0.8348595414953256], "43": [-0.01744484445090821, 0.8405431913711078], "44": [-0.018980896246564197, 0.8832187751184555], "45": [-0.021676621865770646, 0.9639054420464406], "46": [-0.025158120199776833, 1.0843307255661148], "47": [-0.028744200919435855, 1.246658523680233], "48": [-0.03133861059385104, 1.4531770910760151], "49": [-0.03137973103973433, 1.706007101172446], "50": [-0.02696424195481669, 2.0066872669554776], "51": [-0.01633473780130848, 2.3549315625325735], "52": [0.0010374605563008275, 2.745195302246412], "53": [0.023008128010294362, 3.1612571491472177], "54": [0.044719705298097, 3.575930330755584], "55": [0.06143645424134182, 3.962640876252017], "56": [0.07124159102478471, 4.3062849892475885], "57": [0.07482166671329218, 4.602082083560203], "58": [0.07399658094442257, 4.850092911237402], "59": [0.07067590328407815, 5.051987450513943], "60": [0.06640576991292668, 5.209924775702158], "61": [0.062264222267270256, 5.32617899701783], "62": [0.058919173155622305, 5.402858580704382], "63": [0.05673723197419928, 5.441603432799659], "64": [0.055880388696974974, 5.443325203590395], "65": [0.05636107942661514, 5.408058603595732], "66": [0.05804565716676203, 5.334954140405129], "67": [0.06060577470100183, 5.222414421218813], "68": [0.0634260806630585, 5.068348860640997], "69": [0.06549480406110716, 4.8704839460694105], "70": [0.06533608670329265, 4.626658465762391], "71": [0.06108972539197081, 4.335185288592968], "72": [0.050912585580611694, 3.9958511658958247], "73": [0.033939090397652506, 3.6128441243033027], "74": [0.011733463891925072, 3.200067041517459], "75": [-0.011219194659505886, 2.783207051465536], "76": [-0.02989459911026137, 2.3900506812968656], "77": [-0.04178918439539918, 2.0380662213486045], "78": [-0.04721149721202534, 1.733536336331367], "79": [-0.04786698934292952, 1.476984074248517], "80": [-0.04569466078330632, 1.2669261196429547], "81": [-0.042321922317356625, 1.1012701654435828], "82": [-0.0389117734329922, 0.9777569546794462], "83": [-0.03620039508211015, 0.8942396999435064], "84": [-0.03460205114027752, 0.8489854942256071], "85": [-0.03431054098660845, 0.8409481671680311], "86": [-0.03536253231497851, 0.8699394126833941], "87": [-0.037650098913639754, 0.9366610855205889], "88": [-0.04088064003664851, 1.0425921899707746], "89": [-0.044490814893464396, 1.1897507214469796], "90": [-0.04753740139181219, 1.3803873567483933], "91": [-0.04861798660876541, 1.6166862856418978], "92": [-0.045918688792987834, 1.9004330160095344], "93": [-0.03755051418228195, 2.232180668171065], "94": [-0.022408858542112872, 2.608718918676645], "95": [-0.001593439836400499, 3.017995537539866], "96": [0.020791504324168122, 3.435859203006352], "97": [0.03957398650653157, 3.833889100507739], "98": [0.051764791928803774, 4.1926463530225435], "99": [0.057314600791326546, 4.5044299315347045]}