{"0": [-2.7027845774020478e-05, 3.6408539704028287], "1": [-0.0017839062163989717, 3.6292421613624595], "2": [-0.006245406951435647, 3.6000556707103435], "3": [-0.013402370027789046, 3.554068288931872], "4": [-0.023193289277828155, 3.4925828845406786], "5": [-0.035445763457246246, 3.417502839506919], "6": [-0.04981760943833414, 3.331392218547633], "7": [-0.06576189647358131, 3.2374781391515937], "8": [-0.08254123948015586, 3.139544888280966], "9": [-0.0993022836142737, 3.041698253616516], "10": [-0.11519264733111301, 2.948038914197666], "11": [-0.12947774847349416, 2.8623367175375782], "12": [-0.1416149468865301, 2.7877972977020673], "13": [-0.1512673376448994, 2.7269589881937204], "14": [-0.15826827538044594, 2.681697601357686], "15": [-0.16256211992035527, 2.6532881326552924], "16": [-0.16414552974062674, 2.6424768371596845], "17": [-0.16302545456073889, 2.649534856495807], "18": [-0.1592019896024417, 2.6742802207938685], "19": [-0.15267869770627454, 2.716064458680702], "20": [-0.1434988024479331, 2.773726217071404], "21": [-0.1318006385700081, 2.845522445109683], "22": [-0.1178783941661543, 2.9290617069729246], "23": [-0.10222567045906604, 3.021282140241677], "24": [-0.0855356423284216, 3.1185258995479694], "25": [-0.06864155708646684, 3.216742593802555], "26": [-0.05240738673997847, 3.3117996770147107], "27": [-0.03760654976848935, 3.3998179012613527], "28": [-0.024834053147826676, 3.477434294849357], "29": [-0.014477395259879547, 3.541938317890021], "30": [-0.006741583578032864, 3.591290296160266], "31": [-0.0017047896002982785, 3.6240693933411294], "32": [0.0006209942608630672, 3.639400835001636], "33": [0.00024269688632318816, 3.636895910444773], "34": [-0.0028377140897183294, 3.616621317394558], "35": [-0.008619921847338808, 3.5791035220302723], "36": [-0.01707529414691893, 3.5253672805403875], "37": [-0.028095408941903564, 3.457000299422793], "38": [-0.041430933882321434, 3.376223645221035], "39": [-0.05664127497107414, 3.2859298812269566], "40": [-0.07308117520000505, 3.1896376147455032], "41": [-0.08994469097798932, 3.091321513625609], "42": [-0.10636441399370664, 2.995123600243999], "43": [-0.12153408438479685, 2.905014773232469], "44": [-0.1348084008710272, 2.8245060066321415], "45": [-0.14574771841248632, 2.7564785337238753], "46": [-0.15410505801717678, 2.7031390316781083], "47": [-0.15977574912575776, 2.6660586827681723], "48": [-0.1627360302856303, 2.646244461891831], "49": [-0.16299119735383344, 2.644204431768773], "50": [-0.16054524866476483, 2.6599866682153426], "51": [-0.1553971781110713, 2.6931839422348336], "52": [-0.1475644201044906, 2.7429035077686383], "53": [-0.13712961516556885, 2.8077078483977007], "54": [-0.1243007865761079, 2.8855430060721177], "55": [-0.10946671223533617, 2.973687830185238], "56": [-0.09322209567533432, 3.0687734086065026], "57": [-0.0763391279096699, 3.1669194921437076], "58": [-0.059680476436061836, 3.2639970027802603], "59": [-0.044078484985234506, 3.355962758866953], "60": [-0.030225643958632243, 3.4391693145885522], "61": [-0.01861448938550693, 3.5105679940818235], "62": [-0.009537211510788166, 3.567782839471116], "63": [-0.00312897351943968, 3.6090879336158523], "64": [0.0005712954090718949, 3.6333400939646023], "65": [0.0015652354450901135, 3.639909596670157], "66": [-0.0001414239827462467, 3.6286334998558516], "67": [-0.004549530016976818, 3.5998019971081114], "68": [-0.01164979284165741, 3.554180006029829], "69": [-0.021381329781693624, 3.4930600154602316], "70": [-0.03357359474480885, 3.4183328947878753], "71": [-0.04788767767766508, 3.332547970896487], "72": [-0.06378100839136129, 3.2389163123965004], "73": [-0.08052071989863224, 3.141206967175874], "74": [-0.09725687129342968, 3.0435140795328], "75": [-0.11313839532926141, 2.9499324703685366], "76": [-0.12742972776877606, 2.864232380141999], "77": [-0.13958559004218402, 2.789624768240675], "78": [-0.14926582259834645, 2.7286560690069694], "79": [-0.15630083843447687, 2.6832110461781635], "80": [-0.16063291444574176, 2.6545733360693458], "81": [-0.16225762839604677, 2.6434971208890063], "82": [-0.16118169226392257, 2.6502608803999985], "83": [-0.1574054508637616, 2.6746898326253854], "84": [-0.1509327289711047, 2.7161431679243857], "85": [-0.141806494826047, 2.7734683884847446], "86": [-0.1301638202312786, 2.8449331584479878], "87": [-0.11629633226465412, 2.928158927838274], "88": [-0.10069389562873313, 3.020098408395072], "89": [-0.08404545205887747, 3.1171084217088874], "90": [-0.06718062461507747, 3.2151508770817916], "91": [-0.05096142495260663, 3.310100839395052], "92": [-0.036161423796982485, 3.398080973403776], "93": [-0.023377537631611586, 3.475725232939532], "94": [-0.013000061195622284, 3.5403168118330064], "95": [-0.005236778314053504, 3.5898084436814948], "96": [-0.00016799871548420545, 3.6227716567739336], "97": [0.0021930340432500957, 3.6383245726107294], "98": [0.0018528298285785643, 3.6360719395725205], "99": [-0.0011864934520720715, 3.6160741692138147]}