{"0": [-7.298885926188716e-06, 1.300776422497563], "1": [-0.00046369523078385565, 1.3242305462290354], "2": [-0.0014493258688407268, 1.3838932574560292], "3": [-0.002492030317116401, 1.4800526569552905], "4": [-0.0028027087768832527, 1.6130724878955764], "5": [-0.0012753852583106723, 1.7832699129428273], "6": [0.0034433032730859705, 1.9907102306683397], "7": [0.012741562794920787, 2.2347495037754537], "8": [0.02759434555787896, 2.512986655018528], "9": [0.04785187734245147, 2.8193634062997144], "10": [0.0715805178635416, 3.1422238225096617], "11": [0.09529920009830019, 3.465046418938497], "12": [0.11550524518421455, 3.771286893328302], "13": [0.13022622816024718, 4.04926422608055], "14": [0.13929052947775333, 4.292935448815173], "15": [0.14367244895197462, 4.49993935697244], "16": [0.14477144476168077, 4.669669727883013], "17": [0.14395690127182356, 4.8022158684878455], "18": [0.14235222277633416, 4.897904503359851], "19": [0.14076387828079412, 4.957097900088028], "20": [0.13968070335006394, 4.980076064658148], "21": [0.13929411736772365, 4.9669582574467315], "22": [0.13951036365926653, 4.917669928393021], "23": [0.1399437230894983, 4.831964156066603], "24": [0.13989670162665088, 4.709492429015705], "25": [0.13835071048510023, 4.54991457054217], "26": [0.134010138204744, 4.353070856035818], "27": [0.12546604789145344, 4.119342056680066], "28": [0.11156934277076207, 3.850491862508175], "29": [0.09207707231188815, 3.5513342200142706], "30": [0.06839000872359918, 3.231855478604956], "31": [0.043657877592794644, 2.907539361539889], "32": [0.021560090365508565, 2.5955087720266237], "33": [0.004581179956049354, 2.309064613026499], "34": [-0.006648592893866009, 2.0556850242379983], "35": [-0.012861382539815043, 1.8385410248278544], "36": [-0.015392972600217816, 1.6585949865188545], "37": [-0.01564876779705072, 1.5158946643785618], "38": [-0.01483064703833231, 1.4101588052749767], "39": [-0.013834052239049714, 1.3410261395863081], "40": [-0.013233318604801153, 1.3081882521251946], "41": [-0.013299445145942699, 1.3114783071528902], "42": [-0.014016146634815783, 1.3509176739931679], "43": [-0.015078383533877263, 1.4267094734468289], "44": [-0.01587473452493612, 1.5391801308314406], "45": [-0.015472280150022739, 1.6886800157901138], "46": [-0.012641386693495904, 1.8754343381313476], "47": [-0.0059798593036439075, 2.0992538150522853], "48": [0.005778959191433683, 2.358857872761268], "49": [0.023192017439407325, 2.6504442510590063], "50": [0.04534921104538761, 2.9655632340319316], "51": [0.06950722462432611, 3.2900072090235266], "52": [0.09195574022910903, 3.606538306954106], "53": [0.10977357666838448, 3.900465745182191], "54": [0.12185512125731024, 4.162823501352551], "55": [0.12864584452954758, 4.389514356204666], "56": [0.13138243208448197, 4.579145262430676], "57": [0.13148494728347168, 4.731497447027007], "58": [0.13022243337677428, 4.846791469782789], "59": [0.12857381448563052, 4.925377756463941], "60": [0.1271959972419441, 4.967584547245688], "61": [0.12643685368036045, 4.973619525113315], "62": [0.12635370084910402, 4.943511257507062], "63": [0.12671687172383578, 4.877101430336736], "64": [0.12699533865882817, 4.77409070948727], "65": [0.12633853949564589, 4.634128223046288], "66": [0.12358679212776486, 4.4569441519109825], "67": [0.11736368707979065, 4.2425880876997235], "68": [0.10632886560011202, 3.9919755885175907], "69": [0.08968098043743568, 3.7080993323849185], "70": [0.06789667599940137, 3.398049772231398], "71": [0.04327866728672922, 3.07465092225358], "72": [0.01944169288679877, 2.754851957543428], "73": [-0.00035113950578762325, 2.454439556391372], "74": [-0.014523483836048678, 2.183857494208667], "75": [-0.023197567918646866, 1.9482283729623822], "76": [-0.02747648114574352, 1.7494523408804898], "77": [-0.028772627623079923, 1.5879564434270235], "78": [-0.028409706122079534, 1.4635970774929705], "79": [-0.027443662197176824, 1.3760441176087739], "80": [-0.02661050905883196, 1.3249575647323275], "81": [-0.026332237801966352, 1.3100957290632875], "82": [-0.02673623590157566, 1.3313842248937375], "83": [-0.02766334840343183, 1.3889369163139536], "84": [-0.0286573525351096, 1.483022631743856], "85": [-0.028945772405545928, 1.6139853881593251], "86": [-0.027439845303806398, 1.7821242968249191], "87": [-0.022801586790901815, 1.987491902532323], "88": [-0.013650154808573059, 2.2294483706684174], "89": [0.0010013137489122026, 2.5056422347352476], "90": [0.021047305786322745, 2.8101516801980355], "91": [0.04462763561604337, 3.131541267810346], "92": [0.06832245098598075, 3.4534678759283897], "93": [0.08863025830306366, 3.7593740796928916], "94": [0.10352898313754687, 4.037410926813013], "95": [0.11279131942242519, 4.2813567509981185], "96": [0.11735470321081985, 4.488730103560144], "97": [0.1186013413088088, 4.6588561642982445], "98": [0.11789622844339555, 4.791784288484192], "99": [0.11636502050864489, 4.8878151400841]}