{"0": [1.0724614748928332e-05, 5.18695906231114], "1": [0.0006873072206176322, 5.151666995470963], "2": [0.002202039441132306, 5.061478835238247], "3": [0.003970349276627955, 4.9150210116070525], "4": [0.0049425299505080995, 4.710572123272449], "5": [0.003570088673634756, 4.446599155685052], "6": [-0.0019991942757755466, 4.122698900348547], "7": [-0.013218655327555055, 3.7422219004004074], "8": [-0.029735185426589032, 3.3183418388516452], "9": [-0.04820605826381485, 2.8797463628786697], "10": [-0.06382340892121448, 2.4626585736503577], "11": [-0.07375128849423446, 2.09287548675183], "12": [-0.07808304041432156, 1.7810177281501116], "13": [-0.07844698955515478, 1.5292500137981957], "14": [-0.07669654033664895, 1.3367566537942912], "15": [-0.07431733711900668, 1.2018990293793388], "16": [-0.0722899772025741, 1.1230034877767647], "17": [-0.07114296080266025, 1.0988510532500047], "18": [-0.07103653097779536, 1.1290354888708056], "19": [-0.07179658027052392, 1.2140885820897713], "20": [-0.07287557985433642, 1.3553176973440768], "21": [-0.07326803460542963, 1.5544168196230113], "22": [-0.07146755788774602, 1.8129437837402675], "23": [-0.06563328834429237, 2.1314438750546], "24": [-0.05423605439935306, 2.507049686183427], "25": [-0.037411497640447294, 2.9277186556467045], "26": [-0.018248331656674565, 3.366072542290545], "27": [-0.0015575524248166827, 3.7858460511013385], "28": [0.009572566826298605, 4.159914558376973], "29": [0.015024631240762133, 4.476558871498343], "30": [0.016353226330413546, 4.733140769414644], "31": [0.01542111290196479, 4.930319420369818], "32": [0.013752807568711953, 5.069685048967254], "33": [0.012369921945922848, 5.152912464312175], "34": [0.011834644097690347, 5.18126075559883], "35": [0.01233417285995226, 5.1552029514222015], "36": [0.013719705827463896, 5.074279927215262], "37": [0.01547279845162644, 4.937241410161227], "38": [0.016622768258557068, 4.742421042086615], "39": [0.01569750052170328, 4.488248983915456], "40": [0.010868867493275878, 4.174083068785378], "41": [0.0005560433461085192, 3.802444859842124], "42": [-0.015267725231791415, 3.3845298559184265], "43": [-0.03372027547513689, 2.9466528954790476], "44": [-0.05001104831932332, 2.5249944817270533], "45": [-0.06086146247604849, 2.1476854375305985], "46": [-0.06598025154699846, 1.827350785631753], "47": [-0.06685583806124568, 1.567036689686456], "48": [-0.06535429435979194, 1.3662228906183809], "49": [-0.06302941818969854, 1.2233649499616062], "50": [-0.060935061074312694, 1.136793199712729], "51": [-0.05966017167136162, 1.1052223134900228], "52": [-0.059413087962279426, 1.1281303799777518], "53": [-0.06006420749641484, 1.2059204691683232], "54": [-0.061116580109873045, 1.3397962207401546], "55": [-0.06162520467389193, 1.5313980110014807], "56": [-0.060143922964787114, 1.7822978362764827], "57": [-0.054856391115555465, 2.0931981051365924], "58": [-0.04414891498726087, 2.4618088131323232], "59": [-0.027881363695882053, 2.877527059694996], "60": [-0.008781309062935493, 3.3148319726855657], "61": [0.008389958359689169, 3.737677423855282], "62": [0.020221218842885334, 4.117226826655598], "63": [0.02628969434145454, 4.440169117981341], "64": [0.028030107582463472, 4.703135783397196], "65": [0.0273079912166238, 4.906533104827247], "66": [0.02569738397719149, 5.051864967883681], "67": [0.024275439982536562, 5.140791431663872], "68": [0.023650624294376844, 5.1746117480675276], "69": [0.024046421527301742, 5.153879682802421], "70": [0.025346391893514505, 5.078231550588819], "71": [0.02706775042695431, 4.946499023215491], "72": [0.02828227923168972, 4.7570647595279105], "73": [0.0275612162530804, 4.5083624409025616], "74": [0.023097551388859418, 4.199660452943912], "75": [0.0132597870497958, 3.833115867705791], "76": [-0.0021612991895077643, 3.418970586487667], "77": [-0.020538767790149032, 2.9822313957748463], "78": [-0.03713885875855222, 2.558816091495573], "79": [-0.04847096864655925, 2.177988417066283], "80": [-0.05402670056004887, 1.8535079568403146], "81": [-0.05520324436876744, 1.5889644998648462], "82": [-0.053863522378851246, 1.3840348305197352], "83": [-0.0515932887921903, 1.2372482956832498], "84": [-0.049483997420093746, 1.1469575472657494], "85": [-0.04815616362839288, 1.1118605087634104], "86": [-0.04784227855026853, 1.131387803198498], "87": [-0.04843304435365709, 1.2058802562546649], "88": [-0.04945267460890371, 1.3364826452591985], "89": [-0.049981014516592225, 1.524793006299819], "90": [-0.0485980508654989, 1.7723653576807108], "91": [-0.04350280926732171, 2.0799327799913216], "92": [-0.03305877739591003, 2.4453820386831087], "93": [-0.017028714445318907, 2.858616024788523], "94": [0.0020065812050755836, 3.2948592817187436], "95": [0.019332632431952154, 3.718281983925482], "96": [0.03142919830984753, 4.099454292459023], "97": [0.03775000891222878, 4.424415122384347], "98": [0.039673251028200046, 4.689464481413248], "99": [0.0390583903134683, 4.89487751490803]}