{"0": [6.145311085695768e-06, 3.0575325806362947], "1": [0.00040251642916982127, 3.0614508796287425], "2": [0.0013817609061418815, 3.071126170597242], "3": [0.002875099582635703, 3.085868718927878], "4": [0.004776601709326914, 3.1046237777803545], "5": [0.006949909247367659, 3.1260442235793757], "6": [0.009237813747481241, 3.1485866084914615], "7": [0.011474143473281665, 3.1706242418808626], "8": [0.013496746173169791, 3.1905678680131513], "9": [0.015159989150517198, 3.2069829412898745], "10": [0.016345355506864605, 3.2186931953469284], "11": [0.016969301917097297, 3.2248628115518954], "12": [0.01698822698677658, 3.22505277802151], "13": [0.016400830230027804, 3.2192496769064443], "14": [0.015248163641243205, 3.207866514958518], "15": [0.013611397416190786, 3.191715617718799], "16": [0.011607024590848324, 3.1719539648569426], "17": [0.009379211365067041, 3.1500026053064802], "18": [0.007089391021597478, 3.1274443267437215], "19": [0.004903869515788408, 3.105907016599285], "20": [0.002980822077627696, 3.0869428634968714], "21": [0.0014582676391840287, 3.0719144287798517], "22": [0.0004442891549785177, 3.0618972204279906], "23": [1.0108436894274402e-05, 3.057605420373639], "24": [0.00018598900661450493, 3.059344212740764], "25": [0.0009596356252162361, 3.0669898951918535], "26": [0.0022768565191604085, 3.079997960191366], "27": [0.004044575192694237, 3.097439057805347], "28": [0.006136513929103935, 3.118062192905315], "29": [0.008401761197078623, 3.1403828414906485], "30": [0.010675928452165149, 3.1627907996103], "31": [0.012793908430506484, 3.183669334385387], "32": [0.014602733716834569, 3.2015149649694457], "33": [0.015972996323909663, 3.215047053716457], "34": [0.01680774933146738, 3.223298412871352], "35": [0.017048504957331994, 3.225681339849768], "36": [0.016678497497125855, 3.222026492668676], "37": [0.015723550891437166, 3.212593867255036], "38": [0.014250693180921791, 3.198055811270317], "39": [0.012364331630201984, 3.1794522611417286], "40": [0.010199656280399184, 3.15811923762177], "41": [0.007913183180613658, 3.1355937215587857], "42": [0.00567094867224599, 3.1135011507902193], "43": [0.003635543578554057, 3.093434857858792], "44": [0.0019535598470553804, 3.0768384228409698], "45": [0.0007448883474736837, 3.064901321578989], "46": [9.473315861622048e-05, 3.0584757031468035], "47": [4.852024803375311e-05, 3.058018844670887], "48": [0.0006094311756583576, 3.063563137065871], "49": [0.0017382529039724186, 3.074714021942264], "50": [0.00335550706153498, 3.09067586837495], "51": [0.0053461248085759526, 3.1103054408925606], "52": [0.00756696817347786, 3.1321914026133117], "53": [0.009857124893567243, 3.154755813389702], "54": [0.012050239892318442, 3.1763703291252567], "55": [0.013987524654874413, 3.195477042640365], "56": [0.015529855711867298, 3.210702927399121], "57": [0.01656767076778893, 3.220958149075826], "58": [0.017028022521269903, 3.2255114477783375], "59": [0.01687879401234362, 3.224039015900457], "60": [0.01613040222554674, 3.216645617169891], "61": [0.01483523487860273, 3.203857737734704], "62": [0.013084748223259142, 3.1865888473035393], "63": [0.011003908290344835, 3.166077373801416], "64": [0.008742749686800071, 3.1437996054626303], "65": [0.00646531785636157, 3.12136256334816], "66": [0.004336953054811694, 3.1003851419011688], "67": [0.0025114030794392583, 3.082378128934196], "68": [0.0011193136457037169, 3.0686339667588136], "69": [0.00025920312939786396, 3.060135172563882], "70": [-8.662500646667028e-06, 3.057487151337167], "71": [0.0003343543860949304, 3.0608781016958972], "72": [0.0012642953578248742, 3.0700668067203907], "73": [0.002715890445577727, 3.0843983886337574], "74": [0.004586268282135016, 3.10284785716405], "75": [0.006741424967803231, 3.1240904773481666], "76": [0.009025559789819592, 3.146595953659393], "77": [0.011272797200736498, 3.168740336602627], "78": [0.013320132530378077, 3.1889264479211805], "79": [0.015020035742058235, 3.20570187910664], "80": [0.016251257858476274, 3.217864110282787], "81": [0.01692694427169748, 3.224544777778767], "82": [0.016999849591262748, 3.225268401813522], "83": [0.016464911895061895, 3.219983626836339], "84": [0.015359501601485434, 3.2090665169308155], "85": [0.013761396641259646, 3.1932959083524897], "86": [0.011784227403518196, 3.1738011407228037], "87": [0.009570083790810997, 3.151983643038412], "88": [0.007279333017367488, 3.1294162819001152], "89": [0.005078353747912539, 3.107727621569101], "90": [0.003126523923079899, 3.088481062631325], "91": [0.001564051958712963, 3.0730599023467966], "92": [0.0005019654471363378, 3.0625681510843084], "93": [1.4928654078695506e-05, 3.0577540476187965], "94": [0.00013690829247398813, 3.0589599776742644], "95": [0.0008593662854669462, 3.066100125011943], "96": [0.002131724128181549, 3.0786660881367265], "97": [0.0038641561687587063, 3.0957603945044596], "98": [0.005933024157947174, 3.1161573502132334], "99": [0.008189191808346052, 3.1383891100651664]}