{"0": [1.6149762813811206e-05, 2.685702176442469], "1": [0.001064996725866291, 2.695784179446638], "2": [0.0037201183600555814, 2.721102295911907], "3": [0.007956560216979184, 2.760933725702355], "4": [0.01371469207319455, 2.814097744649562], "5": [0.020876902586568866, 2.878937425413204], "6": [0.029245648707432414, 2.9533159068546553], "7": [0.03853176837164029, 3.034646579628915], "8": [0.048361067722559534, 3.1199745904628218], "9": [0.05830224658676512, 3.206115182690844], "10": [0.0679111237329855, 3.289834496284329], "11": [0.07677880306414471, 3.368040320433409], "12": [0.08456952077310627, 3.437945663644096], "13": [0.09103875483671384, 3.4971801841128283], "14": [0.09603049875935062, 3.5438451241389695], "15": [0.09945958628466489, 3.576524310165622], "16": [0.1012879678071029, 3.594270737646501], "17": [0.10150325597815947, 3.596586626170828], "18": [0.10010543612345445, 3.5834092094715553], "19": [0.09710482487410299, 3.555108450781891], "20": [0.09253170332717323, 3.5124974773271287], "21": [0.08645544229939103, 3.4568512931985547], "22": [0.07900817006647608, 3.389923501806814], "23": [0.07040537904052728, 3.3139447998763263], "24": [0.06095447382441973, 3.2315836293334743], "25": [0.05104390938757986, 3.1458531408477297], "26": [0.04111132101554758, 3.059962525162281], "27": [0.031597379609494256, 2.977131280896172], "28": [0.022898650714205618, 2.9004012002331776], "29": [0.01533322690527604, 2.83248195740205], "30": [0.00912699238117149, 2.7756513690533], "31": [0.004419976172868631, 2.731710665428901], "32": [0.0012859636524598147, 2.7019799795457358], "33": [-0.00024364946263348997, 2.6873143252886207], "34": [-0.00015967599825690668, 2.688123145284399], "35": [0.0015360422745055047, 2.704382423318167], "36": [0.00483027971272771, 2.7356343106256236], "37": [0.009686630558467454, 2.7809745077643027], "38": [0.016024995190460183, 2.8390329541570543], "39": [0.023697862130325875, 2.907959329945527], "40": [0.03247141949831755, 2.9854306173852607], "41": [0.04202045700198308, 3.068700286861609], "42": [0.0519435744972291, 3.154702964539219], "43": [0.06179871592019294, 3.2402126585200595], "44": [0.07115067352641474, 3.3220319595251984], "45": [0.07961662478996613, 3.397175810755377], "46": [0.08689669681175408, 3.463015894760367], "47": [0.09278336034998458, 3.517368695633032], "48": [0.09715174179579025, 3.558530658826433], "49": [0.09993845104255918, 3.585277035063085], "50": [0.10111792088648948, 3.596844029385156], "51": [0.10068371397080005, 3.5929100907573286], "52": [0.09863955391488843, 3.573586095392499], "53": [0.0950020718768113, 3.5394183658211853], "54": [0.08981465536925992, 3.4914032470478147], "55": [0.08316912567800905, 3.4310065452301384], "56": [0.0752291749238603, 3.3601750891690845], "57": [0.06624716202766609, 3.2813222925035395], "58": [0.056565483496497426, 3.1972685343670633], "59": [0.04659701246150018, 3.1111249245148], "60": [0.03678625130024775, 3.026126463458637], "61": [0.027561056768298793, 2.945440908768339], "62": [0.01928925366580646, 2.8719906740687025], "63": [0.012252126722597689, 2.8083191575286652], "64": [0.006639270507516398, 2.756514186408885], "65": [0.0025612889388373764, 2.7181817173301015], "66": [7.215411732718917e-05, 2.694451843868885], "67": [-0.0008076310609695139, 2.685997875871412], "68": [-7.40194485760498e-05, 2.6930538227443592], "69": [0.0022672594385589025, 2.7154217603800044], "70": [0.0061955867651676605, 2.7524662211022988], "71": [0.01165968606149161, 2.8030979318437184], "72": [0.01855503052761423, 2.8657547689947296], "73": [0.02670103470921105, 2.938393885563825], "74": [0.03582671992298354, 3.0185138347561153], "75": [0.04557330664068141, 3.1032251191017712], "76": [0.055518062989691544, 3.189377755055111], "77": [0.06521605011940455, 3.273735621199671], "78": [0.07424856183943122, 3.353167947932321], "79": [0.08226385712653601, 3.4248204339826533], "80": [0.08899943185050017, 3.486237692601944], "81": [0.09428308171662747, 3.5354286143551374], "82": [0.09801753841719377, 3.5708845698900156], "83": [0.1001572914415929, 3.5915693480427824], "84": [0.10068620709921443, 3.5968994438795314], "85": [0.09960236305269181, 3.5867281422384805], "86": [0.09691371669077706, 3.5613407114821727], "87": [0.09264553723150593, 3.5214625081637907], "88": [0.08685793740733887, 3.4682766037215895], "89": [0.07966910991590222, 3.403441862219055], "90": [0.07127714567331257, 3.3290963396548676], "91": [0.06197155031650741, 3.2478266925247814], "92": [0.05212650138411089, 3.162586320091089], "93": [0.04217285024911284, 3.0765568879731506], "94": [0.03255395261952623, 2.992967722164391], "95": [0.023677674293086915, 2.9149055502612082], "96": [0.015878762942050192, 2.8451515526467133], "97": [0.00940091933938734, 2.786070470209755], "98": [0.004399611715686748, 2.7395559928877273], "99": [0.0009597401081399695, 2.707019853926673]}