{"0": [-3.505556734807405e-05, 4.397480612785413], "1": [-0.002384593763615203, 4.375760129620275], "2": [-0.009020815108040668, 4.320441772419727], "3": [-0.02173454527905072, 4.230932370851604], "4": [-0.04342152330058183, 4.105972872829572], "5": [-0.07802351907921949, 3.943334555728722], "6": [-0.13015842178039266, 3.7399007185292943], "7": [-0.2034858998295716, 3.4937715720160543], "8": [-0.2957471539362923, 3.2121758243814353], "9": [-0.3927434808594467, 2.921918905773103], "10": [-0.47593516274079034, 2.6569927360637147], "11": [-0.537394973227744, 2.4337064578754477], "12": [-0.5788472763833475, 2.2529827201222474], "13": [-0.6049064938357726, 2.1116147287212006], "14": [-0.6200047580033753, 2.006767719406834], "15": [-0.6276037278397115, 1.9366841387777525], "16": [-0.6300568824358, 1.9004486488761836], "17": [-0.6286024622645104, 1.8976761545011158], "18": [-0.6233702041859893, 1.9283243720978707], "19": [-0.6133844291757918, 1.9926733994220367], "20": [-0.596564532023024, 2.0914727108059696], "21": [-0.5697373991892271, 2.22621929360406], "22": [-0.5287487202498985, 2.3994081347002325], "23": [-0.46905986067198746, 2.6141011891890202], "24": [-0.3881151325658457, 2.8705718058857514], "25": [-0.2913035496727441, 3.156513895264098], "26": [-0.19553203263774652, 3.440569136713419], "27": [-0.11703111010743188, 3.692597870385122], "28": [-0.060186377028004265, 3.902028623005839], "29": [-0.021958290281261814, 4.069893893748299], "30": [0.0023126115557122965, 4.19941809056204], "31": [0.016759125255130267, 4.293082512927652], "32": [0.02448381473311159, 4.3523477231556935], "33": [0.027480151093551213, 4.377940055697423], "34": [0.026632056798715376, 4.370127991323486], "35": [0.02171924068602067, 4.328856649681715], "36": [0.011419271578625911, 4.253714447580365], "37": [-0.006689807592418138, 4.143741077289322], "38": [-0.036097463635263026, 3.9971390295811036], "39": [-0.08114881997188803, 3.8111507660044825], "40": [-0.14604904510755068, 3.5831296188576713], "41": [-0.23140763458715136, 3.3157972226887695], "42": [-0.32773872078163596, 3.0282095334196915], "43": [-0.41658913443408246, 2.7543358252594796], "44": [-0.4855949112112952, 2.5178847820043506], "45": [-0.5337167330956647, 2.3240972743384227], "46": [-0.5649040046860623, 2.1706448347800995], "47": [-0.5836919816144651, 2.0544990814707944], "48": [-0.5938381992271794, 1.973576083471446], "49": [-0.5980316190702264, 1.926714472209636], "50": [-0.5978542159252381, 1.9133741597507814], "51": [-0.5937838643052151, 1.9334093437147373], "52": [-0.5851982573696001, 1.9869955887881543], "53": [-0.5703767596416864, 2.0747226028945973], "54": [-0.5465097165130631, 2.1978289029370868], "55": [-0.509773453636514, 2.3584668334264016], "56": [-0.45573820952141697, 2.5595423800144745], "57": [-0.3810584109521741, 2.8024881890420685], "58": [-0.2883356965135428, 3.0794706949711323], "59": [-0.19154026963223258, 3.3639570966175993], "60": [-0.10833167924766579, 3.6233063361178552], "61": [-0.046196424208310716, 3.8418455581198505], "62": [-0.003506096942448557, 4.018474326227735], "63": [0.02414539795588524, 4.156124087963683], "64": [0.04100847809249929, 4.257456829150131], "65": [0.050394910489206905, 4.324143317849034], "66": [0.05452818110479125, 4.357059409139461], "67": [0.05452894241940102, 4.356567587550379], "68": [0.05041877945448371, 4.322681524079358], "69": [0.04112305820088233, 4.25506989649276], "70": [0.024474604618210237, 4.152901907366526], "71": [-0.0027590059257260996, 4.0145845412950205], "72": [-0.04470617951318635, 3.8376017043125574], "73": [-0.1055986168056818, 3.6192753777641986], "74": [-0.1869316187056624, 3.360970406321433], "75": [-0.28139929144724063, 3.078202613454136], "76": [-0.37167660305239647, 2.8031393224146877], "77": [-0.4437795744722509, 2.562267829677476], "78": [-0.4950308669826905, 2.3634708810674345], "79": [-0.5287922787122388, 2.2052625250353017], "80": [-0.5495202826046778, 2.0846771557945214], "81": [-0.5610468045365756, 1.999519723000212], "82": [-0.5661755688344912, 1.9485191096606], "83": [-0.5666153678615836, 1.9310597569836836], "84": [-0.5629771769741697, 1.9469483413400128], "85": [-0.554777532845858, 1.9963228928162071], "86": [-0.5404413552832563, 2.0797232174415243], "87": [-0.5173129897261138, 2.198301966672968], "88": [-0.4817290253253443, 2.354073188095384], "89": [-0.4293942175902394, 2.5497845155017957], "90": [-0.35691522206538384, 2.7869346476913166], "91": [-0.26626814890240236, 3.0586644229267113], "92": [-0.1702947577379912, 3.3402575076240693], "93": [-0.08648186170555297, 3.5992775293088464], "94": [-0.023129139240387977, 3.8186606343093885], "95": [0.020804976488417972, 3.9963862499563194], "96": [0.049512094948917194, 4.135105617253978], "97": [0.06718875459694953, 4.237447295752444], "98": [0.07714613980838879, 4.305110390476089], "99": [0.08162554554964503, 4.339003356265182]}