{"0": [-3.367578109217336e-05, 3.6191354807988048], "1": [-0.0022220094389059164, 3.597571138790229], "2": [-0.007768882115496339, 3.543849516374408], "3": [-0.016587977371869803, 3.4607830796484125], "4": [-0.028348691880784344, 3.3533309898759454], "5": [-0.042298111152888646, 3.2289362589479613], "6": [-0.05721917126111144, 3.0973287369704865], "7": [-0.0716408209986503, 2.9693979455712323], "8": [-0.08421904446941804, 2.8554430024848516], "9": [-0.09403194316559352, 2.763743133731181], "10": [-0.10062284103642533, 2.700055959614003], "11": [-0.10385160814061135, 2.6678360773103758], "12": [-0.1037086926920562, 2.6686506312223517], "13": [-0.10020105497492011, 2.7024464388053073], "14": [-0.09335270032439887, 2.767548208402831], "15": [-0.08331919641991777, 2.8603904397073334], "16": [-0.07057241023943206, 2.9751088598962494], "17": [-0.05604608819073918, 3.1033399704911817], "18": [-0.04108930332936605, 3.2347462963793836], "19": [-0.02716986518639561, 3.358459581383046], "20": [-0.015494606720872318, 3.4648237991017625], "21": [-0.006802339747045767, 3.5465002821413836], "22": [-0.0014087603829372442, 3.598643250646878], "23": [0.0006139928427462143, 3.6185514974957393], "24": [-0.0007300786289871095, 3.6052833827786825], "25": [-0.005434041867801466, 3.559485136066913], "26": [-0.013442805722508996, 3.4834976778290954], "27": [-0.02450437754729897, 3.381700988827345], "28": [-0.03798356953690102, 3.260898213456179], "29": [-0.052771884167499186, 3.13030119184973], "30": [-0.06743214923784345, 3.0006440397855205], "31": [-0.08055618921390778, 2.882517610985278], "32": [-0.09110391230665515, 2.784777655305481], "33": [-0.0985114867973421, 2.7138036600975917], "34": [-0.10257726752229027, 2.6735838775019007], "35": [-0.10327290699919171, 2.6661219319178326], "36": [-0.10060571744465885, 2.6917575526987734], "37": [-0.09458940480387623, 2.7492349205994375], "38": [-0.08533195320133313, 2.835496228461218], "39": [-0.07320948359215357, 2.9452879863023274], "40": [-0.05903463311164161, 3.0708651725615823], "41": [-0.04406976313899767, 3.2022943808665403], "42": [-0.029786750408528677, 3.32869058727634], "43": [-0.01748400190950699, 3.4399734066513226], "44": [-0.008020253705146424, 3.528189816905395], "45": [-0.0018024344524397238, 3.5879009015276555], "46": [0.0010539057313129515, 3.615914621207312], "47": [0.0005444545195709091, 3.6108790661852215], "48": [-0.0033240789261134696, 3.5730477464815964], "49": [-0.010518231965680481, 3.50431709307153], "50": [-0.020851477360510157, 3.408520953531658], "51": [-0.0337981627196255, 3.2918336513738184], "52": [-0.048365386496746564, 3.1629025976786904], "53": [-0.06317247175708232, 3.0322020812230863], "54": [-0.07677021127306322, 2.9105078119252488], "55": [-0.08800887166099389, 2.8071978790375365], "56": [-0.09621133185204013, 2.7292727823840504], "57": [-0.1011029874120004, 2.6812747797335854], "58": [-0.1026279762092688, 2.6656598065512744], "59": [-0.10079175165541673, 2.6831611255714383], "60": [-0.09560299926705577, 2.7329253788194654], "61": [-0.08713357530957469, 2.8123714343103727], "62": [-0.07567625029760011, 2.916827876951168], "63": [-0.0619259580016479, 3.039175229940281], "64": [-0.04704474161449551, 3.1699548389051078], "65": [-0.0324837617282962, 3.298377290171842], "66": [-0.01961448598848962, 3.414027823202586], "67": [-0.009413333770326264, 3.508370186877486], "68": [-0.002387661208751574, 3.575361461933574], "69": [0.001292589682908405, 3.6112983287065084], "70": [0.0016083429280879106, 3.6144080108478494], "71": [-0.0014333208239947991, 3.584557265463725], "72": [-0.007812740033740492, 3.523220975162351], "73": [-0.017396295302831582, 3.433719533933014], "74": [-0.029757665053799422, 3.3216179832455515], "75": [-0.04402209575683558, 3.1949700420694778], "76": [-0.05888461117205531, 3.063898872146137], "77": [-0.07287918584257176, 2.9392547583672974], "78": [-0.08475897418416337, 2.8308700157345363], "79": [-0.09373045225403405, 2.7463546952597087], "80": [-0.09943529840526365, 2.6908225810182222], "81": [-0.10178048246971734, 2.667199808631709], "82": [-0.10076570101312389, 2.6766177987754585], "83": [-0.09639799096999102, 2.718613171430032], "84": [-0.08872307499765018, 2.7910536480802945], "85": [-0.07796300932415917, 2.889818801502057], "86": [-0.0647015125086381, 3.0084095483569087], "87": [-0.04999125657948204, 3.137895299925161], "88": [-0.03523977060222551, 3.2676871978668105], "89": [-0.021870495396329057, 3.38713492967054], "90": [-0.01097137427579751, 3.487163868856876], "91": [-0.0031572786435336633, 3.5611237167213354], "92": [0.0013364363790178456, 3.60477997017456], "93": [0.002468207075449261, 3.6159254129542675], "94": [0.0002442849912433152, 3.594041753357692], "95": [-0.005323457545114936, 3.540200987413356], "96": [-0.01414273320255381, 3.4572410410328946], "97": [-0.025875115080853456, 3.350142958433897], "98": [-0.03976261241712374, 3.226352724212948], "99": [-0.054591175607102964, 3.0955662927407768]}