{"0": [-1.8688729138128402e-05, 4.254454154451036], "1": [-0.0012688978724682337, 4.221419563286693], "2": [-0.004769058325866349, 4.137906709923179], "3": [-0.011313928804109462, 4.004932071612349], "4": [-0.02191755306219792, 3.8246983486156854], "5": [-0.03731273267704378, 3.601929909293747], "6": [-0.05717301798770071, 3.346282118219371], "7": [-0.07946917198410583, 3.0744274375912495], "8": [-0.10092345130987049, 2.808033860197262], "9": [-0.11868055667809538, 2.5670213534624913], "10": [-0.13154290646967576, 2.3645755198846787], "11": [-0.13979876419175954, 2.2075719013685817], "12": [-0.14441312169250123, 2.0992102419378584], "13": [-0.14636130741523495, 2.0409524284796148], "14": [-0.14625986458428614, 2.0334089081700855], "15": [-0.1442096595148665, 2.0766348795906464], "16": [-0.139776562711213, 2.170156454702588], "17": [-0.1320985703584374, 2.3127712004949306], "18": [-0.12017376377527152, 2.501895967273043], "19": [-0.10342162507882319, 2.732012923747627], "20": [-0.08248614011220039, 2.992132744343304], "21": [-0.05973377389091074, 3.2642281989202364], "22": [-0.0384962949026688, 3.5264270626031653], "23": [-0.021336268213553916, 3.7599983181721353], "24": [-0.009096063199453911, 3.9532259806404233], "25": [-0.0012859555193198485, 4.100191744278611], "26": [0.003099607970225508, 4.1981603453890015], "27": [0.004979579237168259, 4.245884537283463], "28": [0.004869402034402433, 4.242878238542386], "29": [0.0027566103674220217, 4.189192099074425], "30": [-0.0018935441342291174, 4.085429016083398], "31": [-0.009999645175700974, 3.9330110876605238], "32": [-0.02252660276211025, 3.734980790245604], "33": [-0.03986222373317809, 3.497787505857682], "34": [-0.061012335711154574, 3.2338702968371233], "35": [-0.0833002096535803, 2.96249829856539], "36": [-0.10342239493173672, 2.7054166081094944], "37": [-0.11915745393136681, 2.479970262785559], "38": [-0.130004380045997, 2.2964435862050867], "39": [-0.13662159956529163, 2.1598937131740206], "40": [-0.14003047443065933, 2.0726495530210003], "41": [-0.14107919095093632, 2.035765397740399], "42": [-0.14017466926315242, 2.049606657311987], "43": [-0.13718882253561285, 2.114011649296291], "44": [-0.1314901219052665, 2.2282320610329145], "45": [-0.12211741099783595, 2.390583292476927], "46": [-0.10817275376031484, 2.5974677014219685], "47": [-0.0895049949201236, 2.841352751961891], "48": [-0.06748355302721046, 3.1082625747070938], "49": [-0.04504969393222733, 3.3778733360415054], "50": [-0.02539135890100809, 3.6289177831579322], "51": [-0.010353784563519396, 3.8455827306576773], "52": [-0.0001199523969701849, 4.018944781350425], "53": [0.006103112042339966, 4.144710424708391], "54": [0.00932894300921414, 4.220904705172788], "55": [0.010321704701284636, 4.246648355164135], "56": [0.009373339993464657, 4.221694838858976], "57": [0.006239105692051267, 4.146324056488122], "58": [0.0001967511939803125, 4.021450974096001], "59": [-0.009739469737443324, 3.8490770041093127], "60": [-0.02436504273972001, 3.6334698714778977], "61": [-0.04354850574463393, 3.383405252409515], "62": [-0.06553198258430884, 3.1144373625287933], "63": [-0.08717475533106712, 2.8476805964197722], "64": [-0.10549086774425956, 2.603576379836303], "65": [-0.11903103375838968, 2.396318321940441], "66": [-0.12789909034191818, 2.2335654869366786], "67": [-0.1329880956196904, 2.118942923481052], "68": [-0.135281540256231, 2.0541177089803955], "69": [-0.1354475338531283, 2.0398083916536303], "70": [-0.13365767461620645, 2.076142507003295], "71": [-0.1295510323247479, 2.162712214354124], "72": [-0.12232339926875671, 2.298408309003592], "73": [-0.11098709688879002, 2.480844054173417], "74": [-0.09489026893682852, 2.704946278527785], "75": [-0.07449257235461937, 2.9605366080691664], "76": [-0.051937127648969655, 3.230504788989387], "77": [-0.030481066965458378, 3.4932814783643504], "78": [-0.012828689770422723, 3.729572352221011], "79": [-2.9636392183961724e-05, 3.9268311699235907], "80": [0.008269604124361956, 4.078548648198693], "81": [0.01302833634000106, 4.181678543577162], "82": [0.015179434650567024, 4.234822146421457], "83": [0.015284222403951017, 4.237410754280332], "84": [0.013389812332608124, 4.18943798142578], "85": [0.009021376094235665, 4.0914526292641575], "86": [0.0013048016048955572, 3.9447940131066983], "87": [-0.010721457854161329, 3.752319930237713], "88": [-0.02751897737278563, 3.5200647046913027], "89": [-0.0482582286478647, 3.2597552545240576], "90": [-0.07043478966117862, 2.989954285327696], "91": [-0.090772364948661, 2.732293862066287], "92": [-0.1069153286853482, 2.5046493615456105], "93": [-0.1182019062334095, 2.3179483607280504], "94": [-0.12519423759651876, 2.1776748533867494], "95": [-0.12888542533890654, 2.086378139095823], "96": [-0.13013894955889643, 2.045221563794702], "97": [-0.1293999892391907, 2.0546316423500324], "98": [-0.126588434335392, 2.114489221554609], "99": [-0.12112005989681908, 2.2240871664999196]}