{"0": [8.665856094051725e-06, 5.955460027221484], "1": [0.0005737536057131387, 5.94533165245202], "2": [0.0020230322128541333, 5.919193767167679], "3": [0.004390684286928678, 5.87593033354749], "4": [0.007717404543190589, 5.813749463220982], "5": [0.012025242438402833, 5.730202554690385], "6": [0.017272180318685465, 5.622246153116068], "7": [0.023277819263573668, 5.486373622011515], "8": [0.029615637992429018, 5.318828342704897], "9": [0.03548204280928053, 5.1158665933657455], "10": [0.03958090079644481, 4.873987425583985], "11": [0.040101644616930325, 4.590081967216482], "12": [0.0349214619987341, 4.261743451107197], "13": [0.02224918462769833, 3.8886609788640185], "14": [0.0019631827446463606, 3.4766384633480407], "15": [-0.02280426882228877, 3.043307982576312], "16": [-0.04615807839615956, 2.616565600557362], "17": [-0.06307741419535988, 2.2208973499982383], "18": [-0.07197224254537384, 1.8680839659391926], "19": [-0.07391904128062374, 1.5603956186541716], "20": [-0.07099878402142804, 1.2961957871289551], "21": [-0.06526884542111366, 1.0726483401810134], "22": [-0.05834406622898214, 0.8864498617539113], "23": [-0.05131292898892358, 0.7339901843792823], "24": [-0.04481252968057483, 0.6115207070795925], "25": [-0.03915787429901004, 0.5154026665983586], "26": [-0.034465962595647305, 0.4423523714224693], "27": [-0.030749800964385964, 0.3896189016482324], "28": [-0.02797989167886389, 0.35508348001144013], "29": [-0.026120335703952096, 0.33730108912827295], "30": [-0.025147970929898338, 0.3355110648907713], "31": [-0.02506077837560077, 0.3496370426926514], "32": [-0.025878824045346898, 0.3802870103480167], "33": [-0.02763811027945459, 0.42875461071802423], "34": [-0.030374842177493613, 0.4970132696031283], "35": [-0.03409463124113042, 0.5876848810351387], "36": [-0.038718582947253014, 0.7039568224331947], "37": [-0.04399819276207292, 0.84942265039326], "38": [-0.04939793485565003, 1.0278458674892015], "39": [-0.05396355916416125, 1.2428969576627436], "40": [-0.056226600331143926, 1.4979509931927737], "41": [-0.05423803741820358, 1.795935839998628], "42": [-0.045885125614749694, 2.138811730244541], "43": [-0.029740759119153918, 2.5254842760438376], "44": [-0.0066066932324061935, 2.9468234662799815], "45": [0.01925225938972521, 3.3809937075824337], "46": [0.041772067884622885, 3.7994906555082677], "47": [0.056957418697353046, 4.181675687857147], "48": [0.06427226063196496, 4.51955184679735], "49": [0.06527877352936966, 4.8125989204650255], "50": [0.062125038557172996, 5.062997117841419], "51": [0.05674775457864913, 5.273755801845063], "52": [0.05058843358299694, 5.448278477777335], "53": [0.04457616279314044, 5.590228635211959], "54": [0.03922911852435386, 5.7033296609238695], "55": [0.03478663324522637, 5.791107083946467], "56": [0.03132471267210985, 5.8566605109903], "57": [0.028838961305328453, 5.902511592693026], "58": [0.027296804748781718, 5.930525343112958], "59": [0.026667158747310973, 5.9418801633369345], "60": [0.026935386894906925, 5.937061319276246], "61": [0.028108722248574445, 5.915860865395958], "62": [0.03021428803706787, 5.87737700365046], "63": [0.03328889097903185, 5.820015749198523], "64": [0.0373567488923871, 5.7415078114365645], "65": [0.04238834242083168, 5.6389632262638285], "66": [0.04823184159310587, 5.5089909663673335], "67": [0.05451131165697518, 5.347899742899915], "68": [0.060498357731959905, 5.15195781904617], "69": [0.06498987847285922, 4.9176362695219105], "70": [0.06626226289245263, 4.6417697544825245], "71": [0.06222128031779801, 4.321798848754998], "72": [0.05094667341727827, 3.956868426571644], "73": [0.03189831833265139, 3.55129283582741], "74": [0.007564300727440527, 3.1203481848826415], "75": [-0.016458681304942154, 2.6908405003975866], "76": [-0.03472433034810975, 2.28889084078211], "77": [-0.04502198463645983, 1.9285515819821328], "78": [-0.04808139167219947, 1.613332473226551], "79": [-0.04589732688507961, 1.3420321209244876], "80": [-0.0405713431558301, 1.1119630283838817], "81": [-0.03380741615511522, 0.9199120593505857], "82": [-0.02678435373859279, 0.7623418112043231], "83": [-0.020211432603558125, 0.635545104208233], "84": [-0.014453145823842944, 0.5358848266667872], "85": [-0.009656556034052716, 0.4600467743950057], "86": [-0.005851084984686376, 0.40523278152723247], "87": [-0.0030152892451098265, 0.3692748753795399], "88": [-0.00111673841009787, 0.35068744056228307], "89": [-0.0001334371656977507, 0.3486839841266488], "90": [-6.334106826327925e-05, 0.36317989248987187], "91": [-0.0009254819717904899, 0.3947927726526671], "92": [-0.002753131759613461, 0.4448416970704322], "93": [-0.005576361323442236, 0.5153363987643866], "94": [-0.009388246761806099, 0.6089372386066759], "95": [-0.014086540142347687, 0.7288594034110772], "96": [-0.019383323214441306, 0.8786988830226297], "97": [-0.02468370592863608, 1.06218618848372], "98": [-0.02895590549294077, 1.282926503263464], "99": [-0.030649225980169507, 1.5442105241645465]}