{"0": [-3.306294471777664e-05, 0.784633321862146], "1": [-0.0021634957190128194, 0.8078003026681345], "2": [-0.007380662521635052, 0.8669714550443932], "3": [-0.015111249569755585, 0.9629828110079185], "4": [-0.02425400590587633, 1.0969465340921625], "5": [-0.03299563206497099, 1.2701411114592234], "6": [-0.0386570545858433, 1.4841730580455965], "7": [-0.037637848073110276, 1.741502593564699], "8": [-0.02555993151980413, 2.0460747829829677], "9": [0.0020104750634105696, 2.4028131010626814], "10": [0.046995164576973135, 2.8119668886057467], "11": [0.10317497118928289, 3.2535929309811857], "12": [0.15516111996641535, 3.6831820651912297], "13": [0.1911436805798556, 4.066184780307195], "14": [0.20970524564427473, 4.395163660830153], "15": [0.2146116101561931, 4.674226139802028], "16": [0.21049771320265284, 4.9081797815531045], "17": [0.20143895877482, 5.100222409955079], "18": [0.19061406192217675, 5.25230368435934], "19": [0.18028918493624013, 5.365786252617979], "20": [0.171932211084955, 5.441803184753891], "21": [0.16638777753958542, 5.4812747487059506], "22": [0.16404726763696512, 5.484750656302703], "23": [0.16495580564171547, 5.4522666559548645], "24": [0.16882353097653033, 5.383329724922239], "25": [0.1749376831097066, 5.277043889359474], "26": [0.18200162992369573, 5.132284403471745], "27": [0.18795532140787521, 4.947741178138747], "28": [0.18984587934741423, 4.721647622775525], "29": [0.18381776592064258, 4.451176746046706], "30": [0.16536745861630558, 4.131957385607947], "31": [0.1304357839994701, 3.7595463990371165], "32": [0.0789154862067063, 3.337937453773622], "33": [0.020335489840365935, 2.8958899325955336], "34": [-0.029456705127143403, 2.4791635743871896], "35": [-0.06194754867001561, 2.11350057784977], "36": [-0.07795702403333965, 1.8010346743708952], "37": [-0.08177702517759766, 1.5369043081065104], "38": [-0.07793059994335189, 1.3167949462768265], "39": [-0.0702230616597409, 1.1379939585390262], "40": [-0.0615422361486713, 0.9988200041988314], "41": [-0.053891275583319964, 0.8980346047509937], "42": [-0.04852649751593972, 0.8345994355492417], "43": [-0.046135061193249546, 0.8077302700361789], "44": [-0.046986859407264533, 0.8170606253486741], "45": [-0.05100949468863789, 0.8627447022991853], "46": [-0.05776329590719562, 0.9454189788731386], "47": [-0.06632354980952924, 1.0660483026919916], "48": [-0.07510768934891088, 1.2257858662074925], "49": [-0.08171000402634002, 1.426041162626545], "50": [-0.08281265866327964, 1.6688968209552333], "51": [-0.07425461816347761, 1.9577540889446339], "52": [-0.05151117254085303, 2.297373144324695], "53": [-0.011518656139888958, 2.690358862451812], "54": [0.04249285181447708, 3.1244020117293894], "55": [0.09711996155158605, 3.5602514915771217], "56": [0.13820478292405483, 3.9568087270327243], "57": [0.16161653722923475, 4.299735472955103], "58": [0.1701834931923547, 4.59127459692635], "59": [0.1684825493854313, 4.836388126243145], "60": [0.16078373253457387, 5.0386781299102], "61": [0.1505176235857755, 5.200325202416244], "62": [0.14019679749912325, 5.322748019534283], "63": [0.13149864054933613, 5.407059192088447], "64": [0.12542508712161649, 5.454170937505169], "65": [0.12247400576093258, 5.464678116521636], "66": [0.12276016154744407, 5.438711103165619], "67": [0.12604575068278573, 5.375894461530905], "68": [0.1316708701686895, 5.275444915827508], "69": [0.13840563140405696, 5.136332824451195], "70": [0.1442753568512875, 4.957338473734205], "71": [0.14642694012219143, 4.7368171569482564], "72": [0.14110596346759977, 4.472130984335844], "73": [0.1238759199440809, 4.159133360328136], "74": [0.09058552289179833, 3.793332506562486], "75": [0.04055076955737831, 3.377433100154093], "76": [-0.017780234000791467, 2.9374164539862093], "77": [-0.0687443523315412, 2.5186812320094996], "78": [-0.10289005022005783, 2.1495835576800837], "79": [-0.12038988529137831, 1.8338527668826299], "80": [-0.12535709370648374, 1.5669478360922084], "81": [-0.12231926416619585, 1.3445009382810742], "82": [-0.115139187712642, 1.1637301017313169], "83": [-0.10677558197935325, 1.0229439067529331], "84": [-0.09930036338015297, 0.9209435212577795], "85": [-0.0940264654945659, 0.8567492805146395], "86": [-0.09167900533504013, 0.8296270624332516], "87": [-0.09254405948142885, 0.8392356238032203], "88": [-0.09654253054679221, 0.8857231673505515], "89": [-0.10320492464129012, 0.969689991367018], "90": [-0.11155483083341101, 1.0920447029996614], "91": [-0.11994069246160781, 1.2538871193952044], "92": [-0.1258794716267372, 1.4566094718240303], "93": [-0.12598116515264812, 1.7023396049951527], "94": [-0.11604338821540446, 1.9945632082915412], "95": [-0.09160824580053147, 2.3379695039009385], "96": [-0.05001149630003643, 2.7342673991546995], "97": [0.004557213843552738, 3.1685983922032923], "98": [0.05810151533896467, 3.5999912073264366], "99": [0.09735531449037384, 3.989680068331827]}