{"0": [1.938656386899199e-05, 5.223601153906287], "1": [0.00126235410618777, 5.205911801831349], "2": [0.004251114639911548, 5.160892830733237], "3": [0.008522911857147281, 5.088265985763245], "4": [0.013277121949899344, 4.987626742878417], "5": [0.017322093903543546, 4.85846623467844], "6": [0.019036736508114282, 4.700157999633435], "7": [0.016379987704858885, 4.511912720055064], "8": [0.006999944578425647, 4.292779962702725], "9": [-0.011456814089911083, 4.041933346662593], "10": [-0.04064308742976224, 3.7597408651710804], "11": [-0.08021290834278685, 3.4502414063280646], "12": [-0.12635279227163237, 3.124332417075659], "13": [-0.1720873674135206, 2.7994124901243636], "14": [-0.21060139538025752, 2.4924924585118977], "15": [-0.238400740599214, 2.213721939540386], "16": [-0.25539315186342404, 1.9665845861061688], "17": [-0.2633631436704139, 1.751185139186617], "18": [-0.26471025236622614, 1.566607923583989], "19": [-0.26178758768768523, 1.4118849910393678], "20": [-0.2566179085198469, 1.2862327658363566], "21": [-0.25079835770751663, 1.189038220631969], "22": [-0.24549794915982395, 1.1198116219075964], "23": [-0.24149854693794925, 1.0781741397888776], "24": [-0.23924764692023268, 1.0638790262065474], "25": [-0.2389001495174607, 1.0768407112515566], "26": [-0.24033474277423328, 1.1171477339477118], "27": [-0.2431397622121969, 1.185049752205463], "28": [-0.24657297161331865, 1.2809269971646204], "29": [-0.24950913382698375, 1.4052654531402926], "30": [-0.2503979518817642, 1.5586638183949328], "31": [-0.24726379742548674, 1.7418757772034497], "32": [-0.23779479404745768, 1.9558246203807728], "33": [-0.21961112803864744, 2.2013858013436556], "34": [-0.1908890228451775, 2.478482916244843], "35": [-0.15156149365762106, 2.7838542155066848], "36": [-0.1048411514886659, 3.107809108600948], "37": [-0.05734704888206307, 3.433676237737571], "38": [-0.016164919581801655, 3.7438600556314636], "39": [0.014622166428097607, 4.027005847254238], "40": [0.034480045727452356, 4.278787001505969], "41": [0.04499349908130038, 4.498752729189491], "42": [0.04851596311388627, 4.687737739729012], "43": [0.047427582558463945, 4.846718693738346], "44": [0.04380778723228951, 4.976501951167623], "45": [0.0393185273870359, 5.077716590178489], "46": [0.03519088944330092, 5.150862849605567], "47": [0.032261146103341985, 5.1963309466831245], "48": [0.031022759537625177, 5.214384175898341], "49": [0.03167032307273577, 5.205129992317692], "50": [0.03411978617008876, 5.168504216851207], "51": [0.03799850087992884, 5.104280436636875], "52": [0.04260824296384259, 5.012098688364404], "53": [0.046873882778797, 4.891491798791507], "54": [0.04929923101122055, 4.741882915479559], "55": [0.04796026022082851, 4.562546397990841], "56": [0.04058049780120847, 4.3525841271769705], "57": [0.024771235090674856, 4.111099374785268], "58": [-0.0013993857039949387, 3.837987212890327], "59": [-0.03828170975065676, 3.535983606578008], "60": [-0.08311126444112839, 3.2138865544446644], "61": [-0.12959327183852695, 2.8877062028788885], "62": [-0.17050602060820294, 2.575340429909176], "63": [-0.20133209832952054, 2.289041821642406], "64": [-0.2211776629604329, 2.0338329621086815], "65": [-0.2314527907258281, 1.8104728457335022], "66": [-0.23446259494865143, 1.6182094604258783], "67": [-0.23260105247323865, 1.4560668903852036], "68": [-0.22798745756526317, 1.3232234899737667], "69": [-0.22233170545958109, 1.219038868826791], "70": [-0.21691178840960326, 1.1430061234143916], "71": [-0.21260549384868946, 1.0947283289400156], "72": [-0.20994130256335758, 1.0739317562708648], "73": [-0.2091435587490863, 1.0804940793381483], "74": [-0.2101553222737681, 1.1144619295124916], "75": [-0.21263146553011103, 1.1760441198991252], "76": [-0.2159042258139274, 1.2655846515527591], "77": [-0.21893302418839802, 1.3835358043346297], "78": [-0.22025932110046315, 1.5304577757994802], "79": [-0.21799590257543522, 1.707055223431666], "80": [-0.20989368262049352, 1.914205491546961], "81": [-0.19356413167552458, 2.1528106713173], "82": [-0.1670129784748594, 2.42307853691189], "83": [-0.1297122216924361, 2.72259817925281], "84": [-0.0841263479217829, 3.0431637024812845], "85": [-0.03630228432299287, 3.369267750468017], "86": [0.006486022153168509, 3.6828874079607394], "87": [0.039437161588222074, 3.971176649454524], "88": [0.061400539964373245, 4.228609706611707], "89": [0.07365366097938371, 4.454189734026329], "90": [0.07846007831341882, 4.648597597236113], "91": [0.078218415752435, 4.812802349027693], "92": [0.07507256265640933, 4.947633293437889], "93": [0.07076377053843491, 5.053736746625921], "94": [0.06660139100169682, 5.13162226724426], "95": [0.06349119586268229, 5.181689172079453], "96": [0.06198514246775645, 5.204216099124172], "97": [0.062327035235461806, 5.199333704436376], "98": [0.06447688865234977, 5.167006267380761], "99": [0.06810592958482124, 5.107036827558428]}