{"0": [-3.118838029060194e-06, 1.4560529945653622], "1": [-0.00019117909891139015, 1.4744325294450447], "2": [-0.0005292913237584173, 1.5211185587778258], "3": [-0.0006442531564557725, 1.596174127694242], "4": [7.005163806685529e-05, 1.6996555884218076], "5": [0.002438950917345914, 1.8315483052216204], "6": [0.007456057809361562, 1.9916563630774273], "7": [0.01616369126114584, 2.1793920172558154], "8": [0.0294276772922204, 2.3933681507584312], "9": [0.04758609740209131, 2.630700513462138], "10": [0.07003636535266508, 2.8861138938407387], "11": [0.09500762259244748, 3.1514282385962695], "12": [0.11987492950983318, 3.4163472773491748], "13": [0.14203611409855546, 3.6706515260620685], "14": [0.15977432016632148, 3.9063417692138445], "15": [0.17254459342207584, 4.118335076178533], "16": [0.18072816835000305, 4.303894813059561], "17": [0.18521587989325755, 4.461728778194455], "18": [0.1870609410950472, 4.591304528652894], "19": [0.18725928264582126, 4.692456017951527], "20": [0.1866343662198975, 4.765182536577698], "21": [0.1857889610403694, 4.809544099690301], "22": [0.18509270340288253, 4.82560104450469], "23": [0.18468355162853822, 4.8133791001793345], "24": [0.1844700452355398, 4.7728570110629], "25": [0.1841296196225532, 4.703977293484166], "26": [0.18310643667495538, 4.606679654661144], "27": [0.1806204928123015, 4.480958851606593], "28": [0.1757084128783282, 4.32696211895868], "29": [0.16732542098408126, 4.145171701508757], "30": [0.15454502959668298, 3.936760888973254], "31": [0.13688396331726602, 3.704226396227117], "32": [0.11471440178878808, 3.4522665440049014], "33": [0.08956036592684145, 3.1884494431299926], "34": [0.06392045608691259, 2.922760726346562], "35": [0.04048093852756874, 2.665635577076795], "36": [0.021190823986775735, 2.42565383518649], "37": [0.0068360085360619546, 2.2084987299284595], "38": [-0.002800673450983401, 2.017331970261595], "39": [-0.008532881496697708, 1.853688843776381], "40": [-0.01139988243042753, 1.7182253994961803], "41": [-0.012420645771736467, 1.6111670606021498], "42": [-0.012459646311810206, 1.5325412645304841], "43": [-0.012167238041271167, 1.4822968054430892], "44": [-0.011961620504167129, 1.4603711925403347], "45": [-0.012028598346179033, 1.4667303516367967], "46": [-0.012324261992598654, 1.5013857185977184], "47": [-0.012574126880514907, 1.564388280954863], "48": [-0.012270490019557578, 1.6557998208623685], "49": [-0.010678030563927618, 1.7756406353896907], "50": [-0.006866233099853264, 1.9238025136172392], "51": [0.00020376177859040396, 2.099889055020224], "52": [0.011502303195271405, 2.3029036882609617], "53": [0.027632399696212413, 2.5306792715429216], "54": [0.048426399292682304, 2.7790329558785904], "55": [0.07260078043025521, 3.040993340952467], "56": [0.0978114635404851, 3.3069562700753505], "57": [0.12133411142932037, 3.56638587844183], "58": [0.1410180859390258, 3.810196520824883], "59": [0.15584118074137623, 4.032116657509086], "60": [0.1658469350769624, 4.228541304739875], "61": [0.1717598508137236, 4.397672298280748], "62": [0.17459554084673237, 4.538717257829457], "63": [0.1753891872833983, 4.651384537074037], "64": [0.17504170049376386, 4.735616157165873], "65": [0.17424788416791478, 4.791451903764971], "66": [0.17347209026205088, 4.818954367616309], "67": [0.17294573124761486, 4.818164524997627], "68": [0.17267006450569056, 4.789080202293128], "69": [0.1724161498083853, 4.73165746811338], "70": [0.17172212257200312, 4.645834952550482], "71": [0.16989617196364987, 4.531581177833807], "72": [0.16604208812707846, 4.388973059475548], "73": [0.15913318206834473, 4.218336949155392], "74": [0.14816889069685052, 4.020523266089521], "75": [0.13244864073227755, 3.7974199185827406], "76": [0.11196093219748451, 3.5527542059162105], "77": [0.08776090586052197, 3.2929302017234527], "78": [0.062019754536933556, 3.0271243603467335], "79": [0.03745906250336074, 2.7658709333853], "80": [0.01639808897388659, 2.5186800429827665], "81": [8.575944580824614e-05, 2.2923878956415877], "82": [-0.011341693565990789, 2.0910539788776776], "83": [-0.018509219760144347, 1.9167566007319714], "84": [-0.02239963599461863, 1.7704365836452287], "85": [-0.024057611470749803, 1.6524584998655905], "86": [-0.024415827891327107, 1.5629145483076525], "87": [-0.024210275832887537, 1.5017788129096679], "88": [-0.02394896197903846, 1.4689905526719684], "89": [-0.02390665453197683, 1.46450335748417], "90": [-0.024127437378518534, 1.488310870993122], "91": [-0.02442541400317695, 1.5404497178857406], "92": [-0.024382171499822823, 1.6209794123202912], "93": [-0.023347849336841607, 1.7299395012913625], "94": [-0.020461071992649085, 1.8672781440933865], "95": [-0.014711849578623624, 2.032726303476363], "96": [-0.005080351693265081, 2.2255545921691233], "97": [0.00921255206140199, 2.444111121420046], "98": [0.028333553212029405, 2.685067789072146], "99": [0.05144002671942627, 2.9425493931033224]}