{"0": [-1.070772197106765e-05, 1.448207868243782], "1": [-0.0006514268968929303, 1.4696958945025689], "2": [-0.0017540768939388431, 1.5242245739612652], "3": [-0.0019205404758187027, 1.6118165780578197], "4": [0.001119300047121476, 1.7327347112419313], "5": [0.010508575474735772, 1.8878011930156218], "6": [0.0302309299975092, 2.0787833295023024], "7": [0.0649120504991536, 2.308605097522133], "8": [0.11894253944042316, 2.5804509776373603], "9": [0.19350311497636627, 2.8930105383106137], "10": [0.28066267931117156, 3.2297159672932216], "11": [0.36295862128448286, 3.557184103714405], "12": [0.4267346406279931, 3.84893200669093], "13": [0.46946701602913293, 4.097753230834667], "14": [0.4946520412011826, 4.305814693872722], "15": [0.5070764301891503, 4.4765437733453295], "16": [0.5111342711435208, 4.61233878726145], "17": [0.5104160187924539, 4.7144672433111525], "18": [0.5076367061291935, 4.783435149947959], "19": [0.5046341330620321, 4.819356728223642], "20": [0.5023763526341586, 4.8222168205095866], "21": [0.5009668533283296, 4.792008404390396], "22": [0.49964482852550496, 4.728746998741548], "23": [0.49678113609985486, 4.632362353456806], "24": [0.4898737191691652, 4.502465615347589], "25": [0.47555291951269046, 4.338005938152498], "26": [0.4496427409458624, 4.136902869279505], "27": [0.4074801832153821, 3.896019245468027], "28": [0.3452135159283693, 3.612808104986426], "29": [0.2637071529538938, 3.291886612207094], "30": [0.17422717057922357, 2.9557046731466357], "31": [0.09457521210009118, 2.6382756268392056], "32": [0.03503279018383935, 2.360159708370957], "33": [-0.004296783181953871, 2.124642167083258], "34": [-0.027556924490280535, 1.928771231180149], "35": [-0.03946700520765732, 1.769388220442493], "36": [-0.04417245712338862, 1.6444766951834475], "37": [-0.044982643902697676, 1.5530423642680822], "38": [-0.04433009618433166, 1.4947279334454182], "39": [-0.0437725333208364, 1.4694748674263824], "40": [-0.04399926895892922, 1.477300846601117], "41": [-0.0448345683667079, 1.5182019916531602], "42": [-0.04523646130710131, 1.592178009687666], "43": [-0.04329262199139211, 1.6993811054599557], "44": [-0.036218454313084736, 1.840387263110481], "45": [-0.02037482368916636, 2.016559460543808], "46": [0.008614767411918021, 2.230355232158771], "47": [0.05532217315803694, 2.4849898835986957], "48": [0.12251681310908998, 2.78150363407869], "49": [0.20616879280471428, 3.1099597587855237], "50": [0.29152092732116314, 3.4416804262523613], "51": [0.36220960561893445, 3.7452182318058598], "52": [0.4120562587022565, 4.007106220064811], "53": [0.44305497535460114, 4.227300903408314], "54": [0.45974775239366716, 4.409105394917897], "55": [0.4666770695646439, 4.555271082776089], "56": [0.4676765276923538, 4.667398381116627], "57": [0.4657220127106944, 4.746208742622597], "58": [0.4629129053030962, 4.791923164047869], "59": [0.46047615123404945, 4.804558483270115], "60": [0.45877122848523616, 4.784102539828292], "61": [0.45729161441159377, 4.730565055913406], "62": [0.45466246941899285, 4.643905284027075], "63": [0.4486373395143981, 4.523835438818904], "64": [0.43610192301864215, 4.36950911166968], "65": [0.4131179728213085, 4.1791568457717645], "66": [0.3751534177354959, 3.949934654009157], "67": [0.31804041215878537, 3.678979543769871], "68": [0.24106868591448252, 3.3684265350015146], "69": [0.15266924380249433, 3.035838799247532], "70": [0.06996450354034493, 2.7141442917956153], "71": [0.00566851724720914, 2.4283005526389254], "72": [-0.038149331469307074, 2.184862644632042], "73": [-0.06498605554053635, 1.9817428597111304], "74": [-0.07950149719006275, 1.815723669267154], "75": [-0.0859518675879407, 1.6845613302156643], "76": [-0.08779791309421169, 1.5870732363147748], "77": [-0.08763119917984137, 1.5227871204105485], "78": [-0.08716841233006475, 1.4915917009011421], "79": [-0.08725584775983747, 1.49349235643967], "80": [-0.08787263233051641, 1.5284905060020035], "81": [-0.08813044452563461, 1.5965868260739091], "82": [-0.08627079148992096, 1.6979083799039383], "83": [-0.07966436258771561, 1.832957917469758], "84": [-0.06482771746603326, 2.0029589840118107], "85": [-0.037525301215184735, 2.210170038346375], "86": [0.0067660044235075, 2.4576650019229667], "87": [0.0711314865323598, 2.7468878704738793], "88": [0.15268716837262106, 3.06977239366828], "89": [0.23806164743425326, 3.4000075166487402], "90": [0.31059466358157956, 3.7054958610746125], "91": [0.36281820724568614, 3.9704628247788016], "92": [0.39598738652902443, 4.193681746248753], "93": [0.41442830304222844, 4.378204944725154], "94": [0.4226663522272298, 4.526831418407366], "95": [0.42457571152805884, 4.641256666148132], "96": [0.4231877532555581, 4.722278053021086], "97": [0.42066054891700244, 4.770162564807878], "98": [0.4182794560094204, 4.784947779118833], "99": [0.41646083911104526, 4.7666253534199114]}