{"0": [3.218017609811743e-05, 5.729566740446565], "1": [0.0021212215292489324, 5.71595655361298], "2": [0.007390355662041874, 5.681108941774865], "3": [0.01571862038890954, 5.624288053189411], "4": [0.026823882454639264, 5.544427138288737], "5": [0.04014682811387202, 5.44026795137257], "6": [0.05470524532620998, 5.310502628985558], "7": [0.06894475715913106, 5.153846801467458], "8": [0.08062017290680497, 4.968961311392202], "9": [0.08673590688098574, 4.7541759285723435], "10": [0.0835687724753011, 4.507062462996279], "11": [0.06685190434132852, 4.224095267074979], "12": [0.032454335950533875, 3.901173225341181], "13": [-0.02146655916449103, 3.537210526282149], "14": [-0.08983467313649957, 3.1435250950059688], "15": [-0.1582635962415573, 2.7496995781811466], "16": [-0.2121476611857558, 2.385623344886125], "17": [-0.24616482965258538, 2.0628923304841433], "18": [-0.2621338835786765, 1.7803704288691096], "19": [-0.26424568997035003, 1.5338382487329467], "20": [-0.2568266568939381, 1.3196911853521118], "21": [-0.24364674829247507, 1.1354638801730457], "22": [-0.22774122603097657, 0.9794812027360116], "23": [-0.21139298377706228, 0.8504253266129045], "24": [-0.19619330525213885, 0.7470535942487504], "25": [-0.18315894494847484, 0.6681129977067559], "26": [-0.17287926160148995, 0.6124063422683852], "27": [-0.16566053347577658, 0.578929262931767], "28": [-0.1616412724606382, 0.5670068652783732], "29": [-0.16086522457710822, 0.5763883076889937], "30": [-0.16330822812891227, 0.607282641970156], "31": [-0.16885851872694216, 0.6603319120007981], "32": [-0.17725056152791688, 0.7365239912098283], "33": [-0.18795520902723836, 0.837058944565147], "34": [-0.2000377141137115, 0.9632063560238745], "35": [-0.21200842075439075, 1.1162217942873123], "36": [-0.22169995389039254, 1.2974051673238245], "37": [-0.22620052156846895, 1.5083536810985514], "38": [-0.2218663077846647, 1.7513750080470927], "39": [-0.2044805305686002, 2.029851605609755], "40": [-0.1698510217779267, 2.3478708076215176], "41": [-0.11573761865241336, 2.7071159408746697], "42": [-0.04624761916719633, 3.098071401151212], "43": [0.025047912277052838, 3.49274507087933], "44": [0.08301044412432892, 3.8601201351067362], "45": [0.12130867185118334, 4.186641039341028], "46": [0.14125862824561533, 4.472609423832351], "47": [0.14693144850547593, 4.722139023500337], "48": [0.1426739836089318, 4.93892190130941], "49": [0.13231811812379932, 5.125510087487368], "50": [0.1189725124460302, 5.283620021444193], "51": [0.10499417570506797, 5.414567827833528], "52": [0.0920422896195738, 5.519568270509176], "53": [0.08119000616466718, 5.599838503599056], "54": [0.07306894289865419, 5.656544583886174], "55": [0.06801366044477374, 5.690669764495812], "56": [0.06617876937100718, 5.702877946457693], "57": [0.06761383400542119, 5.693417334446691], "58": [0.07229117435209018, 5.662083484887885], "59": [0.08008576261410227, 5.608246699667431], "60": [0.090707567047862, 5.5309406414543485], "61": [0.10359007214045853, 5.428996213660432], "62": [0.11774793220303155, 5.301180107632244], "63": [0.13162984086865184, 5.146267486415617], "64": [0.14300056203384756, 4.962967170860916], "65": [0.14888083240811859, 4.749652713737442], "66": [0.14556932953023194, 4.503945353383433], "67": [0.12882581436018067, 4.222384256015947], "68": [0.09454607543314535, 3.9009496661726817], "69": [0.040888787115255856, 3.538610900036723], "70": [-0.027160533945117096, 3.146576984008945], "71": [-0.09539843455327522, 2.754140519614142], "72": [-0.1493055947691678, 2.391097345037811], "73": [-0.18350676811874733, 2.0692098023144556], "74": [-0.19975217851912194, 1.7875041989001663], "75": [-0.20219149208791112, 1.5418504648378153], "76": [-0.19512904975503234, 1.3286920101908792], "77": [-0.18232299445103475, 1.1455972885165713], "78": [-0.16680352926875897, 0.990925778813814], "79": [-0.15085440378405926, 0.8634037011018288], "80": [-0.13607313400575258, 0.7618462844439479], "81": [-0.1234867326238132, 0.6850729445462158], "82": [-0.11369651312366671, 0.6319713062879879], "83": [-0.10701926576745704, 0.6016302969474503], "84": [-0.10359851904767664, 0.5934714094147091], "85": [-0.10347200513684844, 0.6073357693686706], "86": [-0.10659072626546169, 0.6435093128039759], "87": [-0.112788854756784, 0.7026822181306932], "88": [-0.121705550065635, 0.7858484690660227], "89": [-0.1326647661392215, 0.8941677413466123], "90": [-0.14452986369627593, 1.0288391743624683], "91": [-0.15556239641518882, 1.191063702645242], "92": [-0.16331878569572525, 1.3821715718156347], "93": [-0.16461087790517953, 1.603941034554456], "94": [-0.15556074272370735, 1.8590224625052267], "95": [-0.13187290565586898, 2.151134941099542], "96": [-0.08979375173127091, 2.483975337146594], "97": [-0.028911985608790984, 2.8561700881745256], "98": [0.043003567704820354, 3.2511175393661684], "99": [0.1103615705593828, 3.636718685961687]}