{"0": [8.288382384542722e-06, 3.1047127040178153], "1": [0.0005417458165710386, 3.106858464362207], "2": [0.0018497506334949857, 3.1121191043556067], "3": [0.0038157145649531806, 3.1200245144165524], "4": [0.006263796743827799, 3.129866772319716], "5": [0.008974275166706097, 3.140762680710032], "6": [0.011703334160756414, 3.1517331859448374], "7": [0.014205436190505684, 3.1617924147414156], "8": [0.016255890587879327, 3.170037421890318], "9": [0.017671181447122885, 3.17572960199894], "10": [0.018325102049344556, 3.17836015329134], "11": [0.01815949973040414, 3.1776943294164854], "12": [0.01718910490434931, 3.1737915652486617], "13": [0.015500303818701086, 3.167000375358449], "14": [0.013243893895637071, 3.1579283084517837], "15": [0.01062208954772463, 3.1473887305356385], "16": [0.007870538248768781, 3.1363282326411754], "17": [0.005236839243121751, 3.1257408859142357], "18": [0.0029577513715993596, 3.116577664159277], "19": [0.001237577369480086, 3.1096602277188468], "20": [0.00022994989421422032, 3.10560749128704], "21": [2.456493221397579e-05, 3.104781347319614], "22": [0.0006396604736378672, 3.1072554666660976], "23": [0.0020205179671354935, 3.112809018373271], "24": [0.004044017336800824, 3.120945624622096], "25": [0.006529104216017428, 3.1309364969871822], "26": [0.009252668570525717, 3.141884941232876], "27": [0.011969688187931786, 3.1528071125483796], "28": [0.01443573364761094, 3.1627215418578816], "29": [0.016429416258326595, 3.1707384365353644], "30": [0.017772368464740597, 3.176139788455426], "31": [0.018344874444642438, 3.1784428889715506], "32": [0.018096031749206168, 3.177442238002451], "33": [0.017047970475707285, 3.17322714420527], "34": [0.015294013549617699, 3.1661740672714527], "35": [0.01299083316446112, 3.1569141215586973], "36": [0.010344907152936806, 3.1462776908396095], "37": [0.007594101122663841, 3.1352201851475896], "38": [0.004985946813934379, 3.1247354051252527], "39": [0.0027548564344825935, 3.115764990258179], "40": [0.0011007594006054457, 3.1091131414975193], "41": [0.00017133195828483927, 3.1053748789455624], "42": [4.928655383343613e-05, 3.1048839606821237], "43": [0.0007454528221362996, 3.107684148713586], "44": [0.0021978921160883966, 3.113525487545749], "45": [0.004277060245141696, 3.121885775610977], "46": [0.0067968528328115965, 3.1320160228494607], "47": [0.009530979468940217, 3.143006870471311], "48": [0.012233443534122309, 3.1538706053352255], "49": [0.014661155132263553, 3.1636310825628], "50": [0.016596233139828283, 3.171412486273522], "51": [0.017865618709976695, 3.1765180576971193], "52": [0.01835619076203851, 3.178491610347066], "53": [0.01802433986505433, 3.1771570694418223], "54": [0.016899576573994622, 3.172633537249675], "55": [0.01508207975388498, 3.1653250834575988], "56": [0.012734256990124926, 3.155885817506291], "57": [0.010066659766986659, 3.145162375863464], "58": [0.007319147802497494, 3.134118094506138], "59": [0.004738950341884531, 3.1237455703613577], "60": [0.0025579129221223206, 3.114976230624623], "61": [0.0009714090649109212, 3.1085960795440895], "62": [0.00012102846507322748, 3.105175708702215], "63": [8.24295311284912e-05, 3.1050204483660178], "64": [0.0008590248791566632, 3.1081441151261204], "65": [0.0023817090161403934, 3.1142678508649313], "66": [0.0045146272786755065, 3.122844098637626], "67": [0.00706679389521828, 3.1331043510753824], "68": [0.009808949224952204, 3.1441274301753883], "69": [0.012494355489505494, 3.154922681376818], "70": [0.01488149219525326, 3.164520198341921], "71": [0.01675618755276675, 3.1720589517629545], "72": [0.017950846444465728, 3.1768640636305854], "73": [0.01835904032456588, 3.1785062742443184], "74": [0.017944489323855624, 3.176839087125347], "75": [0.016744058966002524, 3.1720112917992718], "76": [0.01486469719785199, 3.164454207839753], "77": [0.012474402032213098, 3.154844347277352], "78": [0.009787604505490252, 3.1440438178355383], "79": [0.007045932170600346, 3.133022980084124], "80": [0.004496077135684496, 3.1227722953217407], "81": [0.002367101102745476, 3.1142121111451684], "82": [0.0008496438879936362, 3.1081095159495056], "83": [7.908431014688019e-05, 3.105010161903344], "84": [0.00012396244743847907, 3.1051906835343215], "85": [0.000980271508845909, 3.1086349417148305], "86": [0.002571798617811997, 3.11503542333246], "87": [0.004756498176021302, 3.123819708012499], "88": [0.007338676630513881, 3.1342004746006444], "89": [0.010086319533805429, 3.145245583416374], "90": [0.012752182046454823, 3.1559623684862745], "91": [0.015096541165873317, 3.1653880697556893], "92": [0.01690913218671731, 3.172677239221111], "93": [0.018027973298952605, 3.1771774898669363], "94": [0.018353420195705298, 3.178486868753471], "95": [0.017856552848566947, 3.1764885846059587], "96": [0.016581560003277533, 3.171360981726996], "97": [0.014642065741973206, 3.1635622446975957], "98": [0.012211508045068398, 3.153790674161638], "99": [0.009507999245213379, 3.1429230520007394]}