{"0": [-5.6529163437613355e-06, 1.4586681866310034], "1": [-0.00032947163694036483, 1.4881272215255867], "2": [-0.0007371895398824403, 1.562944297159567], "3": [-0.00012045151674619736, 1.6832462459117385], "4": [0.0033050265979465317, 1.8493447354407062], "5": [0.011897580311777105, 2.061802780628474], "6": [0.02824039193226185, 2.321057230981638], "7": [0.054215492293945886, 2.6254652502770406], "8": [0.08912437369904276, 2.966193681797812], "9": [0.12783904865987034, 3.321479356812945], "10": [0.1626177366564542, 3.661784724133148], "11": [0.18828210893242583, 3.9653569526647616], "12": [0.2041231051257145, 4.22347498467529], "13": [0.21204953706888632, 4.434631007210354], "14": [0.21467701447834017, 4.599354363374173], "15": [0.2143923243642773, 4.718257178551882], "16": [0.21300549712980146, 4.791670242362609], "17": [0.2116498667208498, 4.819720676253937], "18": [0.2107708166461006, 4.802438092916034], "19": [0.21013093432518332, 4.739800094335385], "20": [0.20880646942594178, 4.631713658478218], "21": [0.20519063300125212, 4.477932861257256], "22": [0.19706286971635417, 4.277966336785679], "23": [0.18185244197963982, 4.031272811185295], "24": [0.15737241826977627, 3.7386524419164844], "25": [0.12344240378831152, 3.4064580036994734], "26": [0.08399688532279104, 3.0529327763687886], "27": [0.046532223004932635, 2.706917395108099], "28": [0.017259376645487982, 2.3932831309151927], "29": [-0.002065367159602058, 2.123749316417414], "30": [-0.012886414767217429, 1.9010761379012084], "31": [-0.017748132318617785, 1.7249962096808267], "32": [-0.019134108207782906, 1.5948652539035504], "33": [-0.019009434862859644, 1.5102906995396417], "34": [-0.018676578211180555, 1.471110168001613], "35": [-0.018749576339523084, 1.4772782904903756], "36": [-0.019158317841955333, 1.528804967606628], "37": [-0.019147362884937864, 1.6257583473270447], "38": [-0.017274910435056707, 1.768332364073456], "39": [-0.011459557706508552, 1.9569480310724334], "40": [0.0008181275858768987, 2.1921729140810307], "41": [0.021927507333765958, 2.4737341522820975], "42": [0.052704587064322454, 2.7971068533089287], "43": [0.09030490581761152, 3.147237843994945], "44": [0.1277708400989135, 3.4968746010626903], "45": [0.15816048384273765, 3.8189105576235445], "46": [0.17867982720330003, 4.098607483996044], "47": [0.1902260519877146, 4.331710698279162], "48": [0.19521286435738683, 4.518100017603927], "49": [0.1961854403192697, 4.658413461502012], "50": [0.19524083681163606, 4.753099833999335], "51": [0.19383314794102352, 4.802358551287686], "52": [0.19272953934809794, 4.806251503826532], "53": [0.1920114728445584, 4.764779119575946], "54": [0.1910755938312904, 4.6778916213070945], "55": [0.18863090267887525, 4.545435523120377], "56": [0.18273010032185716, 4.367052903753569], "57": [0.17092599505031564, 4.142190405704845], "58": [0.15074961784991817, 3.8707990680479725], "59": [0.12088852855485499, 3.55608665725499], "60": [0.0832530402403994, 3.2103961852793517], "61": [0.04410385426936766, 2.8589136651293487], "62": [0.010815050115748076, 2.5300892543857394], "63": [-0.012856028893117552, 2.241501259678064], "64": [-0.02720589322879614, 1.9990692183803258], "65": [-0.034465791005536955, 1.8034200951706474], "66": [-0.037208991154140225, 1.6539656208252704], "67": [-0.03764146142343325, 1.5502104051800238], "68": [-0.0373510228680344, 1.4919179234899544], "69": [-0.037242250262708575, 1.4790091468311466], "70": [-0.03753265759122423, 1.5114746975657047], "71": [-0.037754955971498715, 1.5893506784667448], "72": [-0.03675391527608087, 1.7127593965857222], "73": [-0.03270729762256015, 1.8820048895191188], "74": [-0.023249243895068758, 2.097607519738924], "75": [-0.005865659175360591, 2.3598066605123065], "76": [0.021095104832335336, 2.6663297075154815], "77": [0.05648942499244536, 3.007038323452629], "78": [0.09480225637771106, 3.358957205544071], "79": [0.12848358071173652, 3.693065939164818], "80": [0.15293456336113145, 3.9892774341273682], "81": [0.16783131079135583, 4.239928026512302], "82": [0.1751823688228558, 4.443784715005854], "83": [0.17755905297394636, 4.60134212319659], "84": [0.1772539862411972, 4.713129465670743], "85": [0.17597071655699167, 4.779418579356557], "86": [0.17473533472351002, 4.800305770295707], "87": [0.17388599352798043, 4.775808417174337], "88": [0.17307568152585284, 4.705900696421608], "89": [0.1712695397506459, 4.590484211870271], "90": [0.16675889262081403, 4.429299604273111], "91": [0.15726047819707742, 4.221866126194462], "92": [0.14024966078296072, 3.967836736338218], "93": [0.11383770856518137, 3.668827157973899], "94": [0.07855836233940386, 3.3332365036942333], "95": [0.03920838645146502, 2.9819158766629377], "96": [0.0033204415387050367, 2.6438684793051315], "97": [-0.02381254462863282, 2.3412709102735576], "98": [-0.04126017524654128, 2.0835136877981593], "99": [-0.050782673991044296, 1.872503375434249]}