{"0": [3.1204445772361205e-05, 6.087890905655087], "1": [0.002072375740621918, 6.078532545601017], "2": [0.0073639865608230775, 6.054188170080617], "3": [0.016176314890733, 6.013338334288887], "4": [0.02888260759263272, 5.953611366815706], "5": [0.04583674264373713, 5.871959245363512], "6": [0.0671422081884636, 5.765024475709748], "7": [0.09229805876394426, 5.629694792330172], "8": [0.11978923852067391, 5.463622893055999], "9": [0.14677267202248764, 5.265268913479148], "10": [0.16895957597625733, 5.033119454226243], "11": [0.1805865350228761, 4.764120055554834], "12": [0.17420995761089483, 4.451476498421022], "13": [0.14020738639882155, 4.0817745562217205], "14": [0.06747971419893535, 3.6339737835431287], "15": [-0.043385770500605464, 3.106220876972889], "16": [-0.15047273195597435, 2.586457037932142], "17": [-0.2163585360742466, 2.1519959423680635], "18": [-0.2440161418605562, 1.793756646688157], "19": [-0.24504471410739273, 1.4907419946761902], "20": [-0.22896068566105748, 1.2304707640619557], "21": [-0.20304380540695605, 1.006831571183512], "22": [-0.17289652438122788, 0.8171826989781631], "23": [-0.14266294261417872, 0.6602635784661411], "24": [-0.11508801306728292, 0.5347778015891168], "25": [-0.09166811469673501, 0.43875693047908015], "26": [-0.07297592066412256, 0.3696836493642228], "27": [-0.059058218138796574, 0.3250261011129105], "28": [-0.049770777728375834, 0.3027842379174063], "29": [-0.04499137926945915, 0.3018537505967337], "30": [-0.044718778074159735, 0.32219489855789546], "31": [-0.049078446855038475, 0.36484245270183624], "32": [-0.05823630244881431, 0.43175880388048676], "33": [-0.072199948569252, 0.5254932242568158], "34": [-0.09049406721560097, 0.6486453351630264], "35": [-0.11175820086910165, 0.8033018078341932], "36": [-0.13340039478539856, 0.9908394682023806], "37": [-0.15142817773289638, 1.2124806658777227], "38": [-0.16040406902830653, 1.470656583908951], "39": [-0.15329049256072214, 1.7710258634862124], "40": [-0.12100174838541647, 2.125176175131221], "41": [-0.05251900707030618, 2.5526667454536196], "42": [0.056383252399537176, 3.0644889485345077], "43": [0.17280070612605788, 3.592465932457993], "44": [0.252235515923856, 4.042920314256458], "45": [0.2916967084532153, 4.412820162422044], "46": [0.3025076634311138, 4.723696255101785], "47": [0.2946559990563015, 4.989538422857316], "48": [0.27579867789620105, 5.217363073148202], "49": [0.2518384327692675, 5.41020688120999], "50": [0.22721042240540645, 5.569321641825606], "51": [0.20496464961967462, 5.695682757446614], "52": [0.1868955491086714, 5.790751544487381], "53": [0.17383516162159102, 5.856471999623437], "54": [0.16603775842886562, 5.894792473010709], "55": [0.16351841431520836, 5.907117061771159], "56": [0.1662650324313556, 5.8939342317965355], "57": [0.17430830573175413, 5.854691616787048], "58": [0.18765189319210143, 5.787921541216578], "59": [0.20605908703755488, 5.691615752476135], "60": [0.22871024464908687, 5.563781761427425], "61": [0.2538122491040078, 5.40292863397008], "62": [0.2783023500499853, 5.208065192562027], "63": [0.2977248434780852, 4.977912657356678], "64": [0.30616717678264493, 4.709365594016131], "65": [0.29601240165720727, 4.395304559165401], "66": [0.25747458217142116, 4.0217882162547465], "67": [0.17994418249159497, 3.5684024401832435], "68": [0.06787373202668988, 3.0417994755468376], "69": [-0.03414957483608676, 2.5366506035181735], "70": [-0.09484667866057957, 2.1172717707512367], "71": [-0.1194191968061339, 1.7709805127864757], "72": [-0.1191480750605308, 1.478353901643344], "73": [-0.10314819104697104, 1.2282311267386783], "74": [-0.07842013690412773, 1.0153207849399402], "75": [-0.05035145817166868, 0.8375012410525204], "76": [-0.022914376721622394, 0.6939039399742293], "77": [0.001248397203729881, 0.583681488058879], "78": [0.020637013218406185, 0.5055381871784397], "79": [0.03456443723110183, 0.4579310122221574], "80": [0.04279327778675579, 0.43958099107728077], "81": [0.045266227264707214, 0.4499260039965032], "82": [0.04199349491565341, 0.4893202923008249], "83": [0.03311263302191272, 0.5589267698911253], "84": [0.019115049005522286, 0.6603256194554972], "85": [0.0011958648498039779, 0.7949801663612589], "86": [-0.018384879831374643, 0.9638894317807151], "87": [-0.03606585644826237, 1.167834836786796], "88": [-0.04689418524397058, 1.4084108051613415], "89": [-0.044414453004069404, 1.6897519954451445], "90": [-0.020319172825092963, 2.020926772641835], "91": [0.03583678578309124, 2.4185418795427727], "92": [0.13242606401597512, 2.9002598862863103], "93": [0.2511271280533805, 3.4294448790856897], "94": [0.34349541507865, 3.902528163696283], "95": [0.39461844712100996, 4.290793761671078], "96": [0.4140919939067856, 4.613825824405949], "97": [0.4125012365565138, 4.887824082319451], "98": [0.39808806677201264, 5.121325225303693], "99": [0.37720712140979584, 5.31810089418707]}