{"0": [2.5094946221547436e-05, 2.0748721965040473], "1": [0.0016893895929335058, 2.100494967846033], "2": [0.006221842291265776, 2.165376648629783], "3": [0.01438897897734934, 2.2690558852276617], "4": [0.027240566010112544, 2.410546989547631], "5": [0.045755510634952395, 2.587710277314992], "6": [0.07022890535970158, 2.795928389847674], "7": [0.09949813974203844, 3.0262380258540778], "8": [0.13061092973053984, 3.26454694429074], "9": [0.1597506233391825, 3.4943201840711042], "10": [0.18397314839347312, 3.701543715699273], "11": [0.20213479127371203, 3.8773744743365404], "12": [0.21455465643484625, 4.017311336614946], "13": [0.22223355311716597, 4.119304548843107], "14": [0.22623889250062088, 4.182433488446598], "15": [0.22735197119270234, 4.206286294053173], "16": [0.2258991752437541, 4.190737330579645], "17": [0.2216975489457528, 4.135894784364076], "18": [0.21408823653303746, 4.042136411595377], "19": [0.2020736707278842, 3.910282970026457], "20": [0.18461688661176662, 3.74209896242798], "21": [0.16118478282836685, 3.5414193746268565], "22": [0.1325098781365608, 3.315950356286214], "23": [0.10111665624933615, 3.0785620244260197], "24": [0.07074783552709367, 2.8455850556408433], "25": [0.044697994816590834, 2.632038914795253], "26": [0.02456891441193159, 2.4480830830154465], "27": [0.010342409569251828, 2.299137197587905], "28": [0.001127018804154706, 2.1877205628922676], "29": [-0.004164198453059979, 2.1149638261091166], "30": [-0.006401276083220362, 2.081379127710547], "31": [-0.00603054795469784, 2.0871560361688837], "32": [-0.0029957854556526306, 2.132244041667545], "33": [0.003249966382639687, 2.216338118057674], "34": [0.013636424810030169, 2.3387502225429984], "35": [0.029224161910695903, 2.4980135158074535], "36": [0.050727984408011344, 2.6909363322457307], "37": [0.0777925287514124, 2.9109319472387276], "38": [0.10833807554564101, 3.1464053453345877], "39": [0.1388028404332951, 3.381537133293877], "40": [0.1656361002732484, 3.6005704966053886], "41": [0.18678694366833593, 3.792058577956518], "42": [0.20193449624252213, 3.949572944404719], "43": [0.21182254008378398, 4.070045720830669], "44": [0.2175317892389236, 4.152095793238265], "45": [0.22000546468496912, 4.1950955267211105], "46": [0.21980089058065197, 4.198787673520173], "47": [0.21698463961278724, 4.163166485549065], "48": [0.21112359696300792, 4.088471988834147], "49": [0.20136729510758164, 3.975283395853732], "50": [0.18665895857027281, 3.824830415462746], "51": [0.16615077719864296, 3.6397796302735257], "52": [0.13987657161470035, 3.425742153245627], "53": [0.10947793788317346, 3.193051030568364], "54": [0.07825117898880353, 2.956770928646365], "55": [0.049900837156644395, 2.7331044856571074], "56": [0.026898690460059514, 2.5347041498302336], "57": [0.009934140823451893, 2.369077406767486], "58": [-0.0015511880878323172, 2.239921606057613], "59": [-0.008604722411435286, 2.148914071544128], "60": [-0.012226146522080497, 2.09681647230143], "61": [-0.013073867944066989, 2.0839590113270328], "62": [-0.011332233027455056, 2.1104032923442393], "63": [-0.00668207783014478, 2.175968806482454], "64": [0.0016398240244852656, 2.280167495929747], "65": [0.01466496840469727, 2.421959912342659], "66": [0.03333299161726572, 2.599106266939498], "67": [0.05787735668956201, 2.8068320398709403], "68": [0.08707078497708334, 3.0360054214319225], "69": [0.1179425082254673, 3.2724904340975294], "70": [0.14673651755170888, 3.499931037008858], "71": [0.17060610222027495, 3.7046000721457797], "72": [0.18847461969925247, 3.877867280182097], "73": [0.20067922795819765, 4.015326590004142], "74": [0.2082061027033527, 4.114954165773168], "75": [0.21209361151162195, 4.175832359974093], "76": [0.21309048339473832, 4.197551078058693], "77": [0.21149288642669517, 4.179992343215138], "78": [0.20709425121234498, 4.1232810019155], "79": [0.19922385542570603, 4.0278270408725465], "80": [0.1868920623697457, 3.894515729450277], "81": [0.16910160774146224, 3.725240425574471], "82": [0.1454021630982821, 3.5240668294091604], "83": [0.11664162891125629, 3.2990166676237913], "84": [0.08542886789923747, 3.063190402708991], "85": [0.05547594596231632, 2.83282416641746], "86": [0.029944123622101644, 2.622548186512297], "87": [0.010303764977679096, 2.4421277439897695], "88": [-0.003528579601257929, 2.2967512308045657], "89": [-0.012449484847474959, 2.1888427293540924], "90": [-0.017517318518644447, 2.1195011516143567], "91": [-0.01955960574903, 2.089225187792393], "92": [-0.018977603299538712, 2.098190593662126], "93": [-0.015674796891085963, 2.1463255380523307], "94": [-0.009076046663883258, 2.2332884008188496], "95": [0.0017538681593059675, 2.358320411695936], "96": [0.017841856333943112, 2.5198097286891317], "97": [0.039809849581809824, 2.7142860882194135], "98": [0.06714831605326801, 2.9347305268225], "99": [0.09762578222505279, 3.1691258681802603]}