{"0": [2.9321468364775075e-06, 4.802522974951635], "1": [0.0001660846895827739, 4.773811525986442], "2": [0.00031972736780184937, 4.700881754947778], "3": [-0.0002319090409987004, 4.583649646785972], "4": [-0.002599998910173965, 4.422094345800732], "5": [-0.008219083381925162, 4.216484897417228], "6": [-0.018578675550932674, 3.9679922546230997], "7": [-0.034644983444486625, 3.6802189993440715], "8": [-0.05594779917503528, 3.3619891317262627], "9": [-0.07988021449822295, 3.029689203743001], "10": [-0.10242607306602293, 2.7046887810442697], "11": [-0.1202937877325441, 2.405708526287524], "12": [-0.1322978667486539, 2.143982011367119], "13": [-0.13902773617016914, 1.9244487645111834], "14": [-0.14189191229812184, 1.7487993389945558], "15": [-0.14240411712511403, 1.6174616490947664], "16": [-0.1418211185362747, 1.53045392917735], "17": [-0.14100327732063114, 1.4876933436063624], "18": [-0.1403809439290963, 1.4891161725203903], "19": [-0.13995460802555307, 1.5347266595253608], "20": [-0.13929483630342673, 1.6245918615238866], "21": [-0.1375428148835904, 1.7587822997424873], "22": [-0.13344708981069778, 1.9372387747402378], "23": [-0.12550997280535045, 2.159441127585489], "24": [-0.11236018609872006, 2.4235144622398184], "25": [-0.09347431713270919, 2.724199430920422], "26": [-0.07011898658504584, 3.049851215325733], "27": [-0.04563398931316461, 3.381481545086994], "28": [-0.024008759998402282, 3.6978366452622056], "29": [-0.007770657831064624, 3.9829249870891723], "30": [0.0026868041524489043, 4.228305445625817], "31": [0.00837588006776686, 4.430614890511903], "32": [0.010804707504763141, 4.588802213405258], "33": [0.011411116147149679, 4.702650109445458], "34": [0.011303581822694144, 4.772195302317326], "35": [0.011173841470252157, 4.797518683554776], "36": [0.01128233936998937, 4.77865862875437], "37": [0.011460166397126681, 4.715583621448173], "38": [0.011107389558422472, 4.6082186304499695], "39": [0.009202200146022297, 4.456528404745968], "40": [0.004370820458693692, 4.260705019504195], "41": [-0.004891602263464747, 4.02166427753286], "42": [-0.01971966931594692, 3.7423281410817757], "43": [-0.04002313750760006, 3.430168506229419], "44": [-0.06365837509355043, 3.0999365155232272], "45": [-0.08677302621891828, 2.7724373280487544], "46": [-0.10576831625419639, 2.467507707723183], "47": [-0.11900017663010035, 2.19800604315918], "48": [-0.1267559037619121, 1.969957023354103], "49": [-0.13033454877351064, 1.7855480810685274], "50": [-0.13125943840774362, 1.645393803569728], "51": [-0.13085169618497108, 1.5495767912373446], "52": [-0.1300546847597242, 1.498032226055703], "53": [-0.12938471219713638, 1.4906925963440085], "54": [-0.1289273962572222, 1.5275480495462894], "55": [-0.12833853162044861, 1.6086518966095062], "56": [-0.126843440936682, 1.7340722113524105], "57": [-0.123263430318326, 1.9037769224248733], "58": [-0.11613489778465408, 2.1173570310198606], "59": [-0.10402912058684612, 2.373278260450852], "60": [-0.0862019712044464, 2.667103514656158], "61": [-0.06352721300070739, 2.988576144798557], "62": [-0.03899718183859324, 3.3199327590629677], "63": [-0.016630750659782045, 3.639792382742331], "64": [0.0006773000771284905, 3.930843979698997], "65": [0.012167053155828072, 4.183351402918639], "66": [0.018657061677364514, 4.393225304074731], "67": [0.021608220891315574, 4.559110571322944], "68": [0.02249050227918566, 4.680679184022965], "69": [0.022477575945672613, 4.757930114311768], "70": [0.022335747631340466, 4.790936314010507], "71": [0.022400489728363445, 4.779743451462541], "72": [0.022577346303700244, 4.724333152131743], "73": [0.02234100681354516, 4.624640027147633], "74": [0.02074099130339963, 4.480624283599496], "75": [0.016457564449331476, 4.292434937592852], "76": [0.007990660470029444, 4.060832946912926], "77": [-0.005894145255191812, 3.7883038882050437], "78": [-0.025365781459694127, 3.4813885962224504], "79": [-0.04864137418473453, 3.1535651363375004], "80": [-0.07206199426505987, 2.824963962270786], "81": [-0.09185638426962447, 2.516057165305431], "82": [-0.10603067564616378, 2.240948514221487], "83": [-0.11461127188400007, 2.00659163762951], "84": [-0.11878767482336587, 1.8156282101948964], "85": [-0.1200757943232023, 1.6688513626633426], "86": [-0.11983904683402036, 1.566408213503665], "87": [-0.11908150474095942, 1.5082552398070772], "88": [-0.11838407531975396, 1.4943264200732609], "89": [-0.11789651534107967, 1.5246030738605523], "90": [-0.11733859238583509, 1.599127342421835], "91": [-0.11599921431161199, 1.7179619008879752], "92": [-0.11275695501738428, 1.8810868598045045], "93": [-0.10618176780994716, 2.0881562442927293], "94": [-0.09481934405259153, 2.3378424826854327], "95": [-0.07778823126069942, 2.6262364873067003], "96": [-0.05569003329788873, 2.9440457135691975], "97": [-0.031236010926208528, 3.2744974501728135], "98": [-0.008407734525997631, 3.5963262324734435], "99": [0.009659570538632508, 3.891350902964973]}