{"0": [2.2005082018621927e-06, 6.212975451216632], "1": [0.00014585186107829342, 6.211145786029569], "2": [0.0005159969781735744, 6.206430223016175], "3": [0.001127133605260999, 6.1986407853723735], "4": [0.002003068577344303, 6.1874673571125], "5": [0.003177617564498737, 6.172466035093783], "6": [0.004695485122065104, 6.153042796849804], "7": [0.006613190172593365, 6.128432351713796], "8": [0.00899976910019529, 6.097672261732867], "9": [0.011936748708397496, 6.059572933336731], "10": [0.015516466029287987, 6.012685085500635], "11": [0.019837129408037137, 5.9552680519459225], "12": [0.024991974054611815, 5.885265007638466], "13": [0.031048463046820518, 5.800294850440841], "14": [0.038012024357169466, 5.697673986426702], "15": [0.04576828172290448, 5.574481663504419], "16": [0.054000157572631706, 5.427674333918884], "17": [0.0620843174411759, 5.254232790140477], "18": [0.06898668393625357, 5.051295809745541], "19": [0.07319718105425094, 4.816225869990497], "20": [0.07276727992628672, 4.546625341299506], "21": [0.06555092570380404, 4.24054734014389], "22": [0.04982275719681137, 3.8975647002600358], "23": [0.02547741544411113, 3.5216769626808864], "24": [-0.004517164010607784, 3.12551835944712], "25": [-0.03424370927178713, 2.7302919863735187], "26": [-0.05789057769028929, 2.3568065546425494], "27": [-0.07269852105936099, 2.0169464782430495], "28": [-0.07893537128841695, 1.714164497375667], "29": [-0.07840714726673442, 1.4477713662741447], "30": [-0.07328431542806685, 1.215717656112439], "31": [-0.06551183828156155, 1.0155670519118634], "32": [-0.05658621666679424, 0.8446687713826497], "33": [-0.04752749121497671, 0.7001647844086163], "34": [-0.038948567795960426, 0.5790545726404649], "35": [-0.031160558935470935, 0.4783271835421323], "36": [-0.024275678887226416, 0.39510512069457604], "37": [-0.018289067989778557, 0.32675523799816], "38": [-0.013135622772033903, 0.27095158674867553], "39": [-0.008725621609650099, 0.22569609521184014], "40": [-0.004965173636876467, 0.1893106090764662], "41": [-0.0017669306469620845, 0.16041326747404086], "42": [0.0009449559914167336, 0.13788870829954133], "43": [0.0032330339275036613, 0.12085805298388788], "44": [0.0051463263635934745, 0.10865198268295119], "45": [0.006720777425471465, 0.10078854022799491], "46": [0.007979863894220106, 0.09695634175998331], "47": [0.008935106941215475, 0.097003406607621], "48": [0.009586351455366621, 0.1009316213852157], "49": [0.00992175861645273, 0.10889681458559286], "50": [0.009917510988458575, 0.12121444421801016], "51": [0.009537282855743533, 0.1383709272365762], "52": [0.008731606033660515, 0.16104059947979177], "53": [0.0074373942645595045, 0.19010810138129014], "54": [0.005578123652232012, 0.22669550721918927], "55": [0.0030655705683420814, 0.27219256039220235], "56": [-0.00019532647155091475, 0.3282866890324979], "57": [-0.0042958955679060955, 0.3969868162039928], "58": [-0.009303482134619366, 0.4806313929677417], "59": [-0.015226084022703573, 0.5818675283054101], "60": [-0.021955817446546753, 0.703587433476539], "61": [-0.029187361962230925, 0.8488159595095262], "62": [-0.03631525927084584, 1.0205639674189886], "63": [-0.04232881803311321, 1.2216922218643034], "64": [-0.04574360761782842, 1.4548409575272012], "65": [-0.0446316888120962, 1.7224134393200168], "66": [-0.036848422554469296, 2.0263859866829868], "67": [-0.02062499488084955, 2.3673071686110436], "68": [0.0042651075406292035, 2.741504567432054], "69": [0.03503805222441725, 3.1368657151634918], "70": [0.06588299183988053, 3.5324914722927474], "71": [0.09089681027048313, 3.907291362358543], "72": [0.1071401601494758, 4.248858846210359], "73": [0.11475648921234795, 4.553399937020351], "74": [0.11550373459755442, 4.821466375349043], "75": [0.11154993766469991, 5.055063034233466], "76": [0.10485814250706663, 5.256605293916645], "77": [0.09694945844393069, 5.428723722897956], "78": [0.08886768937208755, 5.574255491996344], "79": [0.08124518982907303, 5.696183435979221], "80": [0.07440731852472698, 5.7975059855792965], "81": [0.06847596779945983, 5.8810922409478135], "82": [0.06345263041252072, 5.94956825981337], "83": [0.0592764861593104, 6.00525100381219], "84": [0.055861041794082654, 6.050124793687829], "85": [0.05311531488317657, 6.085846885362426], "86": [0.0509550586705557, 6.113769037155637], "87": [0.04930808651489915, 6.134965337408316], "88": [0.04811636025032123, 6.150260118675602], "89": [0.04733646631499948, 6.16025245985735], "90": [0.04693941818053269, 6.165335487506706], "91": [0.0469103028656961, 6.165709660597437], "92": [0.04724803943510325, 6.161389717199266], "93": [0.047965365751408, 6.1522051808846925], "94": [0.04908906362089431, 6.137794417665641], "95": [0.05066033025359758, 6.117592317300584], "96": [0.052735065060673984, 6.090811859802306], "97": [0.055383615423735724, 6.056420259893847], "98": [0.058689144862465695, 6.013111253019479], "99": [0.06274316142536954, 5.959276649723744]}