{"0": [3.774286682219334e-06, 4.843503673899679], "1": [0.00023287383804491336, 4.824263742281733], "2": [0.0006601839206624295, 4.775387096726361], "3": [0.0008717482520756442, 4.696794401416234], "4": [0.00019380447747130894, 4.5884040200305884], "5": [-0.002292755843748258, 4.450197132048914], "6": [-0.007694148527492406, 4.282334680535762], "7": [-0.017163106006105266, 4.085397904728381], "8": [-0.03162893673141844, 3.860882988562882], "9": [-0.051372206602808515, 3.6120745106026297], "10": [-0.07553641611825976, 3.3451472242922575], "11": [-0.10192013639628407, 3.0696603455848077], "12": [-0.12749154737535823, 2.7972596955924005], "13": [-0.14951212611379164, 2.5388229745504645], "14": [-0.16643610302960654, 2.3022022346692075], "15": [-0.1780321092664655, 2.0919431155144412], "16": [-0.18497439249729228, 1.9102516717164986], "17": [-0.18835741114637516, 1.7580442154986176], "18": [-0.18934535316679724, 1.6356243803925945], "19": [-0.188972185417023, 1.5430293768863872], "20": [-0.18804786242549643, 1.4801932208868094], "21": [-0.18712612839271256, 1.4470295940015565], "22": [-0.1865011905942444, 1.4434799176194], "23": [-0.18621197596067612, 1.469538469581967], "24": [-0.18604292083073537, 1.5252543377085221], "25": [-0.1855200310382812, 1.6107098731384275], "26": [-0.18391070247766902, 1.725976540947503], "27": [-0.18024583264710559, 1.8710411755152259], "28": [-0.1733936648335712, 2.0456684361784365], "29": [-0.16222655764564547, 2.2491138809297198], "30": [-0.1459269820790073, 2.4795479495083215], "31": [-0.12444261341835156, 2.7330976441348085], "32": [-0.09894821124175528, 3.0027866120453046], "33": [-0.0719141942643746, 3.278376630492326], "34": [-0.04640571398525009, 3.5481409280871987], "35": [-0.02492991135662656, 3.8017908637514974], "36": [-0.008704234047742405, 4.032300043268003], "37": [0.0022980262699643598, 4.2357764018472], "38": [0.008888020034669814, 4.41039598905438], "39": [0.012199639319077834, 4.5554286510203], "40": [0.0133774752977644, 4.670651872087635], "41": [0.013406429140481646, 4.756060213607058], "42": [0.013035957245775992, 4.811727766524507], "43": [0.012757020109400191, 4.837735915868289], "44": [0.012801905692233577, 4.834131115739441], "45": [0.01314817989132288, 4.800905248843641], "46": [0.013518093138219276, 4.737999420552513], "47": [0.013374530849558391, 4.645330964926024], "48": [0.011924389072457261, 4.52284352633127], "49": [0.008150446834566562, 4.370591849815648], "50": [0.0009040089966148046, 4.188906033459727], "51": [-0.010898043997293902, 3.9787357251457984], "52": [-0.02792851386622791, 3.742318121429698], "53": [-0.04997163252476341, 3.4842099798083894], "54": [-0.0755140253745511, 3.212240612888383], "55": [-0.10184798367659649, 2.9372472789992012], "56": [-0.1259471057611046, 2.670854074681402], "57": [-0.14559056394846154, 2.422623062913283], "58": [-0.15989844748900922, 2.198732686473477], "59": [-0.1691377556092358, 2.002459914293952], "60": [-0.17423497375574842, 1.8352870152610914], "61": [-0.17634708494153783, 1.6977825699729943], "62": [-0.17658850883726832, 1.5900999914029155], "63": [-0.17588862332623487, 1.5122186849294408], "64": [-0.17493236685458669, 1.4640597821622583], "65": [-0.174145004706753, 1.4455491372209381], "66": [-0.17369416279925368, 1.456653726511098], "67": [-0.17349298414716635, 1.4973954537431797], "68": [-0.1731982158205829, 1.5678413696486742], "69": [-0.1722067826632473, 1.6680709996859548], "70": [-0.16966425990210257, 1.798119343128119], "71": [-0.1645090447451539, 1.957877644810704], "72": [-0.1555875082569228, 2.1468945837370152], "73": [-0.14188568736242757, 2.363962271927752], "74": [-0.12291410400506995, 2.606347923496731], "75": [-0.09919725079541292, 2.8687126698826937], "76": [-0.07259619783214771, 3.142350689245051], "77": [-0.04600529323801138, 3.4159542410717423], "78": [-0.022332189906411313, 3.6782052795497453], "79": [-0.0034646283787839053, 3.920384432333025], "80": [0.01005348539082588, 4.1371577635020635], "81": [0.018706158414384794, 4.325813964608991], "82": [0.02351211972205196, 4.485170529323653], "83": [0.025635113154670833, 4.614796826995378], "84": [0.026149229266250927, 4.714597298606081], "85": [0.02592230397790152, 4.784613060313485], "86": [0.02557105319800347, 4.824924411278297], "87": [0.025452269368412397, 4.835596000372285], "88": [0.025666142423796074, 4.816646379245592], "89": [0.026058231828571955, 4.768040391861159], "90": [0.026216480647900033, 4.689705131860337], "91": [0.02546941876224188, 4.581568587636338], "92": [0.02290164963121303, 4.44362508830542], "93": [0.01741335520351464, 4.2760536590242655], "94": [0.007862210804902849, 4.07946128657197], "95": [-0.006665915797487534, 3.8553804914630367], "96": [-0.026433182185196125, 3.607141281326608], "97": [-0.05056808168403616, 3.340958472793412], "98": [-0.07686906929103055, 3.0663970456426304], "99": [-0.1023254265714487, 2.795056309251001]}