{"0": [-1.518111187310321e-06, 1.5401215511841848], "1": [-6.512981909487685e-05, 1.5643409985247139], "2": [0.00010529182034717095, 1.6258301540506221], "3": [0.0013918466566199713, 1.7246284387245243], "4": [0.0052028495499654845, 1.8608440062895248], "5": [0.013396023573593843, 2.034664976258085], "6": [0.028061544231165466, 2.24616759879249], "7": [0.05100872735806952, 2.4944872974553958], "8": [0.08274372986837009, 2.7756581469528654], "9": [0.12106358162066252, 3.0791928793726004], "10": [0.16066004739636866, 3.3869131101129786], "11": [0.195462335172422, 3.6787716794961627], "12": [0.22184686020990868, 3.9408861595156464], "13": [0.23934719539876506, 4.167062285462229], "14": [0.24940530304108918, 4.3555859161741335], "15": [0.25410484661201277, 4.50636440298297], "16": [0.255461427402067, 4.619623946702191], "17": [0.2551061236385517, 4.6955301727752525], "18": [0.25416468737602765, 4.734153615826701], "19": [0.25322190398169586, 4.7355130629923226], "20": [0.2523159437342352, 4.69960856703421], "21": [0.25093833786156433, 4.626425647250716], "22": [0.2480387682419448, 4.515910332771632], "23": [0.24205712934220824, 4.367930881165982], "24": [0.23103438165398402, 4.182305003560618], "25": [0.2129039221580357, 3.95913577956229], "26": [0.18614693741425134, 3.699992595256486], "27": [0.15098879966270018, 3.4105818507257473], "28": [0.11069824550371703, 3.104017466381919], "29": [0.07118575238729553, 2.799989273763843], "30": [0.03797740782616832, 2.517163358887674], "31": [0.013607035961534189, 2.266738771003966], "32": [-0.0022341773575866716, 2.0530775685567826], "33": [-0.011297160727047452, 1.8771581408036742], "34": [-0.015688184172612477, 1.7389013944242904], "35": [-0.01731310700154241, 1.6380924850262044], "36": [-0.01764093817089966, 1.5746043138485846], "37": [-0.017618690152942255, 1.5483905490695522], "38": [-0.01764921093622203, 1.5594416508745603], "39": [-0.01758856741450652, 1.6077609358316376], "40": [-0.016746732451025956, 1.6933704118814108], "41": [-0.013898358942515066, 1.8163432878342434], "42": [-0.007334696067937845, 1.9768332337982863], "43": [0.0049782706992125055, 2.174979405907965], "44": [0.025008776527801882, 2.4103566742610254], "45": [0.05383009325303947, 2.68033949890804], "46": [0.09028278979028301, 2.9769716493700438], "47": [0.13001345781590365, 3.284441100992199], "48": [0.1668586331897222, 3.5824281936315714], "49": [0.19617931324336024, 3.854498206094806], "50": [0.21654572203120018, 4.092137097163116], "51": [0.22891034810975897, 4.292490297788494], "52": [0.23522817713033806, 4.455101120888324], "53": [0.23757014325281878, 4.58013840198579], "54": [0.23770181246290892, 4.6677872057302405], "55": [0.23691248692562863, 4.718138354681826], "56": [0.23595818455302986, 4.731219343816102], "57": [0.23504908560714577, 4.707033672485209], "58": [0.23384856262601647, 4.645574472703508], "59": [0.2314757727660462, 4.54680838483066], "60": [0.2265267794733668, 4.410638575714669], "61": [0.21715550451906784, 4.236899868578284], "62": [0.2012974899389246, 4.025566542924211], "63": [0.17719293691972005, 3.7776102264977993], "64": [0.14441411056055117, 3.4971846830468234], "65": [0.10524289911880412, 3.1949857148992415], "66": [0.06498735839218131, 2.8892155608672465], "67": [0.029607291971430624, 2.5996677340718195], "68": [0.0025998271016693113, 2.3399321108427595], "69": [-0.015629877903547536, 2.1160654587592522], "70": [-0.026527385632218313, 1.9297664028108334], "71": [-0.03215317038634644, 1.7811538779020284], "72": [-0.03449122066058022, 1.6700298874472683], "73": [-0.03513981999006567, 1.5962483583588303], "74": [-0.035192748827468624, 1.559749757285442], "75": [-0.03520351379736366, 1.5605199467626634], "76": [-0.035179042883775644, 1.598559134078778], "77": [-0.03457976245855914, 1.6738793952291804], "78": [-0.03232654416030972, 1.7865305705382613], "79": [-0.026838537871358974, 1.93663487559217], "80": [-0.016156070254071724, 2.1243413095575123], "81": [0.0017447430167480448, 2.3494378057702705], "82": [0.02825888218042298, 2.6100673395768688], "83": [0.06292991627250782, 2.8999631461953994], "84": [0.10223855457060735, 3.205372240839363], "85": [0.1402434855943027, 3.5065041783936413], "86": [0.17167625764766, 3.7853185529588256], "87": [0.19430021260404032, 4.0313277429817544], "88": [0.2085826115771597, 4.2405392458164615], "89": [0.21630920452132626, 4.4120754988774005], "90": [0.21955798978557697, 4.546009480246995], "91": [0.2201814552252089, 4.64252827378249], "92": [0.21958727954377888, 4.701737337128751], "93": [0.21865963253837348, 4.723671569574758], "94": [0.2177385560386001, 4.7083367428540965], "95": [0.21661727294926256, 4.6557299427888115], "96": [0.2145438231128628, 4.56583042638507], "97": [0.2102364861649839, 4.438566230363312], "98": [0.20194746413670303, 4.273795365867268], "99": [0.18764598462185672, 4.071444345530388]}