{"0": [-5.119189549071576e-06, 1.453247203140337], "1": [-0.0003145734480476518, 1.4714529484742485], "2": [-0.0008790316411825525, 1.5176861033170532], "3": [-0.0011066677085429717, 1.5919951241891805], "4": [-3.606188235889235e-05, 1.6944636921074387], "5": [0.0036492219579800445, 1.825218121776951], "6": [0.011561443462297635, 1.9844092421632114], "7": [0.025458247578468825, 2.172088239670168], "8": [0.04692309289916173, 2.3878026180108844], "9": [0.07677428709644829, 2.6296458611562876], "10": [0.11419971188248446, 2.892652863489506], "11": [0.15606925175227931, 3.1673829280796095], "12": [0.1974461546495647, 3.4408405190486144], "13": [0.23357559323204596, 3.7004216772259952], "14": [0.26171435848281893, 3.9375037971434623], "15": [0.28139115434907036, 4.147820747045656], "16": [0.29362262801070044, 4.329864880466803], "17": [0.30007155178423145, 4.483359360967629], "18": [0.3025033606944438, 4.6084172850114555], "19": [0.3025016938147265, 4.705205144928885], "20": [0.3013385830052089, 4.773849019175139], "21": [0.299926054898551, 4.814427071017058], "22": [0.29880619682295284, 4.826979986691756], "23": [0.29815439187195153, 4.811518563625393], "24": [0.29778172620670323, 4.7680265522717304], "25": [0.29713225911436225, 4.696459727592849], "26": [0.29528040845940823, 4.596740162436594], "27": [0.29094343047053856, 4.468748551654454], "28": [0.28253542915985114, 4.312338352998753], "29": [0.2683072986092676, 4.127445869726016], "30": [0.24664708304034144, 3.9144600031446024], "31": [0.21664235506145307, 3.675112314073107], "32": [0.17892629430408363, 3.4140303442446194], "33": [0.1364128517723981, 3.140236042960111], "34": [0.09392826926201807, 2.866512019062587], "35": [0.05631873603592768, 2.6056516439289124], "36": [0.026532463580781762, 2.366682248554851], "37": [0.005218525858471019, 2.154206832358501], "38": [-0.008540042627193307, 1.9699163769927408], "39": [-0.01636924331895099, 1.8141623484470373], "40": [-0.020034463457711375, 1.6868540947894426], "41": [-0.021137747365607213, 1.5878285972045014], "42": [-0.020977638788118248, 1.516958512231701], "43": [-0.020495370153485296, 1.474164040036968], "44": [-0.020262430553453902, 1.459402973482937], "45": [-0.020483075172744336, 1.4726626748251526], "46": [-0.020996965469106576, 1.5139568779177794], "47": [-0.021276875380043195, 1.583326332407979], "48": [-0.020425965739988845, 1.6808441602694186], "49": [-0.017188832172443182, 1.8066236126267132], "50": [-0.010001770675572712, 1.9608065885675707], "51": [0.002875013060981806, 2.1434635284664063], "52": [0.023071420273510706, 2.3542487607660902], "53": [0.05156718990394611, 2.5915563087997406], "54": [0.08786318423219298, 2.851010640500145], "55": [0.12921612330566273, 3.123919261780799], "56": [0.17089991374515875, 3.397692423720333], "57": [0.20801253070505038, 3.6594184499081406], "58": [0.23745044040424004, 3.899761450483877], "59": [0.25842172912338535, 4.113846266083464], "60": [0.2717597444008422, 4.299827866225871], "61": [0.2790573320800769, 4.457289423620774], "62": [0.2820769468519468, 4.586300378046841], "63": [0.2824331786726933, 4.687019275223318], "64": [0.28144409426787614, 4.759573570217511], "65": [0.28007290811229757, 4.804043823696051], "66": [0.2789133922577742, 4.820473081040676], "67": [0.2781916727817785, 4.80887520673519], "68": [0.2777689727538023, 4.7692383709191635], "69": [0.27713966503147247, 4.701524615063886], "70": [0.2754285707065665, 4.6056647650375275], "71": [0.27140113079487127, 4.481550701390036], "72": [0.2635111786014856, 4.329045213479442], "73": [0.2500278490918662, 4.148075540118674], "74": [0.229311518515739, 3.9389608921762767], "75": [0.2003381386202974, 3.703224142153862], "76": [0.1635138466709152, 3.4450666439495703], "77": [0.12145749175355705, 3.1729418391973465], "78": [0.07881349219624081, 2.8992828654177067], "79": [0.040512782674816006, 2.6370655434901016], "80": [0.009766357233217372, 2.3958409967507195], "81": [-0.012528876767616905, 2.1806856585592205], "82": [-0.02714200889054192, 1.993563210437802], "83": [-0.035638516234213394, 1.8349431643820466], "84": [-0.03977621865866031, 1.7047746461849287], "85": [-0.04117697532634385, 1.6029041428701387], "86": [-0.04117164252342069, 1.529205158410947], "87": [-0.040738281214549685, 1.4835972422176862], "88": [-0.040485847028665777, 1.4660371764163678], "89": [-0.0406553472657093, 1.476510446067948], "90": [-0.04112258521236214, 1.5150275396150548], "91": [-0.04139646588425799, 1.5816242460566112], "92": [-0.04061641596003788, 1.6763665701991861], "93": [-0.03756215987536495, 1.7993583713605723], "94": [-0.030700118834510133, 1.950732285800808], "95": [-0.01830722325722079, 2.1305598028826407], "96": [0.001259222123057558, 2.338533763651692], "97": [0.029047254179482496, 2.5731766865699], "98": [0.0647056967818377, 2.8303894750903256], "99": [0.10569406911431092, 3.1018679329534997]}