{"0": [8.885864940659565e-06, 4.968880921822802], "1": [0.0005548410205950356, 4.937011400597495], "2": [0.0016370775996224847, 4.855937781883199], "3": [0.0024258298636101088, 4.7252594611869725], "4": [0.0015441363586014651, 4.544444517304863], "5": [-0.002878963018821283, 4.312984692778865], "6": [-0.012924889230395, 4.030972744847995], "7": [-0.030117060179959423, 3.7011591833063493], "8": [-0.05396456836232861, 3.333780847237569], "9": [-0.08066989080393384, 2.9514381903454483], "10": [-0.10451896481359946, 2.583959618677453], "11": [-0.12161729393405152, 2.254136181904198], "12": [-0.131407664614718, 1.9722808660812883], "13": [-0.13540724026658124, 1.7410947542962647], "14": [-0.1357202884617616, 1.560603578453961], "15": [-0.134249500238456, 1.430259733703852], "16": [-0.13240523940181242, 1.3495222624138463], "17": [-0.13104981782214312, 1.3180015644500076], "18": [-0.13052243350599574, 1.3355356184340395], "19": [-0.1306613553921057, 1.4022274961443688], "20": [-0.13079153496651622, 1.5184159078054422], "21": [-0.12969475976258155, 1.6845958682545978], "22": [-0.12562955908837184, 1.9012971341390488], "23": [-0.11652914592572271, 2.168695477823152], "24": [-0.10060083199005576, 2.485127225408207], "25": [-0.0775938230447275, 2.843089146491732], "26": [-0.05034038643384312, 3.2236096569989665], "27": [-0.024346902837912465, 3.597613306005815], "28": [-0.004328110147892512, 3.939159268660947], "29": [0.008272900522949178, 4.234659417045686], "30": [0.014555961748120717, 4.479858729682863], "31": [0.016561883929243522, 4.67427225988486], "32": [0.016290076164062684, 4.818366938195052], "33": [0.015298292712048068, 4.912696128435401], "34": [0.01459941586237631, 4.957692056804824], "35": [0.014673608212908562, 4.953581370270653], "36": [0.01549586050569814, 4.9003340629450225], "37": [0.01653347752110902, 4.797674043684204], "38": [0.016717227094651847, 4.64514792371361], "39": [0.014439396415551899, 4.442228711142092], "40": [0.007688240847440305, 4.188586756630512], "41": [-0.005487009205146386, 3.8851597339594375], "42": [-0.025900626611286823, 3.537369790529188], "43": [-0.05163299721220345, 3.1607754290046586], "44": [-0.07765321786937517, 2.7826677572049294], "45": [-0.09868020949933522, 2.4311892334138974], "46": [-0.11237653186464149, 2.123269819296023], "47": [-0.11933027949057966, 1.8650408981728306], "48": [-0.1214526307520029, 1.6576144094986465], "49": [-0.1208050518463795, 1.5006570178318117], "50": [-0.11907566557804673, 1.3936183320682052], "51": [-0.11741903732701534, 1.336034011069697], "52": [-0.11644928824554913, 1.327623109203045], "53": [-0.1162692100428564, 1.3683489560913684], "54": [-0.11647688792054009, 1.4584260833689684], "55": [-0.11614104906464959, 1.5982637205452281], "56": [-0.11378565613717609, 1.7883727679839212], "57": [-0.10747756919600904, 2.029167084933747], "58": [-0.09518632907203188, 2.3201882380880066], "59": [-0.0756849765093345, 2.657557112495285], "60": [-0.050089447662259236, 3.0287040959357148], "61": [-0.022793699832007543, 3.4087410802435083], "62": [0.0006228251372203245, 3.768342256689435], "63": [0.016981704851936796, 4.08740248570691], "64": [0.02628664602850398, 4.3576507085192215], "65": [0.03025467008918052, 4.577170181717266], "66": [0.030972761055594173, 4.746097495094536], "67": [0.03024033543985732, 4.864962169458303], "68": [0.029343319363203238, 4.934251077096573], "69": [0.029022407988521397, 4.954289707001729], "70": [0.029499875845890807, 4.925174052631779], "71": [0.030493856734648522, 4.846748503429438], "72": [0.0311996606452668, 4.718648955231902], "73": [0.030266961934919158, 4.540387878601398], "74": [0.025853292413720804, 4.311509194710791], "75": [0.01590206410067034, 4.032157786608516], "76": [-0.0011063210375041022, 3.705087754277522], "77": [-0.024729911742220605, 3.340373504541593], "78": [-0.051278898170606844, 2.960247475939647], "79": [-0.07511951208438118, 2.5942824559808306], "80": [-0.09233674615827579, 2.2653914457107045], "81": [-0.10230581597881047, 1.9841574460898843], "82": [-0.10649082378634511, 1.7534752007802976], "83": [-0.10696752206244242, 1.5734753434021167], "84": [-0.1056261930347924, 1.4436699265771225], "85": [-0.10387251221756764, 1.3635585581662493], "86": [-0.10256577654977539, 1.3327801039337166], "87": [-0.10203971664190749, 1.3511870004893693], "88": [-0.10212252704383623, 1.4188798527740496], "89": [-0.10212486029653357, 1.5361779610834687], "90": [-0.10081387726585829, 1.7035416483577355], "91": [-0.0964420977231676, 1.9214440453127237], "92": [-0.08696213124881975, 2.189943756384073], "93": [-0.07065355172154875, 2.5070986216909628], "94": [-0.04741236097272067, 2.8648507729355925], "95": [-0.020227581183335508, 3.2436040762641296], "96": [0.005408472764523664, 3.614293879758959], "97": [0.024981618011361405, 3.9517024140493384], "98": [0.03722615305120894, 4.242872289276504], "99": [0.043304240423891666, 4.483778144731316]}