{"0": [1.3322810025993936e-05, 2.329207907459325], "1": [0.0008849744020144, 2.3479117747262594], "2": [0.003149736141849314, 2.3949943091589807], "3": [0.006927500537534218, 2.4693793682188314], "4": [0.01235205984628459, 2.5692020279574894], "5": [0.019489528167911534, 2.691625899368678], "6": [0.028243698114881553, 2.8326435373454686], "7": [0.038281447649331606, 2.986963705712089], "8": [0.049024198121500925, 3.1481360736680255], "9": [0.059735915732843516, 3.3090151851528087], "10": [0.06968508560850084, 3.4624828061260673], "11": [0.0783047595268532, 3.6021608733395576], "12": [0.08527616935783357, 3.722853978520515], "13": [0.09051605010002454, 3.820653423920345], "14": [0.0940998465339649, 3.8928124926251453], "15": [0.09616682942507783, 3.937543602567261], "16": [0.09683945751138867, 3.9538377575708896], "17": [0.09617148423016572, 3.941348137348685], "18": [0.09412866155378088, 3.9003475821790077], "19": [0.09060240174812631, 3.8317603392923925], "20": [0.08545615501007504, 3.737267445838962], "21": [0.07860158680838203, 3.6194780720489064], "22": [0.07009242592030518, 3.482131646392177], "23": [0.060206970014540444, 3.3302409088866507], "24": [0.049474547077375856, 3.1700307206668272], "25": [0.03860872776563265, 3.008548481328425], "26": [0.028356366521882316, 2.852980061891355], "27": [0.01932992748042572, 2.7099094603787353], "28": [0.011903563994818674, 2.5848047592449914], "29": [0.006206446261466195, 2.4818460804411218], "30": [0.002189621022981404, 2.4040139948082575], "31": [-0.0002797272175104036, 2.353285945740536], "32": [-0.0013328978975664387, 2.3308265579980425], "33": [-0.0010410758390982653, 2.337119223998828], "34": [0.0006110402463289995, 2.3720246102535976], "35": [0.003718673184170914, 2.4347648864671285], "36": [0.008417575689440245, 2.5238340760124434], "37": [0.014813744027978777, 2.636839471671369], "38": [0.022891687566557354, 2.77030106800202], "39": [0.03242620308566298, 2.9194853250650414], "40": [0.04293999667621018, 3.0784095828690723], "41": [0.05374905738586664, 3.2401564718462765], "42": [0.0640993749475083, 3.3975082985193694], "43": [0.07333820411526129, 3.5437006013305035], "44": [0.08103656504285837, 3.6730018058679654], "45": [0.08701638667830636, 3.7809571478255926], "46": [0.0912957830578355, 3.864343859605694], "47": [0.09399712252941213, 3.920986505876313], "48": [0.09525774397766311, 3.949559329918409], "49": [0.09516491544836965, 3.94944015988305], "50": [0.09372244373748173, 3.920636017153766], "51": [0.09085017751628584, 3.8637829920994675], "52": [0.08641638518006342, 3.780220092859644], "53": [0.0803017885468962, 3.672134042381762], "54": [0.07248806897650432, 3.5427549077350093], "55": [0.06314978457326033, 3.3965389785442506], "56": [0.052710486691397565, 3.2392138448965864], "57": [0.0418183363474097, 3.077537779637214], "58": [0.031226261366772076, 2.918724350255452], "59": [0.021621220224919524, 2.769690153534038], "60": [0.01348548380879338, 2.6364177384201226], "61": [0.007048410416151896, 2.5236376425569067], "62": [0.0023269148760008598, 2.434822540186359], "63": [-0.0007867972319759859, 2.372354237105618], "64": [-0.002433040130899549, 2.3377257208619437], "65": [-0.002713512153659089, 2.331700841432122], "66": [-0.001650963917972658, 2.3544044295454034], "67": [0.0008183242170893175, 2.4053382421986598], "68": [0.0048191772494937165, 2.483322907465315], "69": [0.010480000060161995, 2.5863676282277717], "70": [0.017848402709313992, 2.7114822248187322], "71": [0.026797426991863837, 2.85448347241787], "72": [0.03695794792735098, 3.009908029735596], "73": [0.047723030128543446, 3.1711824975100193], "74": [0.05834891661749847, 3.331132796133902], "75": [0.06812120357552785, 3.482720917752427], "76": [0.07650685280041762, 3.619729235522081], "77": [0.08322353184574184, 3.7371526943697213], "78": [0.08821534999226084, 3.831261900013321], "79": [0.09157131465902005, 3.8994601882909357], "80": [0.09343140939639491, 3.940080698812419], "81": [0.09390981477843821, 3.9522143342610114], "82": [0.0930477440132034, 3.9356041564406055], "83": [0.0907989310839114, 3.8906136884691698], "84": [0.08704800164824375, 3.8182692276227774], "85": [0.08166131975620387, 3.72037517440685], "86": [0.07456650412955566, 3.5996921578487844], "87": [0.06584643177808763, 3.460136347766408], "88": [0.05581606754660815, 3.3069010911137546], "89": [0.04503673185105005, 3.146352681054299], "90": [0.034235265892917616, 2.985591617560189], "91": [0.024146208370960792, 2.83174474820092], "92": [0.015349869860990168, 2.6912455559724804], "93": [0.008182464276819748, 2.5693697012675303], "94": [0.002742474003134032, 2.470108934856945], "95": [-0.0010360774217775327, 2.396283215088963], "96": [-0.003289320035291051, 2.34974039562703], "97": [-0.004141684307247189, 2.3315390369720146], "98": [-0.0036520562129844455, 2.3420691370833873], "99": [-0.0017923156727934144, 2.381099509903274]}