{"0": [-1.4244429281846203e-06, 1.5120696996889817], "1": [-8.109725912656969e-05, 1.5301627371212183], "2": [-0.00016094134850588377, 1.5761055955996106], "3": [8.544597556359577e-05, 1.6499183148922942], "4": [0.0011833134720675845, 1.7515811797172258], "5": [0.00383783382065238, 1.8809577511689242], "6": [0.008880296679776712, 2.0376663979960727], "7": [0.017154151608549745, 2.220855454764088], "8": [0.029315797677318813, 2.428813611577816], "9": [0.045547438785032285, 2.658375092330001], "10": [0.06525299073858482, 2.90425343280334], "11": [0.08693160672983338, 3.1587795238985925], "12": [0.10845936619173394, 3.412661958915757], "13": [0.12775132936432454, 3.6567278240740224], "14": [0.1433992024733, 3.883590104656246], "15": [0.15490549997692746, 4.088267891272056], "16": [0.16252522908542036, 4.267835158349523], "17": [0.16695482356619812, 4.420738181684238], "18": [0.1690517270549207, 4.546219332997735], "19": [0.1696448739774254, 4.643949776660368], "20": [0.16942862564651584, 4.713820240507647], "21": [0.16891400751589622, 4.7558219955223215], "22": [0.16841234591846282, 4.76997613303361], "23": [0.1680328795115314, 4.75629389247964], "24": [0.1676832383023828, 4.714763819707509], "25": [0.16706900335131064, 4.645365435829037], "26": [0.16569584112532762, 4.548109707258363], "27": [0.16288501378139691, 4.42311023501065], "28": [0.15782033441514373, 4.270701572543666], "29": [0.1496510412473085, 4.091645053398059], "30": [0.13767650640404344, 3.8874882100646295], "31": [0.12162138245147527, 3.6611290738851388], "32": [0.1019458517018016, 3.4174913627028216], "33": [0.08001571717936257, 3.1638909844858354], "34": [0.05789239779282864, 2.909458396791028], "35": [0.03771161385399412, 2.6635027801525264], "36": [0.021011436768596917, 2.4337532899329712], "37": [0.00842673463534538, 2.22555602586894], "38": [-0.00019962231632322965, 2.042112893958486], "39": [-0.005514735157809653, 1.8851495563694995], "40": [-0.008364459661627084, 1.7555203817986695], "41": [-0.009589581369951642, 1.653606061172634], "42": [-0.009908483356695004, 1.579542340809052], "43": [-0.0098612398295769, 1.5333494846451232], "44": [-0.009789549355495239, 1.5150087950315958], "45": [-0.009833018819455993, 1.5245065204230215], "46": [-0.009929585244352808, 1.5618506835148285], "47": [-0.009815191218401926, 1.6270613981307505], "48": [-0.009025113370943841, 1.7201345023850372], "49": [-0.006906644716210879, 1.8409755225397182], "50": [-0.0026601203705903, 1.9892901013439377], "51": [0.004568078114901605, 2.1643946451134037], "52": [0.015514229906339536, 2.3648840526862394], "53": [0.030534522396103932, 2.5880978314032523], "54": [0.04929286178325591, 2.8294456070912526], "55": [0.07055545452039617, 3.08195740232266], "56": [0.09233440018657467, 3.3366929222094814], "57": [0.11246189413716837, 3.584255767739866], "58": [0.12928427694628422, 3.816611752108334], "59": [0.14203405276111786, 4.028063269261313], "60": [0.15076880070482596, 4.2151318549473205], "61": [0.1560823515826679, 4.375915414075481], "62": [0.15880500806421208, 4.509459079477975], "63": [0.15978612290612365, 4.615327902480328], "64": [0.15976554047889727, 4.693358072877218], "65": [0.15931036472262375, 4.743516546913197], "66": [0.15879095354655812, 4.765818598352003], "67": [0.15837566731840466, 4.7602797900602045], "68": [0.1580311133706008, 4.726895367778686], "69": [0.15752196281207487, 4.665646172546935], "70": [0.1564117037838809, 4.576531166045368], "71": [0.15407299178627507, 4.459628836042648], "72": [0.14972355798224318, 4.315199196518044], "73": [0.14251045583086067, 4.143858876414105], "74": [0.13166904952319541, 3.946889156770134], "75": [0.11677340394258354, 3.72674042285914], "76": [0.09804725884983154, 3.4876989953121416], "77": [0.07659750060281466, 3.2364015880115615], "78": [0.05433087841064553, 2.9815779826342967], "79": [0.03343071678574282, 2.732668267725402], "80": [0.015651821645446595, 2.4979739115964295], "81": [0.0018881091717979045, 2.2835269095363095], "82": [-0.007818133290956692, 2.093080052936907], "83": [-0.014004395268753304, 1.9287147204929704], "84": [-0.017481915948480396, 1.791489235513805], "85": [-0.01910552732289208, 1.6818948007330683], "86": [-0.019634029475370247, 1.600124633094388], "87": [-0.019659530927904192, 1.5462256348404528], "88": [-0.019579319247250423, 1.5201868945385266], "89": [-0.019588890352164157, 1.521991733246423], "90": [-0.019681894807000614, 1.5516418861259156], "91": [-0.019650095887636828, 1.609155146040085], "92": [-0.019083727062654054, 1.6945364362009603], "93": [-0.017379929347664014, 1.8077205922172026], "94": [-0.013774254954978433, 1.9484769480568838], "95": [-0.007417168530348893, 2.116246596376819], "96": [0.0024781689502018445, 2.309855861202155], "97": [0.016397537894942513, 2.5270397236724627], "98": [0.03421818188956502, 2.763787434182343], "99": [0.0549535187524676, 3.013778946540227]}