{"0": [-1.2273218630750445e-05, 0.44104788171531695], "1": [-0.0008108090301489181, 0.4499616269742877], "2": [-0.002843013018719637, 0.4728156744284242], "3": [-0.006116841824792977, 0.5101964084136104], "4": [-0.010629566560827152, 0.5630295455713291], "5": [-0.01634405084747582, 0.6325528623477397], "6": [-0.023151525021741885, 0.7202697511162884], "7": [-0.030818441213408952, 0.8278797952260055], "8": [-0.03891783935146529, 0.9571892060628353], "9": [-0.04675178516906678, 1.1100155202272455], "10": [-0.053280754304676894, 1.2881117370759736], "11": [-0.057086950960002034, 1.4931303036962493], "12": [-0.05641145326278464, 1.7266043490852414], "13": [-0.049326471295417354, 1.9898174472273578], "14": [-0.03414501832064853, 2.2832494630517277], "15": [-0.010202092403375303, 2.605111351776259], "16": [0.02104199681319241, 2.9488610447920305], "17": [0.0553804938478219, 3.3015673368916123], "18": [0.08711478061623384, 3.646774908828064], "19": [0.11175243485516764, 3.9709586508875803], "20": [0.1275312715508175, 4.2669820292591805], "21": [0.13495051715945203, 4.532753683272338], "22": [0.1356502867291179, 4.768662531907989], "23": [0.1315763906978891, 4.9759818237541165], "24": [0.12453423340923873, 5.156245816335242], "25": [0.11599686735542586, 5.311098375216754], "26": [0.10705704770306666, 5.442275449035182], "27": [0.09845809745123278, 5.551576826464156], "28": [0.09066222294236602, 5.640796715790208], "29": [0.08392827910026629, 5.711631074277258], "30": [0.07838202287210863, 5.765587453682203], "31": [0.07407134289130578, 5.80391334490403], "32": [0.07100543308750212, 5.827547195955619], "33": [0.06918007115260193, 5.837089003937446], "34": [0.06859189756669411, 5.832785086699621], "35": [0.06924394526973861, 5.814522562019864], "36": [0.07114342319126238, 5.781831511385408], "37": [0.07429133000312346, 5.733895742066282], "38": [0.07866211493429935, 5.66957581380376], "39": [0.0841706323772716, 5.587449728442941], "40": [0.09062368063166092, 5.485875950179763], "41": [0.0976554763126083, 5.363078310060865], "42": [0.10465155755346439, 5.2172419708639755], "43": [0.11067411127343904, 5.046597614837385], "44": [0.11441246251627907, 4.849469430302192], "45": [0.11419456943667732, 4.624292188476109], "46": [0.10811318044940826, 4.36968860616425], "47": [0.09435531573267068, 4.084860629452552], "48": [0.07186759584614272, 3.770750029018208], "49": [0.04140401516503747, 3.432300668751451], "50": [0.006422189841769307, 3.0806848961260043], "51": [-0.027553292347944538, 2.7319587798029463], "52": [-0.055448944441891024, 2.4010481027860417], "53": [-0.07471747898837136, 2.0969016670082485], "54": [-0.08533359759572033, 1.8227605996168827], "55": [-0.0887176595270805, 1.578726174148591], "56": [-0.08678700340341065, 1.3636847796966742], "57": [-0.0814126822666179, 1.176153913183666], "58": [-0.07416969604132947, 1.0145228600798102], "59": [-0.06625665958752062, 0.8770869567131718], "60": [-0.058509338777102966, 0.7620666539700738], "61": [-0.05146165657751396, 0.6676662446889101], "62": [-0.04542285308591885, 0.5921628483972267], "63": [-0.0405508646026647, 0.5339995170435238], "64": [-0.03691200690585902, 0.491863076487626], "65": [-0.03452444287537015, 0.4647395315724258], "66": [-0.033386967580194445, 0.451948598957379], "67": [-0.03349594493124637, 0.4531624523334016], "68": [-0.03485286317876623, 0.4684135195886818], "69": [-0.037463826634137026, 0.4980939840960399], "70": [-0.04133088126966933, 0.5429467390414852], "71": [-0.04643366782810766, 0.604044682544438], "72": [-0.052698811868625524, 0.6827532232418638], "73": [-0.05995426059591828, 0.7806710241995539], "74": [-0.06786740775061416, 0.8995482390745639], "75": [-0.07587040616989663, 1.0411910239817668], "76": [-0.0830840311331315, 1.2073733698304414], "77": [-0.08826192311275986, 1.39978183927605], "78": [-0.08978882368954295, 1.6199960287414505], "79": [-0.08578259624726557, 1.8694328971156806], "80": [-0.07438118789489857, 2.1490342458657192], "81": [-0.05434181322216816, 2.458271477474577], "82": [-0.026035842989780206, 2.7930562248428066], "83": [0.007550903700951671, 3.1433155925725598], "84": [0.0411054812037937, 3.4934888662288373], "85": [0.06929259622598603, 3.8280107875963445], "86": [0.08909147389512052, 4.136825631135245], "87": [0.10011954636099449, 4.415899299373881], "88": [0.1036296944401588, 4.664764178100505], "89": [0.10150179515875983, 4.884406841769875], "90": [0.09563648686541003, 5.076269079043811], "91": [0.08766634292886843, 5.241938930108458], "92": [0.07885352662417348, 5.383099430726671], "93": [0.07009128962518404, 5.501513066150931], "94": [0.06195942167208447, 5.59896983711432], "95": [0.05480026578432913, 5.677201476379918], "96": [0.048793559756665, 5.737787287553389], "97": [0.044018658697042724, 5.782072826312366], "98": [0.04050060049963855, 5.811110530940247], "99": [0.0382410621222658, 5.825621865820237]}