{"0": [-2.922767367288307e-05, 0.2159547874847326], "1": [-0.0019356222804375507, 0.22180897862307716], "2": [-0.006831484094013731, 0.23687779629998304], "3": [-0.014858170592454817, 0.2617007278715038], "4": [-0.026223734126139552, 0.297132444887216], "5": [-0.041169717505655366, 0.34431724930846025], "6": [-0.05991192449289198, 0.4046363930331044], "7": [-0.08254499172675052, 0.47961663418929906], "8": [-0.10890521573342828, 0.5707978333759341], "9": [-0.13839969021902554, 0.6795810639236886], "10": [-0.16982997370200806, 0.8071120906809881], "11": [-0.20125146505552127, 0.9542765199876835], "12": [-0.22989677528573782, 1.1218662251396778], "13": [-0.2521510403429686, 1.3109257964205983], "14": [-0.26352599228495804, 1.523247558381871], "15": [-0.2585734896464267, 1.7619890243585483], "16": [-0.23075104395282517, 2.032381822993675], "17": [-0.17258528944426882, 2.3421620995973145], "18": [-0.07789011619410964, 2.699330276578244], "19": [0.0487923638306581, 3.099133240122257], "20": [0.17927109366015068, 3.504093729411131], "21": [0.2810580350325005, 3.8707785217148536], "22": [0.34512672383076826, 4.188647884096808], "23": [0.37678389071110774, 4.4649744874389405], "24": [0.3837598165003491, 4.708096085474883], "25": [0.3729462329630688, 4.923812970967609], "26": [0.35006752767455235, 5.1156589514028195], "27": [0.31983209009953756, 5.285640092331874], "28": [0.2860542240993647, 5.434881360648764], "29": [0.2517022938217239, 5.564141666289685], "30": [0.2189266115814766, 5.674185406025857], "31": [0.18912493738214162, 5.765982892476978], "32": [0.16306871651048907, 5.840738689991211], "33": [0.14107155127243254, 5.899795344505543], "34": [0.1231615338765801, 5.944484928054852], "35": [0.10922611300696006, 5.975987853599203], "36": [0.09911676147965556, 5.995227636373684], "37": [0.09271547948648698, 6.002804985735133], "38": [0.08997113459479972, 5.998963063852218], "39": [0.09091293514006013, 5.983574975964444], "40": [0.09564436958164674, 5.956149232059412], "41": [0.10431597454341249, 5.915855326554738], "42": [0.1170707372214666, 5.861577248609395], "43": [0.1339536362069859, 5.792004538570673], "44": [0.1547799178708695, 5.705763428833239], "45": [0.1789684561672448, 5.601569796409861], "46": [0.20536546767933334, 5.478354107019722], "47": [0.23209796930400403, 5.335285200531927], "48": [0.25648746448938897, 5.171630672146994], "49": [0.27501776295350555, 4.9864379893091275], "50": [0.2833092436804687, 4.778063059217535], "51": [0.2760402872402085, 4.54357373521278], "52": [0.24681535139134225, 4.278054965249821], "53": [0.18826217346824747, 3.9741127422393934], "54": [0.09385060845346163, 3.6235756787154383], "55": [-0.033797403749713906, 3.2287757707624047], "56": [-0.16920588006706563, 2.8234399333002416], "57": [-0.2787282833049507, 2.4527977447742044], "58": [-0.35079139276855054, 2.1309293759946155], "59": [-0.38983343892612043, 1.8515383870958722], "60": [-0.4035232282121859, 1.6061957004644332], "61": [-0.39885041011192907, 1.3888777974354134], "62": [-0.3816433184152657, 1.195883109923054], "63": [-0.3567019818592088, 1.0251090955019295], "64": [-0.32792746422834124, 0.8753993461890025], "65": [-0.2983781084198554, 0.746022179058829], "66": [-0.2703000062476481, 0.6362907083268545], "67": [-0.24518939292019454, 0.5453501096399982], "68": [-0.22391335224605977, 0.47213600058029326], "69": [-0.20687420344221363, 0.41546145298347104], "70": [-0.19418095861001056, 0.37416276276119703], "71": [-0.18579568204173266, 0.3472432785709634], "72": [-0.18163982143231847, 0.33398325017978336], "73": [-0.18166011141121707, 0.33400859226337726], "74": [-0.18585957753683904, 0.34732308079335494], "75": [-0.19429809612349117, 0.37430896379286466], "76": [-0.20706252395968686, 0.4156959646799052], "77": [-0.2242018947920975, 0.4724935566543864], "78": [-0.2456218895318718, 0.5458815903471327], "79": [-0.2709384544322997, 0.6370657174457397], "80": [-0.2993049785995633, 0.7471291489740962], "81": [-0.3292453736672275, 0.8769419528796848], "82": [-0.35853114170121253, 1.0271996583653293], "83": [-0.38411943608682014, 1.1986355837209717], "84": [-0.4021277522507191, 1.3924023505522423], "85": [-0.4077890163806013, 1.6105920588605631], "86": [-0.395342904954833, 1.8568749394538007], "87": [-0.35794056619500036, 2.137174515013378], "88": [-0.2881825108764573, 2.459639755452147], "89": [-0.18198700006412324, 2.8300285490975754], "90": [-0.05090015737641426, 3.2339876237805165], "91": [0.07185362916387827, 3.6266659486740864], "92": [0.1608608353779397, 3.9745582908849517], "93": [0.2136394611313393, 4.27557118796236], "94": [0.23692287363345335, 4.538029348734349], "95": [0.2382059441534909, 4.769339832653098], "96": [0.22393951309117435, 4.974370718281875], "97": [0.19946387764649753, 5.155992866967536], "98": [0.1691619256525495, 5.315785146518928], "99": [0.1365542117108661, 5.454622152305912]}