{"0": [2.5565211221403547e-05, 5.502299740446662], "1": [0.0016720003250545864, 5.47613057528055], "2": [0.005692159689094599, 5.409113138701118], "3": [0.011593009673510343, 5.299865298404078], "4": [0.018388979905340667, 5.146516174761756], "5": [0.024399244739383857, 4.946937952065447], "6": [0.027090939729954504, 4.698669795029745], "7": [0.02309396987211738, 4.398498269974619], "8": [0.008632256899458174, 4.042500592234111], "9": [-0.018928866222321237, 3.629543030493817], "10": [-0.05733516764890097, 3.1734394682154545], "11": [-0.09657642518972243, 2.7140667538186736], "12": [-0.1257524284299609, 2.294157114908195], "13": [-0.1414519015214475, 1.9309806464539856], "14": [-0.14592546247145996, 1.6243258556098543], "15": [-0.1429764816906021, 1.3701464134239396], "16": [-0.13611950116307384, 1.1650255356653008], "17": [-0.12805166623973588, 1.0064250752332138], "18": [-0.1206028347284381, 0.8922295348423266], "19": [-0.11487628575900106, 0.8205940217519582], "20": [-0.11144917772363608, 0.7901301417370352], "21": [-0.11054159059261547, 0.8001856818575673], "22": [-0.11209884597685013, 0.8510039430673106], "23": [-0.1157660033062547, 0.9436692126004205], "24": [-0.12076043239009715, 1.0798654498837836], "25": [-0.12567874323067002, 1.2616001943932875], "26": [-0.12831261437927255, 1.491144747415418], "27": [-0.12558391282379158, 1.7713542090325334], "28": [-0.11377834790835392, 2.105974222910829], "29": [-0.08955615626815798, 2.4979549707124615], "30": [-0.0528398164100644, 2.940859743137781], "31": [-0.010948989585212749, 3.403967891196293], "32": [0.024236576916949616, 3.8410041418568763], "33": [0.046324157925978805, 4.2247301896882234], "34": [0.05605484257169476, 4.5509541982754165], "35": [0.05697817793112751, 4.823199094470764], "36": [0.05280774304874797, 5.045211816647603], "37": [0.04655399438048118, 5.219766828727472], "38": [0.04035015865316047, 5.34906088252269], "39": [0.03554098873197875, 5.435006634661213], "40": [0.032871829117191664, 5.479148503159118], "41": [0.03267492401918804, 5.482392394480511], "42": [0.034984053243359965, 5.444792616818897], "43": [0.03954502782194774, 5.365533643430848], "44": [0.0457192773714292, 5.2431190967374866], "45": [0.05230674105359649, 5.075655052847306], "46": [0.05735117767739758, 4.860997386305665], "47": [0.05802802552494559, 4.596542009309315], "48": [0.05076318451364051, 4.278817520627615], "49": [0.031931492458504775, 3.904232820842617], "50": [6.650056105662666e-05, 3.4750392956346148], "51": [-0.03991802323078965, 3.01388310909016], "52": [-0.07651256785350317, 2.565865892369939], "53": [-0.10103530579493239, 2.166087700812693], "54": [-0.11255020758977875, 1.8239302704920692], "55": [-0.1141608383150687, 1.5369596289930065], "56": [-0.10966308495988708, 1.3012529687008767], "57": [-0.10230164554691612, 1.1138046771832382], "58": [-0.09446028490114573, 0.9723277573862531], "59": [-0.08769501888832815, 0.8748696247705778], "60": [-0.0829043586290404, 0.8197953888859884], "61": [-0.08052279246231334, 0.8060270143472339], "62": [-0.0806580840963097, 0.8332859745279317], "63": [-0.08312984053493527, 0.9021668532008137], "64": [-0.08739916970745287, 1.0139968516510882], "65": [-0.0924082766115353, 1.1705632876305523], "66": [-0.09638440994725793, 1.373916505969648], "67": [-0.09670057194952479, 1.6264914866252458], "68": [-0.08992587893260398, 1.931520316643895], "69": [-0.07234283163522823, 2.2927570882191866], "70": [-0.041707755040356516, 2.7101760973456397], "71": [-0.0011813962913526837, 3.1669072466150876], "72": [0.03865350958437489, 3.620982446943844], "73": [0.06768141119097137, 4.032281603728504], "74": [0.08343780690172894, 4.38651381057002], "75": [0.08849972456908142, 4.684710387355698], "76": [0.08665850550524656, 4.930806956949994], "77": [0.08131785422315127, 5.127996073151984], "78": [0.07505152955323292, 5.278650411849296], "79": [0.06958426354747053, 5.384746589649485], "80": [0.06594144693767766, 5.447964967823166], "81": [0.06464327640779968, 5.469488869042091], "82": [0.06585639991873277, 5.449750183202535], "83": [0.06945249699277897, 5.388318187073634], "84": [0.07495758880777471, 5.284001912065168], "85": [0.08140575395117532, 5.135106474743092], "86": [0.08714572576635064, 4.939654438667479], "87": [0.0896873249571871, 4.695322897264313], "88": [0.08571249513176468, 4.399053101909643], "89": [0.0714905518919153, 4.047097830551741], "90": [0.04437019903170008, 3.638371861894783], "91": [0.0064061214664991005, 3.1861695757851796], "92": [-0.03272094249691565, 2.729401622839065], "93": [-0.062159367297019874, 2.3108159673289577], "94": [-0.07829973608840483, 1.948471779871447], "95": [-0.0832456717297188, 1.6426684234079532], "96": [-0.08074010206754847, 1.38956379221018], "97": [-0.07428113359567594, 1.1858447107467658], "98": [-0.06657002312386875, 1.0290753151269745], "99": [-0.0594500240753713, 0.9172691005006637]}