{"0": [3.234528443435976e-05, 5.213924115757155], "1": [0.002094120106568281, 5.19043898082289], "2": [0.0069350010091611914, 5.130792394862664], "3": [0.013472337417947747, 5.0349094818517095], "4": [0.019864600375594916, 4.9025956788090905], "5": [0.023434904033949693, 4.733302481104901], "6": [0.02062920016082451, 4.525687630847763], "7": [0.007061170647298403, 4.277058056001532], "8": [-0.022148308216114555, 3.983201218663012], "9": [-0.070916084876699, 3.6405485995395463], "10": [-0.1377225170897535, 3.255510099419262], "11": [-0.2097732917354009, 2.8583307285802677], "12": [-0.2694799534914767, 2.489660575203543], "13": [-0.30898352635758153, 2.1688572701982984], "14": [-0.3299193916588363, 1.8961027587241028], "15": [-0.33702353579318556, 1.666793315282398], "16": [-0.33511125261032626, 1.4772163574124622], "17": [-0.3282699925945795, 1.3252776190629292], "18": [-0.3197075225496578, 1.2100290440195043], "19": [-0.3117631263630088, 1.1311266962338908], "20": [-0.30597063916333356, 1.088473108720432], "21": [-0.30313693183163737, 1.0820509783045675], "22": [-0.3034007744869488, 1.1118729474674753], "23": [-0.3062428764658715, 1.1779742751708169], "24": [-0.3104418307766077, 1.2804347651639914], "25": [-0.31399877850591734, 1.4194862179708692], "26": [-0.3140676746433385, 1.5957882776430852], "27": [-0.30692733293388624, 1.8109034943809073], "28": [-0.2880627755247805, 2.0678301863219217], "29": [-0.252640898321097, 2.3709092986171574], "30": [-0.1974208516935258, 2.7226223041450037], "31": [-0.1259715493959574, 3.112338918520775], "32": [-0.053183781324579654, 3.5051733826055953], "33": [0.004647291923972177, 3.863306440507387], "34": [0.042200693126611066, 4.172680075459523], "35": [0.062177372483413075, 4.434961551081941], "36": [0.0694385691852471, 4.654711143693753], "37": [0.06865311490211767, 4.835248506634533], "38": [0.06370784343789239, 4.9783544449149115], "39": [0.0576079976924163, 5.084795129718634], "40": [0.05250211731549567, 5.15482872859385], "41": [0.0497489032660429, 5.1885178467889626], "42": [0.04999161326133575, 5.185865736191651], "43": [0.053205300290226694, 5.1468548282831135], "44": [0.05869272636440036, 5.071448191438466], "45": [0.06503110359899365, 4.959548907062858], "46": [0.06999735590787683, 4.810850409997243], "47": [0.07050871691995539, 4.624503280278461], "48": [0.06261710700711537, 4.39860206233695], "49": [0.04165835147632519, 4.1297293021563695], "50": [0.0029845159413891395, 3.8135720772086508], "51": [-0.05534896935823123, 3.449942023275695], "52": [-0.12659407072166823, 3.0561778221224696], "53": [-0.19385991537310449, 2.6716079829620445], "54": [-0.24353301199360225, 2.3281778038631034], "55": [-0.27332677980602604, 2.0337562566107], "56": [-0.2869632713756467, 1.785060594106392], "57": [-0.28934309869306646, 1.5777877325209966], "58": [-0.28491376216654163, 1.4091287847456806], "59": [-0.27729239979020687, 1.277673418663213], "60": [-0.269217215738949, 1.1828582938434518], "61": [-0.26258700435118576, 1.1245145879026834], "62": [-0.25853127156169275, 1.102612673141285], "63": [-0.2574772453942583, 1.1171606022191802], "64": [-0.25918098951655044, 1.1681788727465532], "65": [-0.26270621969799873, 1.2557102828036384], "66": [-0.2663621979665762, 1.3798925753253348], "67": [-0.26763293477351774, 1.5411687408520731], "68": [-0.2631339251534796, 1.7406904935349665], "69": [-0.24864477475731847, 1.9808524550553952], "70": [-0.21939064808640898, 2.2655404313846286], "71": [-0.17125906008995315, 2.598469059885496], "72": [-0.10469170283469255, 2.9752416588934243], "73": [-0.03068790008606286, 3.3693384193261924], "74": [0.03325568490822452, 3.740084814716795], "75": [0.07775568350020302, 4.064688985134159], "76": [0.10348222868958332, 4.341046438165228], "77": [0.11489594411921264, 4.573371719214198], "78": [0.11679536121576552, 4.765451391488511], "79": [0.11332293611805949, 4.9195036353595265], "80": [0.1077588822260355, 5.03655267699493], "81": [0.10251482887686643, 5.116965923983238], "82": [0.09918657412985278, 5.160833202211414], "83": [0.09862448240808452, 5.168158412398045], "84": [0.10098779153256332, 5.138926921935841], "85": [0.10575492794956233, 5.07311647420975], "86": [0.11168427154059428, 4.970665817318766], "87": [0.11674656180807332, 4.831350244141503], "88": [0.11806396069895797, 4.654490365629002], "89": [0.11189294093253975, 4.438476456889877], "90": [0.09373012184265925, 4.180278030194343], "91": [0.05886639825877876, 3.875712843571859], "92": [0.004507456607723473, 3.5231636305069878], "93": [-0.0648533606419914, 3.1353220943919746], "94": [-0.1338982313058961, 2.748193647155369], "95": [-0.18737452479794545, 2.3974785775238745], "96": [-0.22097084729265648, 2.095284606853015], "97": [-0.23765265650003697, 1.8396141223044293], "98": [-0.24222209614131143, 1.6261449069347322], "99": [-0.2392200280028346, 1.4518149078907674]}