{"0": [3.6606788448270623e-06, 4.876802347862154], "1": [0.00022954145375907346, 4.8582077697811075], "2": [0.0006880730500194476, 4.810954505308692], "3": [0.0010698677419805388, 4.734930033990717], "4": [0.0008680412841596847, 4.630016434852535], "5": [-0.0006151825025873714, 4.496176878932253], "6": [-0.004230008017333048, 4.333589460038213], "7": [-0.01088061393176766, 4.142872307044097], "8": [-0.02133542144554229, 3.9254805177114123], "9": [-0.03593122140448283, 3.684350409453499], "10": [-0.05422636725867661, 3.4247029285407895], "11": [-0.07480043981376666, 3.154509132965291], "12": [-0.09548422939395504, 2.88381824708147], "13": [-0.11405827601455855, 2.6228003639158097], "14": [-0.1289882129945095, 2.3796986411798366], "15": [-0.1397217626420866, 2.1599983913423495], "16": [-0.14652602255475772, 1.966813068349953], "17": [-0.15014267606257484, 1.8016928080304595], "18": [-0.15147939679414663, 1.6653006702153448], "19": [-0.15140696038721999, 1.557834998077927], "20": [-0.15065146862391032, 1.4792677880724459], "21": [-0.14975041652102208, 1.4294838517535424], "22": [-0.1490435523504603, 1.4083693385632983], "23": [-0.1486770737819342, 1.4158668150838423], "24": [-0.14860779271657887, 1.4519988277609996], "25": [-0.14860164079746535, 1.5168586335589251], "26": [-0.14822838298216479, 1.610568630575318], "27": [-0.14686199300367686, 1.7332072037785253], "28": [-0.14370405902260916, 1.8846963223274964], "29": [-0.13785555888755685, 2.0646190762867263], "30": [-0.12846813274541297, 2.2718998484934243], "31": [-0.11499999588717563, 2.504259168686671], "32": [-0.09755699644106892, 2.7574409261254753], "33": [-0.07718159000443887, 3.024529551669061], "34": [-0.05581516440423152, 3.296104914703395], "35": [-0.03575272412320746, 3.5617774221894933], "36": [-0.018853753608061175, 3.8123912075221655], "37": [-0.006047104975152224, 4.041399958816261], "38": [0.0026568325574987347, 4.244869333185873], "39": [0.007857775086730457, 4.420740223879693], "40": [0.010428310409172425, 4.568069352799259], "41": [0.011269398249116708, 4.686513381651929], "42": [0.011169565785765027, 4.776031407417002], "43": [0.010740219356191773, 4.836715662524006], "44": [0.010396049232164837, 4.868687017874515], "45": [0.010356021665316725, 4.872027923111932], "46": [0.010648548774221436, 4.846746749531099], "47": [0.011112312783341271, 4.792774553683272], "48": [0.01139178009595239, 4.70999458940936], "49": [0.010933958803631533, 4.598303330487318], "50": [0.009000737669226091, 4.457706116384155], "51": [0.00471918531836543, 4.288467615475011], "52": [-0.0028006850991868586, 4.091369987541071], "53": [-0.014250786728706095, 3.868164609735293], "54": [-0.029808280886996667, 3.6222725949279084], "55": [-0.04880148758825998, 3.359567181479537], "56": [-0.06959087055862173, 3.088630811619431], "57": [-0.08992625998438353, 2.8197362064867773], "58": [-0.10770418314630822, 2.5627270852572765], "59": [-0.12162470809890885, 2.325191018073659], "60": [-0.13136055415966777, 2.111974554730642], "61": [-0.13732411334723554, 1.9257432620279862], "62": [-0.1403189857732419, 1.767786691394467], "63": [-0.1412557893751678, 1.6386311971227294], "64": [-0.14097498404041908, 1.5384086256685807], "65": [-0.1401574962133126, 1.4670640414175344], "66": [-0.13929145167000148, 1.424479564145421], "67": [-0.13866771208207965, 1.4105538643448783], "68": [-0.1383847972721909, 1.4252494153390556], "69": [-0.13835179177747817, 1.4686078735578378], "70": [-0.13828549636026524, 1.5407325648055785], "71": [-0.1377055833933865, 1.6417390376398822], "72": [-0.13593918114080614, 1.7716732546126968], "73": [-0.13215429681957644, 1.9303852863425872], "74": [-0.12544923395756274, 2.1173191168157404], "75": [-0.11502926284897977, 2.331142418196083], "76": [-0.10048914519387193, 2.5691357513293096], "77": [-0.08215895292160855, 2.8263968664143615], "78": [-0.06133591012893931, 3.0952968310195645], "79": [-0.04011858138081827, 3.3659789127662334], "80": [-0.020754740007930778, 3.628188665419799], "81": [-0.004883829073277498, 3.8733861561863048], "82": [0.006823818470838763, 4.09575207360603], "83": [0.014549390284651083, 4.291917049575286], "84": [0.01899050919566904, 4.460170771620134], "85": [0.02104339333612011, 4.599759223558148], "86": [0.021587260595836308, 4.710434232903556], "87": [0.021366517223161557, 4.792197673293398], "88": [0.020940468143926173, 4.845153520216222], "89": [0.020670912228790445, 4.869414711917957], "90": [0.02072527052139642, 4.8650446156308185], "91": [0.0210809852343885, 4.832029972197588], "92": [0.02152471589857136, 4.770286552462097], "93": [0.021647384797548012, 4.6796972494843825], "94": [0.020843700999068203, 4.560181755993143], "95": [0.018332671486162664, 4.411804215198918], "96": [0.01322358876636213, 4.234946674798304], "97": [0.0046581427003981185, 4.030611639122321], "98": [-0.007944840432307676, 3.8009413307904767], "99": [-0.024554749323477003, 3.5499714345471713]}