{"0": [2.2989537212912436e-05, 2.3059963737213596], "1": [0.0015265654309439191, 2.321255106000326], "2": [0.00542961440599391, 2.359794582142852], "3": [0.011941838381954431, 2.4210849621147905], "4": [0.02133586311528897, 2.5041872241123286], "5": [0.03384828925586309, 2.6076120466363], "6": [0.049544886701230986, 2.7291164048930767], "7": [0.06817207654380646, 2.865474067488662], "8": [0.08904793295715849, 3.0123253151601688], "9": [0.1110693923596217, 3.1642694197449366], "10": [0.13288451806710255, 3.3153102065281677], "11": [0.15318255016213683, 3.459555715643509], "12": [0.1709641644000669, 3.591872603151276], "13": [0.1856702260110434, 3.7082331164116713], "14": [0.1971507522959891, 3.8057225665672116], "15": [0.20553776121121847, 3.882349845743834], "16": [0.21109601541721215, 3.936816075341463], "17": [0.21409629965337823, 3.9683261707445374], "18": [0.21472699985940397, 3.976465549780845], "19": [0.2130449072600873, 3.9611357479909906], "20": [0.20896243562119118, 3.9225386595231337], "21": [0.20227011525329633, 3.8612059260287475], "22": [0.19269612714348933, 3.7780790678510363], "23": [0.18000528942223806, 3.674650695362094], "24": [0.1641337583097762, 3.5531677551276855], "25": [0.1453371809715452, 3.416860345827199], "26": [0.12429901688376928, 3.270090621108228], "27": [0.10212254503801811, 3.1182586398657595], "28": [0.08015822073823525, 2.9673559583694806], "29": [0.059714069444258513, 2.823266896296543], "30": [0.041786476106059484, 2.6911163723362375], "31": [0.02693238719245792, 2.5749249462444106], "32": [0.015300746260652432, 2.477602161357691], "33": [0.00675953637962797, 2.4011358057463297], "34": [0.0010446982354231757, 2.346822633754227], "35": [-0.0021135031586300887, 2.315456199467113], "36": [-0.002902352116851769, 2.307449710271487], "37": [-0.0013777196737541249, 2.3229001071257622], "38": [0.002548520639095745, 2.3616035766159222], "39": [0.009085812281104801, 2.423025908653947], "40": [0.01850520667738244, 2.506222087301609], "41": [0.031040256477281127, 2.609694849961939], "42": [0.0467523594219948, 2.731191489302746], "43": [0.06538298801567899, 2.8674757578699874], "44": [0.08624620777834742, 3.014180677664298], "45": [0.1082377714295531, 3.165905033985837], "46": [0.13000847422939776, 3.316661347594255], "47": [0.15025343195453503, 3.4605739283316184], "48": [0.16798004573369185, 3.592528368521523], "49": [0.1826344914353429, 3.7085137240943986], "50": [0.19406960488196726, 3.8056277695000373], "51": [0.20241783253400714, 3.881887728099818], "52": [0.2079426635266979, 3.9360002081102294], "53": [0.21091268985796638, 3.9671740985827366], "54": [0.2115138583987012, 3.9749982876714864], "55": [0.20980082097618682, 3.9593779983297304], "56": [0.20568462311526634, 3.92051961900798], "57": [0.19895564635912227, 3.85896069780043], "58": [0.1893435730070952, 3.7756507471192173], "59": [0.17661669501941693, 3.67209304878704], "60": [0.16071658348618553, 3.550547910155368], "61": [0.14190545646497443, 3.414260000301796], "62": [0.12087265597218798, 3.267603488793408], "63": [0.09872413562078865, 3.1159825359030866], "64": [0.07680806551898116, 2.9653810500795355], "65": [0.05642577451110091, 2.8216650840295645], "66": [0.03856523160005091, 2.689936452663954], "67": [0.023776214431452183, 2.5741940804758516], "68": [0.01220337879075618, 2.4773307249559537], "69": [0.003713426998851357, 2.4013224774076236], "70": [-0.0019566877364798757, 2.3474581403536443], "71": [-0.005074319119618617, 2.3165254754622016], "72": [-0.005823841276193936, 2.308932781133349], "73": [-0.004258390328390169, 2.324772030401675], "74": [-0.0002879001775414591, 2.3638336022341915], "75": [0.006297618304599829, 2.4255758371490423], "76": [0.015767776364376155, 2.509043719691589], "77": [0.028352215318556022, 2.612726575474079], "78": [0.044105867624453676, 2.734354654577874], "79": [0.0627620148422971, 2.870672600114386], "80": [0.08362698383291599, 3.0172967077627315], "81": [0.10559239377195251, 3.168818123219805], "82": [0.12731091199476421, 3.319256047083721], "83": [0.14748519005377916, 3.4627550991521927], "84": [0.16513273119071908, 3.59422813934006], "85": [0.1797087180094221, 3.709690647611264], "86": [0.19107171921640917, 3.8062614602903566], "87": [0.19935629461024088, 3.8819728246282903], "88": [0.20482516953251892, 3.9355417400917014], "89": [0.20774436090471388, 3.966184692440624], "90": [0.20829643470738432, 3.97349691099073], "91": [0.20653271723157277, 3.957389866342923], "92": [0.20236175160283854, 3.9180770718497766], "93": [0.19557298869103917, 3.856105076651803], "94": [0.18589750432921165, 3.7724354133778637], "95": [0.17310795451973307, 3.66858753132748], "96": [0.1571534376189838, 3.5468424717871234], "97": [0.13830598320690482, 3.410468540803226], "98": [0.11726450996357908, 3.263861295131499], "99": [0.09514052725972136, 3.1124359841447595]}