{"0": [2.4608052836548395e-06, 1.680623790927262], "1": [0.0001784273450123627, 1.7048763514292444], "2": [0.00077568594055189, 1.7663684874281078], "3": [0.002186988354753648, 1.8648656820484135], "4": [0.005012971359945854, 1.9998378192963775], "5": [0.009981647304420534, 2.1702009952547696], "6": [0.01778496848508155, 2.3738560543924785], "7": [0.028809093749020735, 2.6069346566944365], "8": [0.042799599915311674, 2.8628373280010053], "9": [0.058644827162957006, 3.131648204915475], "10": [0.07455989712726456, 3.400933253370667], "11": [0.08872173562568811, 3.6581404633162244], "12": [0.09993423537012433, 3.8930928008316883], "13": [0.10786557792429187, 4.098944268079655], "14": [0.11285910983963988, 4.271666599949122], "15": [0.11559769418142977, 4.409076783298204], "16": [0.11682278732940696, 4.510051095854768], "17": [0.11716064144079892, 4.574040505059968], "18": [0.11703510708216439, 4.600800903047877], "19": [0.11663221063103808, 4.590252753433661], "20": [0.11589000919609559, 4.542428297614772], "21": [0.114501955455634, 4.457493921094137], "22": [0.11193814780360453, 4.335851719971387], "23": [0.10750446488751397, 4.17834582211806], "24": [0.10047172428619208, 3.986637743433004], "25": [0.09030611721942404, 3.76384727211401], "26": [0.0769920357253013, 3.5154713938730793], "27": [0.061322567494022366, 3.250212139359599], "28": [0.04488912229162979, 2.9797857085873614], "29": [0.02958606432845666, 2.7170199066057066], "30": [0.016891283672778746, 2.4731589625998582], "31": [0.007446640164242083, 2.2562588019811174], "32": [0.0011186464343715759, 2.07126756140503], "33": [-0.0026881138048132094, 1.9209369015933422], "34": [-0.00471801598721616, 1.8067091000063267], "35": [-0.0056520052034287685, 1.7293049665258478], "36": [-0.005992877907930002, 1.6890597787050023], "37": [-0.006014658031001576, 1.6861036683901993], "38": [-0.005745383609387362, 1.7204436277755994], "39": [-0.004965919111121621, 1.791968046975677], "40": [-0.0032232992398355345, 1.9003752597361443], "41": [0.00012688407713727342, 2.0450099975874716], "42": [0.005820588570247492, 2.2245592061967274], "43": [0.014493790306528519, 2.436517369903427], "44": [0.026386852754621354, 2.676354217693014], "45": [0.041018411257211694, 2.9365758383891665], "46": [0.057053883401221174, 3.206427188248823], "47": [0.07262833244500379, 3.473181383502797], "48": [0.086043528340243, 3.7247603501537285], "49": [0.09634256439039507, 3.9518986848904376], "50": [0.10340946096550743, 4.1486167563682175], "51": [0.1077120983231812, 4.311485658840358], "52": [0.10997013050013221, 4.438673340991786], "53": [0.11090365286842027, 4.529246558005492], "54": [0.11108680955751939, 4.582756678136828], "55": [0.11087814369129939, 4.599012544429433], "56": [0.11039411228460763, 4.577967133714123], "57": [0.1095031540276554, 4.519686310585459], "58": [0.10783305599611234, 4.424392465950145], "59": [0.10480050713263407, 4.292591886534618], "60": [0.09968676350669764, 4.125320702367029], "61": [0.09179318663835956, 3.924585940530614], "62": [0.08070184760730088, 3.694092738192712], "63": [0.06660760054080515, 3.4401965067801465], "64": [0.0505518473531517, 3.17254489704233], "65": [0.03427735380494792, 2.903415610033877], "66": [0.019622394508245183, 2.645419355803572], "67": [0.007842162379101614, 2.4089561608999803], "68": [-0.0006670259569931496, 2.201122358437656], "69": [-0.0062044281190755755, 2.0261375159197472], "70": [-0.009433483330782649, 1.8863056205295439], "71": [-0.011094531345528374, 1.7828208419344207], "72": [-0.011823372581537952, 1.7162720171685688], "73": [-0.012058555851800781, 1.6869250956965067], "74": [-0.012002862578283454, 1.6948711646848467], "75": [-0.011611728391666956, 1.740084851359175], "76": [-0.010595771098395462, 1.822407124481021], "77": [-0.008440663686058838, 1.9414494992925342], "78": [-0.004463258122973844, 2.0963959159874688], "79": [0.0020646881632535854, 2.2856411159267154], "80": [0.011693492947451402, 2.506170455124678], "81": [0.024478110235408305, 2.7526582474592725], "82": [0.03968130551865724, 3.016619957869345], "83": [0.05575822435917071, 3.2865139722731964], "84": [0.07082127280044517, 3.5495362472342937], "85": [0.08335635420752595, 3.794306067844611], "86": [0.09266906525607609, 4.012567314208885], "87": [0.09885052478280118, 4.1991991945917135], "88": [0.10247325457804823, 4.35133363638838], "89": [0.10427541308138354, 4.467458332948491], "90": [0.10494234210130543, 4.546812088828635], "91": [0.10498678739221509, 4.58903694862421], "92": [0.10469515057166216, 4.593990691878621], "93": [0.10410872936518177, 4.561660087817134], "94": [0.10302180909323581, 4.492152347022964], "95": [0.10099424783799663, 4.385762440465244], "96": [0.09739219268177063, 4.243131335324377], "97": [0.09148462888210311, 4.065541623701966], "98": [0.08262968003206221, 3.8554381664345643], "99": [0.07056478931256165, 3.617243864750558]}