{"0": [-2.3738238630540626e-05, 3.77496189422859], "1": [-0.0015701695059250507, 3.761075564088007], "2": [-0.00552809633164726, 3.726117347056405], "3": [-0.011965956560162035, 3.6708731833047334], "4": [-0.02093614760556787, 3.5966906633497566], "5": [-0.03239772316728964, 3.505592642208638], "6": [-0.04612938698817021, 3.4003993769393133], "7": [-0.061662068557055166, 3.2847981418557173], "8": [-0.07826969716823975, 3.1632745735477568], "9": [-0.0950453440689689, 3.0408432665737135], "10": [-0.1110498977152132, 2.9226078291842263], "11": [-0.12547489367487336, 2.8132885882193657], "12": [-0.13775121774424803, 2.716879148798154], "13": [-0.14757128324547, 2.636506827499833], "14": [-0.15483924416798894, 2.574462023133366], "15": [-0.15958696730667565, 2.5323110534217887], "16": [-0.1618901632410631, 2.5110188593534573], "17": [-0.16180533357678237, 2.51104151581672], "18": [-0.15933656014020312, 2.5323741742556747], "19": [-0.1544349147669679, 2.574551595288051], "20": [-0.14703048123266282, 2.636601411088316], "21": [-0.1370942613018654, 2.71695311691128], "22": [-0.12472119800246713, 2.8133169207064355], "23": [-0.11021420863082383, 2.9225716188128636], "24": [-0.0941354567677861, 3.0407337930101273], "25": [-0.0772871364729977, 3.163093341650758], "26": [-0.06060587215212233, 3.2845521621659457], "27": [-0.04500107019369457, 3.4000944088176386], "28": [-0.031204648761099116, 3.505228672262344], "29": [-0.019691787958109695, 3.5962618100825403], "30": [-0.010687513846603512, 3.670371026698036], "31": [-0.004232935451088225, 3.7255353542090663], "32": [-0.0002723430747213726, 3.7604129030798097], "33": [0.0012687012002977089, 3.7742260275845094], "34": [0.00043026624041322167, 3.7666838137354155], "35": [-0.00280379196967419, 3.7379507798786737], "36": [-0.008494847530192409, 3.6886630417074993], "37": [-0.016706488532975988, 3.6199912181384617], "38": [-0.027433795735678532, 3.533744481168915], "39": [-0.04051707130006232, 3.4324944486425215], "40": [-0.05556505663801455, 3.319668130156461], "41": [-0.07192473796918343, 3.1995287786758317], "42": [-0.08873121105487379, 3.076968320590212], "43": [-0.10503886360948245, 2.9571085201761433], "44": [-0.11998715895254428, 2.8448213510451494], "45": [-0.13293060742629123, 2.7443351414975017], "46": [-0.14348683779706722, 2.659034202367062], "47": [-0.15150481669279284, 2.5914458874909947], "48": [-0.15698716049533623, 2.5433371352164245], "49": [-0.16000367917664718, 2.515839446967803], "50": [-0.16062098327004498, 2.5095523855983517], "51": [-0.15886006607824799, 2.524605125939015], "52": [-0.15468600533482857, 2.5606710042312035], "53": [-0.14803043744468375, 2.6169347127778586], "54": [-0.1388450714237274, 2.6920138264517104], "55": [-0.12717975790495234, 2.7838442493378026], "56": [-0.11326888136817047, 2.889559910029701], "57": [-0.0975961216524048, 3.005429447287891], "58": [-0.08089912318799751, 3.1269355003380603], "59": [-0.06408867707915486, 3.2490550592690264], "60": [-0.04809805016726441, 3.3667040477589643], "61": [-0.03372233618026572, 3.475204374056259], "62": [-0.021514713188226512, 3.5706156074070248], "63": [-0.011769063534101138, 3.6498632232002652], "64": [-0.004572423176724227, 3.710702815850004], "65": [0.00011062452704278493, 3.751605872568075], "66": [0.0023551987530540156, 3.7716386737046186], "67": [0.002214844256651191, 3.770372501028257], "68": [-0.0003097312092057355, 3.7478385697459253], "69": [-0.005269332505925229, 3.704530254869054], "70": [-0.012732500803793182, 3.6414523833947015], "71": [-0.02272226542547216, 3.5602141870795223], "72": [-0.03513272234927278, 3.463150659229924], "73": [-0.0496463188348662, 3.3534313183490494], "74": [-0.065686133390488, 3.235082682725596], "75": [-0.08244018410603664, 3.112840839462457], "76": [-0.09897125836539195, 2.9918028557360192], "77": [-0.11437916971276083, 2.876955168323589], "78": [-0.12794745761389809, 2.7727399271374376], "79": [-0.13921719572990462, 2.6827940360023814], "80": [-0.14797605212164439, 2.609887367041012], "81": [-0.15419016047522346, 2.555995995696655], "82": [-0.157917278914641, 2.522425069473873], "83": [-0.15923017471551948, 2.5099214113924733], "84": [-0.15816547208207762, 2.5187480882162143], "85": [-0.15470383902781368, 2.548712750115191], "86": [-0.14878292513513589, 2.5991486470086866], "87": [-0.14034210173260012, 2.6688491975128827], "88": [-0.1293943244071146, 2.755962356414316], "89": [-0.11611229803606725, 2.8578675570029977], "90": [-0.1009031026980941, 2.97108798210471], "91": [-0.08443395968993708, 3.09132006353925], "92": [-0.06757702424700723, 3.2136535546031917], "93": [-0.051274849052906496, 3.3329782098382497], "94": [-0.03637557937881895, 3.444461005660098], "95": [-0.02350773414085662, 3.5439286958625056], "96": [-0.01303768758313967, 3.628055073849968], "97": [-0.005105143236712969, 3.694365131569464], "98": [0.00029807563061861556, 3.741135505775447], "99": [0.003242378860440293, 3.7672704613977945]}