{"0": [-2.604352943931952e-05, 3.2864172536972807], "1": [-0.0017089574850364195, 3.2807521852682537], "2": [-0.005893724260981305, 3.26668365028577], "3": [-0.012352383227020522, 3.2450174819662703], "4": [-0.02071913671303844, 3.2170205181812817], "5": [-0.030498554827988678, 3.1843695753642454], "6": [-0.041088525608913594, 3.1490628025728995], "7": [-0.051820802623387896, 3.1132909112784493], "8": [-0.06201490001494393, 3.0792794143226168], "9": [-0.07103475497387517, 3.049125043320126], "10": [-0.07833616563919603, 3.0246521587758037], "11": [-0.08349751502451155, 3.007306367783919], "12": [-0.08623363722216523, 2.998088526870714], "13": [-0.08639844611420776, 2.997521123022452], "14": [-0.0839835920582911, 3.005635368950287], "15": [-0.07911810870949433, 3.0219708392897426], "16": [-0.07206946777795661, 3.045586970299775], "17": [-0.06324174950025296, 3.075093524642714], "18": [-0.053163837374497806, 3.1087114708253845], "19": [-0.04246146586817323, 3.1443733406929755], "20": [-0.03181211060366868, 3.179862009200022], "21": [-0.021889059518301546, 3.212972783703779], "22": [-0.013306270617417019, 3.2416736939186865], "23": [-0.00657525242339329, 3.26423961706859], "24": [-0.002079448554920107, 3.279346854609125], "25": [-6.430236009383705e-05, 3.2861287663899557], "26": [-0.000636458688991381, 3.2842023387371415], "27": [-0.003765153792162709, 3.27367696738609], "28": [-0.009281989874687886, 3.2551517343803518], "29": [-0.01688009357287576, 3.2296995052938486], "30": [-0.026118030322583686, 3.1988289988319454], "31": [-0.03643573884116614, 3.1644132685293607], "32": [-0.04718758037942146, 3.1285776972487382], "33": [-0.05769147871676475, 3.0935524691143574], "34": [-0.06728589909586159, 3.0615082698715503], "35": [-0.07538252104932898, 3.0344013382794923], "36": [-0.08150458729650614, 3.013849906600659], "37": [-0.08530758063398576, 3.0010513399261427], "38": [-0.08658579120259821, 2.996736005162416], "39": [-0.08527187195648955, 3.001146794940708], "40": [-0.0814357201746596, 3.0140339396775806], "41": [-0.0752851955834833, 3.0346609612845064], "42": [-0.06716629483285631, 3.0618257281482744], "43": [-0.05755653524547615, 3.0939068382001884], "44": [-0.04704445193391278, 3.1289463819481456], "45": [-0.03629152964428339, 3.164773200718189], "46": [-0.025979728752606023, 3.19915758981355], "47": [-0.01675448595072198, 3.2299756041581884], "48": [-0.009175354407856646, 3.2553568185439414], "49": [-0.0036826951038368017, 3.2737965692328137], "50": [-0.0005816223165912753, 3.2842274704928647], "51": [-3.819754629214321e-05, 3.28605699783371], "52": [-0.0020805825153851574, 3.2791827497795096], "53": [-0.0065996773217507675, 3.2639943871736197], "54": [-0.013348111514373949, 3.241364112818939], "55": [-0.021941264905285317, 3.21261959708231], "56": [-0.03186719027459952, 3.179488194086604], "57": [-0.04251200503648897, 3.1440025611753963], "58": [-0.05320271812560513, 3.1083668912953457], "59": [-0.06326220194087276, 3.07479687335128], "60": [-0.07206518122720935, 3.0453575859383233], "61": [-0.07908357515761176, 3.0218245077547907], "62": [-0.08391467917012399, 3.0055829965193834], "63": [-0.08629303367322252, 2.9975675095981043], "64": [-0.08609208930798798, 2.998231573518201], "65": [-0.08332280554780096, 3.00753697730387], "66": [-0.0781335858757892, 3.024954927988494], "67": [-0.0708112666140062, 3.0494796536660607], "68": [-0.0617783188003053, 3.0796624454680575], "69": [-0.05157905738293668, 3.113677695746839], "70": [-0.04084918493603522, 3.1494289887034856], "71": [-0.030268648493598435, 3.184692286575336], "72": [-0.02050511289481959, 3.2172792642750454], "73": [-0.012159969248450232, 3.2451950953590174], "74": [-0.005727551844319367, 3.26676740043317], "75": [-0.0015719957081697068, 3.2807349785962607], "76": [8.09739672309022e-05, 3.286298637925971], "77": [-0.0008558287292235839, 3.2831446556244677], "78": [-0.004332331267396954, 3.271451740197457], "79": [-0.010160720016221047, 3.2518867373228697], "80": [-0.018014880572441213, 3.2255862674593194], "81": [-0.027435584784096426, 3.194114730883581], "82": [-0.03784863727678871, 3.15938731269657], "83": [-0.04860040721371615, 3.123552406943091], "84": [-0.059008672655808586, 3.088840431044837], "85": [-0.06841969096469147, 3.0573993654295206], "86": [-0.07625929216654838, 3.0311432442018673], "87": [-0.08206874049642032, 3.0116341776482103], "88": [-0.08552308203808708, 3.0000051770176905], "89": [-0.0864362848603602, 2.9969183601710836], "90": [-0.08476039620722502, 3.0025471390213028], "91": [-0.08058464718325102, 3.016572662678896], "92": [-0.07413633920616165, 3.0381914897652567], "93": [-0.06578048211004749, 3.0661395208734956], "94": [-0.05601160436921061, 3.098742919692782], "95": [-0.04543086751426471, 3.134006560714009], "96": [-0.03470562639772558, 3.1697425239903856], "97": [-0.024515651883667243, 3.203727570067835], "98": [-0.01549655165263464, 3.2338665122634636], "99": [-0.008192352991714157, 3.258335727409849]}