{"0": [1.0376485623202718e-05, 2.6929282136887225], "1": [0.0006841990964593242, 2.7017856088049306], "2": [0.002389265817068038, 2.7240432784203925], "3": [0.0051087646836107505, 2.75910852294826], "4": [0.008806384856741189, 2.806023607675068], "5": [0.01341509625961814, 2.8634627645344097], "6": [0.018826251110348722, 2.9297388989038105], "7": [0.02488282451638639, 3.002828986762695], "8": [0.0313803092155882, 3.0804261849795904], "9": [0.03807711449483584, 3.1600221048660564], "10": [0.04471347198692993, 3.239014937496416], "11": [0.05103483195946893, 3.314830887252138], "12": [0.05681399598678475, 3.3850416527717577], "13": [0.06186672575252887, 3.447462103461542], "14": [0.06605801782293212, 3.500219043428697], "15": [0.06929935393222023, 3.5417904659233446], "16": [0.07153966180960296, 3.57102127393701], "17": [0.07275378739113135, 3.587124354839164], "18": [0.07293210367429016, 3.589675562731562], "19": [0.07207396336902026, 3.578608962229595], "20": [0.07018650091212998, 3.5542158291551726], "21": [0.06728903952891652, 3.5171479693197707], "22": [0.06342211017274485, 3.4684229969674263], "23": [0.05865885488093376, 3.409426309294485], "24": [0.05311551184739533, 3.341901947385902], "25": [0.04695713571306406, 3.2679233102016716], "26": [0.040395213545973974, 3.189836188032144], "27": [0.033675727988935894, 3.110171760155096], "28": [0.027059182477468725, 3.03153527928048], "29": [0.020797010662680752, 2.956484091625593], "30": [0.01511020237781078, 2.887412459036522], "31": [0.01017511227551641, 2.8264582208545406], "32": [0.006118756654092195, 2.7754390219671685], "33": [0.003022818197271051, 2.735817425646431], "34": [0.0009333535381104639, 2.7086882041254157], "35": [-0.00012764044546382806, 2.694778788246519], "36": [-0.00015231225353096398, 2.6944545954386916], "37": [0.0008587861344029864, 2.7077233288468476], "38": [0.00289696698973975, 2.7342352330403017], "39": [0.005940148437253567, 2.7732792212323507], "40": [0.009943266661714259, 2.8237777096232], "41": [0.014826778762396246, 2.88428587818995], "42": [0.020466695873126786, 2.9530034891699155], "43": [0.026689993959618644, 3.0278082710499596], "44": [0.03327852791846791, 3.10631781047241], "45": [0.03998246555917504, 3.185981129991222], "46": [0.04654120983698062, 3.26419282018585], "47": [0.0527070230609159, 3.338415086191493], "48": [0.0582655062048286, 3.406290211527169], "49": [0.06304831103806689, 3.4657293509758844], "50": [0.06693629498793087, 3.5149713353201864], "51": [0.06985434478886467, 3.5526133785249825], "52": [0.07176110545140987, 3.577621022323616], "53": [0.07263747013995328, 3.5893263852152812], "54": [0.07247720988315957, 3.5874226812700756], "55": [0.07128207159408985, 3.571960457220457], "56": [0.06906244176796951, 3.5433480815096003], "57": [0.06584342410924102, 3.5023560944640884], "58": [0.061674931103889455, 3.450122106837481], "59": [0.056643181826551994, 3.3881500828446205], "60": [0.0508800455204074, 3.3182955950522106], "61": [0.044566413346571555, 3.242728148822354], "62": [0.03792672519912526, 3.163864328127835], "63": [0.03121409377619416, 3.0842718350365166], "64": [0.024688566710550846, 3.0065529427805227], "65": [0.018593629918902333, 2.9332228636613844], "66": [0.013136749590533108, 2.8666003840471053], "67": [0.00847818683666187, 2.8087237847360127], "68": [0.004729355647830279, 2.76129694564928], "69": [0.0019590812253659474, 2.7256626145574945], "70": [0.0002043293491088755, 2.7027949800422335], "71": [-0.0005184307479316362, 2.6933025096149836], "72": [-0.00020446234913567513, 2.6974334393252324], "73": [0.0011432717654834984, 2.7150789340819723], "74": [0.0035125184433645123, 2.7457718653449286], "75": [0.006874874896346833, 2.7886820730391775], "76": [0.011175263614971386, 2.842611900762227], "77": [0.016320530538551956, 2.9059985980247256], "78": [0.022170829357002462, 2.9769322370725084], "79": [0.028537546883923612, 3.0531978551625447], "80": [0.03519035174631929, 3.1323472735928846], "81": [0.04187344285905726, 3.211799209475217], "82": [0.04832796213489342, 3.2889578112430082], "83": [0.05431520365362349, 3.3613333989338234], "84": [0.059634934554168004, 3.4266483751917844], "85": [0.06413502041314932, 3.4829164628017857], "86": [0.06771160135858324, 3.5284917791542885], "87": [0.07030184654446979, 3.562091809621793], "88": [0.07187287098709504, 3.582802563241898], "89": [0.0724106070148345, 3.590074852076769], "90": [0.07191170341255791, 3.5837189254632564], "91": [0.07038038496851638, 3.563901965887795], "92": [0.06783096083974749, 3.531150020367297], "93": [0.06429542236466547, 3.486353024056754], "94": [0.05983432634810111, 3.430768652670657], "95": [0.05454800124442765, 3.3660179988422843], "96": [0.04858433181828267, 3.2940642429768103], "97": [0.042139464765143096, 3.2171658904624842], "98": [0.0354491813663162, 3.1378000214381796], "99": [0.028771359733467207, 3.0585582971494856]}