{"0": [-5.624460832472607e-07, 3.1597307515552298], "1": [-3.686314920096243e-05, 3.1589755009959], "2": [-0.00012674871053824495, 3.157105436337918], "3": [-0.00026445974462961365, 3.1542404661474133], "4": [-0.00044116938511244014, 3.1505643079306385], "5": [-0.0006455465194642516, 3.146312719760963], "6": [-0.0008644813419120605, 3.1417583857466194], "7": [-0.0010839273342496665, 3.137193421558935], "8": [-0.0012898050165088058, 3.1329106253519634], "9": [-0.0014689079106006836, 3.129184684502257], "10": [-0.0016097509633226374, 3.126254551658016], "11": [-0.0017033062234830497, 3.124308124287871], "12": [-0.001743579094507225, 3.1234702077314886], "13": [-0.0017279897250883694, 3.123794526136601], "14": [-0.0016575367738126364, 3.1252602852274878], "15": [-0.0015367339799599923, 3.1277735027463662], "16": [-0.0013733232662386137, 3.131173023004182], "17": [-0.001177781342776399, 3.135240836957824], "18": [-0.0009626497270766981, 3.1397160545390075], "19": [-0.0007417300770313706, 3.1443116384139813], "20": [-0.0005291966224718541, 3.148732825013697], "21": [-0.0003386839497228157, 3.1526960447475116], "22": [-0.00018241039056841288, 3.155947119269902], "23": [-7.039443333300405e-05, 3.1582775628162536], "24": [-9.81439590159301e-06, 3.159537942268374], "25": [-4.5512095679597555e-06, 3.1596474452178827], "26": [-5.4941889873654224e-05, 3.15859905108503], "27": [-0.0001577581947688507, 3.156459980130184], "28": [-0.00030641168842165554, 3.1533673922487333], "29": [-0.0004913731518970475, 3.149519605916853], "30": [-0.0007007811747279704, 3.1451633918227704], "31": [-0.0009212023108847473, 3.1405781490904934], "32": [-0.0011384943619712512, 3.1360579774370887], "33": [-0.0013387164614375579, 3.1318927998860087], "34": [-0.0015090258876500505, 3.1283497552193094], "35": [-0.001638502583287513, 3.125656061018625], "36": [-0.0017188480264777825, 3.12398444866667], "37": [-0.001744914450801483, 3.123442100296235], "38": [-0.0017150321317550728, 3.1240637889317924], "39": [-0.001631115331156006, 3.125809653928585], "40": [-0.0014985407359079086, 3.128567751295642], "41": [-0.0013258055193425993, 3.13216121872113], "42": [-0.0011239853568425053, 3.1363596037563144], "43": [-0.0009060255098370548, 3.1408936368033435], "44": [-0.000685909660713044, 3.1454725052946353], "45": [-0.000477760317703088, 3.149802518582922], "46": [-0.0002949300106213009, 3.1536059588539023], "47": [-0.00014914325805858133, 3.156638900646365], "48": [-4.974526192419459e-05, 3.1587068515754764], "49": [-3.1051597435255807e-06, 3.1596772129738517], "50": [-1.2210668553119029e-05, 3.159487768489211], "51": [-7.647839073424618e-05, 3.158150664814547], "52": [-0.0001917908861789381, 3.1557516344845897], "53": [-0.0003507583232089668, 3.152444509577357], "54": [-0.0005431892640734848, 3.148441371488317], "55": [-0.0007567421365871402, 3.1439989598324947], "56": [-0.0009777167993358842, 3.1394022062569498], "57": [-0.00119193540919216, 3.1349459493973595], "58": [-0.0013856548716715041, 3.130916009824243], "59": [-0.0015464506059026059, 3.127570847433937], "60": [-0.0016640136399252315, 3.1251249841300983], "61": [-0.0017308097761570467, 3.1237352556024534], "62": [-0.0017425596547470498, 3.123490768398661], "63": [-0.001698510660685308, 3.124407197744569], "64": [-0.001601484643492724, 3.126425784849062], "65": [-0.001457698692143837, 3.129417096552078], "66": [-0.001276369491199604, 3.1331893110649798], "67": [-0.001069124927163499, 3.1375005069046895], "68": [-0.0008492591812668452, 3.142074174313689], "69": [-0.0006308786176050429, 3.146616956606907], "70": [-0.0004279940720723637, 3.1508374794409697], "71": [-0.0002536194205927909, 3.1544650521037347], "72": [-0.00011893581800566571, 3.157267033595874], "73": [-3.2575829636481624e-05, 3.159063746707282], "74": [-7.268779727058801e-08, 3.15973998702249], "75": [-2.3508391117444092e-05, 3.159252396739773], "76": [-0.00010138157442416069, 3.1576322385372686], "77": [-0.00022870285111806625, 3.1549833953745616], "78": [-0.0003973120365751329, 3.151475721848263], "79": [-0.0005963984373890034, 3.1473341658640863], "80": [-0.0008131925293280117, 3.1428243498969985], "81": [-0.0010337855816465531, 3.1382355320593827], "82": [-0.001244024298153382, 3.133862041628743], "83": [-0.0014304216532529043, 3.1299843868823776], "84": [-0.0015810237803932116, 3.1268512554626913], "85": [-0.0016861762619582677, 3.124663566864986], "86": [-0.0017391408769563703, 3.123561598765714], "87": [-0.0017365245968345574, 3.1236160061012384], "88": [-0.0016784950602917396, 3.1248233002043433], "89": [-0.0015687698874135537, 3.127106072114301], "90": [-0.001414380482126219, 3.130317945980629], "91": [-0.0012252242390880868, 3.1342529510542905], "92": [-0.0010134321262485805, 3.138658719900655], "93": [-0.0007925909053708883, 3.143252672791907], "94": [-0.0005768697435094225, 3.1477401508853937], "95": [-0.00038010834049065215, 3.1518333296498118], "96": [-0.00021492679172127843, 3.155269690883428], "97": [-9.191567691929861e-05, 3.157828861688713], "98": [-1.8958609910801507e-05, 3.159346739052966], "99": [-7.297182312635636e-07, 3.159725999088562]}