{"0": [2.1236354693018206e-05, 2.296295098418857], "1": [0.0014116221098754852, 2.313840425327193], "2": [0.005033936478040706, 2.3581160870288795], "3": [0.011110442191142654, 2.428401820756626], "4": [0.019918235729577138, 2.5234099873109552], "5": [0.03166808656170817, 2.641079603529602], "6": [0.04634465019324837, 2.7782916665694164], "7": [0.0635465531838124, 2.930586718256421], "8": [0.08240591279759811, 3.09207585810914], "9": [0.10167730739707243, 3.255775529169591], "10": [0.12000865653997599, 3.4144044029701406], "11": [0.13627035631173762, 3.561326843679168], "12": [0.14976783149563827, 3.691194866337752], "13": [0.16026111823826347, 3.800101349222713], "14": [0.16784354448219543, 3.8853866800457943], "15": [0.172774059050359, 3.9453362571582242], "16": [0.17532863605218707, 3.9789195764139773], "17": [0.17569630375423215, 3.9856182177058064], "18": [0.1739229142903637, 3.9653383186832056], "19": [0.16989963200513372, 3.9183938663409785], "20": [0.16339508269456401, 3.845556969704824], "21": [0.15413354942113444, 3.7481843137697752], "22": [0.14192067912925033, 3.6284320711070417], "23": [0.1268054263420734, 3.4895451695203583], "24": [0.10923571316372341, 3.3361295636835857], "25": [0.09012486552464005, 3.1742065413119698], "26": [0.07074241743180651, 3.0108267819930443], "27": [0.0524300784335257, 2.8532399357375113], "28": [0.03627793267549567, 2.707965156036914], "29": [0.022931128683875205, 2.580198333815513], "30": [0.012588633824073645, 2.47370461826432], "31": [0.005133168494533999, 2.3910324260316367], "32": [0.0002988181637616364, 2.333815785509205], "33": [-0.002184569061894578, 2.303026492575078], "34": [-0.002492523331703555, 2.2991365972573843], "35": [-0.0006545451775995961, 2.322197992452382], "36": [0.0034528822518290264, 2.3718522218785463], "37": [0.010069528341864758, 2.44727291566418], "38": [0.01946831820114821, 2.5470306661625743], "39": [0.03182511669489923, 2.668869152116567], "40": [0.047055056214255195, 2.8094121998948482], "41": [0.06466214249765144, 2.9639041334576466], "42": [0.08368810602892278, 3.1261933436798337], "43": [0.10284215262813569, 3.2891703060886712], "44": [0.1207967544452047, 3.4456279644248977], "45": [0.13650405222839448, 3.5891718986801115], "46": [0.14936900194452338, 3.7147616467884412], "47": [0.15923278034951227, 3.8187738320318108], "48": [0.1662351611784737, 3.898769805026929], "49": [0.17064759748084596, 3.9531948745403573], "50": [0.17273329534360868, 3.981135377239881], "51": [0.17265355132775806, 3.9821657489113123], "52": [0.1704212101328182, 3.9562768529618353], "53": [0.16589827432964446, 3.9038731740769506], "54": [0.15883739957953216, 3.8258379290849818], "55": [0.1489699927449004, 3.7236771536246116], "56": [0.13614086646023804, 3.5997524902938567], "57": [0.12047313595964325, 3.457576692109148], "58": [0.10251224687111586, 3.302057955216135], "59": [0.08326059388399763, 3.1394752670267385], "60": [0.0640270622254285, 2.9769878432170196], "61": [0.04612108789358739, 2.821748918365065], "62": [0.030545736464560366, 2.6800202149522256], "63": [0.017845485435289438, 2.5566839041661082], "64": [0.008140032711917659, 2.4552221292946803], "65": [0.0012686568221762333, 2.377965357061343], "66": [-0.003044174523155096, 2.3263902197987196], "67": [-0.005053600700220372, 2.301352812336752], "68": [-0.004905976427756666, 2.30323205597373], "69": [-0.0025972375029897094, 2.3319934710282566], "70": [0.0020248139978611248, 2.387184864440491], "71": [0.00921416628865963, 2.467863401245968], "72": [0.019233407549454292, 2.572442273164235], "73": [0.032214743496192674, 2.6984491366197987], "74": [0.04799446276177876, 2.8422293564329406], "75": [0.0659764646910965, 2.998719923965524], "76": [0.08511539160987942, 3.161518359522145], "77": [0.10408774718584689, 3.3234257708138966], "78": [0.12160616447588087, 3.4773542031047526], "79": [0.1367147753057839, 3.6171822375139246], "80": [0.1489199054062896, 3.738188361989598], "81": [0.15813980041370074, 3.837030798630431], "82": [0.16455450121814724, 3.911485538318975], "83": [0.16844213434208377, 3.9601526992189884], "84": [0.17004865956662824, 3.9822332109295555], "85": [0.1695048137867001, 3.9773950006831744], "86": [0.16678942761598647, 3.945717106069096], "87": [0.16173646884587278, 3.8877012409911518], "88": [0.15408635438637072, 3.8043528288880593], "89": [0.14358431135531205, 3.6973438445860087], "90": [0.1301235302355679, 3.5692629087397894], "91": [0.11391066050674631, 3.423911759648788], "92": [0.09559345260030866, 3.2665099186340556], "93": [0.07625869817512082, 3.1035784681138088], "94": [0.057240725149585836, 2.9423451298471552], "95": [0.03980082260894053, 2.7898209806695546], "96": [0.02484545055611367, 2.651979956190549], "97": [0.01281747612361888, 2.533381050275935], "98": [0.0037620501134562924, 2.437226859302148], "99": [-0.002518485053749321, 2.365636783591321]}