{"0": [5.911932421327127e-06, 4.83667769835884], "1": [0.0003531672429269621, 4.810161036381856], "2": [0.000882917662705897, 4.742813608345499], "3": [0.0006527585302691477, 4.634528051007929], "4": [-0.001861616040397422, 4.485076901457355], "5": [-0.008702266838936979, 4.294071753988744], "6": [-0.02220171991324533, 4.061150809202188], "7": [-0.04438901120937917, 3.787012885997133], "8": [-0.07573040525360869, 3.476373298915035], "9": [-0.1133918309056606, 3.1426970015232047], "10": [-0.151069895978856, 2.808949140671265], "11": [-0.18238786645194358, 2.498223089550998], "12": [-0.2044002093403436, 2.2241479988974726], "13": [-0.21752981177383263, 1.991458724470168], "14": [-0.22381501309418253, 1.800798085654418], "15": [-0.22561639970342656, 1.6517473420497903], "16": [-0.22500854203461318, 1.5438823547309486], "17": [-0.22354909920087007, 1.476960898056159], "18": [-0.22221381588856268, 1.4508755829686646], "19": [-0.22139280483097354, 1.465595757116336], "20": [-0.22089639913192252, 1.5211428001142866], "21": [-0.21995156271847194, 1.6175977163398163], "22": [-0.21719956492462403, 1.7551426811373383], "23": [-0.21073649933292066, 1.9341144396693606], "24": [-0.1982809426781277, 2.1549180521724702], "25": [-0.17763739280415297, 2.417320424597122], "26": [-0.14774333231444428, 2.718138426225376], "27": [-0.11036919506209864, 3.0467611163756043], "28": [-0.07102744695403602, 3.382391552793369], "29": [-0.03650381062900649, 3.7007614568182916], "30": [-0.01083155048898084, 3.985268708448915], "31": [0.005633554597991462, 4.229161905430206], "32": [0.014634098488694522, 4.431047439586114], "33": [0.018515502923772107, 4.591197511339834], "34": [0.01945776100698371, 4.710062450078411], "35": [0.01916657765586928, 4.78792677031241], "36": [0.018775289443859637, 4.824924119164332], "37": [0.01883017300218738, 4.821100403887471], "38": [0.019296268312930805, 4.776447874349169], "39": [0.019556542589866673, 4.690906055416002], "40": [0.01840717922698305, 4.564329166785382], "41": [0.014081983671580638, 4.396430073517836], "42": [0.004376565954287376, 4.186804631542503], "43": [-0.012986865711291689, 3.9354082269018518], "44": [-0.03949322754637234, 3.644342861875432], "45": [-0.07426153303794458, 3.321858684907511], "46": [-0.11267980911705582, 2.9862871409986935], "47": [-0.14790100854182942, 2.662102061174243], "48": [-0.17495536248585655, 2.3684973659988664], "49": [-0.19265125446981493, 2.114424465380067], "50": [-0.20235524894525345, 1.9022251075009058], "51": [-0.2063468511253801, 1.731861493628774], "52": [-0.20688183184440698, 1.6028823741618832], "53": [-0.2057950083011525, 1.5149641204044701], "54": [-0.20436342975134397, 1.4679457784256185], "55": [-0.20327734615993548, 1.4617662349723515], "56": [-0.2026439733322185, 1.496421513390479], "57": [-0.2019890697641014, 1.5719559343815597], "58": [-0.2002518371231574, 1.6884863622450217], "59": [-0.19579857070622464, 1.8462558131751081], "60": [-0.18651504072997502, 2.0456458161566515], "61": [-0.1700968624460963, 2.286859526604171], "62": [-0.14476846030923554, 2.5685444345158843], "63": [-0.11069750208660314, 2.884323855613494], "64": [-0.07159618426596086, 3.218318998156281], "65": [-0.03409861404988762, 3.5466193546664453], "66": [-0.0039098108548113845, 3.847973597143419], "67": [0.016934598661708326, 4.111176308806495], "68": [0.029360010407723403, 4.332766721100054], "69": [0.035532165476290956, 4.512456642551896], "70": [0.03775313350996785, 4.650667350732843], "71": [0.03796738578209158, 4.747755401306732], "72": [0.03758123389979856, 4.803909197132643], "73": [0.03741649263730187, 4.819205091564283], "74": [0.037710230709355745, 4.793657406789144], "75": [0.03811803669315326, 4.727234679663227], "76": [0.037709659086041514, 4.619842915868994], "77": [0.03497569796811725, 4.471276745394884], "78": [0.02789670083986145, 4.281186221750886], "79": [0.014177286804872052, 4.049283617839772], "80": [-0.008152145666498883, 3.776408365977286], "81": [-0.039479606002522954, 3.4674908947806466], "82": [-0.07692329618548173, 3.1361599684403916], "83": [-0.1142472364788551, 2.8052430998994033], "84": [-0.1452282876241598, 2.4974578315620493], "85": [-0.1670252925984435, 2.226187975035888], "86": [-0.18007796450276042, 1.9961391042083236], "87": [-0.18639631496087572, 1.808012219200311], "88": [-0.18830068978534403, 1.6614499982960111], "89": [-0.1878258181608715, 1.5560718242367892], "90": [-0.1864924671597007, 1.4916628460018384], "91": [-0.18524136439866068, 1.4681315812967053], "92": [-0.1844272015757011, 1.4854544191023054], "93": [-0.1838226875344278, 1.5436524818126178], "94": [-0.18261544473402505, 1.6428016897606608], "95": [-0.17941039394578068, 1.7830760507908612], "96": [-0.17228182831356453, 1.9647918969443967], "97": [-0.15896492516250268, 2.188276627643034], "98": [-0.13736528772880935, 2.4530385399211854], "99": [-0.10667105715966003, 2.7552431527790153]}