{"0": [1.3447706436385174e-05, 5.67415731241569], "1": [0.0008863030824343155, 5.661536489645818], "2": [0.0030871851552917843, 5.629212326342016], "3": [0.0065655686287799525, 5.576455097893088], "4": [0.011208054634789444, 5.502144903414105], "5": [0.016792965158648893, 5.404846475783183], "6": [0.022927098522750825, 5.282912693868159], "7": [0.028970532409112636, 5.13460457229398], "8": [0.03396507465326228, 4.958203602202309], "9": [0.03659511224620616, 4.752095420666959], "10": [0.03522576460322449, 4.514850611803236], "11": [0.028087099399983058, 4.2454516553989015], "12": [0.013710357626682969, 3.9440224885583293], "13": [-0.00827392923134723, 3.613552918199548], "14": [-0.03612707034539375, 3.262458165230692], "15": [-0.06570297526632901, 2.9055095894825618], "16": [-0.09198080211377725, 2.559786886315373], "17": [-0.11146783417928856, 2.2382270041096377], "18": [-0.12316201489180979, 1.9472364828705047], "19": [-0.12788943494061408, 1.6885830816177394], "20": [-0.12729564150723255, 1.461849398385654], "21": [-0.12315802524808475, 1.2658116396585015], "22": [-0.1170393205231865, 1.098956860651863], "23": [-0.11015782600208841, 0.9596318988964673], "24": [-0.10337909853611248, 0.846111960594175], "25": [-0.09726893320669691, 0.7566900147027981], "26": [-0.09216838595584231, 0.689791691713168], "27": [-0.08826654017453611, 0.6440906047276039], "28": [-0.08565879101447949, 0.6186028683726386], "29": [-0.08438678360616475, 0.6127520485613441], "30": [-0.08446034507040595, 0.6264044951086243], "31": [-0.08586269456078835, 0.6598775131282205], "32": [-0.08853934935383695, 0.7139211659035366], "33": [-0.09236985964123672, 0.7896718178695682], "34": [-0.09712113231984833, 0.8885750554818992], "35": [-0.10238310200018141, 1.0122803558585525], "36": [-0.107493261096239, 1.1625207497498093], "37": [-0.11146656559395487, 1.3410021475451863], "38": [-0.11296057869418039, 1.5493215985135689], "39": [-0.11032219548756783, 1.78888214071633], "40": [-0.10178708912992701, 2.0606418915585336], "41": [-0.08594058483323425, 2.3643239900184403], "42": [-0.0625433183304814, 2.6966043974894345], "43": [-0.0335278881690454, 3.0485579862503056], "44": [-0.0031827937492930037, 3.405029251474247], "45": [0.02351721627310066, 3.749062344718868], "46": [0.043269657083590755, 4.068223444411503], "47": [0.05525050452747254, 4.356559501015834], "48": [0.060381312014628555, 4.612542382787647], "49": [0.06033526674140373, 4.836680142708539], "50": [0.056880224821310686, 5.030223913635146], "51": [0.05155364261113332, 5.194694543172034], "52": [0.04554507875137603, 5.331746608086108], "53": [0.03969437230828378, 5.443099650604951], "54": [0.03454738839390116, 5.530446107673259], "55": [0.030431407239374958, 5.595335399072811], "56": [0.027526913894694468, 5.639059676742746], "57": [0.025924351690934055, 5.662561538489036], "58": [0.025662417595059835, 5.666371628836853], "59": [0.026748367664686173, 5.650575864110207], "60": [0.029161544347798996, 5.614809961400116], "61": [0.03284039868135578, 5.558280786853685], "62": [0.037652057443439066, 5.479816563364319], "63": [0.04334334008618387, 5.377947916890431], "64": [0.049474546572521025, 5.251016195019305], "65": [0.055343642321986915, 5.097294069071312], "66": [0.05991897036639091, 4.915093026682551], "67": [0.06181230846616112, 4.702842072076057], "68": [0.05934121318408579, 4.459182244336608], "69": [0.0507561348703913, 4.18326346870044], "70": [0.03474542734915122, 3.875645611104312], "71": [0.011306668147091699, 3.540259948631663], "72": [-0.017290971487672398, 3.1869169484738986], "73": [-0.04653719262310524, 2.831368096061146], "74": [-0.07156744736787514, 2.4902694433863566], "75": [-0.08941206819638665, 2.1751743832280312], "76": [-0.09953933827306899, 1.8912918751694847], "77": [-0.10302123406627094, 1.6397688012012146], "78": [-0.10157092364092589, 1.4199536998351387], "79": [-0.09693694100760285, 1.2305498244665483], "80": [-0.09061281910543749, 1.0700200184443347], "81": [-0.083739381949939, 0.9367036221193986], "82": [-0.07711331054777416, 0.8288862984165092], "83": [-0.07124720323585314, 0.7448964486750959], "84": [-0.06644538205148492, 0.683222438391345], "85": [-0.06287396227697391, 0.6426247510103104], "86": [-0.06061504750251834, 0.6222243906175308], "87": [-0.05970234289555829, 0.6215610042090138], "88": [-0.06013885932264073, 0.6406214884999143], "89": [-0.061897809449886695, 0.679841198717208], "90": [-0.06490675475814124, 0.7400777937678628], "91": [-0.06901395078179884, 0.8225555061620905], "92": [-0.07393605538501134, 0.9287785178039487], "93": [-0.07918941669054859, 1.0604188452805394], "94": [-0.08401425690817203, 1.2191961487514964], "95": [-0.08731224874253365, 1.4067752891862564], "96": [-0.0876321571331055, 1.6246907446440977], "97": [-0.08325645213007427, 1.8742334694179532], "98": [-0.07247098942436415, 2.1560769900647383], "99": [-0.05413573700317082, 2.4692040243785454]}