{"0": [1.0305895019275755e-05, 1.9763451183791516], "1": [0.0006945581674705272, 1.997560672705943], "2": [0.002565292132497522, 2.0512281919027835], "3": [0.0059600324142201466, 2.1368224175274624], "4": [0.011360439858464709, 2.253365636403721], "5": [0.019282875218852094, 2.3991946061862235], "6": [0.030104301110463864, 2.5715738750430295], "7": [0.04383469376324009, 2.766167873289449], "8": [0.059908501846024094, 2.976560783151748], "9": [0.07714366017357606, 3.1942616785139752], "10": [0.09399697228583362, 3.409601377238732], "11": [0.10903813810543303, 3.613295288846115], "12": [0.12135338034117403, 3.79778201104269], "13": [0.13066095690846513, 3.9576812260253447], "14": [0.1371726552333157, 4.089502689478116], "15": [0.14136126128629678, 4.191097936372027], "16": [0.1437521935838379, 4.261185572588261], "17": [0.14477931203992014, 4.299039640473039], "18": [0.1447010102728227, 4.304315714907784], "19": [0.14356118663455836, 4.276972018170592], "20": [0.14118376844565086, 4.217259779019043], "21": [0.13719894468772204, 4.125778882884286], "22": [0.13110932964742888, 4.003616515191938], "23": [0.1224109179488772, 3.8526064438875514], "24": [0.11077926127010564, 3.67574627259165], "25": [0.0963010625100722, 3.4777373087553407], "26": [0.0796634006883813, 3.265410548429891], "27": [0.062144296090056964, 3.047571625397362], "28": [0.04530184078365109, 2.833934869324287], "29": [0.030489892000090387, 2.633529974156528], "30": [0.018500567506558773, 2.4535059238756873], "31": [0.009506416467284973, 2.298846011869403], "32": [0.00322888773425098, 2.1727436909953926], "33": [-0.0008277528769428113, 2.077152442607037], "34": [-0.003179388913911534, 2.013230235430451], "35": [-0.004230433557681816, 1.981621326009295], "36": [-0.00419968667433226, 1.9826090338048732], "37": [-0.003088329419604774, 2.0161800786014474], "38": [-0.0006803524336105301, 2.0820220519235], "39": [0.0034244328745267525, 2.179453835290451], "40": [0.009734910613281751, 2.3072671316926234], "41": [0.018735556102437496, 2.463439001006116], "42": [0.030688639372490154, 2.644684555511906], "43": [0.045401832430140114, 2.8459136760886676], "44": [0.062064784960885945, 3.059878539151374], "45": [0.07931414071748338, 3.2774950467632094], "46": [0.09559567469636993, 3.4890652812607783], "47": [0.10964675770153014, 3.6858638323300785], "48": [0.12080042259332403, 3.8611695408480986], "49": [0.12898812670945814, 4.0103867085089036], "50": [0.13454727724503354, 4.130602467615812], "51": [0.1379896191655658, 4.220045290688218], "52": [0.13981657672020031, 4.2776727501083815], "53": [0.1404000008661422, 4.30291848228667], "54": [0.13991734614568957, 4.295559323121867], "55": [0.13832644971273628, 4.255664986408526], "56": [0.135371992154754, 4.183613012608176], "57": [0.1306258051438063, 4.08017337891774], "58": [0.12357244390213974, 3.946688724183961], "59": [0.11375497037499424, 3.785391827698026], "60": [0.10098347664662381, 3.59988129379027], "61": [0.0855642413146896, 3.395657157652357], "62": [0.068430348478709, 3.1803786329998682], "63": [0.05101710867754629, 2.96336333900462], "64": [0.03485526613838442, 2.754228440655871], "65": [0.021103009908435864, 2.5613503302785547], "66": [0.010300795557881687, 2.39101303697838], "67": [0.002419574001748514, 2.24743729326476], "68": [-0.0029287023281928943, 2.133272155694058], "69": [-0.00626497922009163, 2.050119766641497], "70": [-0.008071529177536858, 1.9989143227520547], "71": [-0.0086847420726388, 1.980147640573923], "72": [-0.008239174966411179, 1.9939832708434595], "73": [-0.006648930595473097, 2.0402932074817164], "74": [-0.0036203604138916596, 2.118630104837755], "75": [0.001299732342869818, 2.228126334018854], "76": [0.008627636500012104, 2.367289911515994], "77": [0.01878389953413214, 2.5336554678449916], "78": [0.03187551357044983, 2.723283354661765], "79": [0.04747492334319666, 2.9302456222860513], "80": [0.06452950731834477, 3.14648537792772], "81": [0.08154804771665221, 3.3625048350055615], "82": [0.09704319170105802, 3.568832984096109], "83": [0.10997243158709115, 3.7574813528868964], "84": [0.11992106524217772, 3.9226063459954537], "85": [0.12700826233902088, 4.0603468968873315], "86": [0.13166431652189076, 4.168300759323287], "87": [0.13441275214033807, 4.245023191002726], "88": [0.135712251481979, 4.289681519590761], "89": [0.13586107129227068, 4.301855606274074], "90": [0.13494953275797894, 4.281441409354537], "91": [0.13284787942098877, 4.228627627824685], "92": [0.12922551952745642, 4.143936912562565], "93": [0.12360780284060266, 4.028344670344345], "94": [0.11548415726533116, 3.8835091877955734], "95": [0.10448011355236982, 3.712153258038576], "96": [0.09058231010607085, 3.5185852134436995], "97": [0.07434547235120643, 3.3091744962921084], "98": [0.056935573616809586, 3.092352645932331], "99": [0.03988126504756639, 2.8777365846251004]}