{"0": [1.5687487603114614e-05, 2.5007000659391223], "1": [0.001039016623300549, 2.5251097492709143], "2": [0.003668235141252698, 2.586066076435651], "3": [0.007950125799158048, 2.680834546221009], "4": [0.013849951153798373, 2.804710884551517], "5": [0.021133938928929685, 2.95074381544914], "6": [0.029298103640862865, 3.109749473043917], "7": [0.03761680118236803, 3.2709535568276706], "8": [0.04531889678414081, 3.4232819802593166], "9": [0.05179326146785965, 3.5567948198551678], "10": [0.05669743857500168, 3.663623217451016], "11": [0.05993033437541781, 3.7382064541228073], "12": [0.061524246975100366, 3.7770860195096443], "13": [0.061532667789315806, 3.778602322605302], "14": [0.05996262187353908, 3.7427010620039294], "15": [0.05677063730296181, 3.6709230420471743], "16": [0.051923151470159634, 3.5665793132647368], "17": [0.045504796288918056, 3.435046091201259], "18": [0.03782986090557501, 3.2839892892976836], "19": [0.029482692641838636, 3.1231846980160105], "20": [0.021225417910695484, 2.9636524767236163], "21": [0.013798514705673988, 2.8162499680853847], "22": [0.0077344966335833615, 2.6903370168420606], "23": [0.00329274137962482, 2.5930618202926974], "24": [0.0005201290938912884, 2.5292998886672087], "25": [-0.0006325252225136898, 2.5019217417331467], "26": [-0.00020860773274839872, 2.512076287495071], "27": [0.001803175660057919, 2.5593309865092184], "28": [0.005452255026662444, 2.6416222886392293], "29": [0.0107481917735821, 2.7550322485197825], "30": [0.01754515523489605, 2.8934881225507816], "31": [0.025443967893946564, 3.0486241352777124], "32": [0.033789040391823635, 3.210156972860087], "33": [0.0418019881410716, 3.3669612380999987], "34": [0.04879176546595664, 3.508529136388324], "35": [0.05431065660794928, 3.6261494448897387], "36": [0.05817589084200583, 3.7133978344783145], "37": [0.060383071734028945, 3.7660563106229077], "38": [0.06098825312468269, 3.7818146709832785], "39": [0.06002000484210196, 3.760021709511314], "40": [0.05745041353148695, 3.7016024988634815], "41": [0.053231842688262074, 3.6091662626833436], "42": [0.04739031910650235, 3.487269141987565], "43": [0.040142933104337516, 3.3426968659845535], "44": [0.03197437035539408, 3.18448055961119], "45": [0.023598029007650186, 3.0233046209186143], "46": [0.015787160580924723, 2.8702531687004167], "47": [0.009167739047165764, 2.7353675730971827], "48": [0.004100934495899427, 2.626664462718341], "49": [0.0007019236891525132, 2.5498547660430004], "50": [-0.001055567526812281, 2.508529222744901], "51": [-0.0012258368994616069, 2.5044617790116646], "52": [0.00018012790270797348, 2.537813263126877], "53": [0.0032031679500898183, 2.6071546130732077], "54": [0.007879804234102807, 2.7093038838885835], "55": [0.014136545065008565, 2.8390367249088415], "56": [0.021677042638620688, 2.98884986042576], "57": [0.02993477012180872, 3.1491035530099367], "58": [0.03815567560762933, 3.3088377151567254], "59": [0.04559275666124465, 3.45715458491951], "60": [0.05169676694178109, 3.5845758812861317], "61": [0.05619074006505477, 3.6838045870185048], "62": [0.05901634946208874, 3.749822754593759], "63": [0.06021922626147609, 3.779636568631896], "64": [0.05984493394112157, 3.7719888571786164], "65": [0.05788612146956606, 3.7272077037739786], "66": [0.05429464145481457, 3.6472431344283702], "67": [0.04905570127034058, 3.535879834591884], "68": [0.04230178780977734, 3.399036270935176], "69": [0.03441361244969834, 3.2449220799384864], "70": [0.026031336732827415, 3.0837055398870934], "71": [0.01792976166962086, 2.9264830665160004], "72": [0.010810220434209636, 2.783829629992503], "73": [0.005138020935275616, 2.6645863187078436], "74": [0.0011117622588974582, 2.5753236737432297], "75": [-0.0012553923617704035, 2.5203934772003316], "76": [-0.0020180904779794227, 2.50222105085994], "77": [-0.0012080105060323228, 2.521561038582754], "78": [0.0011992590335671571, 2.5775919874947855], "79": [0.005251734855667101, 2.6678208629571163], "80": [0.010930960132884306, 2.787828863340668], "81": [0.018035013304901894, 2.9309849685862175], "82": [0.026097362437666295, 3.088403653306947], "83": [0.0344168475558361, 3.249490823692919], "84": [0.04221929896137497, 3.4031605624299246], "85": [0.04886553512873317, 3.539282196030453], "86": [0.05397688434353367, 3.6497029737822966], "87": [0.05742453615051996, 3.7285710559064587], "88": [0.05922857661588268, 3.772170779343271], "89": [0.05944367116754764, 3.778620266505317], "90": [0.05808441145715369, 3.747658809874558], "91": [0.05511262657968831, 3.680611547183699], "92": [0.05048950194444247, 3.5805409131747243], "93": [0.044278673536240515, 3.4525303981773434], "94": [0.03676002451439237, 3.303930778261507], "95": [0.028483125760524912, 3.144250963126194], "96": [0.020193584843879547, 2.984388186313679], "97": [0.012643530291547652, 2.835270932848433], "98": [0.0063973833736744295, 2.7064837376918742], "99": [0.0017487110072366046, 2.605461507445978]}