{"0": [-7.308300909808506e-06, 4.547505342884572], "1": [-0.0005194020155826235, 4.518942219881457], "2": [-0.0021671925353876458, 4.446498024788782], "3": [-0.0058537209040983515, 4.330336589967659], "4": [-0.012943632173755167, 4.170789466570979], "5": [-0.025036149864424866, 3.9686838655447896], "6": [-0.04346414982017296, 3.7263839692585394], "7": [-0.0683873381451018, 3.4501263634416457], "8": [-0.09774233480358105, 3.1530675854066983], "9": [-0.12727588599739112, 2.855191058427331], "10": [-0.15259690332713213, 2.576859332886582], "11": [-0.17138833956808983, 2.3319101868881877], "12": [-0.18364501761505383, 2.1270122567311125], "13": [-0.19065214232970337, 1.964678968890952], "14": [-0.19403147419256297, 1.8457552453680497], "15": [-0.19520275275906077, 1.7705569963111847], "16": [-0.19513771549900372, 1.7392341760854881], "17": [-0.19426355308500556, 1.751844257100305], "18": [-0.19243478531165473, 1.8083544749924407], "19": [-0.18894331263550093, 1.9086364587742621], "20": [-0.18257813636048156, 2.052430896939639], "21": [-0.1717907516753915, 2.2391474674457146], "22": [-0.1550791823684617, 2.4671478730716623], "23": [-0.13174316461313704, 2.7319195234109492], "24": [-0.10296320233722986, 3.0230504192273133], "25": [-0.07233581409012325, 3.322603187990048], "26": [-0.04449817742700297, 3.609415771178334], "27": [-0.02263861543028899, 3.8669226951850115], "28": [-0.007500684731469115, 4.086169524587977], "29": [0.0018625536364425006, 4.263503354442475], "30": [0.007027386836148713, 4.397661762169973], "31": [0.00951895517110998, 4.488199976617423], "32": [0.01048020046637403, 4.534920973986575], "33": [0.010534138621825053, 4.5377342221116415], "34": [0.00973691516357445, 4.496640266051952], "35": [0.0075751940479124365, 4.411734815956746], "36": [0.003004991085357119, 4.283226419171775], "37": [-0.005428706738589477, 4.111554740852294], "38": [-0.019300075550290455, 3.8978722917379254], "39": [-0.039691245197381785, 3.645417752577224], "40": [-0.06618732241855109, 3.3622189582793838], "41": [-0.09599338595004674, 3.063713602366949], "42": [-0.12456870597221062, 2.770783382429235], "43": [-0.14801082576966926, 2.5022478544705042], "44": [-0.16476033458529765, 2.269589860047676], "45": [-0.17530491327199313, 2.077928378220018], "46": [-0.18109497486292797, 1.9291174789541627], "47": [-0.1837179762126524, 1.8237933950727496], "48": [-0.18446570042641883, 1.7622155966702193], "49": [-0.18414450495284093, 1.7445092591493772], "50": [-0.18300453234536354, 1.7707057697635638], "51": [-0.18072421930059224, 1.8407410152747508], "52": [-0.17643316054599142, 1.954446018959894], "53": [-0.16879778226267594, 2.1114792087957994], "54": [-0.15624195131740717, 2.3110097196246024], "55": [-0.13743328122604334, 2.5507133941909044], "56": [-0.11216621473590047, 2.8245107961028806], "57": [-0.08240256735745341, 3.1195597024224404], "58": [-0.05229499064342996, 3.416180793599552], "59": [-0.026223878142393752, 3.6940309590181073], "60": [-0.006578054740263685, 3.9390436787274377], "61": [0.006557866986139692, 4.144312803579299], "62": [0.01441916635999897, 4.307181457732194], "63": [0.018605169404320287, 4.42673593474987], "64": [0.020530076866461897, 4.502629669404513], "65": [0.021169103272224942, 4.534698862240099], "66": [0.020957528619718942, 4.522880385759479], "67": [0.01976065507468187, 4.467207219109289], "68": [0.016883579846382783, 4.3678143147932715], "69": [0.011131551738942792, 4.224976339741038], "70": [0.0009760597039325102, 4.039311633121436], "71": [-0.01506203960170911, 3.812500785437629], "72": [-0.03766379387123442, 3.549098995182627], "73": [-0.06564982906628725, 3.2595121199469395], "74": [-0.09546124354707364, 2.9615677584148883], "75": [-0.1225164788257602, 2.6762652086085694], "76": [-0.14365775361629107, 2.4200823378828535], "77": [-0.1581366818868541, 2.201984307396467], "78": [-0.16687890674869996, 2.025670589943469], "79": [-0.17143793416005101, 1.8924439945765839], "80": [-0.17331956519494143, 1.8027745102193768], "81": [-0.17365115084202767, 1.7568721734365762], "82": [-0.1730430472739935, 1.754832153108349], "83": [-0.17154114577782595, 1.7966522538030303], "84": [-0.1686248100524551, 1.8822289187702181], "85": [-0.1632480366640565, 2.011336379495053], "86": [-0.15396401081623542, 2.183497900874358], "87": [-0.1392253274306988, 2.397480059088907], "88": [-0.11800504893538413, 2.6498834250162147], "89": [-0.09079849564859185, 2.9324365458468415], "90": [-0.06045993756560833, 3.2295115756996426], "91": [-0.03149861248576776, 3.520316132164646], "92": [-0.007710007406046703, 3.7863579931397684], "93": [0.009437633228746627, 4.016437411629643], "94": [0.020466167432859665, 4.2055595585631815], "95": [0.026819134263752185, 4.351895216651379], "96": [0.030058555130491035, 4.454800842058387], "97": [0.03144475648452424, 4.51400759140035], "98": [0.03175186022291443, 4.529386914802974], "99": [0.03119901498813748, 4.5009105766310595]}