{"0": [-1.2250593736704799e-05, 3.234508654529069], "1": [-0.000802843192914919, 3.2304237602051087], "2": [-0.0027597796434081024, 3.220318518142221], "3": [-0.0057549072146864605, 3.204867207649898], "4": [-0.009589243312724077, 3.1851079337904946], "5": [-0.014003920296985101, 3.162378525017966], "6": [-0.018696880317858336, 3.138227881563789], "7": [-0.02334473380360848, 3.114307436577601], "8": [-0.027627516781097816, 3.0922520533652538], "9": [-0.031253000598369766, 3.073562602172541], "10": [-0.033977369687142885, 3.059502005693324], "11": [-0.03562039153381923, 3.0510129686560012], "12": [-0.036074887846915746, 3.048660869638913], "13": [-0.03531147642786439, 3.0526016743691495], "14": [-0.0333797083925234, 3.0625734604629593], "15": [-0.030406007291122444, 3.077910939979354], "16": [-0.026587812513732226, 3.097583836185512], "17": [-0.02218276214226431, 3.120260397234637], "18": [-0.017492131512940108, 3.14439551082987], "19": [-0.01283907567490786, 3.1683388669323724], "20": [-0.00854390480276396, 3.190453942780026], "21": [-0.0048997264337421525, 3.2092356003646962], "22": [-0.0021516571992035854, 3.2234144575074333], "23": [-0.0004815179376983469, 3.232039712570817], "24": [1.7607231781055284e-06, 3.2345368402032038], "25": [-0.0007330245335109245, 3.2307402395252027], "26": [-0.0026381376333196485, 3.2209022420775115], "27": [-0.005588886969335508, 3.2056791256257697], "28": [-0.00938938180152902, 3.186093306096772], "29": [-0.013783222227896947, 3.1634704126451068], "30": [-0.01846992698203399, 3.139351712211278], "31": [-0.023126588840724903, 3.1153863278741496], "32": [-0.02743256464868377, 3.093212378223047], "33": [-0.03109387934230705, 3.07433921213414], "34": [-0.03386412365323294, 3.0600426257110924], "35": [-0.03555989378108468, 3.0512814852555463], "36": [-0.03607050959417215, 3.0486394439192877], "37": [-0.03536294759251318, 3.0522917312696562], "38": [-0.03348312808802561, 3.061995612344778], "39": [-0.03055400803520256, 3.077103838051391], "40": [-0.026769924148372, 3.0966018854171664], "41": [-0.02238602960438054, 3.1191702937559667], "42": [-0.01770200010384094, 3.1432716986767626], "43": [-0.013040481764778879, 3.1672582278185186], "44": [-0.008722437481809802, 3.189490230462499], "45": [-0.005042698429861015, 3.208454203963461], "46": [-0.0022489580173380404, 3.2228679841375936], "47": [-0.0005261975780174122, 3.231764672569765], "48": [1.3156134448763026e-05, 3.23455150757548], "49": [-0.0006657395888596057, 3.231043637644663], "50": [-0.0025187808796617362, 3.221474195710712], "51": [-0.00542474809148419, 3.2064813840065978], "52": [-0.009190863841268864, 3.1870718007295853], "53": [-0.013563230146478339, 3.1645586926309], "54": [-0.01824298830721938, 3.140475464590086], "55": [-0.02290776656483259, 3.1164686745874], "56": [-0.027236295546323598, 3.094179441708065], "57": [-0.030932899435996187, 3.0751253650654204], "58": [-0.033748609253126186, 3.060594930795896], "59": [-0.03549687162453502, 3.0515630365715416], "60": [-0.03606351610719696, 3.0486315330475366], "61": [-0.035411881796275094, 3.0519948866505686], "62": [-0.03358425547511478, 3.061429571639696], "63": [-0.030700116879661343, 3.0763064505217135], "64": [-0.026950678825887402, 3.095626881367437], "65": [-0.022588575709012706, 3.1180838765162817], "66": [-0.017911837854920953, 3.142148047328619], "67": [-0.013242549434793076, 3.1661742137694677], "68": [-0.008902273020465703, 3.1885198522115306], "69": [-0.005187517542981103, 3.2076633245736867], "70": [-0.002348518917009959, 3.222309869176142], "71": [-0.0005733969953006558, 3.2314766222522096], "72": [2.193707313422531e-05, 3.2345526640329556], "73": [-0.0006009947603882754, 3.2313339204822076], "74": [-0.002401723399134285, 3.2220343052696894], "75": [-0.005262511567511195, 3.207273873577109], "76": [-0.008993716183039244, 3.1880432798998775], "77": [-0.013343974754644043, 3.1656432079638632], "78": [-0.01801609664152938, 3.141598973676348], "79": [-0.02268829846106151, 3.1175543156645364], "80": [-0.02703873773967595, 3.09515309821554], "81": [-0.030770084010623245, 3.0759209406812995], "82": [-0.03363084313417283, 3.061158833595298], "83": [-0.03543133440393101, 3.0518575733509823], "84": [-0.03605390899942786, 3.0486371286789025], "85": [-0.03545827281939781, 3.0517111736365137], "86": [-0.03368307671172827, 3.060875411219261], "87": [-0.030844312994113054, 3.0755188858216194], "88": [-0.02713004991819044, 3.0946589612205972], "89": [-0.022790369830267686, 3.1170013021565963], "90": [-0.01812161243775041, 3.141024721708708], "91": [-0.013445247161672612, 3.1650869860144892], "92": [-0.009083383063646549, 3.1875429540634803], "93": [-0.005334160512936816, 3.2068630831237885], "94": [-0.0024503230950768617, 3.221740200777031], "95": [-0.0006231066778371842, 3.2311756117763073], "96": [2.8105332873088498e-05, 3.2345403188771193], "97": [-0.0005387960861884416, 3.231611055870107], "98": [-0.0022869788589487136, 3.222582498785085], "99": [-0.00510219807128286, 3.20805648669307]}