{"0": [-6.6292957653762605e-06, 4.495350043545192], "1": [-0.0004670776315319535, 4.461803543541823], "2": [-0.0019113309815269811, 4.376859836625167], "3": [-0.0050384348608653136, 4.241169296643336], "4": [-0.010842191173521159, 4.056163438561444], "5": [-0.02031821808496072, 3.824921520243296], "6": [-0.03392084984616549, 3.553956356053577], "7": [-0.05086954457714147, 3.2557008147180766], "8": [-0.06889366164316989, 2.9493006757624327], "9": [-0.08513157033759637, 2.656493313683715], "10": [-0.09762203802503809, 2.3949399998085275], "11": [-0.10592887358654501, 2.1753708501552134], "12": [-0.1107053341283673, 2.0031638898872672], "13": [-0.11299973136974656, 1.8808061178765207], "14": [-0.11377091285266845, 1.8094386626033652], "15": [-0.11364291216645646, 1.7895573473424267], "16": [-0.11280680436135412, 1.8212777466085726], "17": [-0.11099899118435196, 1.9043902725641662], "18": [-0.10753498791929149, 2.0382586000636556], "19": [-0.10143017551702813, 2.2214797037786203], "20": [-0.0916856342342653, 2.4510405710501706], "21": [-0.07782187083810138, 2.7205692063297753], "22": [-0.060571145420950954, 3.017857888679326], "23": [-0.042158454855081254, 3.323965029447043], "24": [-0.025442963776232612, 3.6171622955684337], "25": [-0.012427058953803527, 3.8796038575909444], "26": [-0.003593235411032264, 4.100349157663974], "27": [0.0016849152214192613, 4.273882232803894], "28": [0.004448425642947827, 4.397645079788759], "29": [0.0056608080054193904, 4.470462104686702], "30": [0.0059565259455480754, 4.491819670038374], "31": [0.005539392180872951, 4.461591646430116], "32": [0.0041590587742233835, 4.3799794151205385], "33": [0.0011432025587523665, 4.247608838851962], "34": [-0.004484670239584903, 4.065861844572979], "35": [-0.013725010240700431, 3.837701400343896], "36": [-0.027076182508327763, 3.569390626164669], "37": [-0.04384401053524363, 3.2729584021104925], "38": [-0.061841397716813525, 2.9671763743581283], "39": [-0.07821390618926842, 2.673753313813009], "40": [-0.09092791383031054, 2.4106750045472944], "41": [-0.09946367375840864, 2.1890503891617428], "42": [-0.10442503540129078, 2.014508853938065], "43": [-0.10684612628729032, 1.8896679342048284], "44": [-0.10769336548420082, 1.8157324849509062], "45": [-0.10760897720486727, 1.7932312350062727], "46": [-0.10680655846239798, 1.8222989248363095], "47": [-0.10504611761967098, 1.9027402355127778], "48": [-0.10166506006120084, 2.0339363042280167], "49": [-0.09569383908093923, 2.2145192925677413], "50": [-0.08613197174253583, 2.441560991648607], "51": [-0.07246808271634657, 2.7088767752105487], "52": [-0.055368159717855615, 3.0045714289313215], "53": [-0.0369894768190647, 3.3100074241101622], "54": [-0.02018032026287906, 3.6035023403349293], "55": [-0.006996087144501872, 3.866973020259377], "56": [0.0020154126408493634, 4.0891846799883], "57": [0.007440076904454657, 4.264420131885223], "58": [0.010305744069578602, 4.390014516178347], "59": [0.011580120024748033, 4.464739278787054], "60": [0.011910589417400376, 4.488053483700046], "61": [0.011517614157640972, 4.459815792940774], "62": [0.010168677492112952, 4.380217614637804], "63": [0.007208462592314036, 4.249874194985905], "64": [0.0016731095553674032, 4.070146024942264], "65": [-0.007436596567843927, 3.84394116733946], "66": [-0.02063950707138327, 3.5773949335549187], "67": [-0.03728819495925831, 3.282313039602198], "68": [-0.05524693598003641, 2.977235668543389], "69": [-0.07167440067444845, 2.6838148731423668], "70": [-0.08450248433366582, 2.420190329540974], "71": [-0.09316456195768069, 2.1976799295833604], "72": [-0.0982334107487326, 2.022062263754788], "73": [-0.1007313797535821, 1.896036754643413], "74": [-0.10162595163294634, 1.8208498120605716], "75": [-0.10156713041979931, 1.7970515615082367], "76": [-0.10077935559572483, 1.8247878605237549], "77": [-0.09903472057731834, 1.9038690405433085], "78": [-0.09568273225924834, 2.033680127357912], "79": [-0.08976391061700127, 2.2128614024562507], "80": [-0.08028147959576917, 2.438510784080291], "81": [-0.0667144139657805, 2.704513956271178], "82": [-0.04970098637045339, 2.9991113836255816], "83": [-0.03136371955803273, 3.3038230536788586], "84": [-0.014536589499883982, 3.597029468552277], "85": [-0.0012916538349097984, 3.8605739220578084], "86": [0.0077948875111206505, 4.083098084490142], "87": [0.01328765327852904, 4.258788808511521], "88": [0.016204425983280257, 4.384925234024979], "89": [0.01751103564773459, 4.460249138042892], "90": [0.017857612392866158, 4.484204326052867], "91": [0.01746971554716132, 4.456642556507153], "92": [0.01612120429298821, 4.3777539602435285], "93": [0.013163965335947967, 4.2481565829986705], "94": [0.00764157811532561, 4.069215875619921], "95": [-0.0014391879421167127, 3.843841866013603], "96": [-0.014596370510140568, 3.57815566456873], "97": [-0.031191617284922264, 3.2839132693253203], "98": [-0.04910728848744391, 2.979571617146898], "99": [-0.06551695493382119, 2.6867163782006545]}