{"0": [-2.5217735239633313e-06, 4.613460309108478], "1": [-0.00017987153424609738, 4.595600720866288], "2": [-0.0007566936080832013, 4.550296293755221], "3": [-0.0020660642348206623, 4.4776443297813655], "4": [-0.004630075784101074, 4.377851663817768], "5": [-0.00912170497706052, 4.251318220929225], "6": [-0.016286327736197134, 4.0987854506473695], "7": [-0.026802299688495554, 3.921593881844148], "8": [-0.04106809690375195, 3.7220936717033197], "9": [-0.05893979196085012, 3.50418007323652], "10": [-0.0795222470516103, 3.273727027489713], "11": [-0.10119770086628933, 3.0384635998248894], "12": [-0.12201155137346655, 2.80697017594237], "13": [-0.14026154467659827, 2.587168171678568], "14": [-0.15493423028731604, 2.3852013810672807], "15": [-0.16578594348791922, 2.2051990407206983], "16": [-0.17315641918088245, 2.049667429492283], "17": [-0.17770397619913517, 1.9200360344912404], "18": [-0.18018139618749496, 1.8170929646976688], "19": [-0.18128557331756823, 1.7412622063902727], "20": [-0.18157122119191338, 1.6927634448664723], "21": [-0.18140801150180486, 1.6717012780775715], "22": [-0.18096265034315126, 1.6781127171192043], "23": [-0.18019339083876756, 1.7119858035000022], "24": [-0.17885142217543237, 1.7732532212400451], "25": [-0.17649072123521076, 1.8617599427821092], "26": [-0.1724950292353288, 1.9771979087348976], "27": [-0.1661372249275799, 2.1189888152853116], "28": [-0.15669112102334282, 2.2860779878410593], "29": [-0.1436136628890397, 2.476590614907983], "30": [-0.12679350679586862, 2.6873357257385893], "31": [-0.10680036386828501, 2.91328713715796], "32": [-0.08497759379629388, 3.147417193500639], "33": [-0.0632046041961804, 3.3813325367643596], "34": [-0.043354537116019554, 3.606668958652827], "35": [-0.02675469781703925, 3.816472248284925], "36": [-0.013955124729844516, 4.005804342144754], "37": [-0.004826750933604905, 4.171553121951156], "38": [0.001186624131570559, 4.311903666071807], "39": [0.004819764510834059, 4.4258426241940105], "40": [0.006805056581979316, 4.5128184961864894], "41": [0.007762114206524116, 4.572539695387844], "42": [0.00813944272098947, 4.604860792936503], "43": [0.008188049986506985, 4.609720109839468], "44": [0.007951861883435867, 4.587110048679742], "45": [0.007266494266975578, 4.5370733446017], "46": [0.005765031771579283, 4.4597243760436385], "47": [0.0028965946137853482, 4.355299589425413], "48": [-0.0020296534639066945, 4.224250212193769], "49": [-0.009756598707946193, 4.0674064844772815], "50": [-0.020927203413302283, 3.8862597486700543], "51": [-0.03585993134131092, 3.6834001286074036], "52": [-0.054286513084613255, 3.4630555530196325], "53": [-0.07517235469026151, 3.231459694680832], "54": [-0.09680627013140457, 2.9965795497622425], "55": [-0.11724161287137347, 2.766973124354096], "56": [-0.13488192569268714, 2.550288974106227], "57": [-0.14885781148378027, 2.3522971492254903], "58": [-0.15904758076036085, 2.1767976962046003], "59": [-0.16586491577393397, 2.0260686093446356], "60": [-0.16999659953670712, 1.9014014789468614], "61": [-0.17219161077349235, 1.8035067423219604], "62": [-0.17312379288757013, 1.7327656923842094], "63": [-0.17331490056963497, 1.6893745456455167], "64": [-0.17309733678436828, 1.673424555288001], "65": [-0.17259909843916532, 1.6849436402176774], "66": [-0.1717397035898095, 1.7239102591085698], "67": [-0.17023286910407145, 1.7902423791251934], "68": [-0.1675988500861637, 1.8837596867617292], "69": [-0.16319637162229036, 2.0041102996035787], "70": [-0.15629048305732057, 2.150639965326415], "71": [-0.1461766417631974, 2.3221634311134483], "72": [-0.13237674705746066, 2.516590889206787], "73": [-0.11489469853786569, 2.730412686509343], "74": [-0.09444913512248708, 2.9582144602697205], "75": [-0.07251254076589526, 3.1926381805326205], "76": [-0.051004349402313943, 3.425190049739336], "77": [-0.031722244294191355, 3.6477012111101677], "78": [-0.01584725834632104, 3.8535951995588342], "79": [-0.003783710948135575, 4.0383184997882555], "80": [0.0046986086215886685, 4.1990490026124325], "81": [0.01020498144988809, 4.33415564303684], "82": [0.013478559472702921, 4.442731115589589], "83": [0.015234195032728198, 4.52428269905515], "84": [0.016059768010057592, 4.57855114667696], "85": [0.016365380591901506, 4.605409087801547], "86": [0.016361084257773544, 4.6048059606048], "87": [0.016049286961220238, 4.576743735701566], "88": [0.015224798438391604, 4.521278081321379], "89": [0.013482586600003323, 4.438544994596082], "90": [0.010240415624761507, 4.328818338581271], "91": [0.004790275688762992, 4.192614179508151], "92": [-0.003602174853078972, 4.030874917307764], "93": [-0.015530953229434458, 3.845280976083744], "94": [-0.03121312947065353, 3.638717492101659], "95": [-0.050231693634394586, 3.415806564812001], "96": [-0.07139696015599935, 3.183180862957853], "97": [-0.09290940706322874, 2.949031826264106], "98": [-0.11285482540310784, 2.721832020374026], "99": [-0.1297710840873, 2.508883487734905]}