{"0": [5.109975059121821e-05, 2.6059669010556927], "1": [0.0033774914846027883, 2.6192224240543163], "2": [0.01186822492789527, 2.6526297163527754], "3": [0.025610951571779065, 2.705515596032455], "4": [0.04462116829211803, 2.7766419495098966], "5": [0.0686667202025175, 2.8639806234145437], "6": [0.09706538594398974, 2.9644532045995273], "7": [0.12854220783860884, 3.073772683813124], "8": [0.16127054461878682, 3.1865934118801027], "9": [0.19316159795480348, 3.297080944360363], "10": [0.22229486632411555, 3.399720181571546], "11": [0.24725838834365235, 3.4899683598259434], "12": [0.2672477078891678, 3.5644989246092313], "13": [0.28195416156707914, 3.6210925696458145], "14": [0.29136514659845064, 3.6583816752052285], "15": [0.29557666669173505, 3.6756085987690517], "16": [0.29466402387368645, 3.6724635104925474], "17": [0.288621905688367, 3.64901143806902], "18": [0.2773739424812049, 3.605704110532004], "19": [0.2608516547961329, 3.5434772489757727], "20": [0.23914089184079407, 3.4639360045815626], "21": [0.21267760051234, 3.3696078075867764], "22": [0.18243373606029264, 3.264173471962356], "23": [0.14998168663720232, 3.1524945340104487], "24": [0.11732690610790669, 3.0402501675351292], "25": [0.08652328735137409, 2.93320625344348], "26": [0.05926078965028663, 2.8364389105008336], "27": [0.03664044980509078, 2.753877521616609], "28": [0.019194434932597267, 2.6882608103210424], "29": [0.007057222594061683, 2.6413446002971566], "30": [0.00016748367814224468, 2.6141631682817397], "31": [-0.0015713105415816146, 2.607233760575638], "32": [0.0018034540741270807, 2.6206730515128203], "33": [0.010338166958297468, 2.654226757519723], "34": [0.02411844932586312, 2.7072151594091514], "35": [0.043155491329618774, 2.778391199309777], "36": [0.06721083678979195, 2.8657157708916077], "37": [0.09559535411941532, 2.966099656246163], "38": [0.12702929743711078, 3.075249630683371], "39": [0.15968645455796973, 3.187823581123507], "40": [0.19148477417292428, 3.298002214771928], "41": [0.2205144137070869, 3.4002931207167792], "42": [0.24537369860479108, 3.4901765029651797], "43": [0.26526500938853265, 3.564343853602425], "44": [0.279882454766931, 3.620587884518764], "45": [0.28921317173680766, 3.6575484626444337], "46": [0.29335137370099273, 3.674473011067223], "47": [0.2923704080283871, 3.671056125708627], "48": [0.2862639546288865, 3.6473679744481458], "49": [0.2749564937445549, 3.6038672468325683], "50": [0.25838296033965574, 3.5414993657679794], "51": [0.2366354666858106, 3.4618823298066075], "52": [0.21015839586538204, 3.3675585273007083], "53": [0.17993202163958427, 3.262222161857653], "54": [0.14753314630539574, 3.150740324873029], "55": [0.11496444796017685, 3.0387843776384664], "56": [0.08427001483477584, 2.9320992904016503], "57": [0.0571270327675477, 2.8357340681107637], "58": [0.03462564643738418, 2.7535929838503646], "59": [0.017291572731085336, 2.6883959888778644], "60": [0.00525720133241208, 2.641886481182211], "61": [-0.0015379559614041958, 2.615090605003393], "62": [-0.003188331789050232, 2.608519494814979], "63": [0.00027056445663092333, 2.622283876416166], "64": [0.008885536370291196, 2.6561221817933616], "65": [0.022740098960402164, 2.70934475335051], "66": [0.04184004242249437, 2.7806909000395623], "67": [0.06593816061571063, 2.8681041250790917], "68": [0.09433468337921136, 2.9684763833175345], "69": [0.12574092344353419, 3.077500062402493], "70": [0.15832813898149334, 3.1898309932082163], "71": [0.19002075841159732, 3.299664558202752], "72": [0.21892217353306356, 3.4015359186917062], "73": [0.24364508069274488, 3.490956212283091], "74": [0.26340259987716463, 3.5646431759953825], "75": [0.27789432014175064, 3.6204082828472477], "76": [0.28710844391058193, 3.656903842429445], "77": [0.2911376300283281, 3.673385915591703], "78": [0.29005287327124896, 3.6695563166840275], "79": [0.28384629253875693, 3.6454929611198685], "80": [0.2724429842081329, 3.6016644980534305], "81": [0.25578185733410685, 3.539030042416453], "82": [0.2339630576306665, 3.4592259819495803], "83": [0.20744254758920755, 3.3648169608405962], "84": [0.17721298850482922, 3.2595188635524726], "85": [0.1448592980863428, 3.148211446957572], "86": [0.11238302101804776, 3.036561328369206], "87": [0.08181713782863076, 2.930290095960638], "88": [0.054822517041002466, 2.834412842273972], "89": [0.03247429107097424, 2.752800429143956], "90": [0.015288418118834347, 2.6881465566083493], "91": [0.0033932497894862785, 2.6421764536971097], "92": [-0.003271562477060182, 2.615903992687969], "93": [-0.00479820838003377, 2.609831115764251], "94": [-0.0012197968161508192, 2.624059976951417], "95": [0.00751131911996568, 2.6583189826971383], "96": [0.021476410815302546, 2.7119050961107565], "97": [0.04067471168795743, 2.7835392602865237], "98": [0.06484777672020983, 2.871141140092679], "99": [0.09328149190542574, 2.9715759284515455]}