{"0": [6.214950739242856e-05, 5.922589582546456], "1": [0.0041091645027014154, 5.9063837305778595], "2": [0.01441989041888845, 5.8646285103501725], "3": [0.030980325346610667, 5.795902105398741], "4": [0.05345182513828912, 5.698442588191565], "5": [0.08077714225663671, 5.570737833879383], "6": [0.11078819708234884, 5.411940641107435], "7": [0.1399779980503143, 5.2216990336722295], "8": [0.1634654390329038, 4.99923866394416], "9": [0.17495578981861737, 4.741854227635527], "10": [0.16638770840088438, 4.442843219506932], "11": [0.1270580203663445, 4.088426414592635], "12": [0.04335635128918021, 3.6549056604734176], "13": [-0.08804142949406231, 3.131969649613692], "14": [-0.21792518947235462, 2.61186198012358], "15": [-0.2981702531314713, 2.184073678016011], "16": [-0.33357469006167784, 1.8355620158446802], "17": [-0.33829542896239717, 1.5422536895043533], "18": [-0.3231687248681024, 1.290613461654652], "19": [-0.29626751579998195, 1.074207399145678], "20": [-0.26385773394682455, 0.8905414637930882], "21": [-0.23079059062934384, 0.739033972558323], "22": [-0.20058063829466574, 0.6195945240831268], "23": [-0.17546890687999736, 0.5317904633389112], "24": [-0.15664918626232885, 0.47470303683184084], "25": [-0.14462825869483023, 0.4473013528113681], "26": [-0.13956725752514357, 0.4489465701808721], "27": [-0.1414750401571494, 0.4797060826654948], "28": [-0.15019899709619708, 0.5403374877873202], "29": [-0.16521392272014457, 0.6319455382774254], "30": [-0.18526749412343738, 0.7554649014753962], "31": [-0.20801911625806357, 0.911309059083257], "32": [-0.2298275190046852, 1.0995791847169183], "33": [-0.2457052871845151, 1.3209809121071847], "34": [-0.2492471758717907, 1.578319367355646], "35": [-0.2322374077384566, 1.8785888549313121], "36": [-0.183766864514788, 2.236094583726529], "37": [-0.09036350330916088, 2.674618448025561], "38": [0.04819990629680823, 3.1984962764933957], "39": [0.17928259204353564, 3.708052461950903], "40": [0.26046529973108934, 4.124825757001665], "41": [0.2986262536546509, 4.46502083638093], "42": [0.3075583143698384, 4.751361167804838], "43": [0.2977384371299072, 4.996359853789323], "44": [0.27701765294018393, 5.205842008082027], "45": [0.2515031479050463, 5.381926769302676], "46": [0.22591189843325468, 5.524950120476786], "47": [0.20365156578235244, 5.634788950653529], "48": [0.18690626386713893, 5.71159348879518], "49": [0.17686986061445648, 5.75587573767967], "50": [0.1740739612302785, 5.768167794463441], "51": [0.17865620584524736, 5.748635551748258], "52": [0.19044715275178487, 5.696943658005841], "53": [0.2088388718417195, 5.6124609879774665], "54": [0.23248730416479277, 5.494676760361824], "55": [0.25898517052019876, 5.3434929480832265], "56": [0.28465804825552876, 5.159007570008418], "57": [0.3045063051214909, 4.940629807104494], "58": [0.3121154003013639, 4.685621743502926], "59": [0.29925500134517463, 4.387028037371529], "60": [0.2550188439995778, 4.030592719184044], "61": [0.16614090342855783, 3.5929592683125215], "62": [0.033456735508445, 3.072120883000989], "63": [-0.09027833211660548, 2.5684776196092494], "64": [-0.164707597400167, 2.156815409225995], "65": [-0.19699626608725598, 1.820824480765513], "66": [-0.20070643713753844, 1.5384902633180362], "67": [-0.1861678364523493, 1.2977344972546394], "68": [-0.16114290087140934, 1.0929998241062095], "69": [-0.13167172646418654, 0.9223523388727273], "70": [-0.10241575228842618, 0.7856119121885802], "71": [-0.07674771472817685, 0.6830839211512006], "72": [-0.05684691988712226, 0.6148720202001591], "73": [-0.043920389665148794, 0.5807867048371955], "74": [-0.038486885696709064, 0.580617809238941], "75": [-0.040573598163573386, 0.6143994859340143], "76": [-0.04971834548108182, 0.6824117792297776], "77": [-0.06477386740420368, 0.7849125178361527], "78": [-0.08361772800995028, 0.9218494570888139], "79": [-0.10292314780798001, 1.092934006090704], "80": [-0.1180659308905031, 1.2983247865070335], "81": [-0.12305649462364777, 1.539902057601713], "82": [-0.11024625029985541, 1.8231124516640342], "83": [-0.06959394027975434, 2.1597071259101996], "84": [0.01176931597552498, 2.5706290914420067], "85": [0.14032841644920857, 3.0705658709020844], "86": [0.277387382104641, 3.5870406963779558], "87": [0.37030822607766284, 4.019833647954751], "88": [0.4180869333316837, 4.370501802887263], "89": [0.43438500006169867, 4.662644880286548], "90": [0.4303044445041716, 4.910444426632418], "91": [0.4141319924706174, 5.120682264337982], "92": [0.39227388183071643, 5.295920651204706], "93": [0.3697080142296827, 5.4365502627908615], "94": [0.3501201238893502, 5.542167074827266], "95": [0.33598418832631816, 5.6123934220273535], "96": [0.3287364980553609, 5.647127242253144], "97": [0.32901677345897773, 5.646396139284791], "98": [0.33684127531877894, 5.610158760120815], "99": [0.3515988632979213, 5.538312100413726]}