{"0": [-2.429613608566906e-06, 1.485341041163103], "1": [-0.00013857002524811737, 1.511414929709538], "2": [-0.00027737273966366605, 1.5776427024059816], "3": [0.00013342947052986872, 1.6840888477897824], "4": [0.0019778912362851237, 1.830736637089104], "5": [0.006409141293907522, 2.0172845457535353], "6": [0.014668521572908447, 2.242704753900395], "7": [0.027702619986624755, 2.5042735626341326], "8": [0.04554423437867971, 2.795823437982393], "9": [0.06669744148726736, 3.1058562636009004], "10": [0.08822661222784618, 3.4179094213806867], "11": [0.10699076433556245, 3.71485115975352], "12": [0.12107517987697236, 3.983829542541761], "13": [0.13017909584869997, 4.217586762413578], "14": [0.13509687162185455, 4.412820520638917], "15": [0.13705457583477929, 4.568261225449334], "16": [0.1372635129205784, 4.683518240451604], "17": [0.13669657514309105, 4.758544998183269], "18": [0.13600339394856656, 4.793401268373553], "19": [0.13549161401359763, 4.78813683353933], "20": [0.1351279202187154, 4.742741881059266], "21": [0.1345375821068297, 4.657157073938175], "22": [0.13300542771575355, 4.531343623825252], "23": [0.1295053914213993, 4.365426621927894], "24": [0.12281104891933309, 4.1599879740522825], "25": [0.11176427251024511, 3.9167207915752127], "26": [0.09577742005705316, 3.6397697435096603], "27": [0.0755077832868214, 3.3377263662733263], "28": [0.05323251175587543, 3.024787383716076], "29": [0.03218405424657629, 2.7184285716974683], "30": [0.015030639726551564, 2.4341247863288507], "31": [0.0028746667153644965, 2.181916624792537], "32": [-0.004602266736518861, 1.9668735001804272], "33": [-0.008473492130922036, 1.7911206678914418], "34": [-0.009995207334469534, 1.65540988507727], "35": [-0.01027775551339256, 1.5599274245735593], "36": [-0.01014000894925134, 1.5046522310166588], "37": [-0.010063892152665756, 1.4895220134761946], "38": [-0.010189226209432243, 1.514514458862485], "39": [-0.010315079148073681, 1.5796674870581007], "40": [-0.009898299844063964, 1.6850398518010785], "41": [-0.008064001611584935, 1.830608808390056], "42": [-0.00366738816957698, 2.0160688084248752], "43": [0.0045279533861071666, 2.2403956482043377], "44": [0.017472001689988435, 2.5008901899613436], "45": [0.035215339173441114, 2.7914503560222212], "46": [0.05629409346494096, 3.100686755732895], "47": [0.07780219748571263, 3.4122340414802745], "48": [0.09660304855525673, 3.7089696153171428], "49": [0.11076148021269627, 3.9779671474473695], "50": [0.11995087368632018, 4.2118790609800145], "51": [0.12494736029902388, 4.407338725793368], "52": [0.12696799816813809, 4.563038873720023], "53": [0.12722146217463418, 4.67856752112914], "54": [0.12668143861410747, 4.753865515721345], "55": [0.12599972612463123, 4.7889854272588925], "56": [0.12548634679061024, 4.783974121918455], "57": [0.12511011694941288, 4.738822745338777], "58": [0.12449826915367919, 4.653476412715533], "59": [0.12293788704243033, 4.5279039793865685], "60": [0.11940616054261283, 4.3622416127478205], "61": [0.11268170500916354, 4.15708699059314], "62": [0.10161370712686073, 3.9141555393955536], "63": [0.0856233055037998, 3.6376198398871673], "64": [0.06537412564741457, 3.3360936603356453], "65": [0.0431404578959366, 3.023767309485158], "66": [0.022140684150637188, 2.7180727677623433], "67": [0.005026718843635489, 2.4344328111413165], "68": [-0.007107700281651972, 2.1828596842102366], "69": [-0.014581044193811694, 1.9684194164428155], "70": [-0.018462105801083605, 1.793245401494474], "71": [-0.02000124394442071, 1.6580997641559196], "72": [-0.020303177392624418, 1.5631780713064842], "73": [-0.020181712498046744, 1.5084667204491435], "74": [-0.02011404072351059, 1.4939085850343607], "75": [-0.020235195847474154, 1.5194834952629337], "76": [-0.020339193624345147, 1.5852276253195559], "77": [-0.01987786954312043, 1.6911932359255282], "78": [-0.017972540206046463, 1.8373449598343152], "79": [-0.013478258557257542, 2.023354768266273], "80": [-0.00516607301694007, 2.2481570145341667], "81": [0.007894006946336605, 2.5089766713786474], "82": [0.0257183572616429, 2.7995918882865967], "83": [0.04680638188163879, 3.108484226367045], "84": [0.06824074668066465, 3.4192454457678574], "85": [0.08691400196255618, 3.7148501221607644], "86": [0.10093745244312495, 3.982529814183879], "87": [0.11001792733279893, 4.215054400298687], "88": [0.11494406442886042, 4.409113009648184], "89": [0.11693091958727761, 4.563415955109891], "90": [0.11717815677319644, 4.677552573516091], "91": [0.11664802774230344, 4.751459498013339], "92": [0.11598049608227999, 4.785183803398066], "93": [0.11547380230470801, 4.778767847774216], "94": [0.11508481532795405, 4.732201333282655], "95": [0.11442859951976347, 4.645433080116157], "96": [0.11278080347897407, 4.518443079418803], "97": [0.10911075538181016, 4.351390352143298], "98": [0.1021984018840284, 4.144918075305942], "99": [0.09091226845936913, 3.9008333668186763]}