{"0": [-1.1742505292822204e-05, 1.123009597191484], "1": [-0.0007565907813811525, 1.1497572058273018], "2": [-0.002467685724329714, 1.2179548218978877], "3": [-0.004638644907115843, 1.328307318372922], "4": [-0.006381024004936572, 1.481761429228818], "5": [-0.006379418812311587, 1.6793225694015286], "6": [-0.0029359076833024066, 1.921816020639769], "7": [0.0057721595177359815, 2.209296015972045], "8": [0.021036052768532418, 2.5393228275094755], "9": [0.04245487276849281, 2.9032967721198286], "10": [0.06691809994216565, 3.2828214854149267], "11": [0.0895128591796525, 3.6529304663730895], "12": [0.10640591163905587, 3.992721606836965], "13": [0.11650195607263512, 4.2912553239523366], "14": [0.12077314985592731, 4.544980553107497], "15": [0.1210029364466898, 4.753605124983049], "16": [0.11898116069451371, 4.917878017421295], "17": [0.11615640012317208, 5.038798191470339], "18": [0.11354814042358678, 5.117337188225489], "19": [0.1117763878988833, 5.154259504933053], "20": [0.11112142247926955, 5.149965140166937], "21": [0.11156290748186545, 5.104397199887981], "22": [0.11277584317066652, 5.017055122554191], "23": [0.11408558405831691, 4.887109385160992], "24": [0.11440940256780015, 4.713572500037521], "25": [0.11224169340935355, 4.495494157899685], "26": [0.10577864252602544, 4.232301642555787], "27": [0.09333519943750614, 3.9247904562261167], "28": [0.07424271231052952, 3.577711795941522], "29": [0.050103896242170036, 3.2039962592731697], "30": [0.025139632221889877, 2.8261029984491297], "31": [0.004114713193475733, 2.4684167676474265], "32": [-0.010376578443509872, 2.147300165297869], "33": [-0.018358979474267206, 1.8696988791387803], "34": [-0.021313233423782565, 1.6372562805291189], "35": [-0.021089590741902777, 1.4496311189922961], "36": [-0.019339956771057387, 1.3059178113044414], "37": [-0.017312961600889167, 1.2051162792445715], "38": [-0.01583400543569068, 1.1463394143300145], "39": [-0.015356643814432481, 1.1289836027797875], "40": [-0.016016599997569325, 1.152861640250508], "41": [-0.017651532423601485, 1.2182474743537157], "42": [-0.019775935524201153, 1.3258114663727514], "43": [-0.021525136844891473, 1.4764726386099778], "44": [-0.021609375823262236, 1.6712174106502806], "45": [-0.01835207668187174, 1.910866410470408], "46": [-0.009933027291842512, 2.195513273644396], "47": [0.004982024562062687, 2.5228853424215467], "48": [0.02610686399289692, 2.8847870462024336], "49": [0.05048098567731967, 3.263355146047863], "50": [0.0732427622204781, 3.633791384365852], "51": [0.09045863370576676, 3.974806051743096], "52": [0.1008984569029772, 4.274965243834025], "53": [0.10545446153833285, 4.530424798077653], "54": [0.10588469943376436, 4.740768209271807], "55": [0.10398350745361017, 4.9066941106602515], "56": [0.10121582942260206, 5.029176175280837], "57": [0.09861954509176386, 5.109171890469694], "58": [0.0968305275815622, 5.147441901330287], "59": [0.09614111592888755, 5.144392682961003], "60": [0.0965398161094803, 5.099982206698921], "61": [0.09770868391594227, 5.01372973608754], "62": [0.09897989105153139, 4.884827127952763], "63": [0.09927841779760715, 4.712307742328694], "64": [0.09710743534975584, 4.495241100901468], "65": [0.09067148123496234, 4.233072090958786], "66": [0.0782889902004257, 3.9266023768512315], "67": [0.059281210143564765, 3.5805504078153843], "68": [0.03521938429978064, 3.2077438197693575], "69": [0.01028514205863756, 2.830513363042422], "70": [-0.010768999610786721, 2.473216326967839], "71": [-0.02532881032396378, 2.1523016309104], "72": [-0.03339298657620841, 1.874814839526405], "73": [-0.036425362927631204, 1.6424640262213612], "74": [-0.03626853535181598, 1.4549450589355748], "75": [-0.03457241968819975, 1.3113770926581234], "76": [-0.0325863010030566, 1.2107801540772443], "77": [-0.03113674958709498, 1.1522843034814385], "78": [-0.030677511465225234, 1.1352990975494661], "79": [-0.03134248041992015, 1.1596447447510376], "80": [-0.032964815266081325, 1.225595389574519], "81": [-0.03505171385253021, 1.3338138061809734], "82": [-0.036729215017947826, 1.4852042104756722], "83": [-0.03669868429766577, 1.6807313993835922], "84": [-0.03328003771073484, 1.9211826029747385], "85": [-0.02466376691744474, 2.2065850542287295], "86": [-0.00955357901187528, 2.534519445172631], "87": [0.011692589017332245, 2.896524835712787], "88": [0.036043684790514084, 3.2744674900466553], "89": [0.05864416844198258, 3.643557416983922], "90": [0.07564578451109522, 3.9828046473807963], "91": [0.08589992218973037, 4.281057727256751], "92": [0.0903347770766148, 4.534599886760282], "93": [0.09071053134584593, 4.7430426949190325], "94": [0.08880865269238016, 4.907076832041188], "95": [0.08607726293032789, 5.027657668579677], "96": [0.08353823751860026, 5.105719617971455], "97": [0.08181327504609075, 5.141996725813217], "98": [0.08118117485758602, 5.136868416437131], "99": [0.08161528389818401, 5.090270449789455]}