{"0": [-3.873148502775161e-05, 0.9327016574837427], "1": [-0.0025197835018374772, 0.957205120090322], "2": [-0.008459509128693754, 1.0195127040066787], "3": [-0.01684545614700269, 1.1198502251522797], "4": [-0.0258947422388923, 1.2585550758981754], "5": [-0.03292465472808434, 1.4362670557765476], "6": [-0.03426439782933105, 1.654437887872914], "7": [-0.02524531097193023, 1.916127250367859], "8": [-0.0004252203304243203, 2.226628814434906], "9": [0.04513677801212847, 2.59184170414739], "10": [0.11103302159071918, 3.0076478490123697], "11": [0.18348196832512478, 3.43957430648588], "12": [0.24212234201781788, 3.8376767557345777], "13": [0.27862610212455413, 4.18049145189119], "14": [0.2956184096429919, 4.470188750994432], "15": [0.2986402089592548, 4.713193524066259], "16": [0.29297050019189397, 4.914033214564784], "17": [0.28294670976465375, 5.075087787784598], "18": [0.2718883530793186, 5.197414911075346], "19": [0.26215243439562075, 5.281465234629451], "20": [0.2552424750763827, 5.327470846968046], "21": [0.2519371898068549, 5.335557571348235], "22": [0.25238734830002635, 5.305731438296044], "23": [0.256135407291969, 5.237872045319364], "24": [0.2620480364113032, 5.131761248618171], "25": [0.26819409620721985, 4.987053187798869], "26": [0.27172332565889473, 4.80302836885458], "27": [0.2687913703181543, 4.57802522774188], "28": [0.25457541492515884, 4.30863027809933], "29": [0.22360106467906016, 3.9892443133432707], "30": [0.1714398327458984, 3.614727619475351], "31": [0.1005042695867918, 3.193587460693934], "32": [0.02701824583824023, 2.7661469411760047], "33": [-0.030020938322531974, 2.379127749019528], "34": [-0.0650206416861897, 2.0478501819109685], "35": [-0.08158572820424126, 1.76841790823285], "36": [-0.08529528748848433, 1.53467547102752], "37": [-0.08124705847107956, 1.3425926172207383], "38": [-0.07356802349245645, 1.1901333592955723], "39": [-0.06537565386493437, 1.076422737895114], "40": [-0.05884420358817387, 1.0010945349452984], "41": [-0.05531762927043445, 0.963963101861465], "42": [-0.055431743310596485, 0.9649416252579993], "43": [-0.059193534351627754, 1.0040550594552764], "44": [-0.06597919262712115, 1.081436059934127], "45": [-0.07445155311807097, 1.1973060911721642], "46": [-0.08243719561910637, 1.3520570483489498], "47": [-0.0868177262542804, 1.5465850144967743], "48": [-0.08347612805341677, 1.7829431621198295], "49": [-0.06736414322241688, 2.065137241608016], "50": [-0.03305396156942521, 2.3990983761964824], "51": [0.022709042025359623, 2.787925621223744], "52": [0.09386171658913299, 3.214885213814351], "53": [0.1613489243072016, 3.6328533107846046], "54": [0.20941827409101546, 4.002809095597678], "55": [0.2361000771856292, 4.317368470410274], "56": [0.24602099248034817, 4.582007291556223], "57": [0.24470450472537608, 4.802315963612311], "58": [0.2369622887010334, 4.98163135641201], "59": [0.22660915763164158, 5.121544015202369], "60": [0.21646618500845177, 5.222707089923811], "61": [0.20844159413136937, 5.285391714717246], "62": [0.20364762861091298, 5.309732344240098], "63": [0.20251063584565296, 5.29577155639162], "64": [0.20482401995213378, 5.243450537246368], "65": [0.2097174342935625, 5.152622035218232], "66": [0.21555758615406004, 5.023041694322804], "67": [0.21982877511515525, 4.854201306900774], "68": [0.21904380111753277, 4.644872857187378], "69": [0.2087249669289894, 4.392366116768232], "70": [0.18358357494223768, 4.091867010637915], "71": [0.13856480563252532, 3.7375688468682826], "72": [0.07296879891879308, 3.3314518556574693], "73": [-0.0016143442351509206, 2.9030876001962893], "74": [-0.06497426979418902, 2.5023729298821653], "75": [-0.10692238754366348, 2.1553032557385894], "76": [-0.1290497877573853, 1.8618932150232457], "77": [-0.13666544688165685, 1.6160083621789845], "78": [-0.1350664933518838, 1.4129680235644442], "79": [-0.12866664241055836, 1.2502443196578075], "80": [-0.1208733508637559, 1.1267188458175594], "81": [-0.11412787123482503, 1.0419551257335995], "82": [-0.11000146531548778, 0.9957708491744223], "83": [-0.10931159964090464, 0.9880840261143181], "84": [-0.11220998005876362, 1.018898411019565], "85": [-0.11819942151474704, 1.0883040847427436], "86": [-0.12607067055108562, 1.1964677373537442], "87": [-0.13379120316722534, 1.3437036470065606], "88": [-0.13839828755638808, 1.5307697792209014], "89": [-0.1359398516108921, 1.7594710217524938], "90": [-0.12152176286344316, 2.033438637493222], "91": [-0.08975811312505198, 2.3582904751956586], "92": [-0.036908223416707596, 2.7378748815201495], "93": [0.03267025099471034, 3.159173082289031], "94": [0.10134759377753334, 3.578273618725864], "95": [0.15210296221546177, 3.952940794927936], "96": [0.18143859967627787, 4.272319658646315], "97": [0.19348528306458826, 4.54101439461468], "98": [0.19372573016293695, 4.764698246469786], "99": [0.1870440276242529, 4.946906382250868]}