{"0": [1.3217116560079785e-05, 1.769301952927315], "1": [0.0009349131837659509, 1.8014514259037344], "2": [0.0038627828566473784, 1.8830953579174055], "3": [0.010328521097157328, 2.0144291120876616], "4": [0.02266104749083841, 2.1959413343009384], "5": [0.043580781964451906, 2.4280543737110225], "6": [0.07509238919851151, 2.7088239486317116], "7": [0.11611052352110034, 3.027538045619046], "8": [0.16022559766108577, 3.3579379190305327], "9": [0.19863380765180536, 3.666720339823864], "10": [0.22648707733626836, 3.932400358987672], "11": [0.24395043878533001, 4.147952465895729], "12": [0.25347113731303617, 4.31274909051825], "13": [0.2577650138315132, 4.4274460053774085], "14": [0.2589808936536171, 4.492503682423791], "15": [0.2584093377374436, 4.508088909428362], "16": [0.25638912719171053, 4.474236912719199], "17": [0.25229094030142335, 4.3909137102880615], "18": [0.24455692219335243, 4.2579186001150156], "19": [0.23084593267612638, 4.074767690217166], "20": [0.208460144932759, 3.841108903174072], "21": [0.17549717335726112, 3.5591648580544084], "22": [0.13326056690833124, 3.2402778872827525], "23": [0.0883459237106188, 2.911271940361788], "24": [0.049435608334784366, 2.605101862589826], "25": [0.021099596699720852, 2.3424476603225517], "26": [0.0030229913910868626, 2.1299122184947508], "27": [-0.007261888914112871, 1.9680403734386758], "28": [-0.012436715419689869, 1.8561982025696784], "29": [-0.0145991569134709, 1.79395237134623], "30": [-0.014984490371324138, 1.7811488054378246], "31": [-0.013876461964338348, 1.8177560056269566], "32": [-0.01059368854317573, 1.9038127229402688], "33": [-0.0035340632441752716, 2.039529951118622], "34": [0.009667785005670027, 2.2253894531477347], "35": [0.03168225666057341, 2.4616460385026553], "36": [0.06426408900724694, 2.745668808554123], "37": [0.1057875579920853, 3.065182866843941], "38": [0.14938397477201565, 3.3925406110088785], "39": [0.1865432519021985, 3.6952905699044507], "40": [0.21308741498063385, 3.9538920784459286], "41": [0.22954513830003803, 4.1623455732139245], "42": [0.23841869000016647, 4.320236327484118], "43": [0.24234712472639375, 4.42817774405545], "44": [0.24336025411103843, 4.486570334691513], "45": [0.242618576573622, 4.495552393012561], "46": [0.24033062722253418, 4.45515052034233], "47": [0.23574337765477257, 4.365318773802643], "48": [0.2271934103956201, 4.225830936595855], "49": [0.2122813855713095, 4.036207622324136], "50": [0.1883744727661252, 3.7963303236127457], "51": [0.15392112794824447, 3.50939709325434], "52": [0.11097931685606452, 3.1889382077933455], "53": [0.06675625160694108, 2.863619793979029], "54": [0.029512566587750942, 2.5651564745287114], "55": [0.0029263673951655245, 2.311634879202573], "56": [-0.013794119680465702, 2.1083115813670457], "57": [-0.02319259294524026, 1.9554406382512888], "58": [-0.02785463664164683, 1.8524307536848132], "59": [-0.029724943355391126, 1.7989190398099932], "60": [-0.029869807065564143, 1.79478504850535], "61": [-0.028402724511335586, 1.8400080493264586], "62": [-0.024480099621722907, 1.9346440558787839], "63": [-0.016361507139711254, 2.078939339418556], "64": [-0.001607077087554392, 2.2733662949479663], "65": [0.022360730652018553, 2.5178503961951755], "66": [0.05682071110588474, 2.808427325712971], "67": [0.09916665849897703, 3.1299679179637336], "68": [0.1418188164668675, 3.4526858751224547], "69": [0.17687344786937392, 3.745926663510019], "70": [0.20124981167133105, 3.9933393280707827], "71": [0.21603466911430602, 4.190501457289327], "72": [0.22381166506458408, 4.337331619410556], "73": [0.22709928066206475, 4.434394359080602], "74": [0.227739126055672, 4.482011186166473], "75": [0.2266838955648601, 4.480283707221098], "76": [0.22393260568325835, 4.429225891065156], "77": [0.21853298895617282, 4.328768147634561], "78": [0.20865372602912202, 4.178639734560052], "79": [0.19181224711044734, 3.9783866201433637], "80": [0.16551449508093713, 3.728358550980875], "81": [0.128841975809255, 3.433537763355184], "82": [0.08506770369135269, 3.111007113786868], "83": [0.04213429654262309, 2.7916439334741687], "84": [0.007451419897519949, 2.5046321661435047], "85": [-0.016578303314549802, 2.2643574487061695], "86": [-0.03134917612690668, 2.0743695476381205], "87": [-0.039474721807070505, 1.934583474460672], "88": [-0.0433898378395806, 1.844468593584895], "89": [-0.04481435334246135, 1.8037472362401543], "90": [-0.04456800432629269, 1.812336586351567], "91": [-0.04251634428214754, 1.8702304539310046], "92": [-0.037581378372883695, 1.9775162870897516], "93": [-0.027829448085310803, 2.134492596784661], "94": [-0.01073917834300848, 2.341573179919883], "95": [0.016057603339947442, 2.5980148179464337], "96": [0.05300983263536575, 2.8975009926293596], "97": [0.09606470427187294, 3.2206530281024848], "98": [0.13698375063240742, 3.535704229416941], "99": [0.16901173507155093, 3.8154180480142825]}