{"0": [-1.1368140490082538e-05, 0.9005130841015409], "1": [-0.0007450945332457764, 0.9153997212114113], "2": [-0.002555959163165641, 0.9533876261412575], "3": [-0.0052953796451081945, 1.0149726986767202], "4": [-0.008691914778386482, 1.1008903280151046], "5": [-0.012312542181882618, 1.212038344490888], "6": [-0.015520155544556938, 1.3493836827551482], "7": [-0.01744261799695074, 1.5138621081656203], "8": [-0.01697792878131256, 1.7062665471351934], "9": [-0.012871428312077996, 1.9270782813169607], "10": [-0.003913997359878508, 2.1761202494015657], "11": [0.010685809292508817, 2.4518376680617484], "12": [0.030758645858330116, 2.750099205557847], "13": [0.054679376817670176, 3.062989414977081], "14": [0.07945205403370557, 3.3790161504893668], "15": [0.10172048167835147, 3.685765367382509], "16": [0.11907456515812724, 3.973336386959016], "17": [0.13063224002882007, 4.235811778577072], "18": [0.13676949376476477, 4.470543899736308], "19": [0.1385490647510914, 4.676815656805938], "20": [0.13724755240703596, 4.854862770014191], "21": [0.13407177238041484, 5.005363088639454], "22": [0.13002583276395213, 5.129200273030127], "23": [0.12587413732345568, 5.227335503230569], "24": [0.12215742638540775, 5.300706291671166], "25": [0.11923175160671688, 5.350130888514062], "26": [0.11731061167083127, 5.376223107128774], "27": [0.11649860555638145, 5.379327914548312], "28": [0.11681074351860136, 5.359485268104845], "29": [0.11817508695305703, 5.316425683551482], "30": [0.12041845181471955, 5.2495980179817545], "31": [0.12323677368340408, 5.158227146708866], "32": [0.12615473307634836, 5.041395437361619], "33": [0.12848435502090702, 4.8981381882794555], "34": [0.12929981134213137, 4.727545140377072], "35": [0.12745533412588606, 4.5288790008929025], "36": [0.1216850111392822, 4.301770862687245], "37": [0.11083592327165832, 4.046632761671936], "38": [0.09428315189614787, 3.765485708585574], "39": [0.07249212465174282, 3.463233593566868], "40": [0.04743555541254507, 3.148698820833327], "41": [0.022303313306381613, 2.833881559994633], "42": [0.0003349685071984735, 2.5308835405977486], "43": [-0.016391836716006105, 2.248734981715362], "44": [-0.027322679734801614, 1.992506962473654], "45": [-0.03303733813628948, 1.7643037661498422], "46": [-0.03467983055903677, 1.5645652399664094], "47": [-0.033528233325704725, 1.392928473207112], "48": [-0.030750095480789802, 1.2486582427211428], "49": [-0.027295626131078665, 1.130847794069181], "50": [-0.023875836697155147, 1.0385367940228438], "51": [-0.020985868230363657, 0.9708107832174223], "52": [-0.0189459516673645, 0.9268951720494523], "53": [-0.01794226112375148, 0.9062364230619583], "54": [-0.018057530497685992, 0.9085603519470977], "55": [-0.019286543934667902, 0.9339010093654809], "56": [-0.021534725709967905, 0.9825974241077262], "57": [-0.024599974041062712, 1.0552583537425742], "58": [-0.028139928580827676, 1.1526981920246184], "59": [-0.0316303230038394, 1.2758511857991222], "60": [-0.03432578254868409, 1.4256741728588183], "61": [-0.035242493731174274, 1.6030431398118425], "62": [-0.03319236080141164, 1.808623746149294], "63": [-0.02691063721523152, 2.0426383948372955], "64": [-0.015330518721179257, 2.3043689597055814], "65": [0.0019560702824925422, 2.5912053963475508], "66": [0.024131928969535452, 2.897328351672827], "67": [0.048859517760581096, 3.212961703618362], "68": [0.07280964683013913, 3.5257419555875034], "69": [0.09294579781010151, 3.8241072901162227], "70": [0.10757386018590567, 4.100027766193402], "71": [0.11647234743055365, 4.349293090263244], "72": [0.1204099011015325, 4.570316298349314], "73": [0.12059476422680118, 4.762912715496327], "74": [0.1182929001142965, 4.9275614519813615], "75": [0.11462301674838517, 5.065050126914498], "76": [0.11047524559392709, 5.176304550830346], "77": [0.10650358222420932, 5.2622786372092785], "78": [0.10315561636466201, 5.32385631464717], "79": [0.10071465246453429, 5.361759837358943], "80": [0.09933858197225366, 5.376473620261823], "81": [0.0990868958115467, 5.368193038845113], "82": [0.09993188716554116, 5.336803704364787], "83": [0.10175281455364346, 5.281893149078838], "84": [0.10431364064475059, 5.202794055928768], "85": [0.10722728878767614, 5.09865488876964], "86": [0.1099133763760531, 4.9685296650139685], "87": [0.11156274075254151, 4.811476787493025], "88": [0.11113071934676537, 4.6266658769591995], "89": [0.10739189987465851, 4.413524495802385], "90": [0.09910185442813906, 4.172023360243799], "91": [0.08532003135122085, 3.903280413012035], "92": [0.06591570468214189, 3.6106433655259185], "93": [0.042112333082326064, 3.3009884260449853], "94": [0.016606457620726732, 2.985031745632664], "95": [-0.007217669897423451, 2.6752766019636813], "96": [-0.026620820799855373, 2.3824984791571917], "97": [-0.04033136850065723, 2.1136297692137433], "98": [-0.048452554041050214, 1.8720373153124539], "99": [-0.05191909325418776, 1.6588319019927882]}