{"0": [1.6100749290256724e-05, 2.89359726177845], "1": [0.0010566712260830138, 2.9046267050695898], "2": [0.0036451971473894394, 2.931944438795419], "3": [0.007638382282335538, 2.9737898067040716], "4": [0.01279326445239976, 3.027387679409323], "5": [0.018763795326114458, 3.089067552083558], "6": [0.025117487430692798, 3.154491242074579], "7": [0.03137649647934476, 3.2189936913910007], "8": [0.037073926797070944, 3.2779901663115463], "9": [0.041806543239624426, 3.327367195463695], "10": [0.045267363873166606, 3.363783509414092], "11": [0.04725384908053872, 3.3848534751466093], "12": [0.047659937991486934, 3.389232846020653], "13": [0.046465337886495865, 3.376647191301781], "14": [0.043732434719292564, 3.3478951322549757], "15": [0.039613321827618765, 3.304834035302587], "16": [0.03436058916863501, 3.2503282069051225], "17": [0.028329339350533733, 3.188120976302694], "18": [0.02195826488349079, 3.122595989659866], "19": [0.015726565807896376, 3.058427559449199], "20": [0.010097140777094003, 3.00017136046935], "21": [0.005465202670993515, 2.9518793623075967], "22": [0.0021280005346761112, 2.91680953368266], "23": [0.00027861890071844244, 2.897252876351304], "24": [1.475720896545637e-05, 2.8944547363543243], "25": [0.001349063321863664, 2.908589748491389], "26": [0.004211247226720871, 2.938760112030852], "27": [0.008440314971807876, 2.9830121624989663], "28": [0.013774022584218873, 3.0383934927985567], "29": [0.01984837542798238, 3.1010900117812894], "30": [0.026218857319495407, 3.166675670200907], "31": [0.032405417961848336, 3.230470498321337], "32": [0.03794960995400578, 3.2879512522088885], "33": [0.042464503878992255, 3.3351299778721524], "34": [0.04566262833470279, 3.3688334765154457], "35": [0.04736026785274965, 3.386866027018892], "36": [0.04746798947947875, 3.3880813849021436], "37": [0.04598077307215762, 3.3724047327933238], "38": [0.04297688707098376, 3.3408329337508453], "39": [0.038626327622648775, 3.295415492119801], "40": [0.033201005406741625, 3.2391917575710494], "41": [0.027073623833506234, 3.1760444202921088], "42": [0.020694123808576607, 3.110438794241921], "43": [0.014542897170627771, 3.0470568948789523], "44": [0.009073499069596863, 2.990386220278122], "45": [0.004664335286015115, 2.9443482905313365], "46": [0.0015930716821012417, 2.912030154433299], "47": [3.414651913353405e-05, 2.8955316597351644], "48": [6.881668008713289e-05, 2.8958997731808895], "49": [0.0016944825518076594, 2.913109483924227], "50": [0.004824816574402878, 2.946065003767836], "51": [0.009280721804699162, 2.992621496066947], "52": [0.01478062271295156, 3.049653911221462], "53": [0.020943311595786565, 3.1132132232101104], "54": [0.02731383842131415, 3.1787980652388024], "55": [0.03341198011587443, 3.241727994993362], "56": [0.038789500325547586, 3.2975545128341515], "57": [0.04307673595506744, 3.342424854111754], "58": [0.04600583856459633, 3.3733394132607066], "59": [0.04741155049521465, 3.3882947552767506], "60": [0.04722070577109082, 3.3863433447271274], "61": [0.04544352502970695, 3.367610020867291], "62": [0.04217448133609268, 3.333289337751975], "63": [0.03760186697494752, 3.285620903967018], "64": [0.03201690496194792, 3.227814139024415], "65": [0.025809081464660058, 3.1638820416562914], "66": [0.019437924443549682, 3.098358750911495], "67": [0.013382977945889706, 3.0359195168102326], "68": [0.00808674857457487, 2.98097065554365], "69": [0.003909958807125148, 2.9372939523868986], "70": [0.00111064289467581, 2.9078003608076433], "71": [-0.0001550218311709886, 2.894396413774654], "72": [0.00017811893981649964, 2.8979300824189758], "73": [0.002092213053184371, 2.9181767095893782], "74": [0.00548455054755184, 2.953843158971842], "75": [0.010157554403930739, 3.0025956666279705], "76": [0.015810387904985762, 3.0611418631261955], "77": [0.02204553360945842, 3.125407239241637], "78": [0.028399331290992102, 3.190828227791262], "79": [0.03439342450576079, 3.2527383834331567], "80": [0.03959143072301738, 3.306776686074092], "81": [0.043641745013046934, 3.349234455677247], "82": [0.04629612991066947, 3.3772905180573614], "83": [0.04740738552681309, 3.3891356846985], "84": [0.046918296511652184, 3.384021663020058], "85": [0.04485436617841336, 3.3622729065366124], "86": [0.04132663703939739, 3.3252809235138634], "87": [0.0365420539789878, 3.2754729569519667], "88": [0.030811016354182128, 3.2162228138466533], "89": [0.024538804423314044, 3.1516639538382973], "90": [0.018192751776479006, 3.0863859700810994], "91": [0.012249521991324265, 3.025042904634773], "92": [0.0071389967857813435, 2.9719474456441253], "93": [0.003203507397674507, 2.9307331401851204], "94": [0.000681525088630261, 2.9041303348220344], "95": [-0.0002886232390278964, 2.8938504749161247], "96": [0.0003424044164316365, 2.9005420773293333], "97": [0.002541424934063236, 2.9237809252586864], "98": [0.006188964127654069, 2.96207737805892], "99": [0.011068633495421889, 3.0129114531438077]}