{"0": [4.699551027377838e-06, 4.854962104406245], "1": [0.0002877152713867413, 4.831685297726342], "2": [0.0007924976580886736, 4.772545895635985], "3": [0.0009449129239115299, 4.677428965923761], "4": [-0.00018881028964653552, 4.546204330667616], "5": [-0.003870714285310841, 4.378810610831467], "6": [-0.011572969717483238, 4.17545643894183], "7": [-0.02469213643373203, 3.9371523638715935], "8": [-0.044000783148423456, 3.666925094432948], "9": [-0.06885686924336996, 3.37182493237807], "10": [-0.09664807605432868, 3.064475663270682], "11": [-0.12340951947550759, 2.7613470455234768], "12": [-0.14563940508702694, 2.4775365174217403], "13": [-0.1616812056537741, 2.222867943679176], "14": [-0.1716812274955775, 2.0020975697983396], "15": [-0.1768126357900313, 1.817004183855998], "16": [-0.17857331655505998, 1.6680645955346889], "17": [-0.17837168508775114, 1.555291926765981], "18": [-0.17733345997019825, 1.4785659346016364], "19": [-0.1762337810469716, 1.4377561376041919], "20": [-0.17548730062646486, 1.43277838399213], "21": [-0.17515463561346017, 1.4636236134024092], "22": [-0.1749438460480912, 1.5303599561830208], "23": [-0.17420422379840564, 1.633107272964394], "24": [-0.17192818647303904, 1.7719857413508628], "25": [-0.1667964768025491, 1.9470163491951173], "26": [-0.1573250629093734, 2.157871141713165], "27": [-0.14220036530491786, 2.4032245940389103], "28": [-0.12089022139357851, 2.679353357124378], "29": [-0.09444414474008633, 2.9780568030111634], "30": [-0.06586981548741613, 3.285583079046077], "31": [-0.03919091909269536, 3.58529817156958], "32": [-0.017568703029243307, 3.8630834405755676], "33": [-0.0022196290741171285, 4.110354970172628], "34": [0.007295055484086369, 4.323181828625977], "35": [0.012265122391096926, 4.500170685748418], "36": [0.014191170848351007, 4.64098602265947], "37": [0.01442771754547686, 4.745655569810025], "38": [0.014024486174874963, 4.814304431008014], "39": [0.013675602796010461, 4.847053510827297], "40": [0.013715726579619046, 4.843970284875969], "41": [0.014126340733873975, 4.805045789129741], "42": [0.0145350986517368, 4.730198871633014], "43": [0.01420966199532717, 4.61930736731218], "44": [0.012066072347941329, 4.4722668287834075], "45": [0.0067316387954118794, 4.289111687643707], "46": [-0.0032731035325899672, 4.070329655869162], "47": [-0.019141610247198324, 3.8176542329453014], "48": [-0.041107086438049174, 3.535663209571664], "49": [-0.06766456957124002, 3.2338455771522305], "50": [-0.09543886745650276, 2.927003533627776], "51": [-0.12045063841173594, 2.631637405560768], "52": [-0.13995620889249258, 2.3606705022838086], "53": [-0.1531845122738459, 2.1214354531372868], "54": [-0.16083981487221505, 1.9171043109297978], "55": [-0.1643026358215417, 1.7487358153211385], "56": [-0.16505888172664435, 1.616548002441352], "57": [-0.16439835415476292, 1.5204812337402709], "58": [-0.16328787821517332, 1.4604092229383356], "59": [-0.16233551313074124, 1.4362229705483827], "60": [-0.1617912480457331, 1.4478731735830694], "61": [-0.16155231679795762, 1.4953869448924433], "62": [-0.1611604802104779, 1.578856893912989], "63": [-0.15979713460344624, 1.6984039571319012], "64": [-0.15630086903442492, 1.8541089925752732], "65": [-0.14925280286533418, 2.0458611269161073], "66": [-0.13720108170937603, 2.272957902420578], "67": [-0.11911941643200954, 2.5331388797508474], "68": [-0.0951393373633285, 2.820791967725425], "69": [-0.06725814803875364, 3.12503152738478], "70": [-0.03915940487506497, 3.4301737591881563], "71": [-0.014658695375990875, 3.7201961034614586], "72": [0.003982060480910077, 3.9835481621357043], "73": [0.016426604608337288, 4.214116989253519], "74": [0.023610821125354182, 4.409408360305232], "75": [0.026978356563595915, 4.568646130289404], "76": [0.027982948947167876, 4.691707141739976], "77": [0.027839251162186825, 4.77867461954299], "78": [0.027424695382012965, 4.82967238485009], "79": [0.027256449101058376, 4.8447951653158885], "80": [0.027495142652494687, 4.824072829548581], "81": [0.0279485075988499, 4.767460525507099], "82": [0.028066964729882727, 4.674856480721534], "83": [0.0269417196680589, 4.54614570739851], "84": [0.023334952558782124, 4.381281880624681], "85": [0.01579345885767117, 4.180481891795186], "86": [0.002924397319031032, 3.9447373922259334], "87": [-0.016073143124659208, 3.6769853141016675], "88": [-0.040632879498978626, 3.38406658900002], "89": [-0.06824869933912743, 3.0783146922335876], "90": [-0.09502323029454712, 2.7760229711462507], "91": [-0.11743150063423052, 2.492372508240248], "92": [-0.13373785769975685, 2.2374209883393323], "93": [-0.14401467316692695, 2.016133546232046], "94": [-0.14939036849220794, 1.8304166298769533], "95": [-0.15134341089182915, 1.6808142924579843], "96": [-0.15127835106368334, 1.5673754385545895], "97": [-0.15032488327601698, 1.490000832287354], "98": [-0.14926502972925412, 1.4485727132307593], "99": [-0.14852043396322423, 1.4430129402102696]}