{"0": [1.0012012574725302e-05, 1.9966357721481436], "1": [0.0006765270129492704, 2.022125390821785], "2": [0.0025140817776340635, 2.086527707335695], "3": [0.005883260651496905, 2.188983612952768], "4": [0.011273745718110156, 2.327859438061032], "5": [0.019147070396646846, 2.5003160040615557], "6": [0.029699629271113713, 2.7016396252235233], "7": [0.04259873927322788, 2.9244916954742726], "8": [0.056849665237104406, 3.1586340195875624], "9": [0.07098816771331072, 3.3918701107491738], "10": [0.08358233853655724, 3.6121589568018306], "11": [0.09371258524483572, 3.8096328712501446], "12": [0.10112242994600693, 3.97735748729018], "13": [0.10605912693504135, 4.110943895821607], "14": [0.10900577206756609, 4.207778527074841], "15": [0.11045177796084475, 4.266378223678007], "16": [0.11074478430858918, 4.2859892056461755], "17": [0.11001422552189562, 4.266384552433846], "18": [0.1081479889076132, 4.2078042081311535], "19": [0.10481418827912801, 4.111016420912489], "20": [0.09953550489945141, 3.9775197052698745], "21": [0.09183428130217874, 3.8099391402977782], "22": [0.08145856778090547, 3.612661508703807], "23": [0.06864876012290154, 3.3925959515309376], "24": [0.05430303214868198, 3.159567647394807], "25": [0.03984047662861003, 2.925586449180792], "26": [0.026731049401018513, 2.702853276036682], "27": [0.015988122848024762, 2.501635000946435], "28": [0.0079621437236687, 2.3292944794903474], "29": [0.0024651704302934337, 2.190552155104673], "30": [-0.0009659005291419989, 2.088240603487489], "31": [-0.0028297062956664618, 2.0239814502332445], "32": [-0.0035003622932540763, 1.9986208441573086], "33": [-0.003141715527267402, 2.012457123532839], "34": [-0.001677022146794189, 2.065319534933758], "35": [0.0011960017771470734, 2.1565248701206583], "36": [0.005939528716317345, 2.284698818827385], "37": [0.01304210216895783, 2.447412306575042], "38": [0.022804000470379397, 2.6405812578495955], "39": [0.03507098131149993, 2.857706282621256], "40": [0.04904191185848225, 3.089380713997485], "41": [0.06335241578790082, 3.323821948195886], "42": [0.07650702187723464, 3.5487213578107784], "43": [0.08740531711259987, 3.7534432265533697], "44": [0.09560204872485635, 3.9301989317681976], "45": [0.10122125649918437, 4.0739265515473235], "46": [0.10470123454820508, 4.181564253377256], "47": [0.10654617237823273, 4.251345330319936], "48": [0.10715422730404746, 4.282328112181255], "49": [0.1067222279929328, 4.274142365107102], "50": [0.10520828233481251, 4.226891644000519], "51": [0.10234034429166368, 4.141179206522313], "52": [0.09767373915418731, 4.01826490514009], "53": [0.0907137113489926, 3.860398240334388], "54": [0.08111844609311684, 3.671383486039029], "55": [0.06896243013386733, 3.4573312091997046], "56": [0.054950601066359975, 3.227229330829922], "57": [0.04038460226847832, 2.9925987648837498], "58": [0.02677322106787597, 2.7658050942959487], "59": [0.015296268440827874, 2.557819325087953], "60": [0.006493634694951211, 2.3768497149975394], "61": [0.0003092548251510933, 2.2283080626924305], "62": [-0.0036656676731537433, 2.115495436205305], "63": [-0.005937167477505579, 2.040330387732371], "64": [-0.006924930327563127, 2.003853487540191], "65": [-0.0068572388943183805, 2.006507611170198], "66": [-0.005726396278658531, 2.0482547990251345], "67": [-0.0032909936795939205, 2.128567299280388], "68": [0.0008741820120630065, 2.2462910463060353], "69": [0.007265954300077546, 2.3993412329598995], "70": [0.016261348244683574, 2.5841718786269525], "71": [0.027859129154242865, 2.795039687320229], "72": [0.04144859287702902, 3.0233712663113703], "73": [0.055797306752740014, 3.2579357165138636], "74": [0.06939481480801923, 3.4863589631091507], "75": [0.08099027507570568, 3.6973708191902075], "76": [0.08995031614024242, 3.882352903459355], "77": [0.09625952180473181, 4.0355368783196], "78": [0.10029267484637386, 4.153372867752065], "79": [0.10255393690471418, 4.233783620116624], "80": [0.10348194192152385, 4.275626091224892], "81": [0.10333481310792961, 4.278383779793118], "82": [0.10213826962833643, 4.242030310039452], "83": [0.09968173155648172, 4.167021804551456], "84": [0.0955610641477562, 4.054414255158931], "85": [0.0892810270086243, 3.9061412259465227], "86": [0.08043522993867057, 3.725510466391986], "87": [0.06895813505307496, 3.5179196992326456], "88": [0.05536908809770114, 3.2915356773979947], "89": [0.040826315922716065, 3.0572768552813443], "90": [0.026831029435456483, 2.8274803280677343], "91": [0.014696198139807952, 2.613677495207724], "92": [0.005146568996479333, 2.4248840814212222], "93": [-0.0017280620052927166, 2.2672297268493358], "94": [-0.006264162254310183, 2.1445221463597104], "95": [-0.008960316139798032, 2.05900417037593], "96": [-0.010271472315697793, 2.011925053678188], "97": [-0.010483905700019974, 2.003876116769308], "98": [-0.009655864647015691, 2.0349471134376538], "99": [-0.007607607361568646, 2.1047501743681325]}