{"0": [7.860399601494075e-06, 5.956071310684605], "1": [0.0005200657465164996, 5.948271743615806], "2": [0.001830886590790902, 5.928217183383107], "3": [0.0039655767014353345, 5.8952396431299565], "4": [0.006957443096097713, 5.8482640273394795], "5": [0.010835607162804288, 5.785811118462487], "6": [0.015603539973500676, 5.7060142492669765], "7": [0.02120410519651562, 5.606661200725157], "8": [0.02746686656415998, 5.485272556761998], "9": [0.034036187231280664, 5.339220476293805], "10": [0.040286261231932186, 5.165875245822394], "11": [0.04524284684934439, 4.96274823929796], "12": [0.04755010641967432, 4.727606222614542], "13": [0.04554382754606857, 4.458611823015548], "14": [0.037524675681244735, 4.154746959254682], "15": [0.022362689370572852, 3.8170673300052993], "16": [0.0004886179263488646, 3.451275851280976], "17": [-0.025218777049404117, 3.0703772544108605], "18": [-0.04998671619064864, 2.6931135439676583], "19": [-0.06949922940393229, 2.3367619504860024], "20": [-0.08178037700959041, 2.011490317093846], "21": [-0.08709023831615532, 1.7208766398306756], "22": [-0.08687367040594968, 1.4649312253544449], "23": [-0.08288464440254287, 1.2422093846268938], "24": [-0.0767124731077893, 1.050686530568207], "25": [-0.0695928141775655, 0.8880248925287281], "26": [-0.06238101782721566, 0.7516817595969928], "27": [-0.0556069429924293, 0.6390287608603931], "28": [-0.04955898925124697, 0.5474966991160907], "29": [-0.04436611913880242, 0.47471302638394336], "30": [-0.040063531302564806, 0.41860597299389024], "31": [-0.036639088528663884, 0.3774690754757112], "32": [-0.0340633197045318, 0.3499933024663294], "33": [-0.032307425396699174, 0.33527844811540514], "34": [-0.031353232089820125, 0.3328343810320277], "35": [-0.031197837531694236, 0.3425795547886003], "36": [-0.031854407177734516, 0.3648407133351747], "37": [-0.03334937940797442, 0.40035445654436996], "38": [-0.03571515700695928, 0.4502681166299494], "39": [-0.038976111390188216, 0.5161339792301772], "40": [-0.04312444125422651, 0.5998874026352381], "41": [-0.048081501824068215, 0.7037970103502528], "42": [-0.05364069499311495, 0.8303766547575425], "43": [-0.059391703727214466, 0.9822581992869993], "44": [-0.06463479928074971, 1.1620424081345613], "45": [-0.0683088684322756, 1.3721614405006364], "46": [-0.06897632657453379, 1.6147680949436354], "47": [-0.06493239599484589, 1.8915626499699874], "48": [-0.05454161470087585, 2.203236680024673], "49": [-0.036934363687353755, 2.547936954950921], "50": [-0.013050211602508471, 2.9184528630293793], "51": [0.013673853979780349, 3.3000886892331143], "52": [0.038336339613791674, 3.673716152988924], "53": [0.057064992276152325, 4.023420590769034], "54": [0.068465563767225, 4.340762147196457], "55": [0.07316467884987098, 4.62323357867917], "56": [0.07273813481216615, 4.871283920920404], "57": [0.06893001683151255, 5.0865293860478555], "58": [0.06325706561981033, 5.271072880140273], "59": [0.05686598117226752, 5.427300867883465], "60": [0.05053122816623632, 5.557779351485427], "61": [0.04472021012269392, 5.665126734213554], "62": [0.039678814308946694, 5.751867364547976], "63": [0.03551037693481155, 5.820299918118926], "64": [0.03223687935854911, 5.872402117931066], "65": [0.02984124464587446, 5.909774130821163], "66": [0.028294190452202158, 5.933611739090401], "67": [0.027570058838568372, 5.944697563742885], "68": [0.027655296352317914, 5.94340044671916], "69": [0.028551989933694396, 5.929676486267618], "70": [0.03027757541753492, 5.903068720083022], "71": [0.03286061429119502, 5.862705778063927], "72": [0.036331304043962266, 5.80730318758849], "73": [0.040704085449801336, 5.735174570372253], "74": [0.045948476521631275, 5.644263277271787], "75": [0.05194370184349788, 5.53220633329819], "76": [0.05841414083451276, 5.39643850568966], "77": [0.06484810994071391, 5.234331301968632], "78": [0.07041375738598601, 5.043341985598088], "79": [0.07390273468351198, 4.821139662628993], "80": [0.07375330765297208, 4.565720277849613], "81": [0.06823223476270639, 4.275672865509279], "82": [0.05589400943358295, 3.951032642306429], "83": [0.03643340696754458, 3.5953361958834233], "84": [0.011731029476433785, 3.21859822853382], "85": [-0.01397639736233463, 2.8379449914451094], "86": [-0.035892418739141396, 2.472160788548403], "87": [-0.05104701848999478, 2.134412964976709], "88": [-0.058940941792007935, 1.8305059745755874], "89": [-0.060682627158799386, 1.5615149513051985], "90": [-0.05797969038102681, 1.3264133738768236], "91": [-0.052517790858018554, 1.1233622033482356], "92": [-0.04567831798566666, 0.9501426809894132], "93": [-0.038460362078077716, 0.8042940981459936], "94": [-0.03151127352777033, 0.6832221898500456], "95": [-0.025203922957651625, 0.5843374898782662], "96": [-0.019721847088156826, 0.5052000544666785], "97": [-0.015131979589352175, 0.44363877080861286], "98": [-0.011438347153917998, 0.3978315882383955], "99": [-0.008617910195706013, 0.36634978609831925]}