{"0": [-1.3426030566642314e-05, 3.6736094728530957], "1": [-0.0008862201169830133, 3.663858907720986], "2": [-0.0031033364092662398, 3.639321362371595], "3": [-0.006664515130441309, 3.6005601674716803], "4": [-0.011553843711278352, 3.548497637343245], "5": [-0.017719916443201186, 3.484434676183586], "6": [-0.025054519848411637, 3.4100653712704516], "7": [-0.03337585640549916, 3.32747386606051], "8": [-0.04242293942518746, 3.2390993114382973], "9": [-0.05186612754799244, 3.147658478831121], "10": [-0.061334293228359336, 3.056026147684426], "11": [-0.07045308794976882, 2.9670877848935433], "12": [-0.07888415181998833, 2.8835901072095482], "13": [-0.08635469651851183, 2.80801604067732], "14": [-0.09267094044248181, 2.74250074360713], "15": [-0.09771491197689698, 2.6887908960559073], "16": [-0.10142903330853321, 2.6482379693942537], "17": [-0.10379504193447854, 2.621811367833655], "18": [-0.10481348655395352, 2.610118232155231], "19": [-0.10448843106154458, 2.6134203543411467], "20": [-0.102820149075013, 2.6316426455191286], "21": [-0.09980695805888275, 2.664370936128425], "22": [-0.09545590454429324, 2.7108397128958885], "23": [-0.08980052149298613, 2.7699133580301325], "24": [-0.08292214429967328, 2.840068068674812], "25": [-0.0749694401200252, 2.9193856483783067], "26": [-0.06616957704328862, 3.0055731944899367], "27": [-0.05682500949895635, 3.096021527698908], "28": [-0.047293151533429244, 3.1879075360482343], "29": [-0.03795185536339629, 3.2783321901197056], "30": [-0.02915924528460326, 3.364472479753604], "31": [-0.021218895975159694, 3.4437197062909894], "32": [-0.014359045556646183, 3.5137822088294834], "33": [-0.008728948048489955, 3.572744072982201], "34": [-0.004409769405661247, 3.6190848843127132], "35": [-0.0014340433644754959, 3.6516733887504413], "36": [0.0001929151992708535, 3.669749166939142], "37": [0.0004750391552726131, 3.672903593522946], "38": [-0.0005854554842252626, 3.661067298869614], "39": [-0.0029902103012429413, 3.634507698507193], "40": [-0.00673772170331499, 3.5938371754636], "41": [-0.011808309309378269, 3.5400296831062863], "42": [-0.0181437912400298, 3.474440233774339], "43": [-0.025626441438014347, 3.3988177929378844], "44": [-0.03406341421706018, 3.3152984723339336], "45": [-0.0431831888090311, 3.2263649902698046], "46": [-0.052648530180132824, 3.134763081395597], "47": [-0.062085652370067274, 3.0433768889873116], "48": [-0.07112324502193186, 2.9550797818181325], "49": [-0.07943087444004161, 2.8725869891323965], "50": [-0.08674653523199813, 2.798335716040262], "51": [-0.09288764212724647, 2.734407450372633], "52": [-0.09774578936685958, 2.682492740721993], "53": [-0.10127015849123845, 2.64388808276771], "54": [-0.10344620266559877, 2.619510669047162], "55": [-0.10427566157485607, 2.6099182221977184], "56": [-0.10376227552480409, 2.6153249451293927], "57": [-0.1019057341014149, 2.6356085461556957], "58": [-0.09870479925649914, 2.670306533129061], "59": [-0.09416911465851398, 2.7186027725206556], "60": [-0.08833769572275435, 2.7793083402376064], "61": [-0.08130032823400216, 2.8508443972990585], "62": [-0.07321630315737336, 2.931238794795902], "63": [-0.06432386342479392, 3.0181505618510047], "64": [-0.054934635028460396, 3.108934445848186], "65": [-0.04541100506687038, 3.2007490469345004], "66": [-0.03613022760054735, 3.290698237749172], "67": [-0.027444394318629276, 3.375982710047846], "68": [-0.019647204131577476, 3.4540342278331697], "69": [-0.012955558229676105, 3.522612276362557], "70": [-0.007508215740220628, 3.5798567338142506], "71": [-0.003378272927546646, 3.6243031252872093], "72": [-0.0005932497510630862, 3.6548738346635536], "73": [0.0008437220094845581, 3.6708591383813247], "74": [0.0009367611776477811, 3.6718987723933636], "75": [-0.0003125476839751822, 3.6579706895336543], "76": [-0.002905993603815736, 3.6293901182360955], "77": [-0.006840512806244338, 3.5868191174942403], "78": [-0.0120922235507961, 3.531283972183369], "79": [-0.018595706504975378, 3.464194372452316], "80": [-0.026223360250708143, 3.387354334723526], "81": [-0.03477116569466441, 3.30295141013375], "82": [-0.04395728196538456, 3.2135104352118944], "83": [-0.05343743812740048, 3.1218037497668867], "84": [-0.06283596931258609, 3.0307219096590776], "85": [-0.0717853917040063, 2.9431231759474974], "86": [-0.07996378284109039, 2.8616887547575085], "87": [-0.0871201799463587, 2.78880838273559], "88": [-0.09308312924891564, 2.7265089391530113], "89": [-0.09775349513627767, 2.676424518182425], "90": [-0.10108682163728602, 2.6397966587623873], "91": [-0.10307189918851756, 2.617490456597239], "92": [-0.10371138644175971, 2.610014253308606], "93": [-0.10300858792850037, 2.6175345224275204], "94": [-0.10096268021268774, 2.639881412828549], "95": [-0.09757311965948262, 2.6765435519304193], "96": [-0.09285254090157774, 2.7266535032100565], "97": [-0.0868459070871248, 2.788968383356343], "98": [-0.07965187862182412, 2.861853936939633], "99": [-0.07144061449470937, 2.943284258603972]}