{"0": [4.631184391672135e-06, 2.9830572612049058], "1": [0.0003037226505953988, 2.9896209570751826], "2": [0.0010459531315868938, 3.00588275454244], "3": [0.002187255163170623, 3.030820494800649], "4": [0.0036579411329730224, 3.062856791278518], "5": [0.005365340448684618, 3.099950641499163], "6": [0.007198954355421075, 3.139724040375481], "7": [0.0090382470340986, 3.179617754976627], "8": [0.010762184174560254, 3.217064280640437], "9": [0.01225888014489536, 3.24966166063051], "10": [0.013433663067832832, 3.2753315990584], "11": [0.014214545292623918, 3.292449272226395], "12": [0.014555094430667884, 3.2999383447658968], "13": [0.014435483314143793, 3.2973300330075586], "14": [0.013862689275333552, 3.2847877002066825], "15": [0.01287039856874176, 3.263098263144665], "16": [0.011518435949388386, 3.23362997787805], "17": [0.009890907881107455, 3.198254975544874], "18": [0.008092101690561977, 3.1592360306385103], "19": [0.006239680073341949, 3.119081144462396], "20": [0.004455662910089889, 3.0803755613281174], "21": [0.0028566062201784135, 3.0456062274227254], "22": [0.0015447448122100774, 3.0169957164337387], "23": [0.0006014461632653608, 2.9963601849553676], "24": [8.337893184996431e-05, 2.9850003102792098], "25": [2.086794434901233e-05, 2.9836282123661553], "26": [0.0004174612674157632, 2.9923295420558995], "27": [0.0012499316814895724, 3.0105590971320626], "28": [0.002468591527589591, 3.037169671282514], "29": [0.003998524337156697, 3.070475486444007], "30": [0.005742708273463765, 3.1083515152038017], "31": [0.0075877600179632574, 3.1483670508059753], "32": [0.00941220871614688, 3.187946365875694], "33": [0.011096209366496284, 3.2245432977933954], "34": [0.012530978431230733, 3.2558130019856533], "35": [0.013626353520118158, 3.279764845277689], "36": [0.014315672411156943, 3.2948850759029993], "37": [0.01455817079888434, 3.300224076538997], "38": [0.014339774100206381, 3.295447869643457], "39": [0.013673209590654692, 3.280855527222111], "40": [0.01259785009698534, 3.257363458975707], "41": [0.011178950010674387, 3.2264557756857233], "42": [0.009505380054118138, 3.190099097656397], "43": [0.007684956548070356, 3.1506219271284035], "44": [0.005837084060494854, 3.1105633706195435], "45": [0.004083423194316557, 3.072502143527819], "46": [0.0025381311241211646, 3.0388816554583236], "47": [0.0012994149498480572, 3.0118480379703394], "48": [0.00044357058071810686, 2.9931146524755756], "49": [2.1690039437725045e-05, 2.9838606801688328], "50": [5.836141990488756e-05, 2.9846657382699147], "51": [0.000551376979420686, 2.995479282117494], "52": [0.0014717853928017028, 3.0156233151114975], "53": [0.002764332129306707, 3.043828511455415], "54": [0.004349013386831667, 3.0783052939488247], "55": [0.0061247215877176615, 3.116850800682753], "56": [0.007975574790230358, 3.1569890830170153], "57": [0.009779621628711349, 3.1961360314561253], "58": [0.01141864735313136, 3.231774800453559], "59": [0.012787321597457085, 3.2616247414655457], "60": [0.01380021490217118, 3.283788548169175], "61": [0.014396096942217202, 3.296867552249144], "62": [0.014539903880599645, 3.300041210387776], "63": [0.014223316912572847, 3.2931111386032366], "64": [0.01346480705403125, 3.2765113859273094], "65": [0.012309401633784502, 3.251285563595792], "66": [0.01082768340951318, 3.2190297012774507], "67": [0.009113072759289083, 3.1817993227726813], "68": [0.007276572726989134, 3.141981638019796], "69": [0.005438893347975313, 3.1021389139651383], "70": [0.003720879378937771, 3.064835211275498], "71": [0.0022338956329208135, 3.0324628905596214], "72": [0.0010718466416808126, 3.0070853756572977], "73": [0.0003058082755792935, 2.9903085619867795], "74": [-1.8759605356484075e-05, 2.983187137332203], "75": [0.00011698390853621601, 2.986166822965022], "76": [0.0007050778331810362, 2.999061014125821], "77": [0.001710864534796566, 3.0210605890715687], "78": [0.003073590792154572, 3.050777384341987], "79": [0.004708331602616209, 3.086322972201582], "80": [0.006510187000174253, 3.1254231573403293], "81": [0.008361182936037216, 3.1655644096915285], "82": [0.010139346461327747, 3.204162389273493], "83": [0.011728520221242754, 3.238737409468159], "84": [0.01302715218573566, 3.267079831378843], "85": [0.013954741770502658, 3.287390994938041], "86": [0.014455576947724985, 3.298390966307625], "87": [0.01450031721544818, 3.2993902878090045], "88": [0.014086400262185581, 3.2903266290701834], "89": [0.013238031667105021, 3.2717679557975337], "90": [0.012005850478037766, 3.2448824429215173], "91": [0.010465645343938174, 3.2113737437463734], "92": [0.00871514398212887, 3.173380364016486], "93": [0.006868169167323427, 3.133340949886067], "94": [0.00504628853818499, 3.0938328772897075], "95": [0.003369081399568604, 3.0573974936265906], "96": [0.0019447489789240942, 3.02636882114334], "97": [0.0008626465450672522, 3.0027216337503493], "98": [0.00018850520086261243, 2.9879500499714315], "99": [-3.7889301961277396e-05, 2.9829816192372793]}