{"0": [2.125081738612794e-05, 5.916946368391057], "1": [0.0014067575648525758, 5.9022201267871965], "2": [0.004954880239987633, 5.864115486938087], "3": [0.010720246575953869, 5.800792602025795], "4": [0.018707026897654102, 5.709446746876111], "5": [0.028730511280323646, 5.586570883917405], "6": [0.040199908162220424, 5.428353242214457], "7": [0.051841486742563135, 5.23107949116552], "8": [0.06143366793740382, 4.991228980005613], "9": [0.06565808355981685, 4.704945661512033], "10": [0.06018100521966835, 4.36699550849132], "11": [0.040288402555447175, 3.970596600873265], "12": [0.0033608553282311066, 3.5132193235372333], "13": [-0.04498861065493746, 3.0164646079326154], "14": [-0.08904987983732633, 2.5343325367954534], "15": [-0.11709453834155796, 2.1075087246600135], "16": [-0.12847942133704657, 1.7422138927655868], "17": [-0.12746557934761688, 1.432052558584045], "18": [-0.11879552657909886, 1.1707167047118796], "19": [-0.10638272141168441, 0.9537623128210542], "20": [-0.09303927471203344, 0.7776547009644885], "21": [-0.08053167099813606, 0.6388972344443243], "22": [-0.06979872003375413, 0.5338190653846633], "23": [-0.06123199050824339, 0.4588546730495399], "24": [-0.05492844666599056, 0.4109669616648115], "25": [-0.0508695271914173, 0.38798663166500197], "26": [-0.04902525793205193, 0.38881021552704614], "27": [-0.049399765576098896, 0.4134834259520018], "28": [-0.05203071125809887, 0.463200332723917], "29": [-0.056942329384811516, 0.5402171825693365], "30": [-0.06403899924041692, 0.6476484592631444], "31": [-0.07292284527031898, 0.7891188323557082], "32": [-0.08263781766069937, 0.968333843104291], "33": [-0.09138901297893401, 1.1888067187061158], "34": [-0.09633220433533422, 1.4540930628821676], "35": [-0.09353977395839909, 1.7686709504433773], "36": [-0.07832498167080491, 2.138784255314806], "37": [-0.04667516162472345, 2.5701824399968904], "38": [0.00017565914374802205, 3.054569459948891], "39": [0.049959390884934056, 3.549054980368926], "40": [0.08731478260958087, 4.000914165175064], "41": [0.1073272046228412, 4.391062915177631], "42": [0.1129664450463641, 4.723025637705925], "43": [0.10903251240784219, 5.003674591008838], "44": [0.09984584004669946, 5.238133428417052], "45": [0.0886869445779938, 5.43014005603652], "46": [0.07774654736311344, 5.583084168353477], "47": [0.0682866424517087, 5.700497735730888], "48": [0.06090588704457111, 5.785939885916539], "49": [0.05581138865357519, 5.8425957225902945], "50": [0.05302985897869829, 5.872885048483359], "51": [0.05254017885429247, 5.878204250874021], "52": [0.054338465175755885, 5.858801461046015], "53": [0.058449749405357944, 5.813754518748867], "54": [0.06488943962771454, 5.741044207661312], "55": [0.07356440472905107, 5.637747519564333], "56": [0.08409825250398587, 5.500376027946165], "57": [0.09558144720921286, 5.325305380912841], "58": [0.10629079618244011, 5.1090741000727125], "59": [0.11347027766106572, 4.848203795057536], "60": [0.11327902420489444, 4.538371391626026], "61": [0.10107386589869025, 4.173517556842188], "62": [0.07269911181362836, 3.747658857508501], "63": [0.028731377067481165, 3.267208482740121], "64": [-0.0194421864951956, 2.7722685520766763], "65": [-0.05613525992708606, 2.316728165750978], "66": [-0.07554813765117717, 1.9224735515147733], "67": [-0.08028550660073276, 1.5869297013431116], "68": [-0.07510990911375007, 1.303237560595326], "69": [-0.06439994858719592, 1.0661695617459654], "70": [-0.05151737048525924, 0.8719644140537126], "71": [-0.038733830630043695, 0.7172879508961997], "72": [-0.027379563415067174, 0.5986972179332902], "73": [-0.018103294046487087, 0.5127205487433582], "74": [-0.011145160414038981, 0.45624917789548103], "75": [-0.0065522939044313725, 0.42693612979216866], "76": [-0.0043153151455823414, 0.4234654322189497], "77": [-0.00443447081566892, 0.44568230758950006], "78": [-0.0069281331153991325, 0.49460969936157473], "79": [-0.011785659132458824, 0.5723554600530207], "80": [-0.018854006544368335, 0.6818863782597085], "81": [-0.02764541642942161, 0.8266578361159655], "82": [-0.03707560237839661, 1.0101882037863157], "83": [-0.04518950452891146, 1.2358406780079463], "84": [-0.04897278212502656, 1.5071525145001583], "85": [-0.04435711953044732, 1.828764634975946], "86": [-0.026644485370988447, 2.2070436089297814], "87": [0.007723520124874035, 2.64667046169047], "88": [0.05599793033617647, 3.1347108846211764], "89": [0.10447817763186731, 3.6234997983469177], "90": [0.13904447262791944, 4.0643025377589685], "91": [0.15653614936808338, 4.443291587863116], "92": [0.1604809165386501, 4.7652154344693844], "93": [0.15565638459604722, 5.036648877894761], "94": [0.14621575479465646, 5.26233618810978], "95": [0.13525329427409255, 5.445807495329361], "96": [0.12479832822182504, 5.590340778713764], "97": [0.11599887565874112, 5.699330808313308], "98": [0.10939205709540128, 5.776100715491072], "99": [0.10516637732220102, 5.823486915500635]}