{"0": [2.0483051093564204e-05, 2.851770981863663], "1": [0.001348385614430859, 2.8586325819953022], "2": [0.004688623550127181, 2.8758352006164576], "3": [0.009958192164719638, 2.9028166887842146], "4": [0.01701338927983821, 2.9386725105078444], "5": [0.025638940018991998, 2.982159693510055], "6": [0.03554069752218061, 3.0317148616805065], "7": [0.04634735031309893, 3.0854951692520007], "8": [0.057624854329510485, 3.141447703916946], "9": [0.06890355352779813, 3.1974058304000104], "10": [0.07971335528544993, 3.2512022139085865], "11": [0.08961907576972258, 3.300782080254854], "12": [0.0982479909888976, 3.3443001549995857], "13": [0.10530477175705764, 3.380190754357926], "14": [0.1105735771762757, 3.4072092406005003], "15": [0.11391091566060733, 3.42445027311782], "16": [0.11523469128634874, 3.431351673629404], "17": [0.11451464475636669, 3.427692435375414], "18": [0.11176787123708744, 3.4135908507697423], "19": [0.10706096197157935, 3.3895052342753416], "20": [0.10051800759268972, 3.3562359911109687], "21": [0.09233147653999484, 3.314924170900077], "22": [0.08277118761151077, 3.267038679055763], "23": [0.07218584900724284, 3.2143431162953835], "24": [0.060992694148385436, 3.1588352600171987], "25": [0.04965394018038649, 3.102658235540613], "26": [0.03864333796962038, 3.047991041645311], "27": [0.028409983405452102, 2.9969335160655604], "28": [0.019347706063076252, 2.951402983087838], "29": [0.01177606785060174, 2.913055427102919], "30": [0.005934605079491919, 2.8832356476274463], "31": [0.0019876889495451097, 2.8629528094605328], "32": [3.49050730718159e-05, 2.8528731695908265], "33": [0.00012150560196491, 2.853321056050983], "34": [0.002244697439605021, 2.8642812016184087], "35": [0.006353538967070386, 2.885398849100844], "36": [0.01234250376953629, 2.915977743561216], "37": [0.020041046339064904, 2.9549798080256835], "38": [0.029203480409061688, 3.00103354798179], "39": [0.03950462546085784, 3.052460120186588], "40": [0.050546236467820325, 3.1073250854945464], "41": [0.061876665469847714, 3.163519017642284], "42": [0.07302190671836103, 3.21886200257694], "43": [0.08352183455233765, 3.271218804977816], "44": [0.09296329866456371, 3.3186074112970543], "45": [0.10100303742989274, 3.359286173886258], "46": [0.10737735166344117, 3.3918123935330127], "47": [0.11190000632029787, 3.415073749726712], "48": [0.11445293841971366, 3.428299822714436], "49": [0.11497530968171504, 3.4310627728705883], "50": [0.1134556222475532, 3.423274881759195], "51": [0.10992978126566902, 3.4051876118145787], "52": [0.10448574957826702, 3.3773932036851906], "53": [0.09727313626349311, 3.3408261136859645], "54": [0.08851395259647421, 3.296758147466318], "55": [0.0785092989282762, 3.2467787079453494], "56": [0.06763662533838041, 3.192751480486222], "57": [0.0563341141358421, 3.136742489382093], "58": [0.04507262316839587, 3.080921817179737], "59": [0.03432019326321853, 3.0274499501946264], "60": [0.0245071415865018, 2.978365452073108], "61": [0.01599952706159008, 2.9354901789043213], "62": [0.009085419319955844, 2.900361817583052], "63": [0.003973799737926261, 2.874194783893884], "64": [0.0008022434144349175, 2.8578635954785923], "65": [-0.0003520814159987254, 2.8518998117306213], "66": [0.0005367959771014863, 2.8564941820676277], "67": [0.0034475639677092095, 2.8714983230916986], "68": [0.00830890664765788, 2.8964237783561035], "69": [0.014991110497030257, 2.9304400385963545], "70": [0.02329516603963595, 2.9723766781681507], "71": [0.03294425829014175, 3.020737622206458], "72": [0.04358315334861982, 3.0737365278705377], "73": [0.05478974243668297, 3.129359873141545], "74": [0.06609964208388078, 3.1854579954945796], "75": [0.07704017875038167, 3.2398556503612297], "76": [0.08716636333802898, 3.290466577074799], "77": [0.09609062476263794, 3.335394996834741], "78": [0.10350061635274022, 3.3730118623300163], "79": [0.10916387885091017, 3.4020021953002435], "80": [0.1129222848525853, 3.4213876615663263], "81": [0.11468146736801979, 3.4305327967062085], "82": [0.11440061415807765, 3.429143699667411], "83": [0.11208670248039644, 3.4172658212815374], "84": [0.10779520164617722, 3.395284104935616], "85": [0.10163697865122502, 3.363925031742125], "86": [0.0937888811682797, 3.3242564628078823], "87": [0.08450354758455728, 3.2776780014723883], "88": [0.07411296093345132, 3.2258929005744905], "89": [0.06302088063878233, 3.1708537770294805], "90": [0.05168203804776628, 3.1146795931587468], "91": [0.04057036026752903, 3.0595496602405086], "92": [0.030142712887387773, 3.0075884575897938], "93": [0.02080650974948096, 2.9607585787694055], "94": [0.012897945530680768, 2.9207760356080406], "95": [0.006673489358054474, 2.8890542843941773], "96": [0.0023128214869608766, 2.8666749045994355], "97": [-7.15294953478824e-05, 2.8543773784152373], "98": [-0.0004233667748340218, 2.852558935355581], "99": [0.001264598964502719, 2.8612769926893598]}