{"0": [2.128202641243354e-05, 2.2929177302772294], "1": [0.0014137355178978402, 2.3086590917015797], "2": [0.005033337948182637, 2.3484099336169866], "3": [0.011086236044251775, 2.41160288007858], "4": [0.019839846139318815, 2.4972339401625265], "5": [0.031525035300588096, 2.6037153283959507], "6": [0.04620367598749999, 2.728665721165618], "7": [0.06362470519309305, 2.8686786512286484], "8": [0.0831223872837419, 3.0191814505697727], "9": [0.1036314085750839, 3.174552680938594], "10": [0.12386201403871616, 3.3286012420336215], "11": [0.1425825994433769, 3.4752899659418177], "12": [0.15887400181233946, 3.6093919238971526], "13": [0.17224250975815195, 3.726823202346776], "14": [0.1825805719375881, 3.824634657684567], "15": [0.19003955938714057, 3.9008134878362344], "16": [0.19488521719807259, 3.9540495626724668], "17": [0.1973771081173541, 3.9835482335680914], "18": [0.1976860560773431, 3.9889097043814132], "19": [0.19585003264228867, 3.970068224775652], "20": [0.19176585314530978, 3.9272814511811234], "21": [0.18521593752336504, 3.8611676322746904], "22": [0.17593210693531047, 3.7727971546401378], "23": [0.1636982530849448, 3.6638481516824464], "24": [0.14848591362644073, 3.5368222261051114], "25": [0.13059614820678053, 3.395271722577968], "26": [0.11075008448942493, 3.2439164058363756], "27": [0.09005393831190937, 3.088481421980796], "28": [0.06980494976783481, 2.9351750871013875], "29": [0.051204687718754444, 2.789956104111765], "30": [0.035119045180808536, 2.6579102213594434], "31": [0.021986733049209964, 2.542966123372563], "32": [0.011874149295620518, 2.4479378957420344], "33": [0.004608042525358309, 2.374734794080237], "34": [-8.168966347504636e-05, 2.324591344435813], "35": [-0.002446179126036175, 2.2982458528240324], "36": [-0.0026402327953232775, 2.2960525318413714], "37": [-0.0006830567994698036, 2.3180352918533953], "38": [0.003545484878184396, 2.3638921992084225], "39": [0.01027343664415308, 2.4329517240631935], "40": [0.019767957209631606, 2.524073358271055], "41": [0.03222782696125285, 2.635483508865561], "42": [0.04764515539913459, 2.764554543268798], "43": [0.06566661677420393, 2.9075840731091995], "44": [0.08551559437516439, 3.059706055263196], "45": [0.10604793839917091, 3.2150995736342645], "46": [0.12596396655504896, 3.3675519313466853], "47": [0.144096729202845, 3.511194785229406], "48": [0.15963574533979433, 3.6410900339873558], "49": [0.17219689715286635, 3.753465166886382], "50": [0.18175308532127765, 3.8456391551312916], "51": [0.1884972519718284, 3.915803747772578], "52": [0.1927019554334347, 3.962798122764466], "53": [0.1946085060964757, 3.9859393375503522], "54": [0.19435485770683278, 3.9849186378228802], "55": [0.19194118639399146, 3.9597546138442645], "56": [0.18723077172199185, 3.910794997110072], "57": [0.1799862125752654, 3.838767213883841], "58": [0.1699433186185039, 3.7448858887415755], "59": [0.15692336004220422, 3.631025444524541], "60": [0.14097357567326765, 3.499945349594575], "61": [0.12250166158660618, 3.3555017767212383], "62": [0.10233940204473208, 3.2027052201691455], "63": [0.08166542251936401, 3.047463244766214], "64": [0.06177656074094785, 2.895979477154507], "65": [0.04380069863600135, 2.7540202617432605], "66": [0.028491103708359215, 2.626370293715246], "67": [0.01617801365198247, 2.5166455717682448], "68": [0.00685125579892665, 2.427396373866358], "69": [0.00030044630080877774, 2.360332565169876], "70": [-0.0037475324289146365, 2.3165431345625693], "71": [-0.005522816053587393, 2.296656575159079], "72": [-0.005145727814111748, 2.300936226824549], "73": [-0.0025972314672678743, 2.329320230868533], "74": [0.0022754982865761993, 2.381413382194987], "75": [0.009717964018036538, 2.4564295196067225], "76": [0.019989267690517308, 2.553075625404838], "77": [0.03324521666763062, 2.6693708258507542], "78": [0.04939620024313962, 2.8024180091445903], "79": [0.06797825889649686, 2.9482040070648523], "80": [0.08810522347870166, 3.1015768099596164], "81": [0.10856794109865932, 3.2565525098086687], "82": [0.1280779001915443, 3.406950504345641], "83": [0.14555054483688867, 3.547117707386498], "84": [0.16029125857330193, 3.672427832598348], "85": [0.1720226703741465, 3.7794211398064936], "86": [0.1807900405995244, 3.865675522539022], "87": [0.18681889889863026, 3.92957682894034], "88": [0.19038103895667924, 3.9701060750289785], "89": [0.19169411242222326, 3.9866883763262773], "90": [0.19086009992699057, 3.9791058524173786], "91": [0.1878406599829376, 3.9474645153744903], "92": [0.18246746336031675, 3.8922088890078004], "93": [0.1744883180007712, 3.814186948245074], "94": [0.16365150732823827, 3.714774673857716], "95": [0.14982716039503075, 3.596065248433383], "96": [0.1331502820487545, 3.461099172587225], "97": [0.1141427277446466, 3.3140491785136805], "98": [0.0937437675561362, 3.160204652925631], "99": [0.07318865263818354, 3.005614377047671]}