{"0": [-1.6265818023909035e-05, 0.2552398789566527], "1": [-0.0010773670504452657, 0.2627054671074962], "2": [-0.0038034589313480417, 0.2819525763086779], "3": [-0.00827470581561453, 0.3137527917181103], "4": [-0.01460509349773518, 0.35934156638585385], "5": [-0.022915899366200972, 0.4204007516756128], "6": [-0.033286945916142126, 0.4990106482897244], "7": [-0.04567510544511353, 0.5975534753214191], "8": [-0.05979181798372958, 0.7185608368831389], "9": [-0.07494224959382072, 0.8645306644643554], "10": [-0.08984868211070562, 1.0377920783939278], "11": [-0.10250000856356584, 1.2405372515522792], "12": [-0.11007225754948079, 1.4751121125918827], "13": [-0.10895904919044162, 1.7445252447703694], "14": [-0.09500606670492605, 2.0528495936365063], "15": [-0.06433068554300712, 2.404451368634541], "16": [-0.01578972377802569, 2.799190810452321], "17": [0.0442939941494115, 3.2212661984509414], "18": [0.10139957152329328, 3.636340455733391], "19": [0.1432085121678765, 4.015308882944132], "20": [0.16665017678682587, 4.349639602892004], "21": [0.17438551916780926, 4.642022465264361], "22": [0.17063095430346323, 4.8970867056314065], "23": [0.15943700442591358, 5.118552132326656], "24": [0.14416970985210248, 5.3091264735895916], "25": [0.1273811653978065, 5.471026302829978], "26": [0.11082878430407324, 5.606428950041254], "27": [0.09558540852473403, 5.717668892349495], "28": [0.08220339660512631, 5.807200088892426], "29": [0.0708885839749045, 5.877434451200062], "30": [0.06164874760578102, 5.930564179001289], "31": [0.054401595440732683, 5.968426534525167], "32": [0.049044223195084655, 5.992422799350822], "33": [0.04549345407863889, 6.003479013660691], "34": [0.043706797375029485, 6.002030949351083], "35": [0.04369090439439592, 5.988019879384178], "36": [0.04550078008955795, 5.960892614603078], "37": [0.04922939240601074, 5.9196065820918635], "38": [0.054983684929977975, 5.862648033075128], "39": [0.06283939853350456, 5.788078187248716], "40": [0.07276457423052429, 5.6936251374573645], "41": [0.08450296367244307, 5.5768311851368235], "42": [0.0974179648807787, 5.43523607075567], "43": [0.11031653788371758, 5.266525763572953], "44": [0.1212927290617395, 5.068531566722278], "45": [0.12763627801258665, 4.838979253469921], "46": [0.12584509312246703, 4.575004317939212], "47": [0.11182025806089307, 4.272704954464993], "48": [0.08156322960092863, 3.927646131188114], "49": [0.03333194318923019, 3.5388717102533858], "50": [-0.027828564560148303, 3.119406812510464], "51": [-0.08814429069155205, 2.7019173471474645], "52": [-0.1343507622994086, 2.3177352501914803], "53": [-0.1622058345266052, 1.9779241847790683], "54": [-0.1738855147963877, 1.6806483211110113], "55": [-0.17352666942390252, 1.421308418493048], "56": [-0.1652380123722504, 1.1960531919402153], "57": [-0.1524845549888735, 1.0020877528194907], "58": [-0.1379270177710265, 0.8371847241240333], "59": [-0.12342612148420687, 0.6992104304670566], "60": [-0.11014242479208003, 0.5858950195385995], "61": [-0.0986952900639036, 0.494845364963213], "62": [-0.08933742300270191, 0.42369755921336383], "63": [-0.08210768962674575, 0.37029797262609165], "64": [-0.07694451913372556, 0.33284746219077005], "65": [-0.07375999332986476, 0.30999181569173745], "66": [-0.07248330269849401, 0.30086846528101235], "67": [-0.07308315530103786, 0.30512633521263494], "68": [-0.07557590885245312, 0.3229319162646935], "69": [-0.08002227282685125, 0.3549672214926748], "70": [-0.0865113433666126, 0.402417073855049], "71": [-0.09512668263899843, 0.46693521211837324], "72": [-0.10588565303499721, 0.5505728225063743], "73": [-0.11864215470622372, 0.6556545768453024], "74": [-0.132947987502307, 0.7846054035944996], "75": [-0.14788265821324365, 0.939772917176519], "76": [-0.16188256944281224, 1.1233431055687164], "77": [-0.1726146198225187, 1.3374662723576514], "78": [-0.1769356636808289, 1.5846440225335015], "79": [-0.17098563708928896, 1.8682473212513242], "80": [-0.15058385745149366, 2.1926310122252812], "81": [-0.11254217176416387, 2.561196853543005], "82": [-0.05814066503740598, 2.9689176129879042], "83": [0.002477975678414555, 3.3913704906181046], "84": [0.05423633139028624, 3.792919867182745], "85": [0.08853164513016243, 4.152855076033366], "86": [0.10524622860419257, 4.468661752532283], "87": [0.10798674760993777, 4.744405923741395], "88": [0.10099191544069328, 4.984400199100025], "89": [0.08805176195988224, 5.191859661475329], "90": [0.0721998213407417, 5.369181343697536], "91": [0.05565670951560424, 5.518469420888289], "92": [0.03989059976788263, 5.641883537372385], "93": [0.02575380579529661, 5.741726623648024], "94": [0.013655122906818168, 5.820340722058735], "95": [0.0037256040953486977, 5.879927036707669], "96": [-0.004049399506668974, 5.922378946561903], "97": [-0.009739077349472217, 5.94916510197827], "98": [-0.013411182213956123, 5.961262357615129], "99": [-0.015101739963611341, 5.959123645880414]}