{"0": [-1.1364224843866668e-05, 1.059776094359462], "1": [-0.0007403432300321283, 1.0772739496176316], "2": [-0.0024963815303379396, 1.1218607318960556], "3": [-0.005014714880785971, 1.1939494937043422], "4": [-0.007830881722983052, 1.294131451580928], "5": [-0.010242458045410694, 1.4230938177243275], "6": [-0.011281485444551412, 1.5815283109784053], "7": [-0.009726312012944063, 1.7700246930326484], "8": [-0.004195125303195498, 1.9888908804803331], "9": [0.006619303778319929, 2.2377458938502603], "10": [0.02350720584242443, 2.5146396463620357], "11": [0.046101042204415986, 2.8145887289980007], "12": [0.07234240323348355, 3.128227795718922], "13": [0.09874287594793613, 3.4424539721403673], "14": [0.12172315033290247, 3.743957550351499], "15": [0.13903534476873264, 4.0229521126843375], "16": [0.15015406506666854, 4.274115540967408], "17": [0.15579013978548567, 4.495324719369778], "18": [0.15723373470825988, 4.686135302512977], "19": [0.15588480775084257, 4.846837953321145], "20": [0.15299887654167024, 4.9780178831172925], "21": [0.14958197674101006, 5.080364311929346], "22": [0.14637268175715545, 5.154563683804663], "23": [0.14386710942268952, 5.201210256241439], "24": [0.1423570479481557, 5.220724881580683], "25": [0.141962067369551, 5.213293854432297], "26": [0.14264490985461095, 5.178840802840314], "27": [0.14420601698676505, 5.117037957738568], "28": [0.14625862832635295, 5.027354640452362], "29": [0.14819186147566574, 4.909132833924467], "30": [0.14913673477348016, 4.761675989164018], "31": [0.1479597277447068, 4.584346999465169], "32": [0.14332072861837414, 4.376709628458601], "33": [0.1338483304825041, 4.1388280905196595], "34": [0.11850005938418964, 3.8719452174078266], "35": [0.0971436816673227, 3.5797511375499367], "36": [0.07119243042579601, 3.269936521985062], "37": [0.04371544057271074, 2.9545100839314036], "38": [0.018445957488351324, 2.6472048304240072], "39": [-0.001777287438754336, 2.359363626156214], "40": [-0.01582811881233655, 2.0978585417128444], "41": [-0.024045174084986465, 1.8657882240649843], "42": [-0.027572280875136287, 1.6640714222240645], "43": [-0.027806963782217538, 1.4926188722575924], "44": [-0.02607430586643645, 1.3509270425936966], "45": [-0.023475690580685948, 1.2383346521340963], "46": [-0.020844985048335103, 1.1541480692594257], "47": [-0.018761816103778965, 1.0977339121638998], "48": [-0.0175874267438842, 1.068603911356601], "49": [-0.017500386081951595, 1.06648475349419], "50": [-0.018518629595177995, 1.091358993471985], "51": [-0.020501495974819508, 1.1434679373349317], "52": [-0.023131244683369894, 1.2232756026746139], "53": [-0.025879245708429695, 1.3314012844677034], "54": [-0.027968963061441785, 1.468534148903846], "55": [-0.028356737055004577, 1.6353396072794586], "56": [-0.025762590296254162, 1.8323406332585968], "57": [-0.018797963570466373, 2.059692079019031], "58": [-0.006254310823973387, 2.3166628780361473], "59": [0.012389384451639517, 2.6005804328447995], "60": [0.036308526572955205, 2.90527648685985], "61": [0.06295617765444557, 3.220105830050145], "62": [0.08865914306298553, 3.531479428476515], "63": [0.11012346820111199, 3.8268441851046595], "64": [0.12561802024199703, 4.097757308523736], "65": [0.1350446626161476, 4.339991926525044], "66": [0.13934080630781262, 4.552036994941912], "67": [0.13986221240228322, 4.733720802771446], "68": [0.13798162420177867, 4.885439708566133], "69": [0.13488546571851906, 5.0078137715934705], "70": [0.13149952558147537, 5.101532047615402], "71": [0.12848698115690074, 5.167254176930394], "72": [0.12627936289351832, 5.205523101374631], "73": [0.12511403555324513, 5.216688738937147], "74": [0.1250617589393777, 5.200856078703261], "75": [0.1260357354497688, 5.157869049763871], "76": [0.12777974836082334, 5.087333936394734], "77": [0.12983861309685876, 4.988677525802728], "78": [0.1315205972732682, 4.861227961763531], "79": [0.13186967677810452, 4.704305672960059], "80": [0.12967587628894764, 4.517329089007788], "81": [0.12356531532509743, 4.299990975882427], "82": [0.11222859736544964, 4.052654540186369], "83": [0.0948538037838075, 3.777211562552091], "84": [0.07175940487862463, 3.4785231742089544], "85": [0.04493624542738038, 3.1657860645041356], "86": [0.017824275385757003, 2.851985260366973], "87": [-0.005990648161784707, 2.550458555439357], "88": [-0.02421043420206941, 2.2711320529360526], "89": [-0.03625491810700221, 2.0194740416006987], "90": [-0.04279820479957513, 1.7977068534110239], "91": [-0.0451131272119196, 1.606330783701554], "92": [-0.04459555064931366, 1.4450865469852312], "93": [-0.04250420050198852, 1.3134091304024949], "94": [-0.0398514784055778, 1.2106244579823386], "95": [-0.03738287711670934, 1.13605793621121], "96": [-0.035600485955592155, 1.089123879111568], "97": [-0.03480037075215165, 1.0694064200172357], "98": [-0.035104412541592606, 1.076720535864225], "99": [-0.03647568888454316, 1.1111402425915102]}