{"0": [9.668433943670917e-06, 2.872563495492454], "1": [0.0006359993903600783, 2.879777909955699], "2": [0.002207325207108199, 2.89781932624013], "3": [0.004673885837740328, 2.9259827256965085], "4": [0.0079518785990585, 2.9631510578636466], "5": [0.01192013495891621, 3.0078219020487085], "6": [0.016419450119150088, 3.058153359422803], "7": [0.021256776102954966, 3.11203364809154], "8": [0.02621520337367355, 3.167174747833868], "9": [0.031068724911704013, 3.22122447276867], "10": [0.03559897977991283, 3.2718858597727354], "11": [0.039610385189032156, 3.317030382541296], "12": [0.04294070346406858, 3.354793485792557], "13": [0.045465816151415414, 3.3836462411020505], "14": [0.0470994406111307, 3.4024429775589637], "15": [0.0477899085797372, 3.4104491131421315], "16": [0.047516544847536125, 3.407355012120077], "17": [0.04628770179451263, 3.39328076358644], "18": [0.0441414268585732, 3.368774220262993], "19": [0.04114841508813337, 3.33480143018912], "20": [0.03741566034914909, 3.2927256271251277], "21": [0.03308840709781512, 3.244269143585498], "22": [0.028347961455588957, 3.191452949322928], "23": [0.023403854859153223, 3.1365116364424663], "24": [0.018480614999178153, 3.0817871624032334], "25": [0.013801353827000757, 3.0296106554445816], "26": [0.009571629561626709, 2.982185375775615], "27": [0.005966933570954074, 2.9414835652893494], "28": [0.0031257494816321995, 2.9091655954382754], "29": [0.00114814827939941, 2.8865237217613435], "30": [9.821177648814037e-05, 2.874447547026111], "31": [7.786165305431137e-06, 2.8734056333552385], "32": [0.000879242746720288, 2.88343777994081], "33": [0.0026858209296410146, 2.9041545518874385], "34": [0.005369401315604129, 2.9347437167922124], "35": [0.008836865653036477, 2.9739864037416455], "36": [0.012957211789146708, 3.0202881485078765], "37": [0.01756195654042057, 3.071730551755609], "38": [0.022450795050680438, 3.126147216530643], "39": [0.027402982924930906, 3.1812228834994487], "40": [0.032192924640560734, 3.234608578402463], "41": [0.03660683997000086, 3.28404067176275], "42": [0.04045694706885921, 3.327450461129897], "43": [0.043590577621660215, 3.3630539069339243], "44": [0.04589351469313041, 3.389416917525975], "45": [0.04728872228354165, 3.4054973866329328], "46": [0.04773278814470745, 3.410668889294534], "47": [0.04721256903446604, 3.404731830259317], "48": [0.0457438593871368, 3.3879163967905512], "49": [0.04337273042680241, 3.3608788576179704], "50": [0.04017885319400684, 3.324689522782393], "51": [0.03627895697753045, 3.280807920058366], "52": [0.03182792968035502, 3.2310394016837365], "53": [0.02701526453408098, 3.177468414630852], "54": [0.022055737152671822, 3.122367488669606], "55": [0.017175085046143405, 3.0680868451483208], "56": [0.01259332026840272, 3.0169352137954832], "57": [0.00850924390505092, 2.971065283326361], "58": [0.005089255614799397, 2.9323757216599082], "59": [0.0024619143452960525, 2.9024366655801823], "60": [0.0007177250607791447, 2.8824394773723494], "61": [-8.785303499276846e-05, 2.8731669172099106], "62": [6.928508170013584e-05, 2.874977953366532], "63": [0.0011841182096544963, 2.8878021097287934], "64": [0.003222143455484074, 2.9111406678536818], "65": [0.006116630379712088, 2.9440752162903396], "66": [0.009764942396401253, 2.9852870772879476], "67": [0.014026261305668792, 3.0330931258718983], "68": [0.01872319747179632, 3.0855034683526275], "69": [0.023648947966205074, 3.140303656326151], "70": [0.02857997666235376, 3.195158831102264], "71": [0.03329221430197818, 3.2477311289422106], "72": [0.03757740596492842, 3.2957975082984756], "73": [0.041256171088514794, 3.337355005772885], "74": [0.044185621258234185, 3.370704374016954], "75": [0.04626134355131566, 3.394509089341626], "76": [0.04741530140354948, 3.40783213488902], "77": [0.04761210960913105, 3.4101559539563517], "78": [0.04684606795107127, 3.4013911810351893], "79": [0.045140506623099715, 3.38187787030742], "80": [0.042549750250124946, 3.352379939572441], "81": [0.03916268665927976, 3.314070357330974], "82": [0.03510586399163509, 3.2685021119698052], "83": [0.03054358373670454, 3.217559184591366], "84": [0.025672906513169662, 3.163383479792092], "85": [0.020712894298921418, 3.1082781424245676], "86": [0.015889377266650732, 3.054593746069846], "87": [0.011418233718958039, 3.0046090284875535], "88": [0.007490766336926217, 2.960419634500211], "89": [0.004263930983501771, 2.923845763187655], "90": [0.0018563606831248258, 2.8963640406726716], "91": [0.00034920640117286773, 2.8790630090005758], "92": [-0.0002104418807470229, 2.8726176137613093], "93": [0.00019393034011865325, 2.877276869070384], "94": [0.0015498828496394081, 2.8928600965146267], "95": [0.003814980476893395, 2.918759835613517], "96": [0.00691362677141088, 2.9539527451237753], "97": [0.010733504613566746, 2.997022671596281], "98": [0.015124078645379773, 3.0462016161388292], "99": [0.01989952625739829, 3.0994336211488998]}