{"0": [-9.623107242205876e-06, 4.334997467089011], "1": [-0.0006567438225528746, 4.3036215000586], "2": [-0.002499005838210275, 4.224359227880478], "3": [-0.006027154423213877, 4.098336240501916], "4": [-0.011890005471104336, 3.92781482982445], "5": [-0.02063771391551316, 3.7170228180245775], "6": [-0.03233264013631193, 3.473473919202313], "7": [-0.04617399571658012, 3.209238115808696], "8": [-0.06050193596922769, 2.940585475816915], "9": [-0.07342414795330586, 2.684870557311373], "10": [-0.08364476273987667, 2.456529909547572], "11": [-0.09080664994172348, 2.2652803843180607], "12": [-0.09526409450850633, 2.116799499293747], "13": [-0.09766543430859496, 2.014172146858206], "14": [-0.09861958116817005, 1.9589933030613986], "15": [-0.09850340302936793, 1.951970233746906], "16": [-0.09737714847093164, 1.9931783405212757], "17": [-0.09497387596223486, 2.0820885069993356], "18": [-0.09075752177808104, 2.217382958196949], "19": [-0.08407569608178975, 2.3964750310040848], "20": [-0.07444571756482721, 2.6145764674189444], "21": [-0.061959583010866626, 2.863312987935094], "22": [-0.047614647895934996, 3.129639448964462], "23": [-0.0331844215395312, 3.3967457531844283], "24": [-0.020494385007969823, 3.6476082879045206], "25": [-0.01065052300240563, 3.86872813859882], "26": [-0.0038328303377701428, 4.051330859885919], "27": [0.0004055937558426879, 4.190386450868881], "28": [0.0027255338103122275, 4.283186357931309], "29": [0.0036979703949996017, 4.3283519229184275], "30": [0.0036374276980426974, 4.325317977930955], "31": [0.002534764494323188, 4.274130813886975], "32": [6.022705363360688e-05, 4.175462915242107], "33": [-0.004361686448160202, 4.030848668613661], "34": [-0.011374434106472372, 3.8432456917479403], "35": [-0.021373877633890332, 3.618074871140478], "36": [-0.03409556640726829, 3.364638045759101], "37": [-0.04834795367198798, 3.0969329239112198], "38": [-0.06227638702480078, 2.832151150661675], "39": [-0.07415921032772801, 2.586806756286452], "40": [-0.08309113071189957, 2.3733992677563935], "41": [-0.08905699327224642, 2.199797022339481], "42": [-0.0925789712692289, 2.070436735217263], "43": [-0.09431733471010709, 1.9876867029054184], "44": [-0.0947975496288426, 1.952726627079728], "45": [-0.09426808939770526, 1.9659847611223051], "46": [-0.09264956875014473, 2.0272894710211307], "47": [-0.08955178505261571, 2.135811378602857], "48": [-0.08436716152876095, 2.289770361035455], "49": [-0.07647572866138243, 2.48578408673909], "50": [-0.06558922511686235, 2.717721449656852], "51": [-0.05216053457971175, 2.9752955806651156], "52": [-0.03756604179149477, 3.243610503803743], "53": [-0.023703667314887693, 3.505276232643022], "54": [-0.012157126755468607, 3.7444543204418697], "55": [-0.0036263179598233016, 3.949680250034541], "56": [0.0020231525673403273, 4.113943997661261], "57": [0.0053713022955029525, 4.233348371632152], "58": [0.007065726556302641, 4.305832371128583], "59": [0.007579538374239678, 4.33040030063606], "60": [0.0070920332744722646, 4.306757418725589], "61": [0.005453364740210945, 4.23520631273336], "62": [0.0022162729927169677, 4.116749908313745], "63": [-0.0032498346702740355, 3.9534486666064645], "64": [-0.01152472793780995, 3.7491710987274787], "65": [-0.022767310879373875, 3.510839737501714], "66": [-0.036323711814377206, 3.249768637125818], "67": [-0.05064983905382006, 2.981662285777258], "68": [-0.06384630809334628, 2.723907572500258], "69": [-0.07449690728945518, 2.491521440005819], "70": [-0.08210581044126886, 2.294923224678593], "71": [-0.0869393748490797, 2.140320831689197], "72": [-0.08961832239289422, 2.0311238798857185], "73": [-0.09076630641315737, 1.9691157383546312], "74": [-0.09079799880404459, 1.9551206719810825], "75": [-0.08982099211528277, 1.9893014614990903], "76": [-0.08761548769482944, 2.071216732411934], "77": [-0.08368176663541117, 2.199669665635867], "78": [-0.07737719600326252, 2.372278533171571], "79": [-0.06818109723166614, 2.584619214419851], "80": [-0.05608596490432164, 2.8288957398956076], "81": [-0.04195432704133921, 3.092746606703755], "82": [-0.027472694712513, 3.3597858729486307], "83": [-0.014498066559288467, 3.612840824149151], "84": [-0.004255546351604308, 3.8378357274741917], "85": [0.0029561561571522514, 4.025383218289606], "86": [0.007516198827022713, 4.170015956125073], "87": [0.01006946804535968, 4.268762796745247], "88": [0.01120536053019095, 4.3200917027912125], "89": [0.011274769188470255, 4.3233396011516065], "90": [0.010311693354806896, 4.2784760772208505], "91": [0.008027730260850567, 4.186091682392526], "92": [0.0038767100181680055, 4.047601838490457], "93": [-0.0027829317601630195, 3.8657576766288475], "94": [-0.01239180301479095, 3.6456161292523097], "95": [-0.02478464696709716, 3.39592537080795], "96": [-0.038889018160641324, 3.1300857993686715], "97": [-0.052909240343228116, 2.86500121494946], "98": [-0.06507438282815375, 2.6174195128790325], "99": [-0.07436707889881336, 2.400385989351034]}