{"0": [-4.740934441052017e-06, 1.4786550738856052], "1": [-0.0002833989801438414, 1.4981369862819398], "2": [-0.0007110202025905033, 1.5476030785496708], "3": [-0.000540316855541558, 1.6270947186163556], "4": [0.001438186596170146, 1.7367144532507068], "5": [0.006871932082992911, 1.8766702313921757], "6": [0.01776200344462822, 2.047284573698694], "7": [0.036248366293497744, 2.248832166443212], "8": [0.06413181081837735, 2.480903285512071], "9": [0.10195262509936315, 2.740832089802912], "10": [0.14769762404676756, 3.021180363172102], "11": [0.19620294576839975, 3.3083889058448377], "12": [0.24090943158081538, 3.586162476577059], "13": [0.2770433632744735, 3.8417777215926265], "14": [0.3030306983773161, 4.068705118032514], "15": [0.3196887410860357, 4.2648241511244525], "16": [0.3289365326829134, 4.429954519562068], "17": [0.33293683466217683, 4.564439936573338], "18": [0.33366626677859085, 4.668611963449393], "19": [0.3327274501537518, 4.742671703578852], "20": [0.3312781184292007, 4.7867133117838865], "21": [0.3300126716259492, 4.800770936032624], "22": [0.32916263378764193, 4.784850988673955], "23": [0.3284985763631378, 4.738943446113565], "24": [0.32732811228415226, 4.663012645074923], "25": [0.32449615596578885, 4.556967195296649], "26": [0.31840571702072856, 4.420616330455143], "27": [0.307093659645982, 4.253653643206531], "28": [0.2884267611144604, 4.055791574953047], "29": [0.2605425271949082, 3.8273269685664295], "30": [0.2227141598045719, 3.570589294520717], "31": [0.17662358833186997, 3.29239009889957], "32": [0.12711384053657945, 3.005665261437859], "33": [0.08072036496069676, 2.7266758832993396], "34": [0.04250644169556396, 2.4687259679748643], "35": [0.014373684208159156, 2.2389715759255764], "36": [-0.004296799789734987, 2.0398907746234043], "37": [-0.015346446354217393, 1.8717997057089548], "38": [-0.02092960931168156, 1.7343851150770622], "39": [-0.023047517208375768, 1.6273110775691273], "40": [-0.02334153315038639, 1.5503666954618192], "41": [-0.023013151045223796, 1.5034511529639925], "42": [-0.02280145132167339, 1.4865271357259149], "43": [-0.022982212309032204, 1.4995866684798842], "44": [-0.023369931142533003, 1.542637788170746], "45": [-0.023316243065157786, 1.6157118080025243], "46": [-0.021709828313023875, 1.7188914630867445], "47": [-0.016994881501115586, 1.852353757499764], "48": [-0.007240777845645355, 2.01639069637852], "49": [0.009675396247210057, 2.2112941305436578], "50": [0.03565546706002749, 2.4368414310305915], "51": [0.07155886893680537, 2.6909413351344593], "52": [0.11595321326725447, 2.967251751704612], "53": [0.16425945019693397, 3.2533478823845554], "54": [0.20999491064854314, 3.533061915386501], "55": [0.24789072852548388, 3.792673810323609], "56": [0.2757852786204158, 4.02452630539282], "57": [0.29413042793523236, 4.225837835592433], "58": [0.3046975857503394, 4.396170033139104], "59": [0.3096288229657509, 4.535804674439466], "60": [0.3109412460141657, 4.6450780545602095], "61": [0.3103044366864054, 4.724207689648488], "62": [0.3089527042862829, 4.773299265809942], "63": [0.30765896221350075, 4.792392420374474], "64": [0.30673254295409297, 4.781496239590141], "65": [0.3060211659712883, 4.7406041377877575], "66": [0.30490969703105103, 4.669688058544843], "67": [0.3023199524036709, 4.568671805868356], "68": [0.2967277390282502, 4.437389022528371], "69": [0.28622849684822316, 4.27555991200142], "70": [0.2687106700776608, 4.082893896338319], "71": [0.242250122905198, 3.859569329316419], "72": [0.2058999588051724, 3.6075209263686276], "73": [0.16091816672782894, 3.3327646782316513], "74": [0.11168501830844983, 3.0473425266444143], "75": [0.06462235488467696, 2.7673118201423663], "76": [0.02513146687408975, 2.5066641834191485], "77": [-0.004437705269156678, 2.273422898432437], "78": [-0.02440886006133077, 2.0706042888769223], "79": [-0.03649597208087391, 1.8987468803648362], "80": [-0.04282753979928926, 1.7575980800494124], "81": [-0.04542902938880016, 1.646824365539939], "82": [-0.04598824865648153, 1.5662047988379015], "83": [-0.04576158065272587, 1.5156308060977575], "84": [-0.04554499025489361, 1.4950613948027935], "85": [-0.045670702876861556, 1.504486834471364], "86": [-0.04600902075538585, 1.543912707972868], "87": [-0.04596733107120203, 1.6133647161039915], "88": [-0.04448999175772605, 1.7129143384923726], "89": [-0.04007469838936204, 1.8427201225109067], "90": [-0.030835901526011483, 2.0030520286942286], "91": [-0.014672842468425608, 2.194195579644538], "92": [0.0103474579718339, 2.4159923651269897], "93": [0.045220322505629636, 2.6665939626472768], "94": [0.08879266701243625, 2.9401787197993365], "95": [0.13681389975232183, 3.2249520532521387], "96": [0.18291649056828585, 3.5049551331410687], "97": [0.22163028774802312, 3.7660509361633205], "98": [0.2504903241567599, 3.9999898222500074], "99": [0.2697361538664633, 4.203599872536684]}