{"0": [-7.308048739925427e-06, 1.2175687455559936], "1": [-0.0004691463490115988, 1.2407804954316772], "2": [-0.0015141682720684717, 1.2998962884999992], "3": [-0.002789916900168838, 1.3953682133061907], "4": [-0.00369393170205944, 1.527779405604188], "5": [-0.0033573241914165303, 1.6976653258664947], "6": [-0.0006801430787573373, 1.90525732920937], "7": [0.0055199785523439415, 2.1500333143960004], "8": [0.016171581046536765, 2.429816879066351], "9": [0.031395657053630045, 2.739183689583148], "10": [0.049933074016577435, 3.067680081279066], "11": [0.06915030985262376, 3.3999295067014996], "12": [0.08607432499396192, 3.7193752722697853], "13": [0.09873862900776074, 4.013115622397881], "14": [0.10667765213419335, 4.273657406004175], "15": [0.11053193302214667, 4.497641467904942], "16": [0.11143253595284566, 4.683991902146317], "17": [0.11055699781210807, 4.8327021903244995], "18": [0.10890179764963355, 4.944220859186371], "19": [0.10720316077710186, 5.019134194366744], "20": [0.10593576369684574, 5.057963406181886], "21": [0.10533863856516203, 5.061020964460738], "22": [0.10543688207418866, 5.02832941574531], "23": [0.10604396619328371, 4.95961555525596], "24": [0.10674332949638655, 4.854381602569812], "25": [0.10686160350280315, 4.712042150976503], "26": [0.10546151098751158, 4.532119112474771], "27": [0.10140112072216334, 4.314533329118754], "28": [0.09352595022067452, 4.060145227025065], "29": [0.08106558855960758, 3.7718304885927694], "30": [0.06422701546581691, 3.456229948517589], "31": [0.04468148085665827, 3.125278769738671], "32": [0.025288962309563397, 2.7951614522665573], "33": [0.008858007818183066, 2.4818330245065785], "34": [-0.0030513487621005803, 2.1967332891696785], "35": [-0.010332024412603787, 1.9460498588217099], "36": [-0.013812289880535709, 1.7323672041515215], "37": [-0.01466788110962859, 1.5563890758586205], "38": [-0.014040716150273339, 1.4179612658273262], "39": [-0.012859244228955628, 1.3165786559432793], "40": [-0.011786371857266739, 1.2516600625755752], "41": [-0.011229449853653374, 1.222733055482607], "42": [-0.011367176192230632, 1.2295616559961275], "43": [-0.012166746160325316, 1.2722076182409567], "44": [-0.013380014877420495, 1.3510144695225481], "45": [-0.014521057684992334, 1.4665167253353788], "46": [-0.014841596147815037, 1.6192870338384637], "47": [-0.013337258846088693, 1.809721509034693], "48": [-0.008837003756103, 2.03769954912779], "49": [-0.0002465360670658994, 2.3019241799846304], "50": [0.012991451013319841, 2.598647904610687], "51": [0.03028552429809559, 2.9198252680595838], "52": [0.049554716743761454, 3.2520507733409385], "53": [0.0678077638464346, 3.578676237000395], "54": [0.08250740953268827, 3.8847313752601895], "55": [0.09252966543262255, 4.160344022121347], "56": [0.09809612616881715, 4.400543398263899], "57": [0.10018378718361975, 4.6034165503514775], "58": [0.09998576873403381, 4.768571427159543], "59": [0.09859353661098458, 4.896293146055481], "60": [0.09686099753983438, 4.987125819156893], "61": [0.09537557385799633, 5.041631499392312], "62": [0.09447646694934737, 5.060222218854403], "63": [0.09428055745268579, 5.043050023966888], "64": [0.0946939662158725, 4.989967421839068], "65": [0.09540205302755242, 4.90056584570672], "66": [0.09584417508728782, 4.774285737843898], "67": [0.09519419341277542, 4.610585780519675], "68": [0.09238509923849729, 4.409183268181456], "69": [0.08623598591221747, 4.170461563083698], "70": [0.07575486642823326, 3.8962812152976034], "71": [0.06066114472245188, 3.5914639875686447], "72": [0.04198024641492826, 3.2656264336087117], "73": [0.022169018051429495, 2.933521095729748], "74": [0.004229147207900583, 2.6118229452342487], "75": [-0.009669633599731258, 2.314174118313143], "76": [-0.018845854469568584, 2.0488524447999703], "77": [-0.023808889257386213, 1.8197319312360944], "78": [-0.02564414336769499, 1.628156893669854], "79": [-0.02553652564361517, 1.4742629930414552], "80": [-0.02451413269854047, 1.3576618669986453], "81": [-0.023351247558446992, 1.2777881546912728], "82": [-0.022558426401693695, 1.2341134818242905], "83": [-0.022406048495871984, 1.226297559766458], "84": [-0.0229473431768048, 1.2542783356019702], "85": [-0.024023566491710495, 1.3182882000729133], "86": [-0.02524819929739136, 1.4187927137496794], "87": [-0.02598072196734859, 1.5563616981644501], "88": [-0.025315932643385247, 1.7314821069757127], "89": [-0.02213305711027122, 1.9442823084801713], "90": [-0.015268753573618806, 2.1940322162097963], "91": [-0.003886679276508977, 2.478145933605099], "92": [0.011947311369413342, 2.7905018700758486], "93": [0.03074084985172524, 3.119801726632879], "94": [0.04973345895648476, 3.450207440806375], "95": [0.06605052160940073, 3.765513220963468], "96": [0.07796474224884252, 4.053671006889482], "97": [0.0852204516049788, 4.30794753608707], "98": [0.08856609699147767, 4.525426350659415], "99": [0.08915575849717577, 4.705234247475766]}