{"0": [1.736928811601008e-06, 1.605597502230559], "1": [0.0001437830980718409, 1.6251606067526516], "2": [0.0007797583466495662, 1.6748185517776661], "3": [0.00263925948064641, 1.7545760124283776], "4": [0.006884138810312292, 1.8644668405657805], "5": [0.015055330230635352, 2.004564185748535], "6": [0.028941693874345323, 2.174906837519036], "7": [0.050292983442911644, 2.3751746278368167], "8": [0.08025561570913461, 2.6038161184356197], "9": [0.1184566109763174, 2.856374612814327], "10": [0.16208186963556342, 3.123619361916547], "11": [0.2060766989937819, 3.3918452130069934], "12": [0.24517873186939643, 3.6469579871056492], "13": [0.2761600480986958, 3.8789698478605885], "14": [0.29832806501318393, 4.082864160278846], "15": [0.31268232188708495, 4.2568404045199975], "16": [0.32094600349663066, 4.400515271861932], "17": [0.3249437434586844, 4.513935798784025], "18": [0.3262808567621196, 4.597197774857165], "19": [0.32619579136467275, 4.650351960068203], "20": [0.3254994287395987, 4.673411022415371], "21": [0.32455425863874665, 4.666374779682499], "22": [0.3232693362270347, 4.6292450503861415], "23": [0.32110155628903486, 4.56202316413789], "24": [0.3170660996506641, 4.464691855216922], "25": [0.30977171799688735, 4.3371957558076], "26": [0.2975134730081931, 4.179468274951656], "27": [0.27848401476306434, 3.9916264515854074], "28": [0.2512082401604469, 3.7745779228708263], "29": [0.21531870086365865, 3.5313600788542847], "30": [0.1725618336342407, 3.2691015804020136], "31": [0.12721424899567157, 2.999952386487875], "32": [0.08475110977805272, 2.738456705072537], "33": [0.049389981206062965, 2.496591466167536], "34": [0.022796720397689967, 2.2812636819002194], "35": [0.004537125041692982, 2.095340751102032], "36": [-0.006905539280204132, 1.9396300524384311], "37": [-0.013359597698343948, 1.814196861012208], "38": [-0.01653829029619371, 1.7189490829948684], "39": [-0.01783481144779205, 1.653818801391434], "40": [-0.01823339780104537, 1.618782634563465], "41": [-0.018275891061176053, 1.6138389296352071], "42": [-0.018051950821662263, 1.6389874000508926], "43": [-0.01719810113892806, 1.6942245462878531], "44": [-0.01490362654433469, 1.7795561607844501], "45": [-0.009933677919623006, 1.8950190023012166], "46": [-0.000694640216084498, 2.040680493287558], "47": [0.014610293534944944, 2.2165296223877355], "48": [0.03764889882528152, 2.422067541679237], "49": [0.06932754424183053, 2.655286486903311], "50": [0.10883114038965652, 2.9108725666011233], "51": [0.15283183067858352, 3.1785670130439976], "52": [0.19606505907311322, 3.44423491115647], "53": [0.23358187069937036, 3.6944112191233516], "54": [0.2627071888943886, 3.920199136715407], "55": [0.28317201911818723, 4.117392426153434], "56": [0.29617647679148545, 4.2845741739192515], "57": [0.30348705297484213, 4.4214826231715305], "58": [0.30688851509789544, 4.5281785362547105], "59": [0.3079079612862929, 4.604742697704143], "60": [0.30768985154237305, 4.651211671260002], "61": [0.30694567385209, 4.667591441618329], "62": [0.3059372574508435, 4.653881063312549], "63": [0.30447320785247817, 4.610083738934598], "64": [0.3019117833836865, 4.536200556673981], "65": [0.29717579870436756, 4.43221068117908], "66": [0.28879851401184387, 4.2980578903395905], "67": [0.2750383567130994, 4.1337046018295105], "68": [0.25413247580826376, 3.939399699195234], "69": [0.2248025958222794, 3.71643247605795], "70": [0.18710748750924777, 3.4686573793055673], "71": [0.14340337933930797, 3.204408953374694], "72": [0.09841349942382567, 2.93674185005742], "73": [0.05748327145023788, 2.6799403773821826], "74": [0.024235138382465146, 2.4447939432826398], "75": [-0.00025150272720748197, 2.237072161224705], "76": [-0.016746171208750934, 2.059007059454647], "77": [-0.026879722846579714, 1.911164039718297], "78": [-0.032466498339736506, 1.7935543177946318], "79": [-0.035143533722137896, 1.7060941325817829], "80": [-0.036200738176401556, 1.648732965342651], "81": [-0.03650880774755666, 1.6214579380653258], "82": [-0.036493041113676704, 1.6242701012330714], "83": [-0.036126208194208816, 1.6571678275547916], "84": [-0.034929112621813425, 1.7201467811516529], "85": [-0.03198000002012891, 1.8132157444428862], "86": [-0.025946627946112497, 1.9364159222769006], "87": [-0.015171003079472967, 2.08980114248069], "88": [0.0021367033582165426, 2.273268881098101], "89": [0.027496890153372942, 2.486016320999833], "90": [0.061433487383558874, 2.725306299933317], "91": [0.10248627658913484, 2.9845640036963825], "92": [0.14667837053513988, 3.2522266243317675], "93": [0.18861579368429007, 3.513894551810412], "94": [0.2238849282668839, 3.7571796377526283], "95": [0.250538349581521, 3.974614746499121], "96": [0.2688063593164886, 4.162945314091225], "97": [0.2801042830610404, 4.321174966758124], "98": [0.2862288152809777, 4.449165952493547], "99": [0.2888998185611217, 4.5469883705301]}