{"0": [8.811910387893333e-06, 1.8851090058013615], "1": [0.0005968439143163955, 1.9046066706566664], "2": [0.0022323253652468977, 1.9539903381019665], "3": [0.005282127301039706, 2.0329502384999953], "4": [0.010292816227367788, 2.1409062504016263], "5": [0.017905960451027346, 2.2768568439422485], "6": [0.028712111369355305, 2.4391056380430363], "7": [0.043033125525780896, 2.6248251596339096], "8": [0.060661838849802745, 2.8295048657405455], "9": [0.08067059650265224, 3.046551361632564], "10": [0.10147196972878517, 3.267528273027088], "11": [0.1212257392062101, 3.483309014510137], "12": [0.13840397074069946, 3.685647642326717], "13": [0.1521648098118082, 3.8682305519621494], "14": [0.1623773500885237, 4.026809814938077], "15": [0.16941299496256537, 4.1587548709718165], "16": [0.1738849735760775, 4.2625009174533615], "17": [0.1764377311124029, 4.337130948557889], "18": [0.17760854009344829, 4.382120255478277], "19": [0.1777485827330273, 4.397198325565247], "20": [0.17698458787907323, 4.382283238151417], "21": [0.17520739650708245, 4.337462832696619], "22": [0.17208257692108292, 4.263014649534556], "23": [0.1670876513206222, 4.1594719778170735], "24": [0.15958920199763377, 4.027760814211707], "25": [0.14897844727826612, 3.8694514238906277], "26": [0.13487823268006893, 3.6871689160129058], "27": [0.1174010658588574, 3.4851367728085156], "28": [0.09736116409248366, 3.2696258599339503], "29": [0.07626240446996989, 3.0488405387512025], "30": [0.05593989340501093, 2.831894792287804], "31": [0.037997735614866995, 2.627247660298357], "32": [0.023389625188420218, 2.4415288321814645], "33": [0.012343948501020434, 2.2792758438838012], "34": [0.004549168606866863, 2.143327228684895], "35": [-0.0005851652437419112, 2.0353790989652625], "36": [-0.003707814293804719, 1.9564277146149465], "37": [-0.005377141116254083, 1.9070468791665698], "38": [-0.005974530058157578, 1.8875403708144198], "39": [-0.005660986146015392, 1.8980162938518783], "40": [-0.004362212000478581, 1.9384119934700152], "41": [-0.0017759190707405319, 2.0084799187735656], "42": [0.002595457163191917, 2.1077293971912856], "43": [0.00937456689303469, 2.235302344901894], "44": [0.019183319939478194, 2.389741749054951], "45": [0.032446535296042134, 2.568606099307955], "46": [0.04913812137437929, 2.7679386087976536], "47": [0.0685532304947859, 2.9817813340538994], "48": [0.08927653050869735, 3.202176500092499], "49": [0.10949074711664211, 3.420058156206202], "50": [0.12752788147812724, 3.6267883771583675], "51": [0.1423278647765142, 3.8154377417466985], "52": [0.15356389673814455, 3.981179650276337], "53": [0.16148383286484916, 4.120961981512618], "54": [0.16665123728134904, 4.232951820184492], "55": [0.16971577306510896, 4.316070090057049], "56": [0.17125428404160875, 4.369692046384395], "57": [0.17167638729461412, 4.393479954148449], "58": [0.17117587170907117, 4.387299652729603], "59": [0.16971225027886164, 4.351189521046149], "60": [0.1670149245249167, 4.285369079408673], "61": [0.1626117785116068, 4.19029007581971], "62": [0.15589306922677282, 4.066749377064787], "63": [0.14622819094903178, 3.9161021930481703], "64": [0.1331516001916819, 3.740623632436846], "65": [0.11661098476223035, 3.544023677692411], "66": [0.09720675720693142, 3.3319593431155874], "67": [0.07626257548766925, 3.112132341180003], "68": [0.05556670245276259, 2.8935293781455598], "69": [0.03683885802718008, 2.684933390923495], "70": [0.021239109194716402, 2.4935549222858198], "71": [0.009192650564075897, 2.3245068999470866], "72": [0.0005185361155793098, 2.1810594739847984], "73": [-0.005316078556516696, 2.065187415068272], "74": [-0.008958447913897712, 1.9780560563988416], "75": [-0.011001313297507207, 1.9203429137111923], "76": [-0.01188054577842883, 1.8924203928311156], "77": [-0.011821194259339404, 1.8944486445438957], "78": [-0.010815465288562323, 1.9264127815525556], "79": [-0.00862386507279117, 1.9881195938180174], "80": [-0.004800012794529094, 2.079153014062988], "81": [0.0012512072571491065, 2.198771499296768], "82": [0.010165272932451608, 2.345711459635601], "83": [0.022442188116035662, 2.517848503233128], "84": [0.03820499321902078, 2.711700304626352], "85": [0.0569521675955243, 2.921897083401071], "86": [0.07745321575625251, 3.1409981732007015], "87": [0.0979584730416033, 3.3601229594619713], "88": [0.11670831877794213, 3.570376364694577], "89": [0.1324497933799697, 3.764287138363848], "90": [0.14466023887688567, 3.9364608813423843], "91": [0.15345107678811837, 4.0834062341194635], "92": [0.15932090927758466, 4.203002045087289], "93": [0.1629114021914356, 4.2939934571197425], "94": [0.16482865279057174, 4.3556483981205965], "95": [0.16553280886696659, 4.387559072083798], "96": [0.16527863296373066, 4.389539359286434], "97": [0.1640898550327819, 4.3615813370357905], "98": [0.1617573893044385, 4.303853423176167], "99": [0.15786066305052046, 4.216738864498328]}