{"0": [-1.4858806047270699e-05, 0.63604028180325], "1": [-0.0009776695599306327, 0.6567321799264736], "2": [-0.003386232737765004, 0.7099557403002524], "3": [-0.007114990408957033, 0.7974511645474166], "4": [-0.011869086301124612, 0.9217794516618601], "5": [-0.017057701762499895, 1.0860112057411073], "6": [-0.021641139605179518, 1.293375189603132], "7": [-0.024010907951348078, 1.5469893771046361], "8": [-0.022015741899328516, 1.849675147723256], "9": [-0.013330208512046015, 2.203280224151675], "10": [0.0034957926404057607, 2.6057760279541364], "11": [0.02711662603195157, 3.044353349555479], "12": [0.0522107942172744, 3.4904263162571327], "13": [0.07232650471130418, 3.910961286892264], "14": [0.08427003731372253, 4.286130330474353], "15": [0.08851566830404073, 4.610326426291661], "16": [0.08721023250096906, 4.8843976035530785], "17": [0.08268749756396078, 5.1109635884996525], "18": [0.07684119358832767, 5.293053655549617], "19": [0.07097746742007653, 5.433850428722983], "20": [0.0658870658895682, 5.5364942215870805], "21": [0.0619934259483744, 5.603764890244763], "22": [0.05949584623344789, 5.637745719051313], "23": [0.058471523087522126, 5.639571942551687], "24": [0.05892783004860494, 5.609300288903147], "25": [0.06080601080767376, 5.545900829887883], "26": [0.06393647346903021, 5.4473713305804505], "27": [0.06794414625104934, 5.3109757325970115], "28": [0.0721101103092141, 5.133579020607165], "29": [0.07522101542296533, 4.911985402521183], "30": [0.07548110240395536, 4.6431658707954915], "31": [0.07062137503195785, 4.3244961400026325], "32": [0.0584429303024485, 3.9548997824614216], "33": [0.03816101876100141, 3.538972397554684], "34": [0.012408729183758415, 3.094587864048093], "35": [-0.012616717472310714, 2.653861896387728], "36": [-0.031179107542498717, 2.246887424887901], "37": [-0.041422642310481476, 1.8882335061552349], "38": [-0.04457788753514763, 1.580657184952639], "39": [-0.04296144976209107, 1.3224601384880996], "40": [-0.038801279692103494, 1.1108474186312052], "41": [-0.03380272209201005, 0.9427429407999806], "42": [-0.029092427804979906, 0.8149699608872317], "43": [-0.025326628130280075, 0.724489669956083], "44": [-0.02284354767007875, 0.6687394054260645], "45": [-0.021795059990273008, 0.6459487884449112], "46": [-0.022232212722980274, 0.6553524913569687], "47": [-0.02414068693095781, 0.6972787456954698], "48": [-0.027427564394816882, 0.773114533544819], "49": [-0.03185860739173186, 0.8851454283127312], "50": [-0.03694599912416686, 1.036275211417074], "51": [-0.0418001584925622, 1.2296755645705584], "52": [-0.04499168314745045, 1.4684802678595534], "53": [-0.04451835601307431, 1.755593731155425], "54": [-0.03804263976549583, 2.093276773109443], "55": [-0.023692392000817134, 2.481164357698924], "56": [-0.0017525011924668446, 2.910543829995149], "57": [0.02358701158590268, 3.3573403808419062], "58": [0.0457064321455503, 3.787759196328494], "59": [0.06018820395225789, 4.177051107914674], "60": [0.06658395760741798, 4.516081264642665], "61": [0.06673213381190088, 4.804420029874201], "62": [0.06300097121387334, 5.044363115100326], "63": [0.0574431306610251, 5.238829263920087], "64": [0.05153875615616173, 5.3909331558065965], "65": [0.04621981794910098, 5.503813532288758], "66": [0.04200537219247946, 5.580345287217369], "67": [0.03915076931343513, 5.622795992463273], "68": [0.03776270601676554, 5.632544044479931], "69": [0.03786494344499761, 5.609914042233889], "70": [0.039414075459593356, 5.554137960658046], "71": [0.042266083957945615, 5.463441555641588], "72": [0.046092416176566814, 5.335257709654917], "73": [0.050249547266970854, 5.166546736494417], "74": [0.05362747064361389, 4.954143397213187], "75": [0.05454259798832324, 4.695010189174016], "76": [0.050796293142751026, 4.386441924368517], "77": [0.040110853699552536, 4.026918827119621], "78": [0.021294397226234614, 3.619486109955467], "79": [-0.0037912795912885796, 3.17900175531733], "80": [-0.02944059525214325, 2.7356333919706888], "81": [-0.04947231244437747, 2.3213347430037876], "82": [-0.06126231389436352, 1.953712992292227], "83": [-0.06561814586047672, 1.6371377629042971], "84": [-0.06476298934347942, 1.3704118390139584], "85": [-0.060985380778122586, 1.150875740248631], "86": [-0.056098085916621805, 0.975523026894821], "87": [-0.051330788869090004, 0.8412214480302762], "88": [-0.04741782230043645, 0.7449280602545311], "89": [-0.044747712977334014, 0.6840171068201097], "90": [-0.04350060072105652, 0.6566074814382699], "91": [-0.04374185009948779, 0.6617956865591068], "92": [-0.04546495533638864, 0.6997635969807379], "93": [-0.04858460652920721, 0.7717594712143173], "94": [-0.052879539143132995, 0.8799510470021147], "95": [-0.05788510952421919, 1.027155382208249], "96": [-0.06274780616363287, 1.2164915483498704], "97": [-0.06608465916487118, 1.4510666515883637], "98": [-0.06593803195230091, 1.7337763236578425], "99": [-0.05998395780409147, 2.0669335617353455]}