{"0": [-1.4535269796095377e-05, 3.7625383581074265], "1": [-0.0009610263371602476, 3.7478429476027237], "2": [-0.0033795568321893276, 3.7109239086846753], "3": [-0.007300366815840367, 3.6528066875361493], "4": [-0.01273363022243076, 3.575206973233522], "5": [-0.019621267385675194, 3.480609153806691], "6": [-0.02778815789720774, 3.3723266183709293], "7": [-0.03691232674660578, 3.2544881361712106], "8": [-0.046534113848063725, 3.1318920914873387], "9": [-0.05611217561091837, 3.009707338806083], "10": [-0.06511119146758465, 2.8930716834481], "11": [-0.07308731766246, 2.786698726568249], "12": [-0.07973880282807665, 2.6945988588971566], "13": [-0.08490953721746348, 2.6199550157518825], "14": [-0.08855561589731349, 2.565124079622116], "15": [-0.0906955144656646, 2.531703701559809], "16": [-0.09136288413894089, 2.520610717637365], "17": [-0.09057422584223446, 2.532138095453065], "18": [-0.0883173933669617, 2.565975322258388], "19": [-0.08456259854501805, 2.6211882956610992], "20": [-0.07929427557947319, 2.6961628961363915], "21": [-0.07255792845873792, 2.7885274512542306], "22": [-0.06450984443230064, 2.8950870374463715], "23": [-0.05545083161707953, 3.0118230517647313], "24": [-0.04582340620926028, 3.1340178463638293], "25": [-0.0361620533238305, 3.2565334908449377], "26": [-0.027008260337997678, 3.374204509881349], "27": [-0.018822576243871958, 3.482239243943783], "28": [-0.011927843721473442, 3.576518970778873], "29": [-0.006499236468894701, 3.653743362398049], "30": [-0.002593626249161674, 3.7114433851283573], "31": [-0.00019833097282321422, 3.74792012212064], "32": [0.0007204518173987147, 3.7621656051784886], "33": [0.0001827822327217231, 3.7538016867102764], "34": [-0.0018196042455551641, 3.7230541251731752], "35": [-0.0053154246684063225, 3.670767074083906], "36": [-0.010324688073025902, 3.5984549721985046], "37": [-0.01681341613877972, 3.508378534114801], "38": [-0.02464338129776389, 3.4036147655820246], "39": [-0.033534884596490365, 3.288070152473221], "40": [-0.043063466943096505, 3.166376419408], "41": [-0.052703187361535606, 3.0436328367612284], "42": [-0.061908199593689185, 2.9250243882581666], "43": [-0.07020246204133312, 2.815414532437973], "44": [-0.07724231458925562, 2.7190270897141366], "45": [-0.08283299079318185, 2.6392791910720907], "46": [-0.08690371544085712, 2.578752920752972], "47": [-0.08946042450591901, 2.5392497417739417], "48": [-0.09053636843341958, 2.5218697047082728], "49": [-0.09015485143768033, 2.527076411233758], "50": [-0.08831161706647199, 2.5547283341334692], "51": [-0.08497957866579076, 2.604069977301713], "52": [-0.08013519097381391, 2.673684746483735], "53": [-0.07380195525673859, 2.761421065336618], "54": [-0.06610087307021364, 2.864319055886662], "55": [-0.057290713708044304, 2.978585874039245], "56": [-0.04777710708775502, 3.0996804255307353], "57": [-0.03807585152100124, 3.2225495353875853], "58": [-0.02873532611482106, 3.3419969148682975], "59": [-0.02024574523413567, 3.4530938964126134], "60": [-0.012971182032522725, 3.5515152044022917], "61": [-0.0071264299000303784, 3.633727800197975], "62": [-0.0027970665334655096, 3.697035792217021], "63": [1.5134740870448874e-05, 3.7395339022531724], "64": [0.0013421282551236958, 3.760028981711197], "65": [0.0012100906159083643, 3.7579715990330427], "66": [-0.0003811631380179547, 3.733419458987188], "67": [-0.003456590623670994, 3.6870405857721034], "68": [-0.008042411257366744, 3.620155503075769], "69": [-0.014124560629433989, 3.534808509657733], "70": [-0.021598379184444943, 3.433843358421541], "71": [-0.030225734207305108, 3.3209381281361905], "72": [-0.03962045578178849, 3.2005390563741836], "73": [-0.04927838871870981, 3.0776461236141333], "74": [-0.058650449696359123, 2.957458728687317], "75": [-0.06723366859072538, 2.844963860097649], "76": [-0.07464409386893635, 2.7445841978183654], "77": [-0.08064657187207239, 2.659967469186284], "78": [-0.08513986848350666, 2.5939239665331915], "79": [-0.08811353308412376, 2.5484640260355547], "80": [-0.08959744254815102, 2.524874966897473], "81": [-0.08962021960137619, 2.5237925237372707], "82": [-0.08818575221613323, 2.5452425180336413], "83": [-0.08527164939244698, 2.5886433197382877], "84": [-0.0808498318288123, 2.6527687725703046], "85": [-0.0749259524482678, 2.7356799724735996], "86": [-0.06758925364068358, 2.8346481048388945], "87": [-0.05905762947681574, 2.9461106051461035], "88": [-0.04969729891166113, 3.0657198416091282], "89": [-0.03999938109370303, 3.1885357600011015], "90": [-0.030511847622061314, 3.3093639882584958], "91": [-0.021748921335998754, 3.4231663670680494], "92": [-0.01411376877585865, 3.525427265145635], "93": [-0.007862130689152582, 3.612385825096498], "94": [-0.0031116989500195027, 3.6811169446431715], "95": [0.0001174317372728493, 3.729504028781063], "96": [0.0018522460330617709, 3.7561644672918324], "97": [0.0021233341662321107, 3.7603756566455524], "98": [0.0009385976159127055, 3.742028434738318], "99": [-0.0017214116532514973, 3.7016190063355037]}