{"0": [-1.7404562475900927e-05, 3.9038477075843177], "1": [-0.0011544011676700627, 3.8869367737570313], "2": [-0.004093280729800166, 3.844348523400961], "3": [-0.008954562492727042, 3.7770031134574835], "4": [-0.015869750453815314, 3.686495042345941], "5": [-0.02489491882778964, 3.5752539481348347], "6": [-0.03590918418758599, 3.4467284015514235], "7": [-0.048531066162238734, 3.305507700379317], "8": [-0.062100670900611596, 3.1572497369723904], "9": [-0.07576404129425324, 3.0083109956542184], "10": [-0.08864423738778983, 2.8651236294144096], "11": [-0.10002376168436088, 2.733541270638455], "12": [-0.10945419232448084, 2.6183999150470036], "13": [-0.1167611283887095, 2.5233843816424706], "14": [-0.12197161478071882, 2.451120163748589], "15": [-0.12521281541005758, 2.4033545718131637], "16": [-0.12661974125264452, 2.3811283628421958], "17": [-0.12627085603818256, 2.3848940817660047], "18": [-0.12415759469502954, 2.414570764559844], "19": [-0.12018875278925491, 2.4695353135255043], "20": [-0.11422963921953533, 2.548550570828447], "21": [-0.10617422794554388, 2.6496314628459983], "22": [-0.09604179786626019, 2.76986615838342], "23": [-0.08407480285518684, 2.9052490534252122], "24": [-0.07079599060634283, 3.050637849216892], "25": [-0.056977797333767954, 3.1999668134310126], "26": [-0.04350903725566489, 3.3467596359383567], "27": [-0.031206806640753083, 3.484801370694887], "28": [-0.020662101956168223, 3.608709334025669], "29": [-0.012182359431954526, 3.714219517619411], "30": [-0.005830552595381726, 3.7981922554338015], "31": [-0.0015177206942582448, 3.858460644741112], "32": [0.0008968402655058204, 3.8936458139436714], "33": [0.0015258509955316606, 3.903009129036509], "34": [0.000406208097660365, 3.8863652482083806], "35": [-0.0025142191619418677, 3.8440589475575653], "36": [-0.007354936406736926, 3.7770049931401104], "37": [-0.014246890234470884, 3.686791320409607], "38": [-0.023246482359652463, 3.5758389537942676], "39": [-0.034234353920093406, 3.447585171452563], "40": [-0.0468317017979431, 3.3066055938167893], "41": [-0.06038183626594513, 3.158543949777512], "42": [-0.0740334176302901, 3.009745356170456], "43": [-0.08691051447107304, 2.866636386859641], "44": [-0.098294763034104, 2.7350716418559124], "45": [-0.10773559160902599, 2.6198929011287695], "46": [-0.11505611297356919, 2.5247928780517546], "47": [-0.12028130989168398, 2.452404946052568], "48": [-0.12353707757393101, 2.404483254785482], "49": [-0.12495799758941384, 2.3820741719216416], "50": [-0.12462280458554409, 2.385634865095771], "51": [-0.1225236779861683, 2.4150884170274605], "52": [-0.11857035478108117, 2.469815703532226], "53": [-0.11262895747666236, 2.5485840802407163], "54": [-0.10459377613438707, 2.649414271494267], "55": [-0.09448354684139378, 2.7694022924098394], "56": [-0.08253911887034701, 2.9045528209178135], "57": [-0.06928075780748695, 3.0497356287874657], "58": [-0.05547824063724607, 3.1988967508330726], "59": [-0.042018524706156905, 3.3455684601305764], "60": [-0.02971833120236177, 3.483539228507711], "61": [-0.0191697197077031, 3.60742476530512], "62": [-0.01068199747032457, 3.712956246268225], "63": [-0.004320072661688566, 3.796988070341382], "64": [3.5290073207444876e-06, 3.8573476805341373], "65": [0.0024286842537814047, 3.892651410750909], "66": [0.0030679408930489815, 3.902156732691475], "67": [0.0019585550367828353, 3.8856750941317704], "68": [-0.0009508950540029976, 3.8435484134395703], "69": [-0.005779086189927069, 3.7766885267520114], "70": [-0.012656298468111239, 3.686679813270446], "71": [-0.021638755739146805, 3.5759384272901786], "72": [-0.03260771279973912, 3.4478947997801166], "73": [-0.045185890774018043, 3.3071155246953485], "74": [-0.058718770818042824, 3.159233968562225], "75": [-0.07235714712991743, 3.010585578243042], "76": [-0.08522639406888265, 2.8675902715411863], "77": [-0.09660821718950431, 2.7361001922478216], "78": [-0.10605106226740606, 2.6209583273742103], "79": [-0.11337655531759587, 2.52586071447586], "80": [-0.11860823267304067, 2.453444677635701], "81": [-0.12187092579745734, 2.405468038234963], "82": [-0.12329866725330357, 2.3829802097923447], "83": [-0.12297014892476564, 2.386440770405804], "84": [-0.12087792718035924, 2.4157747318144476], "85": [-0.11693239969015895, 2.470364666093192], "86": [-0.11100044759151002, 2.5489797488737063], "87": [-0.10297697130941932, 2.649643158167887], "88": [-0.0928808732230688, 2.7694546547756316], "89": [-0.0809524554497764, 2.9044245750329933], "90": [-0.0677106432106839, 3.0494303917236327], "91": [-0.05392335999460049, 3.1984270160998767], "92": [-0.04047581208833604, 3.3449549539253556], "93": [-0.028183699004219794, 3.4828084298260147], "94": [-0.01763904440899565, 3.606605679283411], "95": [-0.00915190780688229, 3.7120777304498738], "96": [-0.002788311388298935, 3.796077328251684], "97": [0.0015381394906326734, 3.8564297976143145], "98": [0.003966525761037464, 3.891749514356155], "99": [0.004608992194130795, 3.9012924113958096]}