{"0": [9.68110808351524e-06, 2.886009322624566], "1": [0.0006368429813360174, 2.892620017471408], "2": [0.0022103435701641755, 2.909159519931987], "3": [0.004680872695433278, 2.9350023326838053], "4": [0.007966163873496242, 2.9691579037508697], "5": [0.011948422467842158, 3.010294301564155], "6": [0.016474010014678055, 3.0567778556144236], "7": [0.021357239271975494, 3.106732230582294], "8": [0.02638912475715511, 3.1581173243221903], "9": [0.03135038656329192, 3.2088238654856975], "10": [0.036026505082878066, 3.2567752657263185], "11": [0.04022185504114936, 3.300026089002969], "12": [0.04377029183800772, 3.3368475186990407], "13": [0.04654084858976927, 3.3657939263381373], "14": [0.048438816131198936, 3.385749327283534], "15": [0.04940375250692805, 3.3959562756166464], "16": [0.049406512841924245, 3.396031544973494], "17": [0.04844717229941728, 3.3859727145820795], "18": [0.04655493522154153, 3.36615810115275], "19": [0.04379006030765838, 3.33734008565283], "20": [0.04024676189437497, 3.3006294829978664], "21": [0.03605524719417262, 3.2574668920043046], "22": [0.03138079629595915, 3.2095766749998624], "23": [0.02641829330688443, 3.158900930030446], "24": [0.021381857054883244, 3.107514515423059], "25": [0.01649082874472921, 3.0575268542927967], "26": [0.011954693648630412, 3.0109800365854253], "27": [0.007959918576128672, 2.969753876043174], "28": [0.00466097226459447, 2.935486497299931], "29": [0.0021763175660256227, 2.909514749091372], "30": [0.000588601122462531, 2.8928341894244958], "31": [-5.278267013999777e-05, 2.8860752335140045], "32": [0.0002711520801973813, 2.8894909901854726], "33": [0.0015504514388848985, 2.90295311718346], "34": [0.003745568884555582, 2.9259540308065803], "35": [0.0067849407303546905, 2.9576162767174656], "36": [0.010562148132991042, 2.9967121137750254], "37": [0.014934666862037203, 3.0416976671349394], "38": [0.019726216211092343, 3.0907656548542564], "39": [0.02473394586464375, 3.1419182524347704], "40": [0.029740273191653305, 3.1930574638016296], "41": [0.03452759278169716, 3.24208577185959], "42": [0.03889301797852241, 3.2870068013924527], "43": [0.04266029922036661, 3.3260157104161783], "44": [0.045687104353724826, 3.3575720445748853], "45": [0.047867433590611345, 3.3804523870134364], "46": [0.04913038165048289, 3.393784352945131], "47": [0.04943725258112035, 3.3970659411937723], "48": [0.04877904049067742, 3.390174621407446], "49": [0.04717565802635844, 3.3733692360238594], "50": [0.04467729050038974, 3.3472855516435036], "51": [0.041367156879957345, 3.3129238237370933], "52": [0.037364043854368, 3.271624733354373], "53": [0.03282252603566133, 3.2250292428419134], "54": [0.02792903710609023, 3.1750189645763394], "55": [0.02289298593038235, 3.1236367664044797], "56": [0.017933665375758346, 3.0729918693044462], "57": [0.013265188969571604, 3.025157975860504], "58": [0.009082430920331324, 2.9820750772784166], "59": [0.005550569431702362, 2.945464479302472], "60": [0.0027995301670113914, 2.916762813405185], "61": [0.0009230152167948025, 2.897076123801943], "62": [-1.9453672674558414e-05, 2.887151402111318], "63": [4.293670832147692e-07, 2.8873612074391857], "64": [0.0009817839997788643, 2.897697286435895], "65": [0.002894573350741285, 2.917770814968952], "66": [0.005677634904072307, 2.9468192825528132], "67": [0.009235779225608622, 2.9837224303489758], "68": [0.01343781113781243, 3.0270313329377845], "69": [0.01811756181500023, 3.0750149515826974], "70": [0.023079496589007722, 3.125726714090712], "71": [0.028109206957639875, 3.177089935964958], "72": [0.03298748589320554, 3.2269962302317396], "73": [0.03750538517782137, 3.2734073196366977], "74": [0.041477280343341284, 3.314449615967488], "75": [0.044749711350504186, 3.348493093800499], "76": [0.04720525637325503, 3.374210297013445], "77": [0.04876225062506534, 3.3906158433290083], "78": [0.049372190459285384, 3.3970898913485565], "79": [0.04901691221838222, 3.3933900409151474], "80": [0.0477071792064918, 3.3796552903019745], "81": [0.045483393252237915, 3.356403647491203], "82": [0.042418050760780264, 3.324522520129832], "83": [0.0386185614451991, 3.2852487817976916], "84": [0.034228419968802166, 3.240134146147982], "85": [0.029424731464672862, 3.1909918878544734], "86": [0.024410885770449878, 3.1398234462544026], "87": [0.01940461339798117, 3.0887276749115298], "88": [0.014623240471564658, 3.0398000758175283], "89": [0.01026899696330863, 2.995032324983394], "90": [0.006517215249074735, 2.9562223199763467], "91": [0.003509192414308465, 2.924901894665673], "92": [0.0013498982997735937, 2.90228473666383], "93": [0.00010928532123643052, 2.8892328640159777], "94": [-0.00017481462086008654, 2.8862376146017583], "95": [0.0005057921463783086, 2.8934107899528705], "96": [0.002130372213866943, 2.910482930221633], "97": [0.004647858208277348, 2.936807955657316], "98": [0.007974071640374756, 2.9713758753708945], "99": [0.01198922848565691, 3.012837244465074]}