{"0": [1.1013873474869942e-05, 2.9057916624284887], "1": [0.0007241173486684982, 2.912642217563613], "2": [0.002509701494303889, 2.929750468580175], "3": [0.005302488071371789, 2.9563878140000672], "4": [0.008994382117964264, 2.991403281088877], "5": [0.013432384759069056, 3.033256126224034], "6": [0.01842006245454885, 3.0800702345259205], "7": [0.023724765039834273, 3.1297141560626884], "8": [0.029091112315423072, 3.1799055527637647], "9": [0.034259028194242605, 3.228332247990889], "10": [0.03898279854646708, 3.2727768292845765], "11": [0.04304720257795858, 3.3112305468713883], "12": [0.04627795357595141, 3.3419857404688926], "13": [0.048545842576816295, 3.363702350810222], "14": [0.049766048302505125, 3.3754501948846567], "15": [0.049895237042071314, 3.376732310430486], "16": [0.04892907531978944, 3.367495163408032], "17": [0.046901835783973084, 3.3481295193097362], "18": [0.04388831716978791, 3.319462461499628], "19": [0.04000677738530635, 3.2827375737682116], "20": [0.035420447689761964, 3.2395778508483355], "21": [0.03033489676907818, 3.1919256370985587], "22": [0.024989347483103243, 3.1419566756162274], "23": [0.01964192040301511, 3.0919709536059625], "24": [0.014551015642673273, 3.0442695821811023], "25": [0.009956598042582155, 3.0010314558108093], "26": [0.006065195238747413, 2.964203530605379], "27": [0.0030409279053430363, 2.935414185218537], "28": [0.001002660140066699, 2.9159125839645], "29": [2.5442993949574872e-05, 2.9065312646540096], "30": [0.00014352827035175625, 2.9076662678678735], "31": [0.0013524767214180122, 2.919269291461596], "32": [0.003608985286521652, 2.9408487557544922], "33": [0.006828571333976552, 2.9714801171445497], "34": [0.010882724103153267, 3.0098291053468462], "35": [0.015598111182404738, 3.0541936127164626], "36": [0.020760484568359654, 3.102569581156838], "37": [0.02612483165765557, 3.1527427300574744], "38": [0.031431282431842546, 3.2024019250612086], "39": [0.03642410776196504, 3.249263629615813], "40": [0.040869885281717123, 3.2911932401187833], "41": [0.044571247863534266, 3.3263101280130587], "42": [0.047374379923246765, 3.353068344492689], "43": [0.049170673540086376, 3.370311541976629], "44": [0.049894678973651234, 3.3773058344158295], "45": [0.04952111012492774, 3.3737564920233742], "46": [0.048063188756137736, 3.359813591341607], "47": [0.045573376314860616, 3.3360689946015465], "48": [0.0421459988739167, 3.3035435060362364], "49": [0.037919871771000736, 3.263659904880623], "50": [0.03307822928001414, 3.218195963740349], "51": [0.027843463827238235, 3.169212629644781], "52": [0.02246553265521366, 3.1189567387574963], "53": [0.017205043827063764, 3.0697439990834776], "54": [0.012314090305638938, 3.023833971579411], "55": [0.008018826563597089, 2.9833114471545144], "56": [0.004507071089289984, 2.949986509512065], "57": [0.001922258950701018, 2.925319831924677], "58": [0.00036286226003946276, 2.910373261869854], "59": [-0.00011510361701367928, 2.905781191033541], "60": [0.0005047727814113371, 2.9117367607449243], "61": [0.002200446628858826, 2.9279882806989765], "62": [0.004910152803994177, 2.9538442676721073], "63": [0.008529573611196611, 2.9881890511817426], "64": [0.012909583358144587, 3.0295137896395663], "65": [0.017857317909567225, 3.075968809398062], "66": [0.023142853084935487, 3.1254413969749537], "67": [0.028512186503653503, 3.1756583386725126], "68": [0.033704992426470404, 3.2243059567481227], "69": [0.03847373894470358, 3.269154920912912], "70": [0.042600191931270216, 3.3081755011707252], "71": [0.04590639188218653, 3.33963205626345], "72": [0.04825930243127888, 3.362151743263541], "73": [0.04957044328293913, 3.3747686772121357], "74": [0.04979307505217035, 3.3769486542247407], "75": [0.04891959795149329, 3.3686002943604634], "76": [0.046980949729248454, 3.3500766387732304], "77": [0.04404835630901851, 3.3221679876660986], "78": [0.04023625599156603, 3.2860832712512114], "79": [0.035704037296343985, 3.2434146631759306], "80": [0.030653846022142557, 3.196079655527746], "81": [0.02532245050037145, 3.146237324008255], "82": [0.019966953315862224, 3.0961809195308203], "83": [0.014846380271998322, 3.0482154969692656], "84": [0.010202827181171542, 3.0045340821257276], "85": [0.006246032023414671, 2.967106387586984], "86": [0.0031438599563054846, 2.9375900333698337], "87": [0.0010189806235168719, 2.9172677542964576], "88": [-4.9957843808390114e-05, 2.9070082138443736], "89": [-2.5348067905707738e-05, 2.9072448705196083], "90": [0.0010916309370789452, 2.917967270214665], "91": [0.003261051785796985, 2.9387213918352777], "92": [0.00640206498633117, 2.96861907880836], "93": [0.010390009864026115, 3.0063599773617478], "94": [0.015055342671792944, 3.0502716085016153], "95": [0.02018706252566112, 3.0983730618272087], "96": [0.025542315102275493, 3.1484645649852236], "97": [0.030861877989967666, 3.1982392957330403], "98": [0.035889028514691605, 3.245407361856967], "99": [0.0403879237156352, 3.2878179025721352]}