{"0": [-2.878268809412256e-06, 4.630712560887547], "1": [-0.00021244515004749327, 4.609171197373654], "2": [-0.0009563487526648254, 4.554516818965575], "3": [-0.002792106168119163, 4.466832474750628], "4": [-0.006591827499382882, 4.346296191776185], "5": [-0.013468268487609741, 4.19328393471764], "6": [-0.024611431371560764, 4.008624772458236], "7": [-0.04097825745576208, 3.794170904216068], "8": [-0.06280025720205053, 3.553838534251591], "9": [-0.08902507009961741, 3.2949093265968714], "10": [-0.11713049732612837, 3.0284792695546776], "11": [-0.14382682620701087, 2.7676272392616865], "12": [-0.1663745423161915, 2.5239692112736782], "13": [-0.18345660892443216, 2.3054123513858586], "14": [-0.1951246315665258, 2.116303425786115], "15": [-0.20226065137398117, 1.9587085860819275], "16": [-0.2060537225926669, 1.83354105267559], "17": [-0.2076570913721173, 1.7412043466053573], "18": [-0.20800354982910824, 1.6818852000474769], "19": [-0.20771984047161562, 1.6556708462217749], "20": [-0.20709341230046105, 1.6625931268498217], "21": [-0.20606294902011454, 1.702641904720802], "22": [-0.20422040361362107, 1.77575983494472], "23": [-0.2008275925585614, 1.8818159372342835], "24": [-0.1948658684188784, 2.0205368080037682], "25": [-0.18515412858373806, 2.191333329750426], "26": [-0.1705876188681488, 2.392891719013721], "27": [-0.15055102921453178, 2.6223480047988295], "28": [-0.12547878009451832, 2.8740298015861585], "29": [-0.09727549496322206, 3.138443272633237], "30": [-0.06903458088766184, 3.4030104345899037], "31": [-0.04388494751763296, 3.6550866252751644], "32": [-0.023804553570553052, 3.88504597928889], "33": [-0.009286812607105493, 4.087118750685624], "34": [0.00025759561158008747, 4.258403116163066], "35": [0.005933484639260575, 4.397583738242757], "36": [0.008936982889914147, 4.504082090137894], "37": [0.010309255137708525, 4.577635177496631], "38": [0.010814461564445377, 4.618118580100337], "39": [0.010888080281384329, 4.625478266469739], "40": [0.010619387213376559, 4.599706458743854], "41": [0.009749002798206155, 4.54083920651833], "42": [0.007677997983590539, 4.4489725918109935], "43": [0.0035003237954116468, 4.324309051290202], "44": [-0.003913625554080587, 4.167274873271166], "45": [-0.015736996414340374, 3.9788079495342337], "46": [-0.03285262902903388, 3.760984854465807], "47": [-0.0553415866056635, 3.5181197004232425], "48": [-0.08194673505143642, 3.2580258713848367], "49": [-0.10998898989142114, 2.9922087761965988], "50": [-0.13619221607113416, 2.7337114060114196], "51": [-0.15799477431931658, 2.4936859448789934], "52": [-0.17429151459925865, 2.2794901051519214], "53": [-0.18527915940678039, 2.0950837814116006], "54": [-0.19190228599003673, 1.9423306489885142], "55": [-0.19535407908924082, 1.8220561387205951], "56": [-0.1967593917620991, 1.7346296638089649], "57": [-0.19700721866299925, 1.6802246818955742], "58": [-0.19667441121488505, 1.6589219455793258], "59": [-0.1959967488081151, 1.670747999887848], "60": [-0.19486133344620335, 1.7156856676102266], "61": [-0.19281034457254106, 1.7936660770769761], "62": [-0.18906146025593923, 1.9045375524674213], "63": [-0.18256582136655597, 2.047985539617141], "64": [-0.17214136167779398, 2.223332317453287], "65": [-0.1567356683669767, 2.429074521507494], "66": [-0.13586642380010328, 2.66198372446323], "67": [-0.11018400711879753, 2.915825181630171], "68": [-0.08181611431423935, 3.1805244902223477], "69": [-0.05393681764557149, 3.4432932962410474], "70": [-0.029540678920207345, 3.691838972923291], "71": [-0.010361663384565697, 3.9171695345937145], "72": [0.0033126867148896974, 4.1140531855277045], "73": [0.012182316274376067, 4.2799041425337645], "74": [0.01738235637025803, 4.413555295839589], "75": [0.020090329472006136, 4.514488693316716], "76": [0.02130388641205423, 4.582464989258769], "77": [0.02173287105543801, 4.617370135311224], "78": [0.02175469135339784, 4.619156697523208], "79": [0.021399849665195866, 4.587823915453688], "80": [0.020351240355569126, 4.523418263070655], "81": [0.017956268311660483, 4.426053637724761], "82": [0.013266156283169083, 4.295966362636764], "83": [0.005133077501681507, 4.133654132661951], "84": [-0.00758685128157773, 3.940210448754581], "85": [-0.025668541242365284, 3.7180292919759577], "86": [-0.04898561922061229, 3.471971111065303], "87": [-0.07601554727991992, 3.210538967554493], "88": [-0.10390051270730262, 2.9457044277512074], "89": [-0.12941635740607962, 2.6903728773159417], "90": [-0.1502454074356338, 2.455060113895417], "91": [-0.16554610894059937, 2.2464392443734598], "92": [-0.17568574132891662, 2.0680099829068688], "93": [-0.18167733028418404, 1.9214004923935264], "94": [-0.18471304619951864, 1.8073343492946357], "95": [-0.1858787445483136, 1.726140418623607], "96": [-0.18600666413807762, 1.6779753174127119], "97": [-0.18560997757677508, 1.6629108202034115], "98": [-0.1848588336429356, 1.6809659068463418], "99": [-0.18357501771886856, 1.732113644232941]}