{"0": [-1.1714015875032395e-05, 3.3691313526475573], "1": [-0.0007709329181496295, 3.3643192607083514], "2": [-0.0026789518544576016, 3.35224778285394], "3": [-0.005685085263006773, 3.3332898669579336], "4": [-0.009706103836525147, 3.3080376910011347], "5": [-0.01462459468378079, 3.277291620783197], "6": [-0.02028859645026999, 3.2420420532640226], "7": [-0.026513748072417218, 3.20344238345309], "8": [-0.033088783972905864, 3.1627722311031783], "9": [-0.03978445124868413, 3.121391627331668], "10": [-0.0463650141486161, 3.080688708025072], "11": [-0.05260075721019062, 3.042024979763387], "12": [-0.05827959364482228, 3.0066828316301097], "13": [-0.06321615592256484, 2.9758194125682786], "14": [-0.06725747958558734, 2.950429505520817], "15": [-0.07028530254706682, 2.93131818040022], "16": [-0.0722157771377529, 2.919082416193193], "17": [-0.07299782286282043, 2.91409994699882], "18": [-0.0726113780913781, 2.916523402316347], "19": [-0.0710665012515698, 2.926278246619836], "20": [-0.06840374562711428, 2.943063848640463], "21": [-0.06469561702715551, 2.9663579898823453], "22": [-0.06004834844883055, 2.995426029474613], "23": [-0.05460281970117115, 3.0293365476599483], "24": [-0.048533339198571245, 3.066985356682088], "25": [-0.042043280588829425, 3.107129115100189], "26": [-0.03535722476536492, 3.148428406093707], "27": [-0.028710148766631496, 3.189498325942809], "28": [-0.022335043362193146, 3.2289629327622618], "29": [-0.01645081532442187, 3.2655089550247225], "30": [-0.011252245159523328, 3.2979343396286285], "31": [-0.006903161518893894, 3.3251884566689394], "32": [-0.0035331035239353275, 3.346402582295465], "33": [-0.0012368937055011772, 3.3609110134118736], "34": [-7.598903575469488e-05, 3.3682643399238423], "35": [-8.032022314246069e-05, 3.3682368212704707], "36": [-0.001249539328819116, 3.3608295567017414], "37": [-0.0035530656979981395, 3.346270413304179], "38": [-0.0069289204571532734, 3.32501072158327], "39": [-0.011281941651954062, 3.297717793366431], "40": [-0.016482447057049456, 3.265261587947058], "41": [-0.022366630502311594, 3.228693587499039], "42": [-0.0287398323800868, 3.189216351415396], "43": [-0.03538328206181769, 3.1481433767596654], "44": [-0.042064068736660944, 3.1068506142594132], "45": [-0.048547204802465334, 3.0667227943696216], "46": [-0.05460802352085739, 3.0290989691007364], "47": [-0.06004304901216286, 2.9952218764020326], "48": [-0.06467793517169593, 2.9661948008845105], "49": [-0.06837190398427842, 2.942947914608145], "50": [-0.07101900881216285, 2.9262142609439326], "51": [-0.07254721712973192, 2.916514155762837], "52": [-0.07291659519344793, 2.914146114071941], "53": [-0.07211777659936745, 2.919182467286415], "54": [-0.07017149698549831, 2.9314684365995474], "55": [-0.06712940485110278, 2.9506243335516427], "56": [-0.06307574334932563, 2.9760515378423475], "57": [-0.05812896783014754, 3.00694372978084], "58": [-0.05244204878158537, 3.042305295258202], "59": [-0.046200228828635115, 3.0809786475212033], "60": [-0.039615420288272404, 3.1216812891024373], "61": [-0.03291719491751785, 3.163051858506484], "62": [-0.026341227183008308, 3.2037025611721304], "63": [-0.020116795813950834, 3.2422738867402012], "64": [-0.014455236045851645, 3.277486941666372], "65": [-0.009540947800064816, 3.308189313803855], "66": [-0.00552582132841263, 3.333391893457624], "67": [-0.002527031094387906, 3.3522959239609658], "68": [-0.0006273823803156404, 3.3643111298488044], "69": [0.00012302319550698313, 3.3690666827336346], "70": [-0.00029494433029971043, 3.366416927856591], "71": [-0.0018703053523521512, 3.356443344477088], "72": [-0.004561557204344916, 3.3394533803531035], "73": [-0.008295194548837133, 3.315975821006905], "74": [-0.012963944651255051, 3.286751453306797], "75": [-0.018425897153811988, 3.25271719128335], "76": [-0.024505807780990693, 3.2149817858045266], "77": [-0.030999567640008805, 3.17479191559275], "78": [-0.0376821621467855, 3.1334888509967476], "79": [-0.044318550125340146, 3.092457700752758], "80": [-0.05067606074495455, 3.053072932827563], "81": [-0.05653644741422187, 3.016644779285901], "82": [-0.061705840754610226, 2.9843709190322634], "83": [-0.06602146486033779, 2.957296569611036], "84": [-0.06935487384944773, 2.936284309178721], "85": [-0.0716123077477369, 2.9219932298230358], "86": [-0.07273331020510117, 2.9148658738473516], "87": [-0.07268889555481559, 2.9151210065861], "88": [-0.07148033324790952, 2.922750554063586], "89": [-0.06913914214234983, 2.937519769229336], "90": [-0.06572828530491898, 2.9589706473821984], "91": [-0.06134395650809713, 2.9864295622639583], "92": [-0.05611688093601006, 3.0190208118846], "93": [-0.05021184378963551, 3.0556880097553316], "94": [-0.04382431789336749, 3.095224825730939], "95": [-0.03717361545081788, 3.13631540210115], "96": [-0.030492835636176212, 3.177583038414393], "97": [-0.024016767943273887, 3.2176439421734946], "98": [-0.017969520129974263, 3.255161618774367], "99": [-0.012553725280864955, 3.288897309212616]}