{"0": [1.1818721425446469e-05, 5.038474914336608], "1": [0.000744491921158344, 5.003544880998236], "2": [0.0022608231165320036, 4.914615778652319], "3": [0.003610497057723584, 4.771079674844081], "4": [0.003188949990040117, 4.572078627518645], "5": [-0.0012196946774284127, 4.316612492294638], "6": [-0.012092934696403488, 4.004202371118607], "7": [-0.03112120273502831, 3.6379105824570575], "8": [-0.05714126219835346, 3.231928899440853], "9": [-0.08469697588379478, 2.8176862933427027], "10": [-0.10708067920270092, 2.4316021290645695], "11": [-0.12115629715308583, 2.095465763733318], "12": [-0.1276467936961794, 1.8159275401851], "13": [-0.12889831931766335, 1.5933146928729733], "14": [-0.12734709244655232, 1.4266167027453533], "15": [-0.12491553054790948, 1.3148664488551542], "16": [-0.12286813649141232, 1.2573509494004942], "17": [-0.12183985891525477, 1.253672672403214], "18": [-0.12188850418307125, 1.3038172964871604], "19": [-0.12249977305737289, 1.4081538916243164], "20": [-0.12253988074056382, 1.5673576436457657], "21": [-0.120217319314669, 1.7823290360538087], "22": [-0.11318857704892872, 2.0540184425150527], "23": [-0.09906267953857818, 2.382325443480635], "24": [-0.0767435218869945, 2.7618719283510726], "25": [-0.048635984238488666, 3.173523365282479], "26": [-0.021085628475968645, 3.58221757246434], "27": [-8.598937254055338e-05, 3.9544935557017005], "28": [0.012538839025104803, 4.273779338356446], "29": [0.018206389836420457, 4.536072234434066], "30": [0.019388059973066057, 4.741704496540006], "31": [0.01839703036191708, 4.891709643164533], "32": [0.01696123749977433, 4.98697073205839], "33": [0.016150241670370036, 5.028102713605109], "34": [0.016420678994414937, 5.015387277117713], "35": [0.017657981839709336, 4.94871911916771], "36": [0.019163133268204714, 4.827633653969477], "37": [0.019599695153806048, 4.651391440314064], "38": [0.016983687884982168, 4.419058923374191], "39": [0.00888038226850771, 4.129832966175872], "40": [-0.006880650623708311, 3.7848321269920215], "41": [-0.030527427148497245, 3.392811912323085], "42": [-0.05825022072480911, 2.9785635666394037], "43": [-0.08322016566623464, 2.579112629901796], "44": [-0.10060651563380736, 2.2231530319052024], "45": [-0.10985545506644918, 1.922279779325499], "46": [-0.11290759311983194, 1.6784794285882232], "47": [-0.11225898062503024, 1.4910224936314584], "48": [-0.11005448564960943, 1.358910434488005], "49": [-0.10780820127900528, 1.2813543470284563], "50": [-0.10638503609733137, 1.2578482288577777], "51": [-0.10605319130941465, 1.2882369862689467], "52": [-0.10650985674989807, 1.3727472936197647], "53": [-0.10685055784986768, 1.5119341596328475], "54": [-0.10551935702733968, 1.706597491405264], "55": [-0.10034636540282897, 1.95767720391998], "56": [-0.0888754958828151, 2.265636831220652], "57": [-0.06935981073151588, 2.627634185116556], "58": [-0.04276172863822347, 3.030237957857836], "59": [-0.01428865901566619, 3.4429768951982602], "60": [0.009354768222990436, 3.829373288533549], "61": [0.024822238718788307, 4.166744604388344], "62": [0.032670191250598654, 4.4477817224721], "63": [0.03518013129910111, 4.671894000177401], "64": [0.034781485469709134, 4.840003410786371], "65": [0.03341263764715371, 4.953036057275504], "66": [0.032358881752653064, 5.011677598204521], "67": [0.032272319328238944, 5.016312562076352], "68": [0.03322138090196308, 4.966961069624953], "69": [0.03469664276374306, 4.86327768229613], "70": [0.03556669729749998, 4.704623605450544], "71": [0.03404502440024689, 4.4901453692967355], "72": [0.02780289454372419, 4.218963088469273], "73": [0.01448408091131805, 3.8913131308967777], "74": [-0.006945160433326977, 3.5128288830853402], "75": [-0.03402032453637322, 3.102922863051057], "76": [-0.06042745326894433, 2.6965839378509844], "77": [-0.08028874112789343, 2.326855466947959], "78": [-0.09185589123423185, 2.010047646236856], "79": [-0.09655396175675739, 1.7501444075895127], "80": [-0.0968318727855826, 1.5468747920639134], "81": [-0.09497475015403366, 1.3992673792387762], "82": [-0.09268456268844213, 1.3064905019556932], "83": [-0.09100707406539794, 1.2679720772871317], "84": [-0.09037392262856646, 1.2834620226350064], "85": [-0.09064010552936771, 1.3530793389196862], "86": [-0.09106858290648125, 1.477281395728199], "87": [-0.09028079003917398, 1.6567836459904117], "88": [-0.0862600353496976, 1.89247482798745], "89": [-0.07657960473167318, 2.185024652016746], "90": [-0.05918034807778482, 2.5328578025784285], "91": [-0.034119743720121706, 2.926081102844468], "92": [-0.005540765948342351, 3.3385091970336576], "93": [0.019768274370787715, 3.7332363499700865], "94": [0.03737129771292073, 4.0831270251159335], "95": [0.04700652756956267, 4.377694188032914], "96": [0.05069319344575727, 4.615266741607943], "97": [0.05089608699871198, 4.796568709221553], "98": [0.049694062016238084, 4.922532581221966], "99": [0.048531205710071613, 4.993882276582828]}