{"0": [3.539522162389455e-05, 2.226328306170528], "1": [0.0023656926457149433, 2.2497995345055846], "2": [0.008555279103735533, 2.309194141443614], "3": [0.01927103286639057, 2.4039615122919242], "4": [0.03536733525837303, 2.5328993176594587], "5": [0.05749253599460649, 2.6934541418457716], "6": [0.08546935290868256, 2.8804559089826367], "7": [0.11764257455376935, 3.084690616411784], "8": [0.15082643849679453, 3.2929076062348313], "9": [0.1813847421261679, 3.4906950841922995], "10": [0.2067244846894266, 3.6664030224664086], "11": [0.2258957574342551, 3.8127623499475667], "12": [0.23918131446731722, 3.9259956544059555], "13": [0.24740119031415336, 4.004321835048088], "14": [0.25138348054401355, 4.0469333664611815], "15": [0.2516618244929393, 4.053502934996564], "16": [0.24833830124823367, 4.024001237563378], "17": [0.2410632672239222, 3.958675209557278], "18": [0.22912362433017208, 3.8581614744064336], "19": [0.2116718852969886, 3.72383558429716], "20": [0.18815754391337708, 3.558600958304628], "21": [0.15897394551118268, 3.368232844190225], "22": [0.1260595086839614, 3.1626940078856975], "23": [0.09277061982271946, 2.9556777472940694], "24": [0.06264595666906628, 2.7613335209086425], "25": [0.03799894459625986, 2.590568250976818], "26": [0.01952406719459791, 2.449948757088207], "27": [0.006804827769022446, 2.3428188204151685], "28": [-0.0010048223983009814, 2.2707443080735157], "29": [-0.004693638133594678, 2.234431268193112], "30": [-0.004724154902290152, 2.2341504171101403], "31": [-0.001118219910956233, 2.2698848285829505], "32": [0.006544849426482482, 2.3413299243420203], "33": [0.01901876218276926, 2.44774895150739], "34": [0.037130572300386355, 2.5875625293628093], "35": [0.06130953380466184, 2.7574628876643397], "36": [0.09091994171010498, 2.951006398971965], "37": [0.12373546058416439, 3.1574716770978433], "38": [0.1562655472800981, 3.3628190352180325], "39": [0.185117743447264, 3.5532894432253674], "40": [0.20827611000226157, 3.718768727394984], "41": [0.22529075725760636, 3.853372456967347], "42": [0.2366944796820934, 3.954158815494122], "43": [0.24334578527094658, 4.019757881214179], "44": [0.2459853109959599, 4.049557407521561], "45": [0.2449992906416792, 4.043342037656136], "46": [0.24032719805033048, 4.001177453110909], "47": [0.23147889827467422, 3.923433141626827], "48": [0.2176674234116849, 3.8109631995652986], "49": [0.1981023897543634, 3.665587160494976], "50": [0.17250201014539004, 3.49107809996209], "51": [0.1417700371958929, 3.294609691862461], "52": [0.10841771899721583, 3.0876518566495865], "53": [0.07602451931831877, 2.884471473099367], "54": [0.047788663195024915, 2.698310628114957], "55": [0.025417050508798337, 2.5384567089185066], "56": [0.009129819194658925, 2.410140448454403], "57": [-0.0017035877186741713, 2.315934833110571], "58": [-0.007940587135914652, 2.25703239824716], "59": [-0.010265186687350058, 2.233958507277287], "60": [-0.008982529515221164, 2.2468738409959514], "61": [-0.003948250122001057, 2.2956606840460796], "62": [0.005394464421997199, 2.3798756602866007], "63": [0.01985645067226153, 2.498526334601906], "64": [0.04017218183115519, 2.6495101437978312], "65": [0.06644713778824163, 2.828521449306307], "66": [0.09748588400919544, 3.0276000288565252], "67": [0.13050474499004736, 3.234562085618641], "68": [0.16188852827566957, 3.43505358436213], "69": [0.18867833636757844, 3.616468582758833], "70": [0.20948092379201716, 3.7703636599838886], "71": [0.2242875215634578, 3.8921256029521096], "72": [0.23380721101083785, 3.979516599028659], "73": [0.23888295713269864, 4.031504011839762], "74": [0.24013399587814552, 4.047643303693372], "75": [0.23778009700860975, 4.027828418620061], "76": [0.23159240351314409, 3.9722333278025226], "77": [0.22095161144097977, 3.8813864347526117], "78": [0.20503477590170793, 3.7564440952019136], "79": [0.18318585680068958, 3.599842135208255], "80": [0.1555067201599939, 3.416491402625808], "81": [0.12350422275054868, 3.2151853273584363], "82": [0.09021094623313047, 3.008758254129595], "83": [0.05921822496918404, 2.811494562050637], "84": [0.03320570674728616, 2.635257874523556], "85": [0.013255518325697418, 2.487647609201123], "86": [-0.0008136067000865507, 2.372701515058164], "87": [-0.009769709610337785, 2.292355528621781], "88": [-0.014428300080721499, 2.247498529324347], "89": [-0.015336169105740106, 2.238499348194726], "90": [-0.012624042910618865, 2.2654087448821763], "91": [-0.005978895867457564, 2.327991081452513], "92": [0.005275204146036392, 2.4256190729078404], "93": [0.02195881319271469, 2.5569413517600683], "94": [0.044623520079602894, 2.719130560638327], "95": [0.07292763832546419, 2.906594371304453], "96": [0.10503925670106203, 3.1096750199370176], "97": [0.13771254297800936, 3.3149825343048653], "98": [0.1674436920137126, 3.508469770745073], "99": [0.19186499022748363, 3.679103410598561]}