{"0": [-6.0463369823529634e-06, 3.353523137381109], "1": [-0.0003966684366452501, 3.3445610626219], "2": [-0.0013672012603457007, 3.3223611333095513], "3": [-0.002862192112898638, 3.2883330356874287], "4": [-0.004791535821183082, 3.244662176653827], "5": [-0.0070319883140605634, 3.194189629466863], "6": [-0.009433452110918752, 3.1402354641726933], "7": [-0.01183073087314665, 3.086371258140595], "8": [-0.01405893248816471, 3.036162267617684], "9": [-0.01596883525627926, 2.992910250735664], "10": [-0.017438544304160305, 2.959427746928087], "11": [-0.018379648004942923, 2.9378638438435476], "12": [-0.018738602886562768, 2.9295867517851715], "13": [-0.01849575454437927, 2.9351177219322313], "14": [-0.017664489655477966, 2.9541079605100236], "15": [-0.016291701827011503, 2.985354256614748], "16": [-0.014458833257325013, 3.026856084026544], "17": [-0.012281212836986986, 3.0759220447035704], "18": [-0.009903118218668358, 3.1293323824523136], "19": [-0.007487317854080898, 3.183555109680455], "20": [-0.005200282581629971, 3.2349988816201285], "21": [-0.0031964295197455914, 3.2802734245917056], "22": [-0.001605274872083037, 3.316425536683964], "23": [-0.0005238774887445746, 3.3411272388849396], "24": [-1.4446123232250766e-05, 3.352807180154248], "25": [-0.00010498579462502283, 3.350728740122163], "26": [-0.0007903579916869245, 3.3350232134602518], "27": [-0.002032150284102261, 3.3066838366155586], "28": [-0.003757609927089339, 3.267519668584003], "29": [-0.005859623440672234, 3.2200622935577115], "30": [-0.008200391075562702, 3.167417585003657], "31": [-0.01062051306890147, 3.113062002293706], "32": [-0.012952944680563362, 3.0605965436032174], "33": [-0.015038889171263914, 3.013485125478517], "34": [-0.016741681335697256, 2.9748097984273083], "35": [-0.01795575442755152, 2.9470692233183255], "36": [-0.018610181201088184, 2.932033034277557], "37": [-0.018668532143545247, 2.9306511533953006], "38": [-0.018127707719710912, 2.9430101274492126], "39": [-0.017017716983530853, 2.9683295120303144], "40": [-0.015402639642658209, 3.004997475145751], "41": [-0.01338115491246963, 3.0506514764502994], "42": [-0.011084015795053467, 3.1023122960085754], "43": [-0.008666367158070202, 3.156574498697815], "44": [-0.006294814137845987, 3.209843941606869], "45": [-0.004131649935674739, 3.2585984998880764], "46": [-0.0023201250350359244, 3.2996399411986452], "47": [-0.0009741010292877058, 3.330308032946641], "48": [-0.00017324548309791075, 3.3486405029369473], "49": [3.7505120505391657e-05, 3.3534768425793753], "50": [-0.00035320122024102305, 3.3445129105931937], "51": [-0.0013236895350433673, 3.3223141923129904], "52": [-0.0028185052534644957, 3.2882903238528685], "53": [-0.004747548571629335, 3.2446264733596326], "54": [-0.006987590911524431, 3.194163285036093], "55": [-0.009388561586345927, 3.140220225712251], "56": [-0.011785300422395381, 3.0863681352744643], "57": [-0.01401295596640942, 3.036171459085316], "58": [-0.015922345661410854, 2.992931140981589], "59": [-0.017391607523794133, 2.9594589666692395], "60": [-0.018332354644381595, 2.93790337805945], "61": [-0.018691060888798475, 2.9296320768421498], "62": [-0.018448083864314256, 2.935165959052459], "63": [-0.01761681841657446, 2.9541560406029594], "64": [-0.016244162126615357, 2.985399096766456], "65": [-0.014411554686857146, 3.026894775769392], "66": [-0.01223431294321857, 3.075952048113557], "67": [-0.009856691073880895, 3.1293517106079802], "68": [-0.0074414236048604265, 3.183562480348642], "69": [-0.005154941188897572, 3.234993813030873], "70": [-0.0031516204768491044, 3.280256261887282], "71": [-0.0015609422750329691, 3.316397410775464], "72": [-0.0004799379099644104, 3.3410899720360883], "73": [2.9203631422611623e-05, 3.3527631569309317], "74": [-6.150878373611878e-05, 3.3506807584583678], "75": [-0.0007469268450244693, 3.334974322877441], "76": [-0.00198863221208613, 3.3066371642426398], "77": [-0.003713871979829187, 3.2674782321326408], "78": [-0.005815541340061406, 3.220028805027028], "79": [-0.008155860525519034, 3.167394258009745], "80": [-0.010575461026834, 3.1130503848808684], "81": [-0.012907337254150256, 3.0605974010563255], "82": [-0.014992733772998918, 3.0134983904467028], "83": [-0.016695023022526758, 2.9748345911752776], "84": [-0.017908668574008173, 2.947103930734205], "85": [-0.018562765512535606, 2.932075429323846], "86": [-0.01862090021823655, 2.930698538587459], "87": [-0.01807998459860629, 2.9430594931481986], "88": [-0.016970035419600907, 2.968377707564684], "89": [-0.01535513501013732, 3.005041393865674], "90": [-0.013333957159201378, 3.0506882528094548], "91": [-0.011037238475622305, 3.102339504428562], "92": [-0.008620095615587025, 3.1565903341958315], "93": [-0.00624909614820204, 3.2098473570925274], "94": [-0.004086491662395961, 3.258589279473706], "95": [-0.0022754930829382266, 3.2996187020672734], "96": [-0.0009299289667900754, 3.330276163561008], "97": [-0.00012944187454630202, 3.348600054844789], "98": [8.104975726432173e-05, 3.3534303934776784], "99": [-0.0003097929353736169, 3.344463410058438]}