{"0": [-1.1701230212681712e-05, 3.991366965451856], "1": [-0.0007804697441940101, 3.963969674842525], "2": [-0.0028054879225121315, 3.8952338293050706], "3": [-0.0062459165947949405, 3.787403902724237], "4": [-0.011245178479127885, 3.644485519178795], "5": [-0.017785231486596175, 3.4727325918684233], "6": [-0.025549355310808364, 3.281016716792131], "7": [-0.03388960985544114, 3.0806113365474195], "8": [-0.04197194522886684, 2.884031592104357], "9": [-0.04904204356784555, 2.703241557292889], "10": [-0.05463864576062318, 2.548148174769709], "11": [-0.058633508283917474, 2.426017026250014], "12": [-0.06112557602899654, 2.3416708777309574], "13": [-0.062288915139167206, 2.297978746070616], "14": [-0.062249069225169304, 2.296281440892088], "15": [-0.06101686150643672, 2.33662105559695], "16": [-0.05848467009720636, 2.4177508788056814], "17": [-0.05448518787365503, 2.5369265400100267], "18": [-0.04890877199409963, 2.6894991386213705], "19": [-0.04185442390817505, 2.868427014822913], "20": [-0.033745626039275424, 3.0640331742236233], "21": [-0.025311264371006503, 3.2644973815598606], "22": [-0.01738959840688708, 3.4572844592694403], "23": [-0.010659216539006517, 3.6309511313239073], "24": [-0.005473696246754614, 3.776396229248164], "25": [-0.0018755857185887496, 3.887157909881574], "26": [0.00027289724763194514, 3.9590738109849144], "27": [0.0011411800446738212, 3.9897865252503717], "28": [0.0008231662960611053, 3.9783727531086788], "29": [-0.0007095952838909959, 3.925181745606634], "30": [-0.0035922064568154437, 3.831893681960163], "31": [-0.007988590589756569, 3.7017942797502084], "32": [-0.013959465157330132, 3.540226632286933], "33": [-0.021312809292670466, 3.3550487536852835], "34": [-0.029519775691343862, 3.1566983415606162], "35": [-0.03779030027426488, 2.95740032025463], "36": [-0.04530938926422635, 2.769527483885878], "37": [-0.051490716082340175, 2.603878293017048], "38": [-0.05608647349162312, 2.468721656322592], "39": [-0.0591264638817933, 2.369751102225314], "40": [-0.0607725978484579, 2.310516831372787], "41": [-0.06117925314838761, 2.2928994701055907], "42": [-0.060404194998852564, 2.3174189901392226], "43": [-0.05838124498389554, 2.3833276806376533], "44": [-0.05495544497034283, 2.4884836058887974], "45": [-0.04997937367067848, 2.629013249817342], "46": [-0.04345645865925137, 2.7988305215386453], "47": [-0.03568076102308826, 2.9892497206145143], "48": [-0.027279244278365766, 3.1891484892861324], "49": [-0.01907899717874252, 3.386062647098288], "50": [-0.011845766720261275, 3.5679563038177338], "51": [-0.006062801691779492, 3.7247697771765154], "52": [-0.0018787752788356233, 3.8490679771281195], "53": [0.000793703544644845, 3.9358816969817414], "54": [0.0021268717485471004, 3.982226973593711], "55": [0.002251387879640357, 3.98667115470127], "56": [0.0011862519013841472, 3.9490900102795203], "57": [-0.0011689848124818165, 3.870643518486492], "58": [-0.0049796148234841926, 3.75397013292814], "59": [-0.01036214542418726, 3.6035812283387934], "60": [-0.017234542043920543, 3.4263485782617953], "61": [-0.02519583935054639, 3.2317740395570898], "62": [-0.033534253637742206, 3.0315563129314325], "63": [-0.04141265845577121, 2.8382183408010633], "64": [-0.04813721074110847, 2.6633021452411136], "65": [-0.05333259543046856, 2.516065962570259], "66": [-0.056938873396051644, 2.403129607694306], "67": [-0.05908574304364141, 2.3287862640599117], "68": [-0.05994327144486617, 2.295495490497111], "69": [-0.0596115615775026, 2.304264362683388], "70": [-0.05807011597212226, 2.354822279911985], "71": [-0.05518961351391866, 2.4455764234695123], "72": [-0.05080577490666942, 2.5733509776175785], "73": [-0.044848263562238526, 2.7329451572831815], "74": [-0.037490422613769434, 2.916669832512874], "75": [-0.02923982922741103, 3.114246413978443], "76": [-0.02087410098659013, 3.3135384827926844], "77": [-0.013212493309530336, 3.5021497278733333], "78": [-0.006859071379136016, 3.6691637426666492], "79": [-0.002082049525411782, 3.806156524128145], "80": [0.001134264957347128, 3.907290132812314], "81": [0.0029468300245132865, 3.9688983082301865], "82": [0.0035126277591004075, 3.9890093547805265], "83": [0.0028962541706143937, 3.96702599999991], "84": [0.0010389030902175239, 3.9036195195934695], "85": [-0.002210261143838662, 3.800842926227292], "86": [-0.007001490225507988, 3.6624555505412015], "87": [-0.013343477764907154, 3.4943976406265786], "88": [-0.020961755303127175, 3.3051907937123364], "89": [-0.029248309711377683, 3.1058193517054176], "90": [-0.03738341090431385, 2.9086936372916585], "91": [-0.04459245555179352, 2.7259039037123816], "92": [-0.05037330596209763, 2.567639314002011], "93": [-0.05455900828180685, 2.4414832473546757], "94": [-0.05722613114405643, 2.352534929982334], "95": [-0.058544671285725935, 2.3038808950091014], "96": [-0.058649369522636614, 2.2970354615969235], "97": [-0.05756627909161289, 2.3321951271164796], "98": [-0.05520142590701005, 2.408275254657536], "99": [-0.051391767738015674, 2.522728621495789]}