{"0": [-1.2268689450361179e-05, 1.1642249974124905], "1": [-0.000786678022719773, 1.192535400199953], "2": [-0.0025284732694611576, 1.2646691522723998], "3": [-0.004611158375288212, 1.381254595618919], "4": [-0.0059504221688393396, 1.5431401809800496], "5": [-0.004972159361172505, 1.7512554007308114], "6": [0.00029650203535306566, 2.0063852277298566], "7": [0.011850504215982967, 2.3083770324737674], "8": [0.030796902518164134, 2.6536556923632864], "9": [0.05586571756131879, 3.0303176366955267], "10": [0.08259072828516399, 3.4150406054835694], "11": [0.10539331177745644, 3.7805424172757935], "12": [0.12103139012119427, 4.108080159677965], "13": [0.1293948127916419, 4.389967011939613], "14": [0.13212661487826097, 4.624619555878602], "15": [0.1313090845294661, 4.812517607816669], "16": [0.1287981661941417, 4.954583897894864], "17": [0.12598906065215876, 5.0517337101966335], "18": [0.12379072899503422, 5.104723519598662], "19": [0.12267754930965631, 5.114022962913575], "20": [0.12274087593256737, 5.079712103874785], "21": [0.12370041801130462, 5.001461917020608], "22": [0.1248682093043211, 4.878612746506825], "23": [0.12509039171763547, 4.710306538400763], "24": [0.12272684483126707, 4.495627698181257], "25": [0.11577246547996166, 4.233869397357356], "26": [0.10229544427561423, 3.9254926378042363], "27": [0.08144277613263537, 3.574968407296557], "28": [0.05495176072398595, 3.1958597131615747], "29": [0.027650935131544273, 2.8128059636266824], "30": [0.00494406545256514, 2.452446942134431], "31": [-0.010425765734520974, 2.131744805940937], "32": [-0.018706623202645878, 1.857152062195415], "33": [-0.021667079220147486, 1.6297816658805626], "34": [-0.02137945253573089, 1.4490451114984626], "35": [-0.019635889416568506, 1.3140184888100714], "36": [-0.017755894681329248, 1.2238133176324741], "37": [-0.016578190231496776, 1.1777175763440333], "38": [-0.01651542663661939, 1.1753223328046916], "39": [-0.017600724649376405, 1.2166139332379224], "40": [-0.019491165925473713, 1.3019772218791021], "41": [-0.02142609900626794, 1.4321051272717191], "42": [-0.022170896855692016, 1.6078645312695143], "43": [-0.020012484299568728, 1.830150330417999], "44": [-0.012919791680260964, 2.0995574990810186], "45": [0.0009402990887747717, 2.4151982099172304], "46": [0.022087053731246673, 2.7714303829594855], "47": [0.04823001448897061, 3.152718146635252], "48": [0.07420012074631158, 3.533183943782999], "49": [0.09488763260016568, 3.8872654746836255], "50": [0.10812108424227979, 4.20003036196085], "51": [0.114514021068183, 4.46628441499625], "52": [0.11594716679413487, 4.685362365413832], "53": [0.11446765909436826, 4.8579482647126815], "54": [0.11179066526870753, 4.9849617552292], "55": [0.10914944470100771, 5.067259207842055], "56": [0.10730399706627847, 5.105500178590874], "57": [0.10659750261019772, 5.100023557535883], "58": [0.10699633692879124, 5.050768923957947], "59": [0.10808467819384053, 4.9572917118512905], "60": [0.10901742412527139, 4.818865401775301], "61": [0.10846831960288826, 4.634616683494094], "62": [0.10464707656839356, 4.403682716924391], "63": [0.0955103187613792, 4.125631391156896], "64": [0.079374242679053, 3.8019422028385623], "65": [0.05615080127170722, 3.4397684142646408], "66": [0.028760023180389293, 3.056902166080304], "67": [0.0026410103814025706, 2.6802009318678937], "68": [-0.017532774458908735, 2.3336342675448623], "69": [-0.030216352076006946, 2.0299235859226297], "70": [-0.036377222782279416, 1.773041390831863], "71": [-0.037985866301198955, 1.5632503307543102], "72": [-0.0370458984943909, 1.39978922886238], "73": [-0.035181911666882316, 1.28174944996013], "74": [-0.033531006307856576, 1.2083132687486524], "75": [-0.03276669055603706, 1.1788827807709983], "76": [-0.033155180607618115, 1.1931987235967796], "77": [-0.03458722819806119, 1.251402221106877], "78": [-0.03656308544012768, 1.3539996304519712], "79": [-0.038140954537856174, 1.501749616007571], "80": [-0.037892994486105135, 1.6955274496455381], "81": [-0.033951549314852, 1.9361452713251863], "82": [-0.024284985971996593, 2.223795043191079], "83": [-0.007428921726408302, 2.556177594689594], "84": [0.01615873320616767, 2.924222428679313], "85": [0.04287695799364695, 3.307685039800134], "86": [0.06714576489562664, 3.679202654085893], "87": [0.08488034905406858, 4.016943950326835], "88": [0.09519071255702263, 4.31048300647806], "89": [0.09936831109141947, 4.55697639072287], "90": [0.0994435822611274, 4.756503332744637], "91": [0.09735616535739706, 4.909880989586029], "92": [0.09462662147501093, 5.017999306607074], "93": [0.09228685825396181, 5.081629401060738], "94": [0.09091683362900763, 5.1012971883328895], "95": [0.09069838102367679, 5.077172832145327], "96": [0.09143715265127862, 5.00902939554032], "97": [0.09253758496004721, 4.896298790964259], "98": [0.09294867463902039, 4.738193512756518], "99": [0.09113280408417182, 4.533843726192692]}