{"0": [-1.1251601791114551e-05, 1.090248373511317], "1": [-0.0007325957910643101, 1.106987739948279], "2": [-0.0024665879706137414, 1.1496195638818973], "3": [-0.004942871548467315, 1.2184846475058662], "4": [-0.007692170553431723, 1.3140714770041593], "5": [-0.010013005208529024, 1.436949924021972], "6": [-0.010948506134162844, 1.587697647920752], "7": [-0.009298477805829892, 1.7668139296985577], "8": [-0.003703308258365471, 1.974573436556331], "9": [0.007148688255512094, 2.210696916821679], "10": [0.02413009102313635, 2.473636986238675], "11": [0.04709063385766756, 2.75935043258992], "12": [0.07430226953880704, 3.060002140149441], "13": [0.10251798454250201, 3.364068712672929], "14": [0.12806318934256325, 3.6590030048593634], "15": [0.1482841445283608, 3.9347850539747298], "16": [0.1621984950519565, 4.185441359952599], "17": [0.17019779498434137, 4.408279747655474], "18": [0.17342318818139305, 4.602487746735486], "19": [0.17325540930191954, 4.768125005580002], "20": [0.17101084913981546, 4.905609717005738], "21": [0.16779650008904207, 5.015495192557686], "22": [0.16446360938555774, 5.098363284262436], "23": [0.16161512009851844, 5.154748914223081], "24": [0.1596358520100058, 5.185071167354289], "25": [0.15872454555890272, 5.189575140639109], "26": [0.15891489081067048, 5.168296015593708], "27": [0.16007914130538814, 5.121053635565103], "28": [0.16191333779420058, 5.047479055970389], "29": [0.16390841699205894, 4.947067285250285], "30": [0.16531753652426476, 4.81924529712801], "31": [0.16513739690352938, 4.6634466743345255], "32": [0.16213056202827383, 4.479203623012178], "33": [0.15492785973298956, 4.266315346977115], "34": [0.14226517527687854, 4.025231981299136], "35": [0.12341267371520598, 3.757861219076705], "36": [0.09877947583175266, 3.4688683896454773], "37": [0.07040585088236401, 3.166846015075819], "38": [0.04172165834211803, 2.8637652459307525], "39": [0.016304618802969573, 2.571932142247331], "40": [-0.003488539569278432, 2.300643390823], "41": [-0.01697057830673709, 2.0551682852229685], "42": [-0.02471676810627788, 1.8377561371607984], "43": [-0.027942433109611368, 1.6490045103567839], "44": [-0.028031726744295996, 1.4887652695670361], "45": [-0.026268081664717377, 1.3565879848203382], "46": [-0.023711520224428132, 1.2519117003999736], "47": [-0.021165032850681935, 1.1741617856281188], "48": [-0.019188040954251282, 1.1228235622852345], "49": [-0.018128027723236333, 1.0975097881421856], "50": [-0.018151087777591196, 1.0980152706273956], "51": [-0.019259835655096272, 1.124347268646412], "52": [-0.021293360736715734, 1.1767245781960063], "53": [-0.02390925558295728, 1.2555452754065088], "54": [-0.0265531102493678, 1.361330172575016], "55": [-0.02842718374706497, 1.4946532372909023], "56": [-0.02847773439963867, 1.6560653764927715], "57": [-0.025430163763125357, 1.84599366281383], "58": [-0.017913949755396615, 2.0645429992287823], "59": [-0.004734367186159574, 2.311043298633389], "60": [0.014656482879114693, 2.583136661112065], "61": [0.03954297431362344, 2.875421049990812], "62": [0.06754975947724445, 3.1784889956095266], "63": [0.09509819232398913, 3.4800056355331304], "64": [0.11877450501424179, 3.768071030187325], "65": [0.13656493134431238, 4.034220569025183], "66": [0.14808825431194791, 4.273913831316783], "67": [0.15409658792705722, 4.485333806462164], "68": [0.15586871194103405, 4.668085433664936], "69": [0.15478248892477497, 4.822398582942969], "70": [0.15208065926921613, 4.948752819917921], "71": [0.1487704673103511, 5.047714406446669], "72": [0.1456024266019225, 5.119847573526188], "73": [0.1430893003213899, 5.165642435623643], "74": [0.14153859086646645, 5.185449443831643], "75": [0.1410810090370415, 5.179429152460055], "76": [0.1416847605864054, 5.147528176202076], "77": [0.14315150567041357, 5.089487044152401], "78": [0.14509513302924976, 5.004878389969282], "79": [0.14691002089051747, 4.893167146209312], "80": [0.1477420781013595, 4.753781542343544], "81": [0.14648399382228997, 4.5861918691355665], "82": [0.14182635399932883, 4.39002426494733], "83": [0.13240991897677842, 4.1652993510046885], "84": [0.1171382623304653, 3.9129708371815304], "85": [0.0956926292881364, 3.6359556108550737], "86": [0.06914436285824216, 3.3405119798138077], "87": [0.040212706374426366, 3.0368859005343234], "88": [0.012568669306007708, 2.7376363835216933], "89": [-0.010614376943466572, 2.4540702924339985], "90": [-0.02770504897409586, 2.1937284613121153], "91": [-0.03862927567150529, 1.9604201099811276], "92": [-0.044302632532527704, 1.7555530943905246], "93": [-0.046053323625864034, 1.5793374371286082], "94": [-0.04524184275041874, 1.4314700630710122], "95": [-0.043062207842813956, 1.3114462026885048], "96": [-0.04046333012197981, 1.2186973761519693], "97": [-0.03813948116320419, 1.1526737219050551], "98": [-0.03655405179030447, 1.1129146837198904], "99": [-0.035972167034789095, 1.0991119226507224]}