{"0": [1.8757288940956505e-05, 2.653293761254549], "1": [0.0012375022767130096, 2.6653531015838627], "2": [0.004327602363361655, 2.695614507127627], "3": [0.009269557370898155, 2.743148941243157], "4": [0.015998981239125066, 2.8064207264162535], "5": [0.02436751991304572, 2.8832438951028547], "6": [0.034107215666990376, 2.970763120259958], "7": [0.04481503835923936, 3.0654988417329854], "8": [0.055971838512489894, 3.1634906670484644], "9": [0.06699804370566712, 3.2605423953181294], "10": [0.07733076104496302, 3.3525253634923176], "11": [0.08649502373493406, 3.4356651318366693], "12": [0.09414524907687889, 3.506745742560749], "13": [0.10006881813257193, 3.563208144221215], "14": [0.10416011823518287, 3.6031623068803005], "15": [0.10638142342475981, 3.625352443173098], "16": [0.10672631338714357, 3.629111986540846], "17": [0.10519642020683365, 3.614332295553568], "18": [0.10179695247754215, 3.581456520950345], "19": [0.09655191212437236, 3.5315004137021737], "20": [0.08953561925135908, 3.466092937441933], "21": [0.08091219080805474, 3.387518395678087], "22": [0.07096924270276378, 3.2987285356969527], "23": [0.06012896597433441, 3.203284558628388], "24": [0.048923493432636016, 3.1051978956049213], "25": [0.03793470335879526, 3.0086728732221224], "26": [0.027716221867884624, 2.9178010159217482], "27": [0.01872541802048064, 2.836283354322104], "28": [0.011287508072119713, 2.767241609306055], "29": [0.005597160580314539, 2.71313452604071], "30": [0.0017474580298443595, 2.6757552359577854], "31": [-0.00023050524910758635, 2.6562695165740093], "32": [-0.0003325008632655014, 2.6552598963024354], "33": [0.0014395170097685288, 2.6727536526522497], "34": [0.005078928946235033, 2.708224861933766], "35": [0.010556511955360434, 2.760570006746827], "36": [0.01778710861076671, 2.8280657355168866], "37": [0.026590057206004564, 2.9083289615032224], "38": [0.03665780641063518, 2.9983126414071775], "39": [0.04754953771698743, 3.094377365874657], "40": [0.058721484813513525, 3.1924663652632606], "41": [0.06959122484496996, 3.288374024129745], "42": [0.07961593066556483, 3.378052172157045], "43": [0.08835662947342213, 3.457877394977125], "44": [0.09550842334206577, 3.5248240651746285], "45": [0.10089393968588915, 3.5765338251506194], "46": [0.10443174546379408, 3.611309659005585], "47": [0.10609660595665674, 3.628074924205773], "48": [0.10588603826876677, 3.6263306350555413], "49": [0.1038022998548402, 3.6061309685972502], "50": [0.09985383664231273, 3.5680853065707194], "51": [0.09407585569069184, 3.5133860263080385], "52": [0.08656526144447187, 3.4438519252374653], "53": [0.07751999376833979, 3.361965145880933], "54": [0.0672677111853143, 3.270866589431456], "55": [0.05626719371419593, 3.1742700636286396], "56": [0.04507239159518027, 3.076271694128126], "57": [0.03426449854780552, 2.981071506458602], "58": [0.024374091310886317, 2.8926683148224956], "59": [0.015821074482702674, 2.8146040518546496], "60": [0.008890186968585106, 2.7498067036626894], "61": [0.0037422195546126347, 2.7005343442703182], "62": [0.00044784144349419377, 2.668388714474124], "63": [-0.0009728357557903818, 2.654358165388132], "64": [-0.0005186865183779001, 2.6588585578471404], "65": [0.0018076810056997176, 2.6817540778221147], "66": [0.00599551795745539, 2.7223511215589657], "67": [0.012002830634651787, 2.779367326391332], "68": [0.019720058694800504, 2.8508874522708765], "69": [0.028931308401853047, 2.934330225712103], "70": [0.039288755051161466, 3.0264626577086653], "71": [0.05031645549070349, 3.1235007277317526], "72": [0.06145181493830331, 3.2213151914090914], "73": [0.07211663995072115, 3.3157184926827266], "74": [0.0817939637826192, 3.4027669313768043], "75": [0.0900834935459774, 3.479003574422855], "76": [0.09672038459185056, 3.54159932966794], "77": [0.10155966232157218, 3.588396136855887], "78": [0.10454053801544849, 3.617886648193823], "79": [0.10564732682367059, 3.6291700011957646], "80": [0.10487993308930395, 3.621913123849822], "81": [0.1022414296645926, 3.596333741637603], "82": [0.09774540372234596, 3.5532105189211607], "83": [0.0914414731519353, 3.493916950341526], "84": [0.08345275454969993, 3.420465635731148], "85": [0.07401370423375625, 3.335536834425312], "86": [0.06349225271534413, 3.242453504999506], "87": [0.05238057706385957, 3.1450653246668168], "88": [0.04124829863133793, 3.0475281954615454], "89": [0.030668857084605757, 2.954010364930233], "90": [0.02114435139044927, 2.8683949328645215], "91": [0.013055048143038388, 2.7940506649931023], "92": [0.00664626146779725, 2.733706786687718], "93": [0.002047958452773521, 2.689421760583001], "94": [-0.0006880783805471134, 2.662609450262335], "95": [-0.0015499390302329153, 2.6540839829565144], "96": [-0.0005382928610785194, 2.6640958924483975], "97": [0.0023431419185819965, 2.6923451756759853], "98": [0.007077347673654576, 2.737967199530672], "99": [0.013606214916207376, 2.799496181392175]}