{"0": [-1.3962630462462003e-05, 0.48732158849403107], "1": [-0.0009218716896082944, 0.4967879130719484], "2": [-0.0032272616729101485, 0.5210389635587881], "3": [-0.0069248322798623006, 0.5606436893358019], "4": [-0.011986316242169743, 0.6164928083687632], "5": [-0.018331182645262158, 0.6897628161204548], "6": [-0.02578235207134875, 0.7818599472256221], "7": [-0.0340059687230289, 0.8943440850739783], "8": [-0.04243834434550121, 1.0288410377472665], "9": [-0.05021028381348849, 1.1869626741206332], "10": [-0.056088207728854, 1.3702595959502395], "11": [-0.058461543599033286, 1.58021432680067], "12": [-0.05541923798077544, 1.8182241125431822], "13": [-0.04498549027958573, 2.0854003964117447], "14": [-0.025633946305098035, 2.3818225790790586], "15": [0.002792726751374238, 2.7047815530112955], "16": [0.03795338591003109, 3.0462598649905943], "17": [0.0747762928006734, 3.3922048444882513], "18": [0.10735611538214719, 3.726724088927377], "19": [0.13168809588377955, 4.038232408626143], "20": [0.14663204733191537, 4.32138308643517], "21": [0.15309406901843683, 4.575047416735419], "22": [0.15290333487701896, 4.799956532149959], "23": [0.1480696438758658, 4.997426883380623], "24": [0.14040707880631476, 5.16891454278328], "25": [0.13137946720785423, 5.315931821578829], "26": [0.12206959745196148, 5.440050819047039], "27": [0.11321628363808076, 5.542883597564104], "28": [0.10528342278411948, 5.626020408548021], "29": [0.09853631743796393, 5.690945040838413], "30": [0.09311007111034472, 5.738951294689885], "31": [0.08906320707750763, 5.771075467308505], "32": [0.08641543724694645, 5.78804929402176], "33": [0.08517133839565824, 5.790271426241468], "34": [0.08533225679555347, 5.777793616576661], "35": [0.08689800938916038, 5.750318807614573], "36": [0.08985862166867606, 5.707210719496626], "37": [0.09417493895688403, 5.647517114175644], "38": [0.09974592825028808, 5.570010563566926], "39": [0.10636050469178704, 5.473249815385915], "40": [0.11363369334037618, 5.355660054846899], "41": [0.12093175549171727, 5.2156209252936465], "42": [0.12729864878126765, 5.051540518601133], "43": [0.13140565988212305, 4.861892133106353], "44": [0.13155643010129744, 4.645215854318371], "45": [0.12579514458773364, 4.4001596757631045], "46": [0.11219845314009103, 4.125775037531893], "47": [0.08948203362941094, 3.822476702603783], "48": [0.05801605186377082, 3.4940743436794826], "49": [0.02087185481064753, 3.150185951320742], "50": [-0.01641950329372072, 2.8058968792871926], "51": [-0.048216467379467394, 2.476495540662833], "52": [-0.07123724562319006, 2.171968404539016], "53": [-0.08496369082822622, 1.8963583720616541], "54": [-0.09062424145531897, 1.6501540079463424], "55": [-0.0901434342520423, 1.432406803291333], "56": [-0.0855045101828997, 1.2417505459793339], "57": [-0.0784410544665722, 1.0767196467094169], "58": [-0.07032046873328446, 0.9357934916983692], "59": [-0.06213425893424367, 0.8173936156179962], "60": [-0.05454584812558934, 0.7199147476343457], "61": [-0.04796325159840726, 0.6417947755969918], "62": [-0.04261435101893158, 0.5816011568371585], "63": [-0.038611839204513776, 0.5381114248367881], "64": [-0.03600269955191684, 0.5103757289615042], "65": [-0.03480208861966266, 0.4977589693638664], "66": [-0.03501365263717225, 0.49996521555295503], "67": [-0.03663844467542864, 0.5170480806458029], "68": [-0.03967364196667004, 0.5494091990267034], "69": [-0.04410086993226309, 0.5977844077875506], "70": [-0.049862604906993895, 0.6632148295967787], "71": [-0.05682436982284549, 0.7469990288265322], "72": [-0.06472101443923563, 0.8506243629620883], "73": [-0.07308825373358936, 0.9756821024002846], "74": [-0.08118652256438637, 1.1237814040962129], "75": [-0.08793271703915802, 1.2964861724186814], "76": [-0.09186512661794038, 1.4952931015669153], "77": [-0.09117814909676514, 1.7216297389149386], "78": [-0.08388337062843056, 1.9767572013035353], "79": [-0.06819471025912134, 2.26129683033274], "80": [-0.043277302333075286, 2.573920870189358], "81": [-0.010360871873344585, 2.908998497822812], "82": [0.026482334299373148, 3.254695531487409], "83": [0.061349350231480096, 3.595094200763513], "84": [0.08924098495291267, 3.9163641064928703], "85": [0.10791087916679508, 4.210778918003182], "86": [0.117591031235651, 4.475840980868121], "87": [0.1198511883264575, 4.71174075469999], "88": [0.11668647406420517, 4.919635879576227], "89": [0.11001354909394027, 5.10093681899103], "90": [0.10144274779755973, 5.257122229608345], "91": [0.09220632660522946, 5.38972719966798], "92": [0.08317337986172578, 5.500337834031954], "93": [0.07490940561429031, 5.590544710441691], "94": [0.06775179857063243, 5.6618641406429155], "95": [0.061882389536691465, 5.715651716685077], "96": [0.05738710005270631, 5.7530272729883185], "97": [0.05429966502528541, 5.774819557465471], "98": [0.052630309654007404, 5.781530756641972], "99": [0.05238159185026682, 5.773317537921727]}