{"0": [-1.0087193749013729e-05, 4.532460017925334], "1": [-0.000719887010821344, 4.499457475137947], "2": [-0.0030297306453663537, 4.415706061724741], "3": [-0.008256638595350916, 4.281211957266888], "4": [-0.018377107374364984, 4.095955104059176], "5": [-0.03562901882634079, 3.860419619825412], "6": [-0.06152992694871027, 3.5778828008305807], "7": [-0.0950280789071448, 3.259827195636066], "8": [-0.13103406424569236, 2.930756143570782], "9": [-0.16266983792298978, 2.620954354353335], "10": [-0.1858784524791238, 2.351415037093518], "11": [-0.2005143347837893, 2.1306108302730724], "12": [-0.2084653506630982, 1.9605336677845826], "13": [-0.21199633623159866, 1.8413144129190486], "14": [-0.2129604424734809, 1.7728669034809412], "15": [-0.21249567885599066, 1.7551754342029406], "16": [-0.21092267043084964, 1.788237526492471], "17": [-0.20772524158929953, 1.8720240954570557], "18": [-0.20158869790655223, 2.0065239387714047], "19": [-0.19054352172314376, 2.19174265927884], "20": [-0.1723676533005718, 2.427157648783396], "21": [-0.14557350753137285, 2.709406311052321], "22": [-0.1112519439761575, 3.0268811259082007], "23": [-0.07450335990606471, 3.3550343223111505], "24": [-0.042158386574016216, 3.6637256203762476], "25": [-0.018216534667451885, 3.932140433059847], "26": [-0.002801933035361006, 4.151876068260192], "27": [0.005967477145208533, 4.320939436682253], "28": [0.010340988520519106, 4.43918369105863], "29": [0.012154372941650721, 4.506683982466349], "30": [0.012528784663276964, 4.5234518063898355], "31": [0.011769160165989976, 4.489489637038297], "32": [0.009345490810678746, 4.404828423037357], "33": [0.003933055059752857, 4.269483749356595], "34": [-0.006439038411502905, 4.083466488606116], "35": [-0.0239748754106244, 3.8473594546543226], "36": [-0.05010635625796664, 3.5646952588610623], "37": [-0.08364381578746638, 3.2473974260348153], "38": [-0.1194169331029578, 2.9202498679878808], "39": [-0.15065613141992504, 2.6132015786064784], "40": [-0.17348695049535662, 2.3466683495167677], "41": [-0.18785633065758844, 2.1288257476127184], "42": [-0.19565688634152917, 1.9616109097532202], "43": [-0.19911998943726217, 1.8451753323466706], "44": [-0.20005394600103177, 1.7794550905144264], "45": [-0.1995501911520118, 1.7644434825099007], "46": [-0.1978843212799385, 1.8001375165840343], "47": [-0.19449906376353363, 1.8865040051691397], "48": [-0.18804770721691466, 2.023523353427474], "49": [-0.17655034599523847, 2.2111650533545912], "50": [-0.1578243737150518, 2.448760984703918], "51": [-0.13052136619442492, 2.732517284324644], "52": [-0.0959900919739558, 3.05000067869768], "53": [-0.05952448235581936, 3.3760161686105703], "54": [-0.027813264537846338, 3.680873117971004], "55": [-0.004539503224762504, 3.944770396120511], "56": [0.010360451360820337, 4.159904600828195], "57": [0.018803883296947446, 4.324445887098486], "58": [0.023001102976122678, 4.438248221542713], "59": [0.024722731328728802, 4.501364284892383], "60": [0.0250177118448703, 4.513795739135394], "61": [0.024118833538280624, 4.475546774107412], "62": [0.021428416252823147, 4.386653224238913], "63": [0.015566315740002853, 4.247138613346068], "64": [0.0045370336660761935, 4.057057902733954], "65": [-0.013814854008700559, 3.817195052551468], "66": [-0.04072288733981496, 3.531707554107227], "67": [-0.07461731344008998, 3.2137381985631395], "68": [-0.11003461855562136, 2.8890431707825077], "69": [-0.14039642402883626, 2.5869558079445145], "70": [-0.16227615636131118, 2.3264512609021044], "71": [-0.17589422119292733, 2.114832936907393], "72": [-0.1832033498909819, 1.9537807080487934], "73": [-0.1863884035703961, 1.8434271524413992], "74": [-0.18717177985588743, 1.7837307805101377], "75": [-0.18654718755200003, 1.7746948374602898], "76": [-0.18469132116755738, 1.8163130876954021], "77": [-0.18095328635147026, 1.9085466444554686], "78": [-0.17390873930856604, 2.0513677634220353], "79": [-0.16154148423073617, 2.2446898456913846], "80": [-0.14173213142472962, 2.48757467052746], "81": [-0.11339861452698555, 2.7753827688146493], "82": [-0.07839558280716366, 3.0940544218986963], "83": [-0.04239123520997021, 3.4171574607900124], "84": [-0.011811542474442447, 3.7158559784307594], "85": [0.01023652680837025, 3.9722049325328905], "86": [0.024163067923286645, 4.179506902859545], "87": [0.03196284136252692, 4.336263879334711], "88": [0.03578925717184518, 4.442362026657618], "89": [0.03730549164399338, 4.497831710613976], "90": [0.037437260489846906, 4.502665322237575], "91": [0.03629206332775079, 4.456872146474039], "92": [0.03315338922584468, 4.360494494141912], "93": [0.02654280242383888, 4.213565158780601], "94": [0.014420282731952871, 4.016212921933597], "95": [-0.005284409780226797, 3.7695796300137556], "96": [-0.03345851301315685, 3.478926128620007], "97": [-0.06789688669850497, 3.1594431737540347], "98": [-0.10270640921949481, 2.83830508460853], "99": [-0.1316699860326538, 2.5436631088136217]}