{"0": [-3.528011721985966e-05, 3.682665678522232], "1": [-0.002332165770001396, 3.6614704369018454], "2": [-0.008194086016070686, 3.60844763742888], "3": [-0.017638725500599632, 3.5257762634888508], "4": [-0.030491902964409207, 3.4174013278162123], "5": [-0.046163044913815024, 3.2895049043003026], "6": [-0.06351078464421406, 3.150656987938159], "7": [-0.08096516781278854, 3.01112613238384], "8": [-0.09692045528043933, 2.881308669245788], "9": [-0.11015434811356468, 2.7700770733873767], "10": [-0.12000027500658281, 2.683938569227514], "11": [-0.12624339635592757, 2.62709409522555], "12": [-0.1288978508682948, 2.6018998117029035], "13": [-0.12801397436545067, 2.6092895095652793], "14": [-0.12358506715016544, 2.648976590929032], "15": [-0.11557211827679166, 2.7193996823911166], "16": [-0.10404197248046104, 2.8174204546034507], "17": [-0.08938372344525154, 2.937855091225775], "18": [-0.07250201345259517, 3.0731242771234593], "19": [-0.05481887825186761, 3.2135375625430425], "20": [-0.03797994769347391, 3.3485419202578677], "21": [-0.023407315201734443, 3.4684671720249662], "22": [-0.01200294533063774, 3.5657739649223332], "23": [-0.004148788221039434, 3.63533324191954], "24": [9.927186010110335e-05, 3.674068933150297], "25": [0.0007935442606119259, 3.6804843420873974], "26": [-0.002044783248994826, 3.6543582701346327], "27": [-0.008451263792794893, 3.596690474642016], "28": [-0.01842625481886477, 3.5099021756346533], "29": [-0.031744339935152466, 3.3982528293943837], "30": [-0.04773407283490066, 3.268291287285268], "31": [-0.06517447847219827, 3.1289049674122644], "32": [-0.08246434327013463, 2.990477210040996], "33": [-0.09803794632106848, 2.863242324732994], "34": [-0.11075777765505729, 2.7557215947734557], "35": [-0.12003881288935334, 2.6740387233078957], "36": [-0.1257152515407925, 2.6220751624750984], "37": [-0.12781585028409376, 2.6019443198759435], "38": [-0.12638456052187041, 2.6143842803179163], "39": [-0.12140541971975995, 2.6589200074223847], "40": [-0.11284554692189142, 2.7337694084766677], "41": [-0.1008083997450081, 2.835508035967039], "42": [-0.0857542713215562, 2.958596265626823], "43": [-0.06867430161920016, 3.095094787541502], "44": [-0.05104807794843843, 3.2350931670216547], "45": [-0.03451083318053382, 3.3680852478796606], "46": [-0.020412386977630214, 3.484693692126712], "47": [-0.009565644129045368, 3.5777701165760503], "48": [-0.0022874445499897838, 3.642541591294372], "49": [0.0013947833264432588, 3.6762082545685426], "50": [0.0015338232906174484, 3.6774869367056375], "51": [-0.001859498756614719, 3.646345414451972], "52": [-0.008823196216447702, 3.583988422557346], "53": [-0.019334987458570367, 3.4930957759605605], "54": [-0.033111503905169495, 3.3782600766085915], "55": [-0.04939615528133078, 3.2464063099657525], "56": [-0.06689131320271224, 3.1067240815434376], "57": [-0.0839748440577057, 2.969671165142093], "58": [-0.09913175853409684, 2.8452773778721627], "59": [-0.11131356252495817, 2.7416905794376945], "60": [-0.12001449765189423, 2.6646489159526157], "61": [-0.1251130237126711, 2.6177200502826614], "62": [-0.12664851832314178, 2.6027787309635246], "63": [-0.12465685382964048, 2.620366256817839], "64": [-0.11911400990547033, 2.6698118071583843], "65": [-0.10999749915296678, 2.7490985394064387], "66": [-0.0974539546694126, 2.8544970282870614], "67": [-0.08202087239691606, 2.980096518271556], "68": [-0.06477637333248155, 3.1176014774970886], "69": [-0.04724966221200583, 3.256913740787352], "70": [-0.031053681577222065, 3.3876201521576053], "71": [-0.017458462028795873, 3.500668918336695], "72": [-0.0071878235818787824, 3.5893119199759154], "73": [-0.0004978561751274773, 3.649128124469803], "74": [0.0026077486429773133, 3.6775881196504825], "75": [0.0021794145185826098, 3.6736207984430806], "76": [-0.0017824521538566376, 3.637387515321564], "77": [-0.00931526563748574, 3.570309334831012], "78": [-0.020368198564329545, 3.475342248773799], "79": [-0.034593060791988366, 3.357430586196076], "80": [-0.051144669904582524, 3.223881609043774], "81": [-0.06865334095784151, 3.084166000294231], "82": [-0.08548751084847764, 2.94877135913706], "83": [-0.10019330665362328, 2.827481149357406], "84": [-0.11181432354973106, 2.7280508595788286], "85": [-0.11992089793704429, 2.65583351919201], "86": [-0.12443066429716199, 2.614089500210112], "87": [-0.12538974112230838, 2.604458741626283], "88": [-0.12282460801081678, 2.6272838915480463], "89": [-0.11670496197586251, 2.6816898153827817], "90": [-0.10702362261890062, 2.7654095156636833], "91": [-0.09397737211291284, 2.8743890646706864], "92": [-0.07818652467151853, 3.0023330801607235], "93": [-0.06081522294878896, 3.140598808652372], "94": [-0.04343277151124515, 3.2789382922541668], "95": [-0.027617632547009906, 3.407078947843768], "96": [-0.0145535326407483, 3.516324439786495], "97": [-0.004876304092307129, 3.6003330185553164], "98": [0.0012137995182430177, 3.6550298288122596], "99": [0.003732076821766246, 3.678150058944769]}