{"0": [9.240348889210794e-06, 4.995420911746996], "1": [0.0005868764289328701, 4.970626880898162], "2": [0.0018326245294729693, 4.907561614319148], "3": [0.0031437048526753316, 4.805928866373702], "4": [0.0035116877840637136, 4.665327261931841], "5": [0.0015221590073936876, 4.485327824696578], "6": [-0.004554669718646989, 4.265635297550061], "7": [-0.016477569767484792, 4.006602021685902], "8": [-0.03539927184222262, 3.7106648733775187], "9": [-0.06081627688039255, 3.385180713029724], "10": [-0.08967304260633474, 3.0451463582682767], "11": [-0.1171011436972444, 2.7110538006724716], "12": [-0.1389729026809787, 2.4010631648500764], "13": [-0.1536713308391391, 2.1257245806768625], "14": [-0.1617560384830737, 1.889171496633949], "15": [-0.164834893226615, 1.6923563665443295], "16": [-0.16472145167664826, 1.5351243891451933], "17": [-0.1630094999550116, 1.4170525248648294], "18": [-0.1609105082807964, 1.3377118111668191], "19": [-0.15922315653125638, 1.2967592029690553], "20": [-0.15835418499614828, 1.2939983915345639], "21": [-0.15834213173565004, 1.3294204064560826], "22": [-0.15885961578003124, 1.4032048522969243], "23": [-0.15919233857292625, 1.5156795012176603], "24": [-0.15821551238457174, 1.667256213948145], "25": [-0.15441207373595509, 1.8583421070875696], "26": [-0.14600674373683664, 2.089116258095041], "27": [-0.13133532409040374, 2.358820723545846], "28": [-0.10960369532471247, 2.663938626640805], "29": [-0.08199580373981362, 2.995088301782807], "30": [-0.05225867050965321, 3.3351716090033414], "31": [-0.025320293242188267, 3.663524182635009], "32": [-0.004661059217884288, 3.963964490677509], "33": [0.008827479811496529, 4.228093392410741], "34": [0.016113624597673556, 4.452979412928101], "35": [0.018924874128341984, 4.63812035013162], "36": [0.01903650527778367, 4.783787448325595], "37": [0.017938331424566332, 4.89041230035054], "38": [0.016720556841185973, 4.958399861657974], "39": [0.016064109455800446, 4.988051591584178], "40": [0.016265626037055017, 4.979509312067994], "41": [0.017256099459793933, 4.932724808419105], "42": [0.018595515749508254, 4.847471818531698], "43": [0.01944831027209491, 4.723395286354052], "44": [0.018567194835090107, 4.560079853776904], "45": [0.014337600612160894, 4.357160183387691], "46": [0.004968515726437347, 4.114641595351255], "47": [-0.011035318471714347, 3.8338761918792215], "48": [-0.03398229562999881, 3.5198237284151346], "49": [-0.06190327458627574, 3.184218140142971], "50": [-0.09045046457799313, 2.8459891049015975], "51": [-0.11489408025866235, 2.525179230172323], "52": [-0.13253908564426226, 2.235588517451115], "53": [-0.14318184098025286, 1.9835917738321], "54": [-0.14812075318115261, 1.771127840092734], "55": [-0.14914792178335487, 1.5983616027731782], "56": [-0.1479700193670735, 1.4649461029021926], "57": [-0.14595746619704045, 1.3704538615229098], "58": [-0.1440714585832926, 1.314510747965202], "59": [-0.14287024257775444, 1.2968634936684695], "60": [-0.1425348884039756, 1.3174296276270752], "61": [-0.14288107675266207, 1.3763153991944046], "62": [-0.14334628865167462, 1.4737905305744656], "63": [-0.14296434491146193, 1.61023170681883], "64": [-0.1403622940710606, 1.7860474994533553], "65": [-0.13384112227958753, 2.001528698289917], "66": [-0.12164036609221479, 2.2563791510377915], "67": [-0.10253505190865236, 2.548386371627554], "68": [-0.0768494905032133, 2.8707157898414986], "69": [-0.04740191416969751, 3.209071388170085], "70": [-0.01895333414391716, 3.5432648475870603], "71": [0.004242106747778823, 3.8547241541827155], "72": [0.02035241559456573, 4.132242343166298], "73": [0.029786139820224083, 4.371238401781737], "74": [0.03408653827182016, 4.57055211286781], "75": [0.03505756332389416, 4.730257085017373], "76": [0.03430987203730745, 4.850743208436134], "77": [0.03308135378441214, 4.9324230568094585], "78": [0.03219788110233896, 4.975632650234056], "79": [0.03209050745306484, 4.98057028349184], "80": [0.032818781256414166, 4.947255252823931], "81": [0.034074370697623015, 4.875524247745412], "82": [0.03516188042892425, 4.765068965006323], "83": [0.03497640532053801, 4.615498485580894], "84": [0.03202104736096133, 4.426427158791926], "85": [0.0245370029777702, 4.1976930372022165], "86": [0.010863177332979718, 3.9300465822576296], "87": [-0.009822309182740087, 3.6269232337047916], "88": [-0.03640942233665423, 3.2974955617588813], "89": [-0.06524560323014408, 2.958593064049686], "90": [-0.09144151794655085, 2.6307849429549854], "91": [-0.1114719384202675, 2.3304091994077356], "92": [-0.12437366107074092, 2.0660883481344947], "93": [-0.13106372845514638, 1.8409069667351556], "94": [-0.13324463956844648, 1.6554468875899662], "95": [-0.1326839209931743, 1.5094771977581791], "96": [-0.13087251241637446, 1.4025903881749069], "97": [-0.12890514732598152, 1.334398427844334], "98": [-0.12746734133643553, 1.304611232387985], "99": [-0.1268585091206974, 1.3130919569676682]}