{"0": [-1.249423108729122e-05, 4.3914146693511755], "1": [-0.0008593604394914584, 4.359537670424099], "2": [-0.0033319957375812425, 4.278836203286921], "3": [-0.00824185404829646, 4.149941583793502], "4": [-0.016718755728925033, 3.974202134776679], "5": [-0.02984230638216764, 3.754561035168362], "6": [-0.04797566930508957, 3.497467183846049], "7": [-0.06994183656967574, 3.2155160909139835], "8": [-0.09281441469337479, 2.928020393742647], "9": [-0.11315490771273753, 2.6562080369021266], "10": [-0.12878567521486808, 2.4164282096617775], "11": [-0.1393418018444236, 2.217999794682856], "12": [-0.14563696542346566, 2.0653149180044257], "13": [-0.14885558718798655, 1.9603249835472039], "14": [-0.15002848033353922, 1.9039230269587422], "15": [-0.1497727384630517, 1.8964906426349262], "16": [-0.14818832309636307, 1.9380636808212917], "17": [-0.14484555950869432, 2.028344429922514], "18": [-0.13885433458483915, 2.1665892531856743], "19": [-0.12906167344338737, 2.3512173050322933], "20": [-0.1144744027705981, 2.578759116470976], "21": [-0.0949815788415479, 2.8417239733458977], "22": [-0.0721349249832394, 3.126070869009794], "23": [-0.049099315954553566, 3.4115807647617773], "24": [-0.029169522981272258, 3.6775879091418364], "25": [-0.014145193651687323, 3.9092020603157906], "26": [-0.0040862086188443265, 4.09832431935098], "27": [0.0019486532552932373, 4.241213557354964], "28": [0.005139711985320052, 4.33620046853356], "29": [0.006444489884475066, 4.382517254530885], "30": [0.006377302929028918, 4.379857355730851], "31": [0.004927703058299827, 4.328251370184364], "32": [0.001563721623081316, 4.228077273499279], "33": [-0.004677782976399052, 4.080211926420833], "34": [-0.014955740210908898, 3.8865218508980424], "35": [-0.03014241244325497, 3.651114916946434], "36": [-0.05005213893888604, 3.3826779503029996], "37": [-0.07274701199922592, 3.0967362697935843], "38": [-0.09488645119512444, 2.8141732354004083], "39": [-0.11339909884480628, 2.554786786040163], "40": [-0.12688121387718515, 2.3319355574215352], "41": [-0.1355515126871211, 2.1525788327533086], "42": [-0.14044964004122204, 2.0198833192151198], "43": [-0.1427326940962633, 1.9352725244043727], "44": [-0.1432737773401284, 1.8994002251365139], "45": [-0.14247795999152493, 1.9124986751292044], "46": [-0.140221109661096, 1.9744668311874372], "47": [-0.13586971706412287, 2.0848361503077566], "48": [-0.12839586911006268, 2.24256947229806], "49": [-0.11665659083050847, 2.445447441864837], "50": [-0.09994086586027197, 2.6885912638432368], "51": [-0.07877531941785729, 2.9619627499471104], "52": [-0.05547999895148209, 3.248571764969576], "53": [-0.03349123599563926, 3.527178629090527], "54": [-0.0155824443351465, 3.7791389290442408], "55": [-0.0027573111214850765, 3.9926487693436608], "56": [0.005449319417626724, 4.161791474760733], "57": [0.01014613725551267, 4.283900521919391], "58": [0.012448730535901667, 4.357765949152332], "59": [0.013135356293900103, 4.382838920881543], "60": [0.012495957898713017, 4.3589617587962195], "61": [0.01029026174518592, 4.286311071953951], "62": [0.0057855956919443665, 4.165459283009192], "63": [-0.002099218558653117, 3.99763906080182], "64": [-0.014463778224159405, 3.7855068948419968], "65": [-0.03181176638494191, 3.534865798675599], "66": [-0.05323460811836087, 3.257249324440857], "67": [-0.0760540322932756, 2.9710176248262514], "68": [-0.09683208458881752, 2.6974043987648835], "69": [-0.11315727659326429, 2.4536549548475137], "70": [-0.12441632903349466, 2.2500437857823474], "71": [-0.13128450096941482, 2.0915525466759313], "72": [-0.13491060660406565, 1.9804172561988733], "73": [-0.13635148595340063, 1.9176622292063927], "74": [-0.13628091028047473, 1.9037383555861314], "75": [-0.13486849502525727, 1.9387274276955728], "76": [-0.1317563915646933, 2.022370669214135], "77": [-0.1261171966365413, 2.1539743535422016], "78": [-0.11683196699429324, 2.3320644740507093], "79": [-0.10287822177763621, 2.553442627307927], "80": [-0.08401070544311014, 2.811209433892207], "81": [-0.061552988235770954, 3.09222027895772], "82": [-0.038494269867791864, 3.376928919236475], "83": [-0.018171068581800832, 3.6445039427590635], "84": [-0.0025842648360028695, 3.8792872037004305], "85": [0.00802084936463985, 4.072464812193733], "86": [0.014490728835583042, 4.219877996885324], "87": [0.017986449463446397, 4.319657783083574], "88": [0.0194900760877924, 4.370942033691498], "89": [0.019562107415630865, 4.373372796233362], "90": [0.01824742272368564, 4.32694660157334], "91": [0.015070452758703615, 4.232012994935133], "92": [0.009116086974443847, 4.089410035518941], "93": [-0.0007520182693004577, 3.9009125923160477], "94": [-0.015438485536850795, 3.6703894008736406], "95": [-0.0348757473107635, 3.406021737808095], "96": [-0.0573058203194652, 3.1226310250528533], "97": [-0.07950096122733641, 2.8406696376167697], "98": [-0.09833090313984745, 2.5801640546935887], "99": [-0.11223531232146988, 2.3550667040487014]}