{"0": [3.886745816290017e-06, 3.1029343278782515], "1": [0.0002551213954190851, 3.104208413131077], "2": [0.000880548191786455, 3.107379888231981], "3": [0.0018486067257909155, 3.1122881595168943], "4": [0.003110360407775913, 3.118684499568868], "5": [0.0046018880324281645, 3.1262444745043023], "6": [0.006247468891024619, 3.1345842857677764], "7": [0.007963426329407499, 3.143280253944901], "8": [0.009662434991941271, 3.151890455974498], "9": [0.011258046929694518, 3.159977360676799], "10": [0.012669165677144252, 3.167130224717159], "11": [0.013824203374768373, 3.1729860306727735], "12": [0.01466469223039742, 3.1772478664383144], "13": [0.015148177191416068, 3.1796998352407093], "14": [0.01525027641081437, 3.180217811601668], "15": [0.01496584671565569, 3.1787755873183245], "16": [0.014309226715394656, 3.1754461637990117], "17": [0.013313553107650547, 3.170398141882498], "18": [0.0120291654436593, 3.1638873502583773], "19": [0.010521142027200775, 3.156244054806148], "20": [0.008866051645932448, 3.1478563111887645], "21": [0.007148061385318742, 3.1391502529027266], "22": [0.005454600221478172, 3.1305683203069488], "23": [0.00387182659134056, 3.1225465965837005], "24": [0.0024801716294427464, 3.1154924909623065], "25": [0.0013502209509717884, 3.1097639809908455], "26": [0.0005391594367002171, 3.1056515005476433], "27": [8.794692228811428e-05, 3.1033633656415365], "28": [1.9333322415176526e-05, 3.103015402577738], "29": [0.00033677229434597776, 3.10462521526208], "30": [0.0010242584252514605, 3.108111317871065], "31": [0.0020470907154118865, 3.113297165370315], "32": [0.003353545168901008, 3.1199199239943267], "33": [0.004877410804987128, 3.1276436210751677], "34": [0.00654130003514979, 3.136076092115829], "35": [0.008260587974454319, 3.1447889133122544], "36": [0.009947776136918472, 3.153339297496527], "37": [0.011517029131652852, 3.1612927773331623], "38": [0.01288861212527412, 3.168245433773625], "39": [0.013992968461492979, 3.173844465267394], "40": [0.01477421737185651, 3.177806025636888], "41": [0.01519290911988515, 3.179929457490677], "42": [0.01522793385521834, 3.1801072766749607], "43": [0.014877528639593721, 3.1783304900061355], "44": [0.014159359945324773, 3.174689037358124], "45": [0.013109680506860373, 3.1693673419841346], "46": [0.011781579706886982, 3.1626351438279228], "47": [0.010242376313424768, 3.1548339948833006], "48": [0.008570247082071976, 3.146360018547143], "49": [0.006850241859331287, 3.137643764215797], "50": [0.005169894498474612, 3.129128195234607], "51": [0.0036146839566388676, 3.121245995910618], "52": [0.002263618103008921, 3.114397440458527], "53": [0.0011851983546125923, 3.108930020374292], "54": [0.00043398068780820865, 3.1051208872264158], "55": [4.789042924902405e-05, 3.103162964848983], "56": [4.638982827892768e-05, 3.1031553553842746], "57": [0.00042955050315981807, 3.1050984380627082], "58": [0.001178051263627932, 3.1088938524733885], "59": [0.002254100786436939, 3.1143493660986743], "60": [0.0036032638962425734, 3.121188434382549], "61": [0.00515713938741729, 3.1290640556772407], "62": [0.006836791315189992, 3.1375762992230363], "63": [0.008556777901104252, 3.1462926556204587], "64": [0.010229564083543724, 3.1547701560505206], "65": [0.011770060565617958, 3.162578065680185], "66": [0.01310001678577011, 3.169319908298531], "67": [0.014152012403280172, 3.1746536344061647], "68": [0.01487283638682028, 3.1783088913505297], "69": [0.01522610155568405, 3.180100560858436], "70": [0.015194000201802239, 3.17993795952951], "71": [0.014778152025539374, 3.177829322122409], "72": [0.013999525996921223, 3.1738813929325547], "73": [0.01289743830609264, 3.168294141831101], "74": [0.011527649795905487, 3.161350813785723], "75": [0.00995961830833045, 3.153403728263712], "76": [0.008273008667160894, 3.144856470306553], "77": [0.00655362137601086, 3.1361433429211703], "78": [0.004888958545125599, 3.1277071496948983], "79": [0.00336368676061662, 3.119976510345229], "80": [0.002055269264825213, 3.1133439514523373], "81": [0.0010300199372456126, 3.1081459507401172], "82": [0.00033978524349766203, 3.104645960274667], "83": [1.940105949855286e-05, 3.1030212237232306], "84": [8.501420925658695e-05, 3.1033539721541485], "85": [0.000533314277485353, 3.105627359978783], "86": [0.0013416920481412777, 3.1097262987979835], "87": [0.002469320759273281, 3.115443156232357], "88": [0.0038591345513335493, 3.1224880937029527], "89": [0.0054406451901164565, 3.1305036078719555], "90": [0.0071334896030544066, 3.1390826139815053], "91": [0.008851541930659668, 3.147789182551558], "92": [0.010507367158940843, 3.1561808458625493], "93": [0.012016754272553352, 3.1638312640825634], "94": [0.013303057016163756, 3.170352010287267], "95": [0.014301092895789165, 3.1754123060971646], "96": [0.014960399094783932, 3.1787556990330246], "97": [0.015247703621016335, 3.1802128860990413], "98": [0.015148526278932347, 3.1797101189991914], "99": [0.014667866992828961, 3.177272847798975]}