{"0": [-2.6898620434575498e-06, 1.538635201957032], "1": [-0.00013004862046260635, 1.557984832229318], "2": [-3.9775750081889305e-06, 1.607106800413397], "3": [0.0015722371837968607, 1.6860589460368092], "4": [0.006532763649299091, 1.7950829721992339], "5": [0.017533007683871255, 1.934801243811447], "6": [0.037887437933438683, 2.1064266899812862], "7": [0.0713516675733442, 2.311799878414201], "8": [0.12141113257739766, 2.5526735958462443], "9": [0.1892945588103592, 2.8278278749372903], "10": [0.270236043278047, 3.1268879669374328], "11": [0.3518626733890187, 3.427192897698895], "12": [0.42118227415999376, 3.7051308004909114], "13": [0.4725060310134292, 3.9489692604123463], "14": [0.5066559791547464, 4.156960213146563], "15": [0.5270694198511422, 4.330841153877326], "16": [0.5375724018835181, 4.472566904675648], "17": [0.5415743961887564, 4.583458917882875], "18": [0.5418270581955574, 4.664214164463353], "19": [0.5403591765779224, 4.71511633006177], "20": [0.5384612899505334, 4.736240855062549], "21": [0.5366834018826198, 4.727594618324191], "22": [0.5348351885642635, 4.689176277458363], "23": [0.5319859949671049, 4.6209553285473985], "24": [0.5264664241010351, 4.522770580710584], "25": [0.5158788669516934, 4.394155469658644], "26": [0.4971389881196376, 4.234125144431144], "27": [0.46662166945882494, 4.041050036911569], "28": [0.42064664570197474, 3.813016711113741], "29": [0.35692003469242145, 3.549768579000571], "30": [0.2777514099101087, 3.2578518708480533], "31": [0.19319208049078782, 2.956166184896071], "32": [0.1170809607441107, 2.6697754201256343], "33": [0.057839052527449725, 2.4148247195940256], "34": [0.01639956678841939, 2.1956731535406733], "35": [-0.01010778845217139, 2.0112692695421277], "36": [-0.02548486363130159, 1.8595964274147672], "37": [-0.03329938393633937, 1.7391186648808112], "38": [-0.03651550586273417, 1.6489575158830947], "39": [-0.03738964622320167, 1.5887173870094575], "40": [-0.03744372315610969, 1.5582711013211288], "41": [-0.037459621940671074, 1.5575978586398573], "42": [-0.037478764103060565, 1.5866977109463316], "43": [-0.03680218575531017, 1.645587043692864], "44": [-0.03399156526088139, 1.734375033905279], "45": [-0.02687653617265151, 1.853416507394061], "46": [-0.012584201814241018, 2.003517409222961], "47": [0.01235716484060003, 2.1861047793930735], "48": [0.05167033222836344, 2.403072502388007], "49": [0.10825852182405199, 2.6554661727531785], "50": [0.18155143150721706, 2.9393829531667084], "51": [0.2638324187132808, 3.2396828460868305], "52": [0.34151943857426537, 3.531674610887937], "53": [0.40403778648380845, 3.795674299400063], "54": [0.44857328290318693, 4.024425923679721], "55": [0.4772453193448647, 4.21798029796143], "56": [0.4937295322596824, 4.378275067306404], "57": [0.5016940152983277, 4.507010595686836], "58": [0.5042735022112385, 4.6052336920000805], "59": [0.5039153649318544, 4.673453605178068], "60": [0.5023380589439235, 4.711856036868835], "61": [0.5005212062500778, 4.720481889224816], "62": [0.4987040130577708, 4.699333818083055], "63": [0.49638525179738585, 4.648402455389729], "64": [0.4923240390612156, 4.5676115137078535], "65": [0.48454530870376405, 4.4566847690374845], "66": [0.4703621992383391, 4.3149520153178615], "67": [0.4464543042862277, 4.1411596360574325], "68": [0.4091301362385826, 3.9335039773565894], "69": [0.3551519333423956, 3.690542304850277], "70": [0.28391986248595574, 3.414448105684774], "71": [0.20116055144864087, 3.1171882898247145], "72": [0.11956178370625808, 2.8220230638978876], "73": [0.05114363705894673, 2.551046662193009], "74": [0.0005140173800365876, 2.314344304856836], "75": [-0.033586570514000304, 2.1130777729352146], "76": [-0.05462403065004611, 1.9455183531680724], "77": [-0.06631341029393051, 1.809859607375334], "78": [-0.0719193566419758, 1.7049097415752061], "79": [-0.07404403901564999, 1.6300523483886202], "80": [-0.07456792915211737, 1.5850417432515935], "81": [-0.07463454486543532, 1.56981302507323], "82": [-0.07464729042677704, 1.584358703683085], "83": [-0.07426913623380835, 1.6286845347224188], "84": [-0.07242326480409432, 1.7028464438800737], "85": [-0.06729750154816622, 1.807066495156773], "86": [-0.056362409696643134, 1.9419148609152024], "87": [-0.03643396393861049, 2.108506159109293], "88": [-0.003882674007457983, 2.308536710355746], "89": [0.044702472705014956, 2.5436316725637296], "90": [0.11068194836394235, 2.812709393817104], "91": [0.18986757434508073, 3.106227712436679], "92": [0.270685443307865, 3.402722136929101], "93": [0.340309257369914, 3.6787291205495363], "94": [0.3925932597937814, 3.9216954832812294], "95": [0.4279243701179228, 4.129182606935049], "96": [0.4495070979042353, 4.302616789321618], "97": [0.4610593563997025, 4.443853703712889], "98": [0.4659378590497231, 4.554200150881813], "99": [0.46686443936061756, 4.634366176302388]}