{"0": [1.0228570144887244e-05, 5.860837823462589], "1": [0.000675893079403951, 5.852339985706854], "2": [0.002371518222697809, 5.830547167611703], "3": [0.005108302738498864, 5.794885207634981], "4": [0.008892585627541178, 5.74444222930802], "5": [0.013707760129349036, 5.677987723194593], "6": [0.0194852950028178, 5.59400794146841], "7": [0.026062144202425384, 5.490763423970734], "8": [0.033123510077323726, 5.366370538891606], "9": [0.040134444147756444, 5.218900092502737], "10": [0.046271768288933694, 5.04647504294559], "11": [0.05037873530626834, 4.847346960429389], "12": [0.05097782711851183, 4.619957584584358], "13": [0.046394324745273496, 4.36307259405967], "14": [0.03507055828642509, 4.076223416242545], "15": [0.01617209703350109, 3.7608484976462067], "16": [-0.009521934371696102, 3.4223217273396602], "17": [-0.03894889606092414, 3.071696413862581], "18": [-0.06739510996439994, 2.724202700336863], "19": [-0.09057175100035857, 2.393937147566178], "20": [-0.1062937235410875, 2.0896586234867476], "21": [-0.114511275915642, 1.8148887114502303], "22": [-0.11644155925977026, 1.570076333647116], "23": [-0.11375667014791253, 1.354329955206467], "24": [-0.10809590949890109, 1.1662407787669569], "25": [-0.10083521533830385, 1.0041622333442104], "26": [-0.0930135694476715, 0.8662931679614525], "27": [-0.08534742904957593, 0.7507368653023702], "28": [-0.07828806560937637, 0.6555843087435267], "29": [-0.07209180072526516, 0.5790129036606965], "30": [-0.0668851955796017, 0.519379046225925], "31": [-0.06271709543839032, 0.4752903703753211], "32": [-0.059596074390568556, 0.44565437243234796], "33": [-0.05751516870807344, 0.4297071251483699], "34": [-0.0564667160388898, 0.4270281403068523], "35": [-0.05644970834883169, 0.4375467299023464], "36": [-0.05747108510302358, 0.4615430714517536], "37": [-0.05954123024636688, 0.4996445442186329], "38": [-0.06266275015353027, 0.552815193977006], "39": [-0.06681051535933925, 0.6223337304105983], "40": [-0.0719002128591141, 0.7097539393910536], "41": [-0.07774287320089454, 0.8168421548931695], "42": [-0.08398499184489602, 0.94549129651711], "43": [-0.09003904657175109, 1.0976206266954454], "44": [-0.09501786686715083, 1.2750808244206235], "45": [-0.09769767673087354, 1.4795824379671971], "46": [-0.09654810451907425, 1.712630285472267], "47": [-0.08988625489050679, 1.975352442748211], "48": [-0.07624099044702214, 2.2679528913952196], "49": [-0.055024359407215485, 2.5883880053772486], "50": [-0.027441011115790837, 2.930234849888282], "51": [0.003012806413473491, 3.281342496938611], "52": [0.03152682576436465, 3.6262376553470754], "53": [0.0541510005553122, 3.9516919752220603], "54": [0.06917066657752625, 4.250113209332052], "55": [0.0768636753310823, 4.518766703531809], "56": [0.07859069223598106, 4.75757111176688], "57": [0.07604481228581464, 4.967557718473746], "58": [0.07082395641856998, 5.150189947170679], "59": [0.06423866502870643, 5.307144412955438], "60": [0.05726053191648299, 5.440240833242666], "61": [0.050548133774973254, 5.55137913511275], "62": [0.044508822368259066, 5.642451415072654], "63": [0.039368947498216296, 5.715242727170157], "64": [0.03523674585948493, 5.77134169932796], "65": [0.032151394823916886, 5.81207287483315], "66": [0.03011767365805476, 5.8384522980883995], "67": [0.029128442449579652, 5.85116186716382], "68": [0.02917772520623781, 5.850536405690407], "69": [0.030266603449157617, 5.836558533970053], "70": [0.03240307531329527, 5.808858746224828], "71": [0.03559584448381511, 5.766720811991156], "72": [0.03984081484068492, 5.7090953272601865], "73": [0.04509802809617139, 5.634626541176237], "74": [0.05125624354296122, 5.541698614482197], "75": [0.05808303676324038, 5.428505672084118], "76": [0.06516125333922107, 5.2931436732685135], "77": [0.0718188801507709, 5.133711515872986], "78": [0.0770689827838193, 4.948400190842845], "79": [0.07958831532065505, 4.735557984198226], "80": [0.07777768700119919, 4.49377044123798], "81": [0.06996886899306967, 4.222108525146156], "82": [0.054872860322210774, 3.9208683388652115], "83": [0.0323470673298446, 3.593179365550463], "84": [0.004283583316472293, 3.2471701930278076], "85": [-0.025243303322641263, 2.8964592323366816], "86": [-0.051454728524707165, 2.5564287709673983], "87": [-0.07101493604232512, 2.2387423110129734], "88": [-0.08289110626511476, 1.9493153662393534], "89": [-0.0877840052254826, 1.6898659717313336], "90": [-0.08721652971201131, 1.460028359567125], "91": [-0.08288374634073636, 1.2586032153806315], "92": [-0.0763081506054912, 1.0840557495755303], "93": [-0.06869838830815578, 0.9346658316581693], "94": [-0.060926477316857325, 0.8085877658496204], "95": [-0.053568139334183335, 0.7039207175323], "96": [-0.04696936489682141, 0.6188025463286266], "97": [-0.04131552001121467, 0.5515080620793151], "98": [-0.036690339839253495, 0.5005326802772418], "99": [-0.03312046520231016, 0.4646530044305377]}