{"0": [-1.1526233900441185e-05, 1.1136248249744123], "1": [-0.0007441601758654214, 1.1388475891757524], "2": [-0.0024422429498727797, 1.203155696596302], "3": [-0.004650184608831804, 1.3072139189600631], "4": [-0.006567591246514396, 1.4519223604657492], "5": [-0.007002860829055705, 1.6382451397464797], "6": [-0.004395803623273721, 1.8670004982717368], "7": [0.0029908972717975282, 2.138415792467268], "8": [0.016561609958317798, 2.4508831726345166], "9": [0.03643157750681378, 2.7981639059580545], "10": [0.06036439402708133, 3.1658469775072824], "11": [0.08397965697611912, 3.531994295014626], "12": [0.10304182675063797, 3.8752581991134676], "13": [0.11559703019214516, 4.1823608655134015], "14": [0.12197206148492976, 4.4479052532599095], "15": [0.12366516834096143, 4.6706984435036025], "16": [0.12242968385136924, 4.85113385387426], "17": [0.11980612966091918, 4.990085271374832], "18": [0.1169564519712677, 5.088518591077202], "19": [0.11465349243000901, 5.1472994354978745], "20": [0.11333060244218907, 5.167031271769741], "21": [0.11313296640605008, 5.147929174360461], "22": [0.11393878479579063, 5.089771491547766], "23": [0.11534004457581137, 4.991949216459013], "24": [0.11659232112782435, 4.85359538580361], "25": [0.11656467858278458, 4.673752986793069], "26": [0.11374723433212829, 4.4515736213110815], "27": [0.10640955336363368, 4.186703324957996], "28": [0.0930522447425326, 3.880357655062389], "29": [0.07329680197622071, 3.5378612517368455], "30": [0.04899100008558162, 3.172273304258418], "31": [0.024293287292068214, 2.804759154018705], "32": [0.0036270508555521145, 2.4573520318414386], "33": [-0.01066879338127819, 2.144681614461736], "34": [-0.01864447930472931, 1.8731001209397957], "35": [-0.02169015383267556, 1.6442272037615149], "36": [-0.021557162602639904, 1.4578185132344261], "37": [-0.01983095454783046, 1.313047384770632], "38": [-0.01773104405370451, 1.2089569010278483], "39": [-0.01608420143677871, 1.1446646881957696], "40": [-0.015369089239976956, 1.1195269824237124], "41": [-0.01576938392050252, 1.1332719233058712], "42": [-0.017200059834043855, 1.1860604317700914], "43": [-0.019293697797460995, 1.2784502217849232], "44": [-0.021353545419712957, 1.4112755621439899], "45": [-0.022301312803302577, 1.5854828752903394], "46": [-0.020673418122228834, 1.8019394873470682], "47": [-0.014753392476104143, 2.0610902088675727], "48": [-0.0029760105377602836, 2.362012825804126], "49": [0.01524274579994597, 2.7001004269174196], "50": [0.038386562667030916, 3.063444165800057], "51": [0.06252906596234108, 3.431688683453692], "52": [0.08313241275160164, 3.782376346193482], "53": [0.09752960123578164, 4.099719581941605], "54": [0.10551087042960515, 4.3764683567642], "55": [0.10835464112861329, 4.610580314712983], "56": [0.10780083868002534, 4.8021473826432794], "57": [0.10546997653961321, 4.951946673776013], "58": [0.10263073450370667, 5.060922672076528], "59": [0.10015726723525656, 5.129968098617416], "60": [0.09856838346007583, 5.159757885254828], "61": [0.09808154118974485, 5.1506106407906875], "62": [0.09864323853158358, 5.102417510806079], "63": [0.09992013471973009, 5.014666547851248], "64": [0.10125530140938097, 4.8865544303202], "65": [0.10161501277424162, 4.717147331426728], "66": [0.09957661847320304, 4.505567143853231], "67": [0.09344079499406795, 4.251304709755857], "68": [0.08159786415382032, 3.9550651182967025], "69": [0.06330636101436857, 3.6209012213275606], "70": [0.03980903225966215, 3.259774353577236], "71": [0.014810665164720401, 2.891266197783072], "72": [-0.007091701403339901, 2.5380610152658543], "73": [-0.022961971798404222, 2.216900857071845], "74": [-0.03235651154594822, 1.935844536860091], "75": [-0.03644516297826237, 1.6973344380828617], "76": [-0.03695022628667202, 1.5014274676469364], "77": [-0.03551850366714264, 1.3473962024960306], "78": [-0.0334594453776848, 1.234310737855034], "79": [-0.031687637268320516, 1.1612731142250512], "80": [-0.030756457169530793, 1.1275852569271765], "81": [-0.030912245948368427, 1.1328912980850174], "82": [-0.03212788772338102, 1.1772568605840443], "83": [-0.03409796191959358, 1.2611544236818453], "84": [-0.036197918831168525, 1.3853591663101756], "85": [-0.037430587479076814, 1.5507914982963205], "86": [-0.036408010613129094, 1.7583343370623017], "87": [-0.03144840950781056, 2.0085411128831403], "88": [-0.020913133953636278, 2.300864278432785], "89": [-0.0039430789412598435, 2.631668572245964], "90": [0.018436760997775654, 2.99074548924946], "91": [0.04271823940119847, 3.3591993430333504], "92": [0.06428308370513836, 3.7142559445999836], "93": [0.0799836978152556, 4.038419250860494], "94": [0.08917620565864225, 4.322936325338885], "95": [0.09293129350944, 4.5650054853908255], "96": [0.09295066531658881, 4.7644319537773345], "97": [0.09089985490580171, 4.9218957806428785], "98": [0.08812084824090072, 5.038311334916582], "99": [0.0855614203586068, 5.11457780274498]}