{"0": [-1.1971005407148817e-05, 0.6472322541390513], "1": [-0.0007881359703844316, 0.6633700282235544], "2": [-0.002736168472469121, 0.7047686044702811], "3": [-0.005781377973716389, 0.7725242187816036], "4": [-0.009757573244693429, 0.8682962788086732], "5": [-0.014342793608234, 0.9941625425708132], "6": [-0.018974394295631986, 1.1524246574190247], "7": [-0.022761206508619222, 1.3453938683743931], "8": [-0.024431997755362256, 1.575190174262868], "9": [-0.022388071014198957, 1.8435104751402012], "10": [-0.014965944362833154, 2.151085280124367], "11": [-0.0010552697423928791, 2.496176720180965], "12": [0.01887791290916226, 2.8715558934157346], "13": [0.0419376645195236, 3.261633864536286], "14": [0.06354483117162958, 3.6449851676884726], "15": [0.07988992197230368, 4.002957497310749], "16": [0.08956661522926507, 4.325241681780338], "17": [0.09319726695556245, 4.608445187479726], "18": [0.09233872286911825, 4.852653510960042], "19": [0.08868131659819836, 5.0593223112337995], "20": [0.08365926447239769, 5.23045299504], "21": [0.0783284878524725, 5.3682984734177355], "22": [0.0733860818405033, 5.475172084005776], "23": [0.06924961692770007, 5.553242219130413], "24": [0.06614654378748783, 5.604328925537798], "25": [0.06418820982894739, 5.629738932922172], "26": [0.06341952376650424, 5.630156431632397], "27": [0.06384358411338265, 5.605589841001352], "28": [0.06542254972056738, 5.555370471447658], "29": [0.06805480304283874, 5.478203130355444], "30": [0.07152712977515362, 5.372273140188695], "31": [0.07544230829467412, 5.235410602986031], "32": [0.07913037118036105, 5.065296266942217], "33": [0.08156800136105834, 4.8596734569102615], "34": [0.08135459751275914, 4.616547018054147], "35": [0.07682493249084997, 4.334476333530093], "36": [0.06642017001836859, 4.0133679387317445], "37": [0.049459241286702156, 3.6564996426109455], "38": [0.027220852170496926, 3.2738882459374996], "39": [0.0033978666372702425, 2.8838935660782936], "40": [-0.017408110732043458, 2.5079981885214875], "41": [-0.032170725985483574, 2.162113202875731], "42": [-0.040317137907922365, 1.8537081416768129], "43": [-0.04291884971766669, 1.58460265295641], "44": [-0.04164607457146658, 1.354076117357572], "45": [-0.03812450368711882, 1.1604340790485725], "46": [-0.03365800504784063, 1.0015709982557675], "47": [-0.029168418976049902, 0.8751995883500425], "48": [-0.025243565772187053, 0.7790440812964252], "49": [-0.022224232086498985, 0.7110493801045942], "50": [-0.020289814861200118, 0.6695741724367518], "51": [-0.019523933589240542, 0.6535367970817244], "52": [-0.019954829911060113, 0.6625037843437462], "53": [-0.021571072220057518, 0.6967235916586678], "54": [-0.02431354981729393, 0.7571085473761942], "55": [-0.028043176175846084, 0.8451629104799261], "56": [-0.032483211259259646, 0.9628528287349802], "57": [-0.037138864252621466, 1.1124225316594742], "58": [-0.04120785978559138, 1.2961812860212925], "59": [-0.04351512800073334, 1.5162978340223874], "60": [-0.04253156440582994, 1.7745889489926554], "61": [-0.03657201825373679, 2.072097882477721], "62": [-0.02431052265054832, 2.407906136530669], "63": [-0.005716650184085178, 2.7764803712459445], "64": [0.016939390450206853, 3.164387036132486], "65": [0.03931502260369988, 3.551004793280419], "66": [0.05718845165594611, 3.916210478445904], "67": [0.06852924834501942, 4.247542273601017], "68": [0.0735534480502506, 4.540210696730865], "69": [0.07367411181701493, 4.793681631158015], "70": [0.07059514409060408, 5.009166592196673], "71": [0.0658315179955705, 5.188553155208936], "72": [0.06053425545636586, 5.334032767453346], "73": [0.05548353044617834, 5.44790282754256], "74": [0.051158464567014374, 5.532365659507349], "75": [0.04782684476753167, 5.589320949101702], "76": [0.04562391856008534, 5.620188969579385], "77": [0.04460792842900684, 5.625787518036987], "78": [0.04479023694865474, 5.60626618033554], "79": [0.04614112885916603, 5.561094213823812], "80": [0.04857167627981984, 5.489101010704926], "81": [0.051890609120134795, 5.388572857243766], "82": [0.055736086812214584, 5.257407925182151], "83": [0.059488880286841586, 5.093317161735177], "84": [0.06218819971503038, 4.894037929634424], "85": [0.062494222041223964, 4.657533660659603], "86": [0.058771329277896786, 4.3822550774995594], "87": [0.04940612711723753, 4.0678075176840505], "88": [0.033505370530395484, 3.7167219719785427], "89": [0.011957886357593208, 3.337685612740608], "90": [-0.011904219626783105, 2.9478144345034476], "91": [-0.03346109725661779, 2.5686790380354623], "92": [-0.049313014714882655, 2.2175064679828482], "93": [-0.05851329806975686, 1.9030467599347471], "94": [-0.06193859807900312, 1.6278152184823267], "95": [-0.061212782567090646, 1.391379448295217], "96": [-0.057992786840302755, 1.192165761529896], "97": [-0.0536421009279119, 1.028133261969626], "98": [-0.049143449741541695, 0.8970297399806705], "99": [-0.045134323682165224, 0.7965837505416864]}