{"0": [-2.245490111530023e-05, 0.16581107654098334], "1": [-0.0014878538733897242, 0.1703833996529762], "2": [-0.005258601298667011, 0.18216494932607746], "3": [-0.011465452034539995, 0.20161322041484975], "4": [-0.020311984834302885, 0.22946611731585798], "5": [-0.032061559487189424, 0.26674072962114415], "6": [-0.04701044860854904, 0.3147196516010519], "7": [-0.06543789667357247, 0.37491271849036323], "8": [-0.08752223725576184, 0.4489809750528624], "9": [-0.11321509938376748, 0.5386164238756618], "10": [-0.1420771035846164, 0.6453916900167895], "11": [-0.1730982060833065, 0.7706273356029667], "12": [-0.20454307228173396, 0.9153532507991615], "13": [-0.23385690472468731, 1.0804350243993217], "14": [-0.2576316150394476, 1.2668890942867583], "15": [-0.27158719131654374, 1.4763602774648255], "16": [-0.2705063060072165, 1.7117277286362398], "17": [-0.24811229921898456, 1.9778104620019514], "18": [-0.19713850347419282, 2.2819092443889475], "19": [-0.1109382419792249, 2.632371359893582], "20": [0.008865176928873475, 3.0281551624898255], "21": [0.13853041393179097, 3.437516293091397], "22": [0.24416534051230349, 3.8141513978456687], "23": [0.31279917627233966, 4.141844502866668], "24": [0.34828950504111084, 4.426360960556879], "25": [0.3582053946486875, 4.67627736563535], "26": [0.34954796126465865, 4.897831282249746], "27": [0.32817003920837956, 5.094892607843798], "28": [0.2988897130527381, 5.269691828724102], "29": [0.26561472203114517, 5.423495981267175], "30": [0.23139471122409383, 5.557154191257266], "31": [0.1984477714193305, 5.671498427622036], "32": [0.16822098320056258, 5.767569880540498], "33": [0.1415123766392565, 5.846665596591821], "34": [0.11863852437022121, 5.910250715679694], "35": [0.0996091684034128, 5.9598110317843584], "36": [0.08427577304360001, 5.996709720985943], "37": [0.07243985968715531, 6.022080181341229], "38": [0.06392294239384391, 6.036759280315191], "39": [0.05860698064783646, 6.041251738444312], "40": [0.056454484217214926, 6.03571415532615], "41": [0.05751433785184006, 6.0199506405152405], "42": [0.06191531948943238, 5.993417404244877], "43": [0.06984501431024846, 5.955239433437087], "44": [0.0815077327950085, 5.904247745848706], "45": [0.09705204284118907, 5.839048996047944], "46": [0.1164590175586632, 5.758136422843225], "47": [0.13938999563123172, 5.660036432663074], "48": [0.1650093992275091, 5.54345609755157], "49": [0.19181743324052813, 5.4073645995384245], "50": [0.2175319976519739, 5.250932872857975], "51": [0.23903430738617115, 5.073288967914441], "52": [0.25234851638344585, 4.873099873529677], "53": [0.25259586045251115, 4.648014725396547], "54": [0.23388601468462178, 4.393994198115474], "55": [0.1892644507860402, 4.104652258699941], "56": [0.11151790069051983, 3.7716201313471522], "57": [-0.0019316778860343376, 3.390767003008703], "58": [-0.13575477464066213, 2.9819478175275], "59": [-0.2557502391594538, 2.5921020434844633], "60": [-0.34066531194816924, 2.249252012046531], "61": [-0.39051710363670533, 1.9523024952939998], "62": [-0.4123993575013541, 1.692649413284886], "63": [-0.41361478881368485, 1.4632417533480166], "64": [-0.40037726392567946, 1.2595403319918859], "65": [-0.3778210060570578, 1.078884961389648], "66": [-0.35014107621838736, 0.9197895554018903], "67": [-0.32066839478009695, 0.7813600748857297], "68": [-0.2919008502273515, 0.6628509456479253], "69": [-0.2655505531194894, 0.5633855778756671], "70": [-0.24264667666490394, 0.48185740800608606], "71": [-0.22369113222169038, 0.41698249483587085], "72": [-0.20883365944235585, 0.3674358593287095], "73": [-0.19803003926320287, 0.33200232941166014], "74": [-0.19116302646895222, 0.30969960345682057], "75": [-0.18812282757279608, 0.2998607858658777], "76": [-0.1888532136602996, 0.3021807726245492], "77": [-0.19337064656809708, 0.31673507426387854], "78": [-0.20176048614574835, 0.34397620032207843], "79": [-0.2141493382278173, 0.38470636442398365], "80": [-0.23064789666009633, 0.4400194497997321], "81": [-0.251256463409665, 0.51120371500713], "82": [-0.2757290201575059, 0.5996049988088953], "83": [-0.30340426090386363, 0.7064726544363515], "84": [-0.3330308789932833, 0.8328424344913398], "85": [-0.36262649537896524, 0.9795311461809675], "86": [-0.38939729663137845, 1.1473020243903855], "87": [-0.4097071468231831, 1.337211074214232], "88": [-0.419046146327664, 1.5511053062664812], "89": [-0.41194578584885644, 1.7922446724887722], "90": [-0.38187261215634527, 2.065993009609174], "91": [-0.3215208141787997, 2.3800903095890535], "92": [-0.22548983706652406, 2.7416887113302817], "93": [-0.10039504551609184, 3.1429398833991966], "94": [0.024515988493023975, 3.5439567471447395], "95": [0.11972567536744894, 3.9046503728634763], "96": [0.178571281153359, 4.21729243681343], "97": [0.20669017143802929, 4.489336656443671], "98": [0.21157401023905079, 4.728669909373616], "99": [0.19985586049601922, 4.940693892271253]}