{"0": [-5.198539101234067e-06, 0.17727513955994015], "1": [-0.000344223809362393, 0.1811900585460203], "2": [-0.0012146506564759212, 0.1912538633997168], "3": [-0.0026419434217115397, 0.2077980808940206], "4": [-0.0046665126141414975, 0.23136420494834448], "5": [-0.007342624334457236, 0.2627155241802246], "6": [-0.01073591600659609, 0.3028515207887894], "7": [-0.014918316560703434, 0.3530223705872063], "8": [-0.019958475356705984, 0.41473950581074054], "9": [-0.025904919749678238, 0.48977621329242715], "10": [-0.03275827117895602, 0.5801503620295788], "11": [-0.040428492549327934, 0.6880809915622692], "12": [-0.048674381019410566, 0.815914128285302], "13": [-0.057026843842960785, 0.9660233930362685], "14": [-0.06470602097164829, 1.1407067492102143], "15": [-0.0705545665348052, 1.34211155445733], "16": [-0.07302360387605794, 1.5722018797996895], "17": [-0.07026563073199725, 1.8327016973088872], "18": [-0.06042047944960562, 2.1247749861558303], "19": [-0.042228028384070755, 2.4479579770507205], "20": [-0.016055833542921484, 2.797860529664517], "21": [0.015078508216624955, 3.1635099814820533], "22": [0.04586680023401299, 3.5280869035195277], "23": [0.0711369107099904, 3.875180336870972], "24": [0.08814898510416644, 4.194629304201767], "25": [0.09676353352748303, 4.482680988265561], "26": [0.09836133499354142, 4.73920349352953], "27": [0.09484261486891897, 4.9655003794981445], "28": [0.08805087758008823, 5.163352177628697], "29": [0.07951205330733518, 5.334749146020214], "30": [0.07035623743684118, 5.481850101497699], "31": [0.061339336237130136, 5.606950944997049], "32": [0.052912775327742426, 5.712408895472861], "33": [0.045306589596637865, 5.80054045781548], "34": [0.0386050314242345, 5.873525017973377], "35": [0.03280561824017712, 5.933333986774488], "36": [0.027860596909007263, 5.981690003689095], "37": [0.02370378507895721, 6.020051178565634], "38": [0.020266809202037158, 6.049612150310444], "39": [0.017488334957033898, 6.07131427250362], "40": [0.015318988107559883, 6.085859123640247], "41": [0.013723792569925827, 6.093721478444162], "42": [0.012683272825820848, 6.095159391343126], "43": [0.012193884046525957, 6.090220088559013], "44": [0.012268092466014317, 6.078741059502459], "45": [0.01293416603527875, 6.060346238561992], "46": [0.014235488043639827, 6.034437632452755], "47": [0.016228911855802993, 6.000183332329163], "48": [0.018981268682586275, 5.956503713887816], "49": [0.02256256028436807, 5.902058920390348], "50": [0.02703358171108064, 5.835242502281324], "51": [0.032424793896333355, 5.754188130876255], "52": [0.03870251388539815, 5.656797757564179], "53": [0.04571866305938843, 5.5407985738551515], "54": [0.05314269958401217, 5.403829888158469], "55": [0.060380426063454534, 5.243547919100698], "56": [0.06649466595857134, 5.05772085374555], "57": [0.0701560646688597, 4.844284611892253], "58": [0.06966734724172023, 4.601370595960427], "59": [0.06312647508938109, 4.327433999587531], "60": [0.04883519377666409, 4.021825013764787], "61": [0.026093259832673216, 3.68635975522682], "62": [-0.0036697220240318002, 3.3280388486225068], "63": [-0.03626933330466234, 2.960807158638366], "64": [-0.06609714955916408, 2.602245618105885], "65": [-0.08887136247807191, 2.2664546342547442], "66": [-0.10307098571804924, 1.9605564155918191], "67": [-0.10935938089369211, 1.686392463719895], "68": [-0.10943748667352395, 1.4432925775781278], "69": [-0.10522788884385226, 1.2296895741980736], "70": [-0.09845444922851819, 1.0437061078946543], "71": [-0.09047360945897949, 0.8832835237319007], "72": [-0.08224714635776215, 0.746204729861511], "73": [-0.07438972940645787, 0.6301444786644302], "74": [-0.0672477328125119, 0.532760632943991], "75": [-0.06098080758383156, 0.45179741038339666], "76": [-0.055630819053623756, 0.38517243282766245], "77": [-0.05117308264781848, 0.3310347670864927], "78": [-0.04755104483954701, 0.28779445624086614], "79": [-0.044698088094100565, 0.2541305868362506], "80": [-0.04255039835482202, 0.22898617706682575], "81": [-0.04105411476460311, 0.21155682870933235], "82": [-0.040169057735887026, 0.20127807672906894], "83": [-0.03987053262071757, 0.19781458686487738], "84": [-0.04015010900131172, 0.20105303557494053], "85": [-0.041015848878231766, 0.21109960471151776], "86": [-0.04249213641896787, 0.2282823829144554], "87": [-0.04461897810862419, 0.25315841546705203], "88": [-0.0474503263136104, 0.28652451205290996], "89": [-0.051050561975954464, 0.32943003494988576], "90": [-0.05548768783466932, 0.3831885920453106], "91": [-0.06082099643330559, 0.449383782856804], "92": [-0.0670800520461089, 0.5298621041313701], "93": [-0.07423106847773359, 0.6267046542844341], "94": [-0.082126917720252, 0.7421702417812078], "95": [-0.09043934670925438, 0.8786086405970315], "96": [-0.09857797647934212, 1.0383557317954275], "97": [-0.10561089054960204, 1.2236379139488518], "98": [-0.11021483961889131, 1.4365154024822262], "99": [-0.11069812313113292, 1.67885406744696]}