{"0": [6.840298538847409e-06, 6.049680539249621], "1": [0.00045317558432761423, 6.043051334636686], "2": [0.0016010052540358843, 6.025954939875268], "3": [0.0034878175277131855, 5.997685432086021], "4": [0.006170019278357018, 5.957092803734869], "5": [0.009715592341342146, 5.9025660734530945], "6": [0.014189401492738396, 5.832022813004646], "7": [0.019625950679180795, 5.742919772155785], "8": [0.025982580078826183, 5.632303967826065], "9": [0.033066007452618555, 5.496922279051603], "10": [0.04042990448226751, 5.333391477491441], "11": [0.04725460660748751, 5.1383948044796535], "12": [0.052243095832503486, 4.9088347996952715], "13": [0.05359668011535699, 4.641900804719398], "14": [0.04917180483242371, 4.335211143403427], "15": [0.03698988233552123, 3.9876651612823846], "16": [0.016349179074202858, 3.6022285288620033], "17": [-0.010565123451311128, 3.190918585857934], "18": [-0.0382425000397386, 2.7765385102835], "19": [-0.06064446056000333, 2.3835427003482588], "20": [-0.07465763334126052, 2.0267495636849038], "21": [-0.08041629131498046, 1.7107505800424625], "22": [-0.07973494073932848, 1.4349833420624267], "23": [-0.0748076751526038, 1.1971924868470767], "24": [-0.06756652919131419, 0.9946270589535074], "25": [-0.05945618393961721, 0.8242624744216392], "26": [-0.051424384895489755, 0.6828478181693726], "27": [-0.0440129275972576, 0.5670292838484033], "28": [-0.037478188013202324, 0.47353809557074505], "29": [-0.03190030563096232, 0.3993699718871538], "30": [-0.027264759406000712, 0.3419107600930146], "31": [-0.023515970663445927, 0.2990020003872506], "32": [-0.02058931823523531, 0.2689615462204023], "33": [-0.01842882959387772, 0.2505788320687522], "34": [-0.016996266294411307, 0.24310073060530532], "35": [-0.016275353976863454, 0.24621848220839723], "36": [-0.016273247632088362, 0.26006147727679185], "37": [-0.017020035945456383, 0.2852000769173792], "38": [-0.018565984877840242, 0.32265662169175235], "39": [-0.020975044791589726, 0.37392050579720876], "40": [-0.024311663633269635, 0.44095897264826195], "41": [-0.028616074659629898, 0.5262099455234315], "42": [-0.03386132457597946, 0.6325381271198125], "43": [-0.03988474585715964, 0.76313534840751], "44": [-0.04629025245016133, 0.9213590824378506], "45": [-0.05232956114466342, 1.1105357612999314], "46": [-0.05679196188817991, 1.333794866701177], "47": [-0.057960687889926754, 1.593988829195612], "48": [-0.053729384015218186, 1.8935901140676465], "49": [-0.04203506772665664, 2.2340321045690126], "50": [-0.02185197116561455, 2.6133441555587997], "51": [0.005226109598734566, 3.021385055285103], "52": [0.03415491353294618, 3.4368704338514102], "53": [0.05869949642922352, 3.8346677296905933], "54": [0.07513446293875144, 4.197966832298641], "55": [0.08313639513547899, 4.520762867095292], "56": [0.08434272166563221, 4.8030516045593385], "57": [0.0809413949192731, 5.0469197820657845], "58": [0.07493173654441149, 5.25505262893967], "59": [0.06784558056807148, 5.430420012222539], "60": [0.060710693780716384, 5.576227295785345], "61": [0.05413041070415321, 5.695807482231858], "62": [0.048402623355783755, 5.792438794165617], "63": [0.043632510746178944, 5.869158970585691], "64": [0.03981910050753534, 5.928628469137138], "65": [0.03691328045080622, 5.973054460646187], "66": [0.03485299665211001, 6.004162734231996], "67": [0.03358297728214848, 6.023197907533757], "68": [0.03306500057158649, 6.030935171406264], "69": [0.03328273774736472, 6.02769225029689], "70": [0.03424344443243307, 6.013335240397399], "71": [0.035977379015442575, 5.987275911798093], "72": [0.0385346178941354, 5.948461421962601], "73": [0.04197765445010397, 5.895360991298414], "74": [0.046366578956281955, 5.825958635260695], "75": [0.051731692966858124, 5.73776656087072], "76": [0.05802659777725463, 5.627878536879434], "77": [0.06505471260235288, 5.493081206086982], "78": [0.07236696908191452, 5.330025224192361], "79": [0.07914181493425718, 5.13542247176303], "80": [0.08408164532908294, 4.906199563622481], "81": [0.08538902167338007, 4.639567008683518], "82": [0.08092407361950567, 4.333164974220783], "83": [0.06871481341294422, 3.98592065705714], "84": [0.0480680912851689, 3.6008356039757015], "85": [0.02117360471009801, 3.1899546499303666], "86": [-0.006467675535479148, 2.7760654085293983], "87": [-0.028837567838096476, 2.3835716145171126], "88": [-0.04283671253791863, 2.02726087016386], "89": [-0.048601791377423674, 1.7117278253768695], "90": [-0.0479438167299353, 1.4364273680996167], "91": [-0.04305227363868221, 1.1991232287608709], "92": [-0.03585549957964052, 0.9970838353446277], "93": [-0.027796073184672445, 0.8273064633382259], "94": [-0.019821322213545337, 0.6865666967671579], "95": [-0.012474091501698628, 0.5715431119750211], "96": [-0.006012952440825092, 0.47900589423324114], "97": [-0.0005211191062792568, 0.4059970823446482], "98": [0.0040121192818133155, 0.34995747234668234], "99": [0.007637821205773852, 0.3087940607265317]}