{"0": [-8.255159920964293e-06, 1.2072065619260741], "1": [-0.000527731898109122, 1.2347282255161305], "2": [-0.0016806038520345624, 1.3048577805939292], "3": [-0.003005155870629837, 1.418209212828779], "4": [-0.00370806797420925, 1.5755536549213272], "5": [-0.002651254448664472, 1.7775579056466746], "6": [0.0015610101723750797, 2.0243698374335266], "7": [0.010281735581231643, 2.314726052493206], "8": [0.024186120659857386, 2.6439754436144685], "9": [0.0423806892078188, 3.000976271191201], "10": [0.0620029082342812, 3.366635361781871], "11": [0.07937202135902974, 3.7185972817138673], "12": [0.09199735211943201, 4.039397104466558], "13": [0.09938688437888915, 4.319655728343904], "14": [0.10244184137398563, 4.555797492007383], "15": [0.10257950336064467, 4.7470571946941185], "16": [0.10117148382158955, 4.893783836115598], "17": [0.09929902728789425, 4.996703783232165], "18": [0.09769531467530096, 5.05656453981177], "19": [0.0967689656081862, 5.073899855363046], "20": [0.096641051990233, 5.048875313539526], "21": [0.09715933755150534, 4.981240504931899], "22": [0.09787952331453921, 4.870401780855038], "23": [0.09802758842247518, 4.715597934967822], "24": [0.09648414471362785, 4.516156745816819], "25": [0.09186409561009265, 4.271896660693643], "26": [0.0828024502013551, 3.983980826721751], "27": [0.06856950905913006, 3.656821172996438], "28": [0.04995707391522773, 3.301149436624019], "29": [0.02973303935203267, 2.9356811188430676], "30": [0.011579849205796976, 2.5827873248096314], "31": [-0.001917896549897986, 2.260319307938385], "32": [-0.010170967296196027, 1.9780517772135509], "33": [-0.014028595879730769, 1.739790884297236], "34": [-0.014895543360831836, 1.5464056071910017], "35": [-0.01415195182050043, 1.3975905601181973], "36": [-0.01289528010128847, 1.2926366515428498], "37": [-0.01187553709901169, 1.2307982971302278], "38": [-0.011516137959194492, 1.2115320933249707], "39": [-0.011950961060856352, 1.2346551414249054], "40": [-0.013039925050439733, 1.3003981351746468], "41": [-0.01435171699766822, 1.4093379795996073], "42": [-0.015126683598945149, 1.562226273584902], "43": [-0.014259601608515754, 1.7597364252921333], "44": [-0.010374154944635955, 2.0020708617584955], "45": [-0.0020983722246602963, 2.2881337511947573], "46": [0.011334911747977029, 2.6136794454388514], "47": [0.02920695165028511, 2.968270658272198], "48": [0.048821875438947636, 3.3334785335902137], "49": [0.06650186786696823, 3.6869431013988416], "50": [0.07959677930966658, 4.01054188466844], "51": [0.08744536627988027, 4.294206631542115], "52": [0.09085665637853461, 4.53395472053899], "53": [0.09122450880516908, 4.728835528668628], "54": [0.08993424818641454, 4.8791188372332], "55": [0.08809463974803529, 4.985498318391573], "56": [0.0864677101556998, 5.04871575122321], "57": [0.08548745346543067, 5.069319591348982], "58": [0.08529674862059473, 5.047504041208624], "59": [0.08576380185238222, 4.983052395975208], "60": [0.08646593324248825, 4.875400682296143], "61": [0.08665298836066362, 4.723806214424962], "62": [0.08522930041060982, 4.5275980351486105], "63": [0.08082507235111291, 4.28656434523902], "64": [0.07206534563352122, 4.001763460259062], "65": [0.05816088269695721, 3.677341919258617], "66": [0.03978481559398635, 3.3235536774894925], "67": [0.01958516941586467, 2.958638362206439], "68": [0.0012324641803827647, 2.60493286635098], "69": [-0.012584267209023706, 2.2807224462148596], "70": [-0.021157844908897005, 1.9962634087906213], "71": [-0.025270276689436565, 1.755656063944629], "72": [-0.026307056637631016, 1.5599078913426647], "73": [-0.025655772722303235, 1.4087755623204297], "74": [-0.02443171420104834, 1.301578397703608], "75": [-0.02340409699569403, 1.237579889242786], "76": [-0.02301322001612871, 1.2162307920699689], "77": [-0.02340712099425546, 1.2373313991728128], "78": [-0.02445843686237584, 1.301090103698849], "79": [-0.02574881796251754, 1.4080618616419083], "80": [-0.026532791243079494, 1.558981357058858], "81": [-0.02571961173085658, 1.7545138180548634], "82": [-0.02194350816667015, 1.9948696976781572], "83": [-0.013829916253270345, 2.2790003198658613], "84": [-0.0005818616232356893, 2.6027947600881833], "85": [0.017146578813220927, 2.9560745980012357], "86": [0.03673028708580288, 3.320688856870704], "87": [0.05450641736531378, 3.674326331010464], "88": [0.06777243376903734, 3.9986423928637995], "89": [0.07580169390329802, 4.283299764576368], "90": [0.07936322040245779, 4.524142133928555], "91": [0.07983727715021506, 4.720131673249044], "92": [0.0786110930931254, 4.871495169176495], "93": [0.07680180102073036, 4.978903112186041], "94": [0.07518097953289705, 5.04308555660765], "95": [0.07419092602375588, 5.064588518928229], "96": [0.0739809687590546, 5.043611594448992], "97": [0.07442431701984778, 4.979949118573492], "98": [0.075102674081211, 4.873051242377722], "99": [0.07527046804320342, 4.722190304802572]}