{"0": [2.2749029590192694e-05, 5.277214281402229], "1": [0.0014753206763943993, 5.251027697967764], "2": [0.004905763806664781, 5.184287041067695], "3": [0.009582322337294218, 5.076366215577722], "4": [0.014198926855531768, 4.92637591728861], "5": [0.016769208661808543, 4.733149099155104], "6": [0.014595689223618535, 4.495053207321926], "7": [0.0044397968377451365, 4.2098481859906265], "8": [-0.016811520485011403, 3.8755934512965], "9": [-0.050314115501777064, 3.49512034968688], "10": [-0.09205809653693386, 3.0856434326540167], "11": [-0.13233770653053312, 2.6812052152177643], "12": [-0.16247282183948075, 2.3126095387134753], "13": [-0.18005282627096356, 1.992261279171058], "14": [-0.18704655526338126, 1.720810202818826], "15": [-0.18675742319672342, 1.4958881072062613], "16": [-0.18235450260087038, 1.3153402363098643], "17": [-0.17638440243411352, 1.177666715449355], "18": [-0.1706753191390296, 1.0818019924890936], "19": [-0.1663974693128897, 1.0269580196530241], "20": [-0.16417370639769555, 1.0126371824945635], "21": [-0.16417067992012707, 1.0387113694410075], "22": [-0.16612687646022287, 1.1054517108033484], "23": [-0.16930525285322948, 1.2134718683865877], "24": [-0.17239164322937375, 1.3636468918727618], "25": [-0.17339102999755648, 1.5571320568745477], "26": [-0.1696002598321918, 1.7955512921843833], "27": [-0.1577846231363801, 2.0811267798246984], "28": [-0.13485907848469386, 2.4157268874585776], "29": [-0.09974479579448077, 2.7963021831476227], "30": [-0.056565925999856714, 3.205282433991089], "31": [-0.015046568090376524, 3.6085409910684576], "32": [0.01626403693542938, 3.9756380856293747], "33": [0.03507159192084205, 4.294474522462817], "34": [0.04338099931204084, 4.564473438127223], "35": [0.04448985497659671, 4.787979132794587], "36": [0.04154886646850285, 4.967109875553665], "37": [0.03708470835631068, 5.1033361279396185], "38": [0.032907650570294024, 5.197699168952105], "39": [0.030172480611516544, 5.250963611878081], "40": [0.02948755226911809, 5.263603967425266], "41": [0.031002965954884287, 5.235729022299551], "42": [0.0344351955232983, 5.167056591595988], "43": [0.03901720830864445, 5.056971515132429], "44": [0.0433968374427009, 4.9046011959590805], "45": [0.04553698581811697, 4.7087850352025065], "46": [0.04269805790622545, 4.46787979568223], "47": [0.031636142817326504, 4.179662515082579], "48": [0.00933662596359303, 3.8424302899165808], "49": [-0.025030397309841964, 3.459904825775171], "50": [-0.06692139498220367, 3.050900387122861], "51": [-0.10646835890685714, 2.650000695072419], "52": [-0.13550023205509043, 2.2865352737155544], "53": [-0.1521118988313133, 1.9715302101453096], "54": [-0.15845635648336343, 1.7052163059051182], "55": [-0.15783846808824936, 1.4852490312337256], "56": [-0.1533672255144393, 1.3095770981285981], "57": [-0.1475161545953837, 1.1767845669391799], "58": [-0.14204493987320702, 1.0858689725776225], "59": [-0.1380648485277439, 1.036101089579443], "60": [-0.13614646547225054, 1.0270443914330774], "61": [-0.136402593169773, 1.0586268347892367], "62": [-0.13850602048575256, 1.1311578980804824], "63": [-0.14163415115958608, 1.2452669199022415], "64": [-0.1443663750610377, 1.4018359749962714], "65": [-0.14459052329658778, 1.6020497869778396], "66": [-0.13950221763126974, 1.8475994089178582], "67": [-0.1258422370343906, 2.140716942438128], "68": [-0.10072625391762446, 2.4828021502102495], "69": [-0.0637743422512812, 2.8689154317949384], "70": [-0.020249749754791893, 3.2781132649075624], "71": [0.01979005898510329, 3.6752238079221704], "72": [0.048835328214339446, 4.032874711243767], "73": [0.06560826746341752, 4.341769285127864], "74": [0.07249284574727052, 4.602216909680409], "75": [0.07280317444018794, 4.816565549423455], "76": [0.06958035085975568, 4.986768955060025], "77": [0.0652117272612786, 5.114166489909343], "78": [0.06137499886670446, 5.199708687232103], "79": [0.05911114985628353, 5.244077389477165], "80": [0.05893045623470729, 5.247656238086593], "81": [0.06088745658998676, 5.210464161662096], "82": [0.06458847460182414, 5.132150124859414], "83": [0.06912826549197888, 5.012059467042787], "84": [0.07298629566310234, 4.84928797694426], "85": [0.07394296744743184, 4.642604790900506], "86": [0.0691051036518704, 4.390242188502106], "87": [0.05520522044471352, 4.089972153234888], "88": [0.029582433355767504, 3.740923059418272], "89": [-0.007440968087906646, 3.349960024063586], "90": [-0.049603390175703164, 2.940991734638158], "91": [-0.08675052332722666, 2.5494901285035687], "92": [-0.11235880140552926, 2.1999130473987387], "93": [-0.1259573131347382, 1.8993570426047641], "94": [-0.13020117964782882, 1.646891759626711], "95": [-0.1283998073510322, 1.440190623488635], "96": [-0.12349603441272691, 1.2774272538646683], "97": [-0.11775821175580502, 1.1573563947914653], "98": [-0.11275244648552393, 1.0790907210686391], "99": [-0.10942460039920567, 1.0420081253358673]}