{"0": [-1.3493396130970778e-05, 0.80520367792121], "1": [-0.0008829080640229352, 0.8300229179452384], "2": [-0.003010070195216087, 0.8936903651179097], "3": [-0.006146258797231977, 0.9978279334658494], "4": [-0.009786385215832112, 1.1447337973890184], "5": [-0.013048153040086939, 1.3370251008630825], "6": [-0.014570736755088418, 1.5772760008766333], "7": [-0.012535343082721667, 1.8676463260001035], "8": [-0.004982854914023629, 2.2090282371367445], "9": [0.009307350676010965, 2.598339213226781], "10": [0.0292960466850326, 3.022779911088353], "11": [0.05077852766804274, 3.455939907666789], "12": [0.06847756023847172, 3.866840676668002], "13": [0.07950926727547551, 4.235004974669162], "14": [0.08403123887543026, 4.552911521115504], "15": [0.08376368579061202, 4.819897441322774], "16": [0.08069558281292138, 5.0376697518855105], "17": [0.07648260389795983, 5.208649237599131], "18": [0.07228672122640356, 5.335456910733707], "19": [0.06882534973009782, 5.420581052596387], "20": [0.066490321055742, 5.466017656391653], "21": [0.0654588333832713, 5.472952460138218], "22": [0.06576054791193639, 5.441567718894358], "23": [0.06728909565796136, 5.371010927097044], "24": [0.06975663008259222, 5.25953096296008], "25": [0.07259791557055822, 5.1047607021754615], "26": [0.07484843250073482, 4.904081471059979], "27": [0.07505650472829725, 4.654979105237597], "28": [0.07134310313040229, 4.355447640732249], "29": [0.06180112558578547, 4.00505510363173], "30": [0.04550365412665072, 3.608186992206104], "31": [0.02406687698657476, 3.1801145461009925], "32": [0.002145664883489414, 2.749205812268438], "33": [-0.015218620212787554, 2.3453914716316886], "34": [-0.025759884818248348, 1.98649684032004], "35": [-0.03004803056405866, 1.6783023370571324], "36": [-0.029924693271590492, 1.4208173268918745], "37": [-0.027343051131549296, 1.2121483715873909], "38": [-0.02386961776204636, 1.049826235056581], "39": [-0.020576572571153934, 0.9312447599157848], "40": [-0.018111717598610296, 0.8539971894846327], "41": [-0.016819836566515534, 0.8162349967571056], "42": [-0.016846706973148037, 0.8169664941821143], "43": [-0.018195655661376337, 0.8562198048704157], "44": [-0.020727551068225495, 0.9350402501059901], "45": [-0.02410421669742188, 1.055321436798214], "46": [-0.027684468794232028, 1.2194989298636152], "47": [-0.030403433536995438, 1.4301814450851429], "48": [-0.030705202686436037, 1.689800182254703], "49": [-0.02665672827005716, 2.0001417844798834], "50": [-0.016455144134941268, 2.3609644464829636], "51": [0.000410063419354272, 2.7660744368435086], "52": [0.02161704418815122, 3.197167611130193], "53": [0.04211232948374322, 3.6241452593545644], "54": [0.05728113334561611, 4.018957671712998], "55": [0.06556972878364534, 4.366819531464728], "56": [0.06795519943985029, 4.6636874595264475], "57": [0.06637228645360155, 4.910159736653651], "58": [0.06271284949681342, 5.10830108147469], "59": [0.05843572360883975, 5.260623302700312], "60": [0.05451170029945007, 5.369702807236546], "61": [0.05151255704874279, 5.437837335596567], "62": [0.04973236570149111, 5.466692516526562], "63": [0.04928219740735022, 5.45702932542597], "64": [0.050134020779303276, 5.408577784403377], "65": [0.05210727867774877, 5.320079169577068], "66": [0.05479982695167306, 5.1894915247442075], "67": [0.05747631321057498, 5.014319172638321], "68": [0.05895276443279572, 4.791981402526381], "69": [0.05755992373913001, 4.520163264537206], "70": [0.05133112043945906, 4.1974000598966095], "71": [0.03865007570243691, 3.824927430266116], "72": [0.01958023665882633, 3.4114017239571144], "73": [-0.0027467040896177546, 2.9786220395795047], "74": [-0.023027801827024273, 2.5577597242147574], "75": [-0.03729681185781138, 2.174024942298259], "76": [-0.04476576736376495, 1.8389551179794654], "77": [-0.04678051866392647, 1.5549793214232295], "78": [-0.045326919684095954, 1.3209722725663402], "79": [-0.04220663751104176, 1.134721110205181], "80": [-0.03875357274366968, 0.9936831692876911], "81": [-0.03582834099021341, 0.895334370794339], "82": [-0.03392287977127345, 0.8375206454564899], "83": [-0.03327845318196737, 0.8187990505712855], "84": [-0.03396842517033391, 0.8386765909050848], "85": [-0.03592734844732429, 0.8976932524302863], "86": [-0.03892232651403264, 0.9973348324784577], "87": [-0.04247061991820273, 1.1397884129271605], "88": [-0.045722057244216394, 1.3275928689286356], "89": [-0.04735547718267481, 1.5632754809886984], "90": [-0.04558708818969436, 1.8489845326399243], "91": [-0.03845893186270989, 2.1856969347713275], "92": [-0.024664793294569887, 2.5707068654222907], "93": [-0.005030189906096285, 2.9921007738632057], "94": [0.016466318573992254, 3.424410322553162], "95": [0.0345345155168291, 3.83654813537168], "96": [0.04607232091251714, 4.2070572910887885], "97": [0.05105387099142317, 4.527618996464058], "98": [0.051125645560891726, 4.7972015057094], "99": [0.04827338155307633, 5.017359195426434]}