{"0": [3.126422102712651e-05, 1.9972295093286552], "1": [0.0021004008774655795, 2.015348615266237], "2": [0.007700807343133464, 2.06136542625433], "3": [0.017738967117676953, 2.1353564962501537], "4": [0.03360674886810875, 2.237457265819852], "5": [0.05702846567416028, 2.367786084885829], "6": [0.08973457760125533, 2.5261255630550505], "7": [0.1328087846489138, 2.7110676048595024], "8": [0.18559469190192704, 2.9183584070126414], "9": [0.24457055882294565, 3.1390513628803656], "10": [0.3036182234681747, 3.3599008608900336], "11": [0.3565408206510986, 3.5675534691754094], "12": [0.39967268353075464, 3.752872904096476], "13": [0.43226737552314903, 3.9114975989728795], "14": [0.45538719951313655, 4.04200174311061], "15": [0.470779086956621, 4.144190764229244], "16": [0.4801986289026322, 4.218214391289891], "17": [0.48507396194891306, 4.264236513821179], "18": [0.48634983215117955, 4.282357363575961], "19": [0.48441925371993305, 4.272618163619952], "20": [0.47910163352765295, 4.235013093617758], "21": [0.4696546467896401, 4.169485113659619], "22": [0.4548262853246871, 4.075917581033264], "23": [0.4329768202017663, 3.954176795121178], "24": [0.40234156300291163, 3.8043367885291928], "25": [0.3615689596725914, 3.6273407570325693], "26": [0.3106846814994825, 3.426413259467505], "27": [0.25229966942042936, 3.209002449788956], "28": [0.1919173637622157, 2.9873367642876203], "29": [0.13600412569827375, 2.775230543878016], "30": [0.0890927327892963, 2.583258572656439], "31": [0.052700316710492426, 2.4170333105308464], "32": [0.026172234603826006, 2.278643379903014], "33": [0.007886279364501852, 2.168532302668603], "34": [-0.0039441983953377325, 2.0866092303426407], "35": [-0.010854271003044062, 2.032705284451683], "36": [-0.013931232927969169, 2.006703338506686], "37": [-0.013726445646216905, 2.008547816078527], "38": [-0.01022216290492918, 2.0382314498552256], "39": [-0.0028340071588436877, 2.0957945725616574], "40": [0.009549754853905582, 2.181334798315691], "41": [0.028470090636250257, 2.2949861442742514], "42": [0.055683390607877976, 2.4367623084726513], "43": [0.09271670625678502, 2.606047934504635], "44": [0.14003184700249657, 2.800418331134287], "45": [0.1958295519112434, 3.013756954624125], "46": [0.2553352212056172, 3.2350422550626563], "47": [0.3120809790066001, 3.4504470963286344], "48": [0.36081352845582504, 3.6481934641675853], "49": [0.3992214053999019, 3.821371259989829], "50": [0.4274797243289219, 3.9671169075662114], "51": [0.44703025294340315, 4.084664721801824], "52": [0.4596558102018356, 4.1740134922612775], "53": [0.4669758997449837, 4.235325591062293], "54": [0.47020411069736157, 4.268732469378099], "55": [0.4700372469653223, 4.274303735127443], "56": [0.46660994399810585, 4.252058622847938], "57": [0.4594881998484275, 4.20197105884645], "58": [0.44769797829006464, 4.123961208095568], "59": [0.4298046653948974, 4.017902865496653], "60": [0.40408898184529246, 3.883731224299644], "61": [0.36891697767228987, 3.7218332124159783], "62": [0.32345941930544103, 3.5340227505913373], "63": [0.26882210369343756, 3.325280893872753], "64": [0.20901634755304935, 3.1053665774049475], "65": [0.15029072995061069, 2.887749332456157], "66": [0.09843907241577733, 2.6851157401976162], "67": [0.056550063469310075, 2.5056538088353135], "68": [0.024984821880174247, 2.3530938790965568], "69": [0.002535278811571736, 2.228597463185186], "70": [-0.01254241727382404, 2.132294671398013], "71": [-0.02192935838514896, 2.0640437836631214], "72": [-0.026948984991482905, 2.023702936776768], "73": [-0.02843043734252356, 2.011189137825402], "74": [-0.026649851086457784, 2.026471965960912], "75": [-0.02131508815978211, 2.069565238721225], "76": [-0.011585129416470791, 2.140532875248265], "77": [0.0038653586388716138, 2.239489369462445], "78": [0.026699687434048835, 2.366526940967523], "79": [0.0586086646384942, 2.521416058091203], "80": [0.10069219292923004, 2.7028036202293664], "81": [0.15241912960626203, 2.906649332818083], "82": [0.21051864683843935, 3.124417032418145], "83": [0.2691225100956907, 3.3432651670025533], "84": [0.32208676131157465, 3.5499138362703375], "85": [0.3656002648839667, 3.734979986232941], "86": [0.39872840918245395, 3.893803355102051], "87": [0.4223974468968987, 4.024757248223881], "88": [0.43827795746493775, 4.1275438870926395], "89": [0.4480898641869799, 4.202268045364947], "90": [0.45325002917915014, 4.249076773148992], "91": [0.4547067685409876, 4.268065322353002], "92": [0.4528665964444749, 4.2592746758089985], "93": [0.447570090402727, 4.222701686733328], "94": [0.43810308850243107, 4.158296353109743], "95": [0.4232491411226166, 4.065957279850066], "96": [0.4014125408799131, 3.9455798510481155], "97": [0.3708814929892998, 3.7972864115339493], "98": [0.330361359958895, 3.6220851854531344], "99": [0.27991775294820326, 3.423252536532983]}