{"0": [-1.248972843792785e-05, 3.55742555616032], "1": [-0.0008226775346944744, 3.5443316321979044], "2": [-0.002864810618920152, 3.5116304193563286], "3": [-0.006093539461546218, 3.4607298464864233], "4": [-0.010413329766082712, 3.393905420620809], "5": [-0.015656102854810273, 3.3142876426631895], "6": [-0.021568562930751708, 3.225785058919253], "7": [-0.027820352487442194, 3.132907491848814], "8": [-0.03403664253915222, 3.040482792345398], "9": [-0.03984676503896369, 2.953306355473405], "10": [-0.04493142300534121, 2.8757973320054036], "11": [-0.049051830888436, 2.811731977995874], "12": [-0.05205419298500662, 2.7640857097954457], "13": [-0.053854660063334815, 2.7349706720556948], "14": [-0.054416466640779926, 2.725630883467498], "15": [-0.05373103099242054, 2.7364563190203843], "16": [-0.05181090172015048, 2.7669904343272522], "17": [-0.0486971758357828, 2.8159228632722675], "18": [-0.04447855592923014, 2.881076586067545], "19": [-0.03931399136152677, 2.9594158973776725], "20": [-0.03344706242586079, 3.0471140555139296], "21": [-0.02720055379353554, 3.1397176707798424], "22": [-0.020946446513190095, 3.2324189353215202], "23": [-0.015058343250746068, 3.3204017310384866], "24": [-0.009863170546415964, 3.3991900421774095], "25": [-0.005609444192949123, 3.464925731658411], "26": [-0.0024600711329357135, 3.514538804500571], "27": [-0.0005057013093474597, 3.5458189794977475], "28": [0.0002126730153177393, 3.5574249975427263], "29": [-0.0003161045163437404, 3.5488711290484183], "30": [-0.0020819733618296127, 3.5205181815244173], "31": [-0.005047834846406039, 3.473579257712279], "32": [-0.009131508401600917, 3.4101329485530263], "33": [-0.014182963985040452, 3.333119466626764], "34": [-0.019968384034455073, 3.2462817824307146], "35": [-0.02617293341931824, 3.1540134295991944], "36": [-0.03242809925944983, 3.061097711388381], "37": [-0.03835798464699706, 2.9723669148477407], "38": [-0.04362845999100391, 2.892350256916308], "39": [-0.04798138223719875, 2.8249854835021124], "40": [-0.051244563957659556, 2.7734361747211387], "41": [-0.05332026164581376, 2.740010555286985], "42": [-0.05416299747445237, 2.7261472177107513], "43": [-0.05375892654625072, 2.732427670373427], "44": [-0.05211569681919626, 2.7585866611498036], "45": [-0.049266648358946744, 2.803508050153613], "46": [-0.04528774947387531, 2.8652115669496747], "47": [-0.04032034009551123, 2.940853074769403], "48": [-0.03458846286754322, 3.026775175799584], "49": [-0.02839866347963153, 3.1186474536023456], "50": [-0.02211538574320041, 3.211715485810295], "51": [-0.016116171189038353, 3.3011354047621246], "52": [-0.010741894172604623, 3.3823285862662797], "53": [-0.006260185610415988, 3.4512801050644235], "54": [-0.002852657991370898, 3.504733911910878], "55": [-0.0006244349722722941, 3.5402840947141225], "56": [0.0003742513603786518, 3.556394645922561], "57": [0.00012673410943552136, 3.5523882357665966], "58": [-0.0013616974049197612, 3.528434719160916], "59": [-0.0040612375699114085, 3.4855535708799263], "60": [-0.007901822455662727, 3.425626892433158], "61": [-0.012750556059036015, 3.351402268264818], "62": [-0.018393149178721768, 3.266449882836833], "63": [-0.02453164800632942, 3.1750339399742455], "64": [-0.030806256635323218, 3.081875701714509], "65": [-0.036838444502504245, 2.991826007388644], "66": [-0.04228108070275598, 2.909508972529987], "67": [-0.04685722259395027, 2.8390141148956447], "68": [-0.05037571450150571, 2.783688708811259], "69": [-0.052723774367043584, 2.746036027958615], "70": [-0.05384613880906086, 2.727689560378533], "71": [-0.0537231666882368, 2.72942251602757], "72": [-0.05235782100206498, 2.7511603029531444], "73": [-0.04977658047385497, 2.791979820101714], "74": [-0.04604390878519011, 2.8500969464888133], "75": [-0.04128451892545889, 2.9228610275943416], "76": [-0.035703000259920535, 3.00679057701765], "77": [-0.029588450125771083, 3.0976905307107687], "78": [-0.02329546229313955, 3.190876958722352], "79": [-0.017202898099087115, 3.281496665826666], "80": [-0.011663628925780281, 3.3648840740304347], "81": [-0.006963696178023744, 3.43687781653036], "82": [-0.003303888720881255, 3.4940407711431027], "83": [-0.0008049148515170007, 3.5337727046549734], "84": [0.0004726470176895434, 3.554342604359833], "85": [0.0005060113427180709, 3.5548813076072667], "86": [-0.0007041745205884161, 3.535368253428058], "87": [-0.0031345686809495623, 3.4966304509708768], "88": [-0.006726009108566361, 3.4403542597994683], "89": [-0.011361692416531188, 3.369093118202434], "90": [-0.016846645012913032, 3.2862384803566966], "91": [-0.022900852637687315, 3.195913513160044], "92": [-0.029175450953321226, 3.1027607604275125], "93": [-0.03529190546660537, 3.011631164463521], "94": [-0.04089214597094147, 2.9272276336672634], "95": [-0.045681281939987106, 2.8537804854999163], "96": [-0.04944883097565052, 2.794815174942266], "97": [-0.05206590319599179, 2.7530284098005473], "98": [-0.05346631643038224, 2.730248745031542], "99": [-0.05362395360032879, 2.727441379403409]}