{"0": [-3.3423183555433233e-06, 3.256534329762492], "1": [-0.00021969195348424606, 3.253590469957475], "2": [-0.0007609660511658917, 3.2462294247621846], "3": [-0.0016066954061909075, 3.2347389493402114], "4": [-0.002724582938483696, 3.2195692362508717], "5": [-0.004071399377350705, 3.2013163380683367], "6": [-0.005594373480575356, 3.1806996294679912], "7": [-0.007233132216787173, 3.158533851663393], "8": [-0.008922165659315045, 3.135696682660401], "9": [-0.010593692276181937, 3.113093200926894], "10": [-0.012180714441136881, 3.0916189534726404], "11": [-0.013620010504225797, 3.0721235069391146], "12": [-0.014854823908226272, 3.0553763029564154], "13": [-0.015837076661487242, 3.0420363735047555], "14": [-0.01652903086562045, 3.032627074156513], "15": [-0.01690441606116659, 3.0275165675579876], "16": [-0.01694910332824989, 3.0269044312715288], "17": [-0.01666142367530748, 3.03081452813102], "18": [-0.01605219938800542, 3.0390941664942326], "19": [-0.015144498775255495, 3.051419549068208], "20": [-0.013973062307754544, 3.0673074914791902], "21": [-0.012583307924588224, 3.086133310989281], "22": [-0.011029824912062045, 3.107154588398479], "23": [-0.009374315387306082, 3.129540180575422], "24": [-0.007683029416199221, 3.1524034475061558], "25": [-0.006023838789526835, 3.1748382419046246], "26": [-0.004463173363300576, 3.195955896916405], "27": [-0.003063075593055112, 3.2149213262197005], "28": [-0.0018786022787741995, 3.2309864566974964], "29": [-0.0009557269224957088, 3.2435195158104313], "30": [-0.0003297974547571995, 3.252029108686517], "31": [-2.4514587055798067e-05, 3.256182437976188], "32": [-5.134213128397889e-05, 3.2558173543539115], "33": [-0.0004092544816905314, 3.2509481330460064], "34": [-0.0010847634131169843, 3.241764959948982], "35": [-0.0020522277811571604, 3.228627130711716], "36": [-0.00327450948484606, 3.2120499913484837], "37": [-0.004704071547385387, 3.192685751469982], "38": [-0.00628460217743502, 3.1712985269082252], "39": [-0.00795318953045578, 3.1487343182120267], "40": [-0.009642979781702912, 3.1258870539491737], "41": [-0.011286153730244965, 3.103662230272985], "42": [-0.012816986543638843, 3.0829399556320363], "43": [-0.014174735826767001, 3.064539282637831], "44": [-0.01530614182829733, 3.0491855561973855], "45": [-0.01616740675891071, 3.0374821727035477], "46": [-0.016725619562496644, 3.029887722211968], "47": [-0.01695967615849985, 3.0266990791779302], "48": [-0.016860789259149352, 3.0280406979690104], "49": [-0.016432677788636947, 3.033860189929267], "50": [-0.01569148176395886, 3.043930190733107], "51": [-0.014665385109042202, 3.057856512347137], "52": [-0.0133938729816085, 3.075092537612929], "53": [-0.011926526242235525, 3.0949596889986912], "54": [-0.010321278184443719, 3.1166735489876323], "55": [-0.008642126632559852, 3.139374838178589], "56": [-0.006956390415691153, 3.162164030214538], "57": [-0.005331693484243859, 3.1841379984768983], "58": [-0.003832921104570634, 3.2044268509425677], "59": [-0.0025193993669394865, 3.2222290855964055], "60": [-0.0014424992445961956, 3.236843396595737], "61": [-0.0006437770912408043, 3.2476958236124758], "62": [-0.0001536648980375028, 3.254361364611694], "63": [9.353089499081667e-06, 3.256579563191263], "64": [-0.0001608253511535094, 3.2542638639545247], "65": [-0.0006577919028362636, 3.247504681677908], "66": [-0.001462771990572402, 3.236566180685529], "67": [-0.002545072976233693, 3.2218767734642424], "68": [-0.003862918228753953, 3.204013398219758], "69": [-0.005364763745684531, 3.183679787282696], "70": [-0.006991161055103382, 3.161679220282254], "71": [-0.008677154126412224, 3.1388826461726107], "72": [-0.010355099731227954, 3.1161934849786315], "73": [-0.011957711074827944, 3.094510781048299], "74": [-0.013421073809194533, 3.0746925759622927], "75": [-0.014687389481176044, 3.0575213437778865], "76": [-0.01570726199719564, 3.0436730913362977], "77": [-0.016441436783943667, 3.0336913409443627], "78": [-0.01686199860909943, 3.027966784823295], "79": [-0.016953102794918833, 3.02672302872437], "80": [-0.016711337955369873, 3.0300085877664444], "81": [-0.016145795188066473, 3.0376951710345725], "82": [-0.015277863136880825, 3.04948225518295], "83": [-0.014140704853960094, 3.064907932845139], "84": [-0.012778327673530716, 3.083365953600185], "85": [-0.011244152385373867, 3.104128695927534], "86": [-0.009599031186869849, 3.1263754996481463], "87": [-0.00790874692078234, 3.1492253827926766], "88": [-0.006241125303203766, 3.1717727451150357], "89": [-0.004662975382856718, 3.193124327523006], "90": [-0.0032371128729295037, 3.212435545254396], "91": [-0.0020197024120579307, 3.228944387222192], "92": [-0.001058084760464218, 3.242001352736995], "93": [-0.0003891575925209353, 3.251094300502068], "94": [-3.828595844481103e-05, 3.255867508098104], "95": [-1.8658515012347513e-05, 3.256134590383373], "96": [-0.0003309927349438968, 3.251885151125106], "97": [-0.0009635241113482598, 3.243285144729067], "98": [-0.0018922738646064456, 3.2306709501326134], "99": [-0.003081651288047308, 3.214537178774307]}