{"0": [2.0588160868679892e-05, 2.693975819166439], "1": [0.0013574518608665462, 2.705951779870618], "2": [0.004739385938168133, 2.735968829579718], "3": [0.01012497138493364, 2.783011897338417], "4": [0.017412140460915326, 2.8454059745987372], "5": [0.026397981717832763, 2.920776034417337], "6": [0.03674561956095241, 3.006042278490768], "7": [0.04797690186640515, 3.097495030272595], "8": [0.059504344815631986, 3.1909807626621927], "9": [0.07069990117160596, 3.282189584830172], "10": [0.0809787488167563, 3.366983380368699], "11": [0.08986745439428286, 3.441680483082063], "12": [0.09703499159805092, 3.50323738976529], "13": [0.1022845580290743, 3.5493195084880704], "14": [0.10551990403683242, 3.578293516750095], "15": [0.10670497634350037, 3.5891858740953912], "16": [0.10583245669016281, 3.581643057813204], "17": [0.10291056341541474, 3.555913863130209], "18": [0.09797145521833475, 3.5128606695945703], "19": [0.0910990819089095, 3.453995060129967], "20": [0.08246848614748349, 3.3815204122650946], "21": [0.07238228019407687, 3.298349049241783], "22": [0.061285761409822746, 3.2080503368472395], "23": [0.04974495862686369, 3.114692553662599], "24": [0.03838545390525462, 3.022576200921959], "25": [0.027809521769884153, 2.9359082742272715], "26": [0.018521672866276023, 2.8585001975184623], "27": [0.010887751184226354, 2.7935586381828856], "28": [0.005134478453403798, 2.743589903764139], "29": [0.00137864966076897, 2.7103927036269413], "30": [-0.00033253180344831705, 2.695095187641042], "31": [1.3217392291186235e-05, 2.6981974923463645], "32": [0.002411361004970967, 2.7195958113061165], "33": [0.006837353911914839, 2.7585781197812103], "34": [0.013222998409113278, 2.8137934042802897], "35": [0.021418865017528033, 2.883208444370051], "36": [0.031155572061934627, 2.964080890923316], "37": [0.04202185150617979, 3.0529905316533212], "38": [0.05347670056996347, 3.145969833274352], "39": [0.06490194404447304, 3.238746941887968], "40": [0.07568233787019445, 3.327063978341824], "41": [0.08528477413010647, 3.4069922537207025], "42": [0.09330864521635718, 3.475167669657085], "43": [0.09949559180735708, 3.528912714749282], "44": [0.10370589066347986, 3.56626122394471], "45": [0.10587913433132778, 3.585928074017479], "46": [0.10599699072494687, 3.587265253640135], "47": [0.10406048337804524, 3.5702320042400224], "48": [0.10008793267422572, 3.535392024386577], "49": [0.09413403159226365, 3.4839386152684373], "50": [0.086324966316384, 3.417736872863312], "51": [0.07689831510455497, 3.339357884307554], "52": [0.06623073285248965, 3.2520655435948744], "53": [0.0548351629416867, 3.159712637401527], "54": [0.04331762301152887, 3.066523648835243], "55": [0.03230157551580764, 2.976788621402561], "56": [0.022345684457445586, 2.8945394833473346], "57": [0.013884711293206823, 2.8232904770181237], "58": [0.007210035379622539, 2.765888778326642], "59": [0.0024866254999630333, 2.7244696848948586], "60": [-0.00020970717749677824, 2.7004777395378943], "61": [-0.0008532300505688104, 2.694710429670824], "62": [0.0005586862673810788, 2.7073530766227787], "63": [0.004012833995947211, 2.7379886286329707], "64": [0.009465937607076813, 2.7855787332638915], "65": [0.016812633537918, 2.848423996208956], "66": [0.025845392643749646, 2.924124832125009], "67": [0.03622219848268891, 3.009579226627465], "68": [0.047460623492452725, 3.1010615319926633], "69": [0.05897126455702411, 3.194412542357355], "70": [0.0701273545570885, 3.285329203330542], "71": [0.08034822947998267, 3.3696917756454043], "72": [0.08916616396712043, 3.443844768599793], "73": [0.09625577394433535, 3.50477405644197], "74": [0.10142465528137352, 3.5501740666048933], "75": [0.10457929104736834, 3.5784384022492546], "76": [0.10568495079957622, 3.588618203695329], "77": [0.1047349067827991, 3.580383174818197], "78": [0.10173807574866679, 3.554005020097149], "79": [0.09672820721956586, 3.510369732980019], "80": [0.089792254820851, 3.451013681269467], "81": [0.0811097111022528, 3.3781655902692047], "82": [0.0709884427100943, 3.2947615306968325], "83": [0.05987850226852004, 3.204389291525668], "84": [0.04834860626392278, 3.1111259634144455], "85": [0.03702386139253177, 3.0192683283100856], "86": [0.026502924305279844, 2.9330072817960113], "87": [0.0172847047605046, 2.8561290427393646], "88": [0.009729121944691803, 2.7918106616594014], "89": [0.004058013578934667, 2.7425284446597438], "90": [0.00038495862646398916, 2.7100529589007487], "91": [-0.0012444989099259112, 2.6954865714915317], "92": [-0.000818790749118439, 2.6993053639125586], "93": [0.0016569355705258941, 2.7213820799195365], "94": [0.006156790888261726, 2.7609807357553744], "95": [0.012609880242755755, 2.8167251865559932], "96": [0.020862545450005994, 2.8865562083859775], "97": [0.0306401211719213, 2.9677063717407557], "98": [0.04152618931834396, 3.056734778023235], "99": [0.05297633091179546, 3.1496620089474088]}