{"0": [8.810983914675036e-06, 4.9211985394188345], "1": [0.0005577642095143688, 4.9017851430135435], "2": [0.0017248936444943053, 4.852464620439141], "3": [0.0028997066902405654, 4.773135925148535], "4": [0.003078132256917397, 4.663636375308604], "5": [0.0008636582977699753, 4.523731031683748], "6": [-0.005485000141958548, 4.3531171244046964], "7": [-0.0179054561990849, 4.151536419389391], "8": [-0.03818754314756198, 3.919220828281679], "9": [-0.06729543703691092, 3.6580537863750613], "10": [-0.10432401365236314, 3.373663967985132], "11": [-0.14566522181826003, 3.077300416611103], "12": [-0.18574755572954244, 2.7843794653526253], "13": [-0.2195616370203593, 2.5090716831390565], "14": [-0.24463956491140978, 2.2601532268605973], "15": [-0.26099649165397476, 2.0413325150176926], "16": [-0.2700662132612109, 1.8535393481302895], "17": [-0.2737790052909758, 1.6966676665050715], "18": [-0.27403569857857263, 1.5703867670792662], "19": [-0.27246010646378954, 1.4744053673020763], "20": [-0.27030213418849647, 1.4085170323840321], "21": [-0.26841501195111994, 1.3725892370655992], "22": [-0.2672631309957175, 1.3665526333662552], "23": [-0.2669343435754425, 1.39039814381106], "24": [-0.2671427153390878, 1.444175790015932], "25": [-0.2672193126996169, 1.5279934431609934], "26": [-0.26610030556006886, 1.6420209926460763], "27": [-0.2623333440857516, 1.7865010910090173], "28": [-0.254137196985113, 1.9617357398292854], "29": [-0.2395738048357978, 2.167939378944377], "30": [-0.21693544360958, 2.4047075090303984], "31": [-0.18548456049684875, 2.6697083894449687], "32": [-0.14652275656962824, 2.9564979997181102], "33": [-0.10406651132842118, 3.252957708210225], "34": [-0.06376861738190287, 3.5434951551857563], "35": [-0.030300686011047497, 3.814660614736736], "36": [-0.00568346546878071, 4.058602627486907], "37": [0.010395140202034253, 4.272199010219173], "38": [0.019492209441087514, 4.454761506842919], "39": [0.023553220361129813, 4.606457091886968], "40": [0.024441203156488546, 4.727612398717825], "41": [0.023720170938417162, 4.818500716717662], "42": [0.022573686464901047, 4.879312061267102], "43": [0.021788895366839433, 4.910165733390114], "44": [0.021766064078338324, 4.911119675120965], "45": [0.022529657080217952, 4.882172811704115], "46": [0.02372888985218744, 4.823266362552062], "47": [0.024627334617277317, 4.734284495958616], "48": [0.024092843323839968, 4.615048539108947], "49": [0.0206108793236213, 4.4653070519419815], "50": [0.01235948017547299, 4.284762772836007], "51": [-0.0025887701361916714, 4.073266432307326], "52": [-0.025826187013549655, 3.831458150567315], "53": [-0.05779939917700936, 3.562248219296018], "54": [-0.09673348948871568, 3.273060682341601], "55": [-0.13818302865971238, 2.976930387737723], "56": [-0.17648957001212712, 2.6894617083743593], "57": [-0.20741403015356255, 2.4231837002397043], "58": [-0.22942628816073168, 2.184939595959181], "59": [-0.24313970436917748, 1.9772602248813196], "60": [-0.2502261962726459, 1.800604378668214], "61": [-0.25263575705143543, 1.6547532150885274], "62": [-0.2521831290639095, 1.5393886150881477], "63": [-0.2503627572386357, 1.454257103644372], "64": [-0.24828289362981587, 1.3991859831341122], "65": [-0.24665622578663735, 1.3740699925367483], "66": [-0.2458106969982612, 1.3788634793698231], "67": [-0.24569892114968325, 1.413578510892081], "68": [-0.24589634022002918, 1.478283475199045], "69": [-0.24558995964419442, 1.5731033569326542], "70": [-0.24357116935485032, 1.6982272478087823], "71": [-0.23825826738319705, 1.8539157577826872], "72": [-0.22779100830489984, 2.0404539265172836], "73": [-0.210270351048789, 2.257894013676475], "74": [-0.1842643069656541, 2.50527476610064], "75": [-0.14969505730663363, 2.7789471635553262], "76": [-0.10888700896924856, 3.0703411499880175], "77": [-0.06670418213870515, 3.3655252477661497], "78": [-0.02870087203113586, 3.6491206474238758], "79": [0.0014133937899817924, 3.9097206420049426], "80": [0.022626673097241028, 4.14153858421689], "81": [0.03584467445178203, 4.342614557342327], "82": [0.042838688161650706, 4.512696254424117], "83": [0.04554938418165156, 4.652042125582611], "84": [0.04573153775544464, 4.760956961639189], "85": [0.04480000965860551, 4.839672901624244], "86": [0.04377891809964487, 4.888344673221244], "87": [0.04329832291556704, 4.907062798080205], "88": [0.0436057224165285, 4.8958598456754565], "89": [0.0445733273670116, 4.854712018124906], "90": [0.04569374003186395, 4.7835405026009665], "91": [0.046068390227675504, 4.682209857006695], "92": [0.044404750320685075, 4.550518946649877], "93": [0.039050963592407055, 4.3881989111525215], "94": [0.028115437530527407, 4.19498991355028], "95": [0.009754163941388694, 3.970983589190034], "96": [-0.01724496092727616, 3.71757733999102], "97": [-0.052499215791023277, 3.439350823635848], "98": [-0.09306803302714514, 3.1461685729133535], "99": [-0.1337218410929429, 2.852746552761269]}