{"0": [-4.582038537015154e-05, 3.8338279787760148], "1": [-0.0030465365170517043, 3.807364067785056], "2": [-0.010864663557157166, 3.740741814254108], "3": [-0.02390955428293802, 3.6356560865460423], "4": [-0.04242130153275356, 3.4957577986807586], "5": [-0.06586934372687941, 3.3281013328995233], "6": [-0.09239876220112758, 3.1444685696673043], "7": [-0.11897703120280283, 2.960584288368449], "8": [-0.142531146340618, 2.7922833493722683], "9": [-0.16112914663151612, 2.6515590818312886], "10": [-0.1741912884326598, 2.5456125465478765], "11": [-0.1819527117165568, 2.4781424516453754], "12": [-0.18484860197484992, 2.4508307421656936], "13": [-0.1831229009696506, 2.4642154252995763], "14": [-0.17667947973808423, 2.5179954949821375], "15": [-0.16514940488104096, 2.6108914927111404], "16": [-0.14818634960757848, 2.7400041967779547], "17": [-0.126005149899246, 2.89954511397316], "18": [-0.10000395917531892, 3.0793168232089476], "19": [-0.07291494450793212, 3.264592521964002], "20": [-0.04794356498159266, 3.4390960326375546], "21": [-0.02745722566052153, 3.589363957513426], "22": [-0.012430864746319464, 3.70675001839383], "23": [-0.00282036805048346, 3.7866142072883746], "24": [0.0017963516759452291, 3.8267522790910498], "25": [0.0017487060544287523, 3.8263150012961873], "26": [-0.002948514937004314, 3.785341889423739], "27": [-0.012595782939222793, 3.7047625576826935], "28": [-0.027589692094148195, 3.586861653077905], "29": [-0.04795930829824544, 3.4363453188403645], "30": [-0.0727340428539212, 3.261883678430441], "31": [-0.09956686784960128, 3.0769118293353417], "32": [-0.12526558083297495, 2.897665118671705], "33": [-0.14709214440080431, 2.7388472696240225], "34": [-0.16363972540782962, 2.610627044274097], "35": [-0.1746965751861932, 2.5187402971307815], "36": [-0.18062367842087082, 2.4660176560951914], "37": [-0.18181190109552461, 2.4536638039614567], "38": [-0.17838436484345208, 2.481900236228617], "39": [-0.17012855816762468, 2.5501010340815005], "40": [-0.15664360248457693, 2.6564855200811843], "41": [-0.13772528927821634, 2.797255390381582], "42": [-0.11396733161745967, 2.9651452383801424], "43": [-0.08728674127367884, 3.1481811752894275], "44": [-0.06072398607386815, 3.3306283791090894], "45": [-0.037289308958883875, 3.4968761677848685], "46": [-0.018832245078759427, 3.63523218942767], "47": [-0.0058820147037118315, 3.738716939427033], "48": [0.0018073272878866519, 3.8037520148190183], "49": [0.004657438362278014, 3.8287173569261483], "50": [0.0028907909160058075, 3.813118101105268], "51": [-0.0036052781119262334, 3.757306226950695], "52": [-0.01519952128145367, 3.6626447083301295], "53": [-0.03220921501495543, 3.5321794663269723], "54": [-0.05435507305881142, 3.371929141576526], "55": [-0.08015804326312324, 3.1923513977922013], "56": [-0.10684597311648952, 3.0082892162809527], "57": [-0.13125915222101817, 2.8358513674473196], "58": [-0.15112588242852665, 2.688160808575809], "59": [-0.1655468854039767, 2.573564523067163], "60": [-0.1745948846809417, 2.4965236062877194], "61": [-0.17868514915856867, 2.4591498860249406], "62": [-0.17812436781644253, 2.462236724803245], "63": [-0.17290477719187, 2.5056904192521468], "64": [-0.16271737208819292, 2.5885007168022374], "65": [-0.1471854272381519, 2.7082419981538455], "66": [-0.12634010770295329, 2.859973019269896], "67": [-0.10124443944770166, 3.034715312734296], "68": [-0.07431732759737912, 3.2188102073935765], "69": [-0.04873417707473213, 3.3960942039310393], "70": [-0.02713495913265217, 3.552208261569819], "71": [-0.01082603801235717, 3.677358144431572], "72": [3.232040804851237e-05, 3.766058548839344], "73": [0.005805653383304382, 3.8156128660922626], "74": [0.006863702961700829, 3.8248909120394887], "75": [0.003302407532565608, 3.793731221044716], "76": [-0.005107768970042825, 3.722838149906632], "77": [-0.01875835298455324, 3.6141251453371335], "78": [-0.0378017969298978, 3.471620161207416], "79": [-0.06154809105914942, 3.3029239111671544], "80": [-0.08798103965258426, 3.1203288569216014], "81": [-0.1140396790262062, 2.939621143343006], "82": [-0.13680049786838402, 2.7761065032370453], "83": [-0.15453496707797199, 2.641041963796535], "84": [-0.16679222922145442, 2.541074593219565], "85": [-0.1738393364346521, 2.479594364140456], "86": [-0.17608196975114812, 2.458120476086855], "87": [-0.17371273427533274, 2.4770781811722498], "88": [-0.16659422811333893, 2.5360375971848437], "89": [-0.15435603838673867, 2.633511719594818], "90": [-0.13672123315749457, 2.766237077443391], "91": [-0.11406226136458938, 2.9278516010277746], "92": [-0.08797704158678021, 3.1075056600708066], "93": [-0.06129881391876157, 3.2901698848942567], "94": [-0.03712619259526773, 3.459954699098249], "95": [-0.017597958600083376, 3.6042054254613394], "96": [-0.0035062168204391076, 3.7149937433399414], "97": [0.005264776073764886, 3.788115051088876], "98": [0.00912369983575386, 3.8215944461403093], "99": [0.008347216122202343, 3.8147227834454234]}