{"0": [6.461111625201777e-06, 5.005863422746644], "1": [0.0004158650990028562, 4.9888061765064045], "2": [0.001353889751252183, 4.945423632449632], "3": [0.0025446007867885177, 4.875517964007167], "4": [0.003525707540617578, 4.778824171319487], "5": [0.0036381812374195305, 4.65507658138959], "6": [0.00203493786279746, 4.504099642316714], "7": [-0.0022676880156265824, 4.325945000518948], "8": [-0.010264501506838908, 4.12113303942726], "9": [-0.022728908590858563, 3.891095341811788], "10": [-0.03986462594307381, 3.638890973305059], "11": [-0.06092767894126655, 3.370045847489141], "12": [-0.08407689549327702, 3.092887405677111], "13": [-0.1067621733778755, 2.817544031862576], "14": [-0.12658283438796464, 2.5537411015039604], "15": [-0.14204202013702683, 2.308879720726064], "16": [-0.15274269552270936, 2.0875455905643348], "17": [-0.1591248788023683, 1.892121619367631], "18": [-0.16207559435960162, 1.7236376226889083], "19": [-0.16261393570924315, 1.5823981965636449], "20": [-0.16169614149163977, 1.4683460961794712], "21": [-0.16011816056554196, 1.3812581466554223], "22": [-0.15848136436321808, 1.3208605935594289], "23": [-0.15719236818526425, 1.2869087680571853], "24": [-0.15647577097026175, 1.2792447428761267], "25": [-0.15638589479415144, 1.2978320553056657], "26": [-0.1568100233726971, 1.3427635588808875], "27": [-0.1574614312592765, 1.4142411310930525], "28": [-0.157866128787783, 1.5125298242107381], "29": [-0.1573532592841055, 1.6378901195965596], "30": [-0.15506582796641624, 1.7904851661784973], "31": [-0.15001595543993695, 1.970239185301498], "32": [-0.14121618104728464, 2.1765862513662237], "33": [-0.12791943658142685, 2.4080118253363954], "34": [-0.10997280590238044, 2.6613211530032954], "35": [-0.08818972868078634, 2.9308096767728014], "36": [-0.06447241832373043, 3.2079933609365012], "37": [-0.041385767355784316, 3.4827057463744113], "38": [-0.021287240355104785, 3.745332021258406], "39": [-0.005601425499559617, 3.9886550386909065], "40": [0.005338604316140893, 4.208253423364943], "41": [0.012011602252698053, 4.40185175196386], "42": [0.015319646243088958, 4.568478666008751], "43": [0.016281067419172762, 4.7078579906433], "44": [0.015842845171442875, 4.820059343703358], "45": [0.014788190857796686, 4.905309465449233], "46": [0.01370513448125986, 4.963880045063382], "47": [0.012987604455055453, 4.996009702393676], "48": [0.012848323855581685, 5.001847828903566], "49": [0.01333005805098872, 4.981421645887217], "50": [0.014308119242749454, 4.9346303260169995], "51": [0.015482808045937789, 4.861267171029882], "52": [0.016366126823869447, 4.7610670602040255], "53": [0.01627316228785032, 4.633775710572747], "54": [0.01433533780314793, 4.479244901774465], "55": [0.009560284220376046, 4.297579731004823], "56": [0.0009702449572214194, 4.089401796833275], "57": [-0.012149093954819525, 3.8563270057597108], "58": [-0.029888787772844896, 3.6017145530723567], "59": [-0.051352615977243776, 3.3314816436784893], "60": [-0.07456828952279843, 3.054291933184924], "61": [-0.09695769454328103, 2.7803456900836276], "62": [-0.11621767761158658, 2.519118558990864], "63": [-0.1310092842525631, 2.277609531950382], "64": [-0.14107329801673485, 2.060049706661551], "65": [-0.1469323180361778, 1.8685915399265451], "66": [-0.14950488418035535, 1.7041397835199368], "67": [-0.14980774083006745, 1.5669381348459024], "68": [-0.1487766879334267, 1.456902718353931], "69": [-0.1471799048004086, 1.3738026312960656], "70": [-0.14558979575501943, 1.3173685576566398], "71": [-0.14438546949576783, 1.2873688943084003], "72": [-0.14376577365890436, 1.2836641446861528], "73": [-0.14375994785144047, 1.3062377611045344], "74": [-0.1442292749335267, 1.3551997185931615], "75": [-0.1448588656986593, 1.4307621553801024], "76": [-0.1451443926980986, 1.5331900767663715], "77": [-0.14438471149803186, 1.662730296974293], "78": [-0.14169817921411895, 1.8195131778436902], "79": [-0.13608806276767665, 2.0033983913942013], "80": [-0.12658936445540536, 2.213697218871645], "81": [-0.11252791470323407, 2.4486719401746027], "82": [-0.09388650221926423, 2.7047680715996965], "83": [-0.07165749089826538, 2.975821685010053], "84": [-0.04789069762452373, 3.252970527809613], "85": [-0.02517334928403347, 3.5259913137689516], "86": [-0.005741551217051101, 3.785580326993058], "87": [0.009164676704101057, 4.024990770809553], "88": [0.019368851986570602, 4.240205424004678], "89": [0.025441464454597322, 4.429208005079043], "90": [0.02831817714001629, 4.591167063609184], "91": [0.029012906218239622, 4.725874650465033], "92": [0.02844817053002525, 4.833430363224757], "93": [0.027374781600781457, 4.9140696066551985], "94": [0.026347259532305517, 4.968058835549442], "95": [0.025727802098567124, 4.995621549911641], "96": [0.025699408216595672, 4.996885944762073], "97": [0.02627581985221808, 4.971856494811586], "98": [0.027302203054813217, 4.920413014931337], "99": [0.028446225124368372, 4.8423374860649]}