{"0": [5.0738356428791654e-05, 5.694291653525184], "1": [0.003334090278978989, 5.6705134425441095], "2": [0.011501328453001568, 5.609614449351161], "3": [0.023983045394024592, 5.51043013128291], "4": [0.039533713346664286, 5.371630831087123], "5": [0.055900394580027365, 5.192025210657303], "6": [0.0695614101168454, 4.9702624674864015], "7": [0.07558224130761404, 4.7036492598674755], "8": [0.06751143970192017, 4.38615449625093], "9": [0.037421865476029346, 4.006269995064883], "10": [-0.021970533506144467, 3.549852995200051], "11": [-0.10506858012744373, 3.0315301078270047], "12": [-0.1805430913109408, 2.533085316477386], "13": [-0.22623026026479842, 2.111408124106523], "14": [-0.2445472294166245, 1.7616668859336715], "15": [-0.24392397604258895, 1.469046667345553], "16": [-0.23184422766124893, 1.224372439143368], "17": [-0.21416973629904787, 1.023274545926513], "18": [-0.19527156633682663, 0.8638772810577451], "19": [-0.1781650360801821, 0.7451199870320196], "20": [-0.1647023565952873, 0.6659537619677124], "21": [-0.15586389086290178, 0.625316001872775], "22": [-0.15206269111278314, 0.6224987392407939], "23": [-0.15334145916669958, 0.6574754302550299], "24": [-0.15938936673680862, 0.7309291078607788], "25": [-0.1693719458193052, 0.8439594374791823], "26": [-0.18163403325855154, 0.9976844734160796], "27": [-0.19339470915798113, 1.1931598247871897], "28": [-0.20054107490919265, 1.4320380493355798], "29": [-0.19751168724723953, 1.7181076224255007], "30": [-0.17720534262650076, 2.059475114411757], "31": [-0.1314572138362609, 2.469766377870681], "32": [-0.05622434028083893, 2.9569753920078083], "33": [0.031110864908500447, 3.4760162572734066], "34": [0.09766202797547899, 3.9409071946658445], "35": [0.1339304702600195, 4.327464569721262], "36": [0.14663487526033206, 4.649024647960234], "37": [0.1439904262083512, 4.918045691650391], "38": [0.1327320724903539, 5.141205769283102], "39": [0.11803023805226423, 5.321448607311223], "40": [0.10363315862844753, 5.460049012027958], "41": [0.09201580894512418, 5.5578936457725305], "42": [0.08461541378686727, 5.615909274759649], "43": [0.08213150688516499, 5.63488061121507], "44": [0.08477575590215874, 5.615096975403119], "45": [0.09236783862712958, 5.5561922093184295], "46": [0.10423934430700375, 5.457309881664865], "47": [0.11898165802656308, 5.317465233780423], "48": [0.1341425402757941, 5.135735808994075], "49": [0.14599210291834833, 4.910832279311348], "50": [0.14938902078667354, 4.639811661045612], "51": [0.13767868532649674, 4.31604941075227], "52": [0.10286895389273151, 3.9274179818841377], "53": [0.038720072658645105, 3.4617624457688767], "54": [-0.04493721755787069, 2.9447968270522966], "55": [-0.11554783944314309, 2.4620045278549854], "56": [-0.1561377524788769, 2.0570522730547887], "57": [-0.17110096832895358, 1.7211864901954552], "58": [-0.16876025993199623, 1.440719362081532], "59": [-0.15625096678831718, 1.207680713758907], "60": [-0.13912331141719098, 1.0184312635419002], "61": [-0.12147800252646333, 0.8714881882111677], "62": [-0.106106333412579, 0.7660400482860534], "63": [-0.09469647434894837, 0.7013082699454347], "64": [-0.08811491152990636, 0.676588069956826], "65": [-0.08666290219466805, 0.6915601781807439], "66": [-0.09019519239608678, 0.7464767208585047], "67": [-0.09804940738449405, 0.8420439196986232], "68": [-0.1088147600333162, 0.9791030345871323], "69": [-0.12004181488719554, 1.1584641887527491], "70": [-0.12801306457275588, 1.3813352750070138], "71": [-0.1276082103915719, 1.6505878740567113], "72": [-0.11220347982646878, 1.9727517740410065], "73": [-0.07385988140566578, 2.3597798478843246], "74": [-0.006429812645922664, 2.823490842144149], "75": [0.08026837727439014, 3.338012897118657], "76": [0.15403458313753143, 3.8185794923498926], "77": [0.19805538236382975, 4.221733757514082], "78": [0.2166486472019291, 4.555904326713038], "79": [0.2180718777580361, 4.834561317985017], "80": [0.20942157926556104, 5.065558500588617], "81": [0.1962212100376645, 5.252458158898863], "82": [0.18255305582627174, 5.396668676527005], "83": [0.1711990655336301, 5.498905142107505], "84": [0.16384425758540103, 5.559821268646116], "85": [0.16134701810527732, 5.579986645892282], "86": [0.16397624131343033, 5.559613989368743], "87": [0.17150576453835828, 5.498419144470702], "88": [0.1831217490542576, 5.395764425651825], "89": [0.19718435401321785, 5.25094146052862], "90": [0.21095446549663302, 5.0632084828753054], "91": [0.2203930999518548, 4.831168310554159], "92": [0.2200401064463116, 4.5513205520350395], "93": [0.20293076997322376, 4.215997387645477], "94": [0.16108797191598814, 3.812288465040814], "95": [0.09051982348086936, 3.33280488488453], "96": [0.00770206223204685, 2.820872006253863], "97": [-0.055445170051842504, 2.360604958782308], "98": [-0.08905041096786018, 1.9777128968592455], "99": [-0.09944745178236426, 1.660040154259523]}