{"0": [1.8109919394522407e-05, 1.9342144981194638], "1": [0.0012453914642086604, 1.9704532743814829], "2": [0.004825778749403205, 2.062251863522846], "3": [0.01191721526456102, 2.2090513684763193], "4": [0.024078608680505674, 2.409461150804625], "5": [0.04259292585136676, 2.6595566686822183], "6": [0.06721057448038352, 2.9489064315296454], "7": [0.09490495114974813, 3.2562067186281554], "8": [0.1206995411416721, 3.552601561222619], "9": [0.14079435560816542, 3.8139047751270496], "10": [0.15425681481817874, 4.027122638194944], "11": [0.16211833786043617, 4.1871927750732345], "12": [0.16598019162910874, 4.292398053459814], "13": [0.16717861408613613, 4.3421114357966895], "14": [0.16641662778339913, 4.3361093012262115], "15": [0.16363809389963851, 4.274445127724178], "16": [0.15804023014862695, 4.157468019241476], "17": [0.148234892193384, 3.986026165846827], "18": [0.13268370358970816, 3.762370002342565], "19": [0.1106346606800829, 3.4928216055364123], "20": [0.08353542936285102, 3.1925248423481096], "21": [0.05559393407432156, 2.887372434105173], "22": [0.03161548292974162, 2.6055134451498945], "23": [0.0140817827325625, 2.3659808339741364], "24": [0.0028345302874520006, 2.1774498003439366], "25": [-0.003554211643748096, 2.043024909537125], "26": [-0.006622814486703942, 1.963778254114584], "27": [-0.007434588875550486, 1.940120954155665], "28": [-0.006342727777457964, 1.972145787147862], "29": [-0.0029342536199498154, 2.0596662535286807], "30": [0.003895272097907585, 2.2021399609313246], "31": [0.015674460962070737, 2.3982320184398933], "32": [0.03371480290316892, 2.6442306245413754], "33": [0.05790037274498634, 2.9302610004036382], "34": [0.08541225293787295, 3.235832761403878], "35": [0.11136251715824694, 3.5324272860309245], "36": [0.1318230099726146, 3.7953542563497846], "37": [0.14568224585379785, 4.010934079570276], "38": [0.1538706730464193, 4.173703872439292], "39": [0.15796353851757916, 4.281783877685064], "40": [0.15931241525007442, 4.334487716823017], "41": [0.1586550034070463, 4.331566057445304], "42": [0.1559779915874274, 4.27305808718864], "43": [0.1505227063385338, 4.159304964200937], "44": [0.1409378264195462, 3.9911422077855816], "45": [0.12569690474377226, 3.770755384278378], "46": [0.10400206410396945, 3.5042311696226434], "47": [0.07717327111775676, 3.2061998947621255], "48": [0.049282522437450835, 2.902025897461559], "49": [0.025136334097298013, 2.619870327766412], "50": [0.007335726594897813, 2.379226774776779], "51": [-0.00417041404088474, 2.189175554829556], "52": [-0.010760732147381382, 2.0530231591606523], "53": [-0.013965954710374252, 1.971920981763618], "54": [-0.014863554940705662, 1.9463109522025732], "55": [-0.013831440474630525, 1.9762997357394634], "56": [-0.010486172094654751, 2.06170612992041], "57": [-0.0037534909730795735, 2.201986512309688], "58": [0.007871233690636689, 2.395809799592786], "59": [0.025696952612501506, 2.6395190308188266], "60": [0.049651730087624954, 2.923440005296122], "61": [0.07700963348821548, 3.227450717501455], "62": [0.10294973160955205, 3.523289603346298], "63": [0.12351607630279081, 3.786155748071234], "64": [0.1375243236675922, 4.002097766213961], "65": [0.14585129712461886, 4.165460121716938], "66": [0.15004839395428873, 4.274271846935441], "67": [0.151462895653377, 4.3278095307262285], "68": [0.15083902886312295, 4.325809286739976], "69": [0.14817622184825288, 4.26830624582348], "70": [0.1427326880688829, 4.155646422764053], "71": [0.13317679193806142, 3.988680951255658], "72": [0.11800137125196929, 3.7696180570562885], "73": [0.09641772935482187, 3.5045452617835773], "74": [0.06972677078679786, 3.208004204849827], "75": [0.04195011031765323, 2.9051620876294706], "76": [0.017854922122124417, 2.6240297760773967], "77": [4.676915546077088e-05, 2.384113431592718], "78": [-0.011497863686088516, 2.1945798336256144], "79": [-0.018131978269591294, 2.058804556627365], "80": [-0.02136913849015616, 1.9779755966290586], "81": [-0.02227690021086054, 1.9525501016158544], "82": [-0.021228760243689904, 1.982637903200159], "83": [-0.017841934909287944, 2.068051819131865], "84": [-0.011049139755346027, 2.2082291028468073], "85": [0.0006379031788385293, 2.4017937222415844], "86": [0.018498923406346433, 2.6449990482588994], "87": [0.04242431282409564, 2.9280430875340158], "88": [0.06967082760296359, 3.2307426847002474], "89": [0.0954540855215899, 3.5249778758242774], "90": [0.11587943652512522, 3.786187928460592], "91": [0.12979385699345888, 4.00055796576831], "92": [0.13807080680566186, 4.162457863565059], "93": [0.1422428435793964, 4.269904565708524], "94": [0.1436352654695914, 4.32216343239285], "95": [0.142972006515677, 4.318968576598953], "96": [0.14023616614037454, 4.2603621223107275], "97": [0.13467643939553134, 4.146708662372848], "98": [0.12496419839010928, 3.9789040293773423], "99": [0.10961835675950943, 3.7592650903021188]}