{"0": [-6.923894277930015e-06, 1.3031812971227774], "1": [-0.00044200060453280317, 1.3235323867821784], "2": [-0.0014030114171935267, 1.37528973742153], "3": [-0.002499297502572833, 1.4586788331192913], "4": [-0.003078771517497674, 1.5739912045306514], "5": [-0.002222278610706188, 1.7214973268278397], "6": [0.0012205704906097315, 1.9013154358581965], "7": [0.008508674859580692, 2.1131616056928904], "8": [0.020740013713103245, 2.3558135242027616], "9": [0.03838659512030539, 2.6260759286593203], "10": [0.06070674455606053, 2.9173255042211568], "11": [0.08542746487247238, 3.2186679716177347], "12": [0.109289641150725, 3.5164596323628534], "13": [0.12937607112434577, 3.7980517776133556], "14": [0.14415496263096642, 4.054691562467999], "15": [0.15355232346607045, 4.28168682664791], "16": [0.15842622065837977, 4.477034842579944], "17": [0.16000997620198848, 4.640110052498939], "18": [0.15954343902061602, 4.770895194616604], "19": [0.15808302613576447, 4.869615716222808], "20": [0.15642833352040522, 4.936566416624021], "21": [0.15511136486006216, 4.9720099884485744], "22": [0.15441041360668245, 4.976106779393873], "23": [0.15436432357243976, 4.948874021563953], "24": [0.1547746606974576, 4.890181631390933], "25": [0.15519426435012423, 4.799785900762056], "26": [0.1549114965289436, 4.677394898308846], "27": [0.15295101178621934, 4.522762603703703], "28": [0.14812482782892003, 4.335837555771627], "29": [0.1391826090213271, 4.1170594744022875], "30": [0.1251223860787434, 3.867991226923641], "31": [0.10569703085712091, 3.5924761231860423], "32": [0.0819878523748171, 3.298085765280017], "33": [0.056571864203506475, 2.9965659392985606], "34": [0.03275060620910195, 2.70167542486841], "35": [0.013182379969235068, 2.425331866741066], "36": [-0.0009571857200936635, 2.1752967377785866], "37": [-0.009856966830214996, 1.9555238484535198], "38": [-0.014500396077881806, 1.7676149573313218], "39": [-0.0161448957168594, 1.6120147671176233], "40": [-0.01599843001452079, 1.4886681195150295], "41": [-0.015061381668958079, 1.3973265468512455], "42": [-0.014071281511217691, 1.337698480147559], "43": [-0.013500182788124203, 1.3095420266659719], "44": [-0.013570087432950425, 1.3127288329304447], "45": [-0.014264985281745444, 1.3472768404280215], "46": [-0.015329611490260908, 1.4133454634194031], "47": [-0.01625589569020292, 1.5111938873941764], "48": [-0.01626903418405384, 1.6411092810161827], "49": [-0.014336892825095947, 1.8033038473826215], "50": [-0.009239887712608807, 1.9977425391696904], "51": [0.0002461113410320312, 2.223786338036342], "52": [0.01499298925788881, 2.479446995752843], "53": [0.0349764524013679, 2.7601102048797888], "54": [0.058744745432384025, 3.0571700500828674], "55": [0.08344474629578055, 3.3581070782015647], "56": [0.1058120016670049, 3.6492724241389416], "57": [0.123508998922879, 3.9196510896533057], "58": [0.13572590519644973, 4.16249849033101], "59": [0.1428952694182728, 4.374554271444757], "60": [0.14610393065522756, 4.554574700285628], "61": [0.1466174159389533, 4.7022720142734675], "62": [0.14560177520399997, 4.817762629993769], "63": [0.14399546087428008, 4.901311995521447], "64": [0.14247042596899104, 4.953203684506798], "65": [0.141436215831418, 4.973654517680373], "66": [0.14105586798627373, 4.962757732083433], "67": [0.14125509637772796, 4.920459103176868], "68": [0.14171755705896696, 4.846571220448456], "69": [0.14186983395583128, 4.740823185343681], "70": [0.1408708939675069, 4.602939150000621], "71": [0.13763286908085645, 4.432752854994689], "72": [0.13091401075041964, 4.2304119744346504], "73": [0.11953989959933319, 3.996811382642232], "74": [0.10281025819888366, 3.7344688280283274], "75": [0.08107072019679659, 3.448903038753382], "76": [0.05616341960637435, 3.1498108662603324], "77": [0.03116669817274729, 2.8503422284762956], "78": [0.009216959599572085, 2.563779274991845], "79": [-0.007722277810664808, 2.3000883345245438], "80": [-0.019204331480134455, 2.0650040354518335], "81": [-0.025879926462203655, 1.8611518069022113], "82": [-0.02891545031976003, 1.6894625729796504], "83": [-0.02956838404543122, 1.550090588565677], "84": [-0.028953235412092167, 1.4428690858073256], "85": [-0.0279411397298141, 1.3675219480384821], "86": [-0.027135353121692112, 1.3237787549543343], "87": [-0.02688051777687484, 1.3114521519578761], "88": [-0.027277946879319153, 1.3304868147271012], "89": [-0.02819140295059671, 1.3809736256060965], "90": [-0.02923898432380436, 1.4631256715419974], "91": [-0.029777596096616264, 1.5772206330538052], "92": [-0.0288977960723734, 1.7235147252438492], "93": [-0.025459320126344536, 1.902112357354662], "94": [-0.01821215464548378, 2.112718440898573], "95": [-0.006062216029015495, 2.354109068253489], "96": [0.011469827663904506, 2.6231117589419806], "97": [0.03366681032855062, 2.9131674469424484], "98": [0.05829379284047763, 3.21348014426932], "99": [0.08212318660191512, 3.51048416960732]}