{"0": [5.921432666011001e-06, 1.824875675152129], "1": [0.0004094980067481844, 1.853056839921712], "2": [0.001608074067359017, 1.9243803397731167], "3": [0.004043542533683813, 2.0382100919618718], "4": [0.008349380659628059, 2.1932439150668253], "5": [0.015192131384709878, 2.3870131424241308], "6": [0.024996009916241867, 2.6150149946564323], "7": [0.03758172450111457, 2.869545002981956], "8": [0.051910691680461474, 3.1389279120555544], "9": [0.06625688504252014, 3.408458986946562], "10": [0.07887514776432605, 3.66338036595171], "11": [0.08868670423030647, 3.8919080298649664], "12": [0.09547964535487426, 4.086251276865468], "13": [0.09966543853797075, 4.241867502054218], "14": [0.1019151305454783, 4.356278833412742], "15": [0.10287743647060234, 4.4281856023425465], "16": [0.10301506350045551, 4.456956355744964], "17": [0.10252809597594718, 4.442375764297419], "18": [0.1013293944801965, 4.384558148735254], "19": [0.09905570898912608, 4.283993071824475], "20": [0.09512235717103014, 4.141737988050208], "21": [0.08885094823042157, 3.9598273226359266], "22": [0.0797066901323349, 3.742016012964763], "23": [0.06764337762747447, 3.494887186029374], "24": [0.05342355053986457, 3.2288688892687203], "25": [0.03860972306536612, 2.9579528035958944], "26": [0.0250240452700603, 2.697243661699765], "27": [0.013999760831233676, 2.4596629869446285], "28": [0.006007431319329201, 2.254219635337048], "29": [0.0007917977775723335, 2.0863412693360703], "30": [-0.002271571350403301, 1.9590380883110905], "31": [-0.003859566615188852, 1.873909572365343], "32": [-0.0045031401322661105, 1.8317606266960473], "33": [-0.004487846924256322, 1.8329210563534273], "34": [-0.0038158513627279157, 1.877377347126371], "35": [-0.0022062907645586166, 1.9647673645161532], "36": [0.0008656958123311183, 2.094237673026025], "37": [0.006067768202180994, 2.2641123207217935], "38": [0.014009924934670312, 2.47126525768556], "39": [0.024927240026567637, 2.7101106920801286], "40": [0.038327135114037576, 2.9714645119827314], "41": [0.05286154250575146, 3.242278935028747], "42": [0.06670895356197876, 3.5074431052345285], "43": [0.07832259536133618, 3.7530850367930397], "44": [0.08696210494094868, 3.9689552991013453], "45": [0.09269325006842795, 4.1486368845720545], "46": [0.09606394361629654, 4.288497779030589], "47": [0.0977600508126701, 4.386584607937949], "48": [0.09837047699189798, 4.441891094013269], "49": [0.0982614589957689, 4.453961512950156], "50": [0.09752308798945182, 4.422709519773404], "51": [0.09595903463802277, 4.3483836638999405], "52": [0.09311235328624633, 4.231665382995748], "53": [0.08834420742094186, 4.073933883869835], "54": [0.08100032535216563, 3.8777899080745524], "55": [0.07069442201006686, 3.6479500517926864], "56": [0.05766821121330996, 3.3924106317484117], "57": [0.04302303219932786, 3.12312240069015], "58": [0.02850563734636387, 2.854876117139274], "59": [0.01582082942455414, 2.6022472378398342], "60": [0.005976032641010845, 2.376694093357158], "61": [-0.0008759318525964146, 2.1857132913514445], "62": [-0.005174987626185249, 2.03365451361444], "63": [-0.007594086295008039, 1.922887567641109], "64": [-0.008767759460560624, 1.8546537628601747], "65": [-0.00913689472008526, 1.8295500777527154], "66": [-0.008877217710558818, 1.8477653151502254], "67": [-0.007877800151146766, 1.909155134291651], "68": [-0.005755335813833299, 2.013185175160705], "69": [-0.0019139994084267687, 2.1587231476529523], "70": [0.004318463305296296, 2.3436056375412377], "71": [0.013443313053853967, 2.563862213720994], "72": [0.025441916826179155, 2.8125933205086766], "73": [0.0394738408145504, 3.0790232947651432], "74": [0.05393160529127676, 3.3489676126916637], "75": [0.06701799392187678, 3.6074364223383633], "76": [0.07747649794385773, 3.841854797443557], "77": [0.08491339737165052, 4.043580673358599], "78": [0.0896287893669172, 4.207448337233712], "79": [0.09225831321156681, 4.330600650472676], "80": [0.09346761384625764, 4.411521338823913], "81": [0.09376481216358303, 4.44945274610504], "82": [0.09340806566634516, 4.444097644386016], "83": [0.09237166563953729, 4.3955016550813], "84": [0.09034977369120145, 4.304071133228458], "85": [0.08680045578184929, 4.17073138542388], "86": [0.08105529084029012, 3.9972819104402952], "87": [0.07253131525449263, 3.7870594267125934], "88": [0.06105665631060232, 3.5459768158510565], "89": [0.047212425780752486, 3.2836214964014045], "90": [0.03241618527845662, 3.0133436295169758], "91": [0.018487455195018997, 2.7502394897409745], "92": [0.006898753005953558, 2.507847207687845], "93": [-0.0017023247174566694, 2.2959851853881763], "94": [-0.007445411946611682, 2.1207305476731744], "95": [-0.010902310396109569, 1.9855062432650552], "96": [-0.012752990283467795, 1.8921501917344346], "97": [-0.01356384885285284, 1.8416045312109448], "98": [-0.013671317814696316, 1.8342841759663935], "99": [-0.013133827167259127, 1.870240197993845]}