{"0": [8.094280997842615e-06, 4.977914168272122], "1": [0.0005190958991245508, 4.960507849818015], "2": [0.0016716954897744293, 4.916259855079593], "3": [0.0030736376951738848, 4.84502062772704], "4": [0.004072646879786617, 4.746583115030353], "5": [0.0037471587746837325, 4.620719317676064], "6": [0.0009229171784643495, 4.467231150046115], "7": [-0.005753841863699051, 4.286050381660469], "8": [-0.017641982087654808, 4.077478496690679], "9": [-0.035772176394189864, 3.842725857404425], "10": [-0.06032121026980455, 3.5848986935025495], "11": [-0.09002029535470142, 3.310237249685632], "12": [-0.12196462903231944, 3.0285704403331306], "13": [-0.15237735939479435, 2.751647655962792], "14": [-0.1780532939631357, 2.4899204901092915], "15": [-0.19735042089790733, 2.250385280128496], "16": [-0.21018046870065332, 2.0366749073671606], "17": [-0.21744906640899944, 1.8502634943837788], "18": [-0.22049042968493504, 1.6915549364190392], "19": [-0.22069023704745266, 1.56051129824011], "20": [-0.21928139430761948, 1.456939725228905], "21": [-0.2172534271347899, 1.3806100581504268], "22": [-0.2153267981735854, 1.331309596654321], "23": [-0.2139586285892886, 1.3088795754669784], "24": [-0.213357344679457, 1.3132425828286631], "25": [-0.21349227010035465, 1.3444166828149164], "26": [-0.21409183936589235, 1.4025117669669138], "27": [-0.2146315715426245, 1.487709001209629], "28": [-0.21432045459876653, 1.6002286027960948], "29": [-0.21210222411829266, 1.74028777628626], "30": [-0.2066969933998694, 1.9080313749779492], "31": [-0.19672064227706854, 2.1033746272940133], "32": [-0.18093445050561863, 2.32563042795621], "33": [-0.15867912719559826, 2.572746504248428], "34": [-0.13046792901323162, 2.840121762912093], "35": [-0.09844719907168946, 3.11959490207698], "36": [-0.06612867369308205, 3.3999941323286906], "37": [-0.03716198439378899, 3.669864529137078], "38": [-0.01399153828372975, 3.9204436073926003], "39": [0.0026024044515956584, 4.14660627553547], "40": [0.013125789297397685, 4.345999550789155], "41": [0.01876410446384015, 4.5178075020499024], "42": [0.02091034108465017, 4.661903738036437], "43": [0.02088522741648324, 4.778424589517577], "44": [0.019799278911623232, 4.867588035872568], "45": [0.018500894109320015, 4.92961741236907], "46": [0.017570226636143035, 4.9646988767691305], "47": [0.01733156986488772, 4.972949678318267], "48": [0.017866421759338023, 4.954397112177794], "49": [0.01901733172625103, 4.908973561644309], "50": [0.02038015628655809, 4.836529523815017], "51": [0.0212898286486196, 4.736860952288639], "52": [0.020812388743557758, 4.609746153437156], "53": [0.01776430455215205, 4.454998301042875], "54": [0.010790413416511133, 4.2725708710359305], "55": [-0.001454146011435747, 4.062810456156599], "56": [-0.01996053070946692, 3.827018328097885], "57": [-0.04483289467914782, 3.568459449760709], "58": [-0.07470763569509332, 3.293584103076924], "59": [-0.1066093267968683, 3.012382084686774], "60": [-0.13677014465435566, 2.7365870400504626], "61": [-0.16207116435255187, 2.476463334446699], "62": [-0.18097364047189599, 2.238785643925287], "63": [-0.19346160453827219, 2.02703311853627], "64": [-0.2004739103034344, 1.8426037141618024], "65": [-0.2033502707465804, 1.6858733805684807], "66": [-0.20346659116451304, 1.556798509854338], "67": [-0.20203914747577148, 1.455189100328194], "68": [-0.20003873867337352, 1.3808210084020198], "69": [-0.19816726485884342, 1.3334890882286294], "70": [-0.19686406219946814, 1.3130429538663264], "71": [-0.19632013398362974, 1.319413424343161], "72": [-0.19648684153174625, 1.3526252989293042], "73": [-0.1970732710373107, 1.4127923739831378], "74": [-0.19753397895251412, 1.5000959806208605], "75": [-0.19705636693693002, 1.6147522245977524], "76": [-0.1945648406597918, 1.756968621487308], "77": [-0.1887680606149657, 1.9268697746719003], "78": [-0.1782878602879205, 2.1243263419425236], "79": [-0.1619232552423136, 2.3485541160442613], "80": [-0.1391008032468982, 2.597311379181323], "81": [-0.11047002183971577, 2.865699261699512], "82": [-0.07832041067865403, 3.1452375668803367], "83": [-0.046222392027160664, 3.424619916325178], "84": [-0.017747540034562387, 3.692561962968321], "85": [0.004816110148233259, 3.9406418780991257], "86": [0.020828028921622253, 4.16403373751864], "87": [0.030875382253247183, 4.3605608142761545], "88": [0.036172910056709556, 4.52948594574746], "89": [0.038110493208616966, 4.670709494154247], "90": [0.03798927434708469, 4.784372415717896], "91": [0.03689354295953234, 4.870688875613744], "92": [0.035644118037517984, 4.929874674036004], "93": [0.03479445581036912, 4.962106141779966], "94": [0.03464326889366082, 4.9674894911046685], "95": [0.03524666081861595, 4.9460414187382495], "96": [0.03642066354042337, 4.89768612724845], "97": [0.037732599829776926, 4.822270023674225], "98": [0.038487203119696, 4.71959007365734], "99": [0.037721128637344586, 4.589431752306234]}