{"0": [-3.999869422103591e-05, 3.948839774258828], "1": [-0.0026613805921209357, 3.928787359441919], "2": [-0.009514495690186465, 3.878094381356018], "3": [-0.02107322632422253, 3.797369577248429], "4": [-0.037911723235123936, 3.6878608115072313], "5": [-0.06039130320523296, 3.551966176589682], "6": [-0.08820872715125884, 3.394047251459083], "7": [-0.11995504647749307, 3.2212534449636383], "8": [-0.15306776805983494, 3.0435016266328607], "9": [-0.18449920199653883, 2.8718473437638514], "10": [-0.21176152705168108, 2.716004492163707], "11": [-0.233546787667653, 2.582842040583349], "12": [-0.24963360068776194, 2.4764779403749175], "13": [-0.2604306198875689, 2.399138498724277], "14": [-0.26652993106249845, 2.3519572856821847], "15": [-0.2684048778599705, 2.3354618274176566], "16": [-0.2662480412242311, 2.349802892031327], "17": [-0.2599188138456732, 2.394820928535793], "18": [-0.2489866197449006, 2.469989275153261], "19": [-0.23288056699930637, 2.5742025749166197], "20": [-0.2111742686479966, 2.7053216447808603], "21": [-0.18401550316874377, 2.8594112353314456], "22": [-0.1525890625977263, 3.0298750253674185], "23": [-0.11926890569671553, 3.2072465494650957], "24": [-0.08708223584699434, 3.380518482426813], "25": [-0.058679349306108686, 3.5395911808038165], "26": [-0.035592902551070824, 3.677051722616715], "27": [-0.018215228656183885, 3.7883355672762486], "28": [-0.006220081268380731, 3.870934943206615], "29": [0.0009742413888645277, 3.9235586486029144], "30": [0.0038754277665532474, 3.9455894825784172], "31": [0.00273230598853898, 3.936816115580402], "32": [-0.0025356488633992867, 3.8973420036774633], "33": [-0.012312424703523965, 3.8276197539695125], "34": [-0.027156849413811513, 3.728629709815029], "35": [-0.04754457800397875, 3.602283594492787], "36": [-0.07346279554343975, 3.452132270224782], "37": [-0.10393752007749474, 3.284245678624859], "38": [-0.13679467729812095, 3.107610844652651], "39": [-0.1690625297412286, 2.9331037762274654], "40": [-0.19795899514590068, 2.771136756286508], "41": [-0.2217338921122609, 2.629646334035066], "42": [-0.23981448664405794, 2.513658487996953], "43": [-0.2524315443005409, 2.4259829027505266], "44": [-0.26014578917722686, 2.368082222898852], "45": [-0.2634921083852568, 2.3406700579286155], "46": [-0.26277146300065574, 2.344020199700641], "47": [-0.2579621932799869, 2.3780834837757183], "48": [-0.24872920389071373, 2.442474798312066], "49": [-0.2345330035295542, 2.5363240268199556], "50": [-0.21486250783970398, 2.6579193378029555], "51": [-0.1896148457756867, 2.804054853340333], "52": [-0.15956853088694323, 2.9691557211601323], "53": [-0.12669220258087593, 3.1447300140129695], "54": [-0.09387161145022303, 3.320105803715325], "55": [-0.06398861507694044, 3.484634197979927], "56": [-0.038999779785131174, 3.6298839390355253], "57": [-0.019665136900509982, 3.7503577835032074], "58": [-0.005861679057263329, 3.842924761000936], "59": [0.00293974966324084, 3.9059365552016243], "60": [0.007293857001011663, 3.9385758123080423], "61": [0.00754928227383803, 3.940503846311794], "62": [0.003741499668151646, 3.9117166722601384], "63": [-0.004414229260181073, 3.852537248186476], "64": [-0.017432131542851417, 3.7637379390993977], "65": [-0.035846706816783334, 3.646854711285592], "66": [-0.059858677497678335, 3.50478487540798], "67": [-0.08886853317560442, 3.3426421043441787], "68": [-0.12111366159856048, 3.1684190045075185], "69": [-0.1538199198559013, 2.9925220204998144], "70": [-0.18403789103892423, 2.825760238961515], "71": [-0.20961931797824107, 2.677022946472688], "72": [-0.22961270741258732, 2.552282973791563], "73": [-0.24402204358531815, 2.455010381008556], "74": [-0.2533344450851466, 2.387053582940353], "75": [-0.2581168944610496, 2.3493415399568844], "76": [-0.258760969735294, 2.342280748200753], "77": [-0.2553571096805321, 2.365927768440907], "78": [-0.247671675807625, 2.4200174713671565], "79": [-0.2352204583175835, 2.5038647318005895], "80": [-0.21745588653714276, 2.6160886008714694], "81": [-0.19409566634663522, 2.7540671052216386], "82": [-0.16557719437245966, 2.9131127824522065], "83": [-0.1334605374126799, 3.085727173677907], "84": [-0.1003876548821368, 3.2618190248416257], "85": [-0.06934411852434336, 3.4304935292220855], "86": [-0.042652164109960186, 3.5824466748823696], "87": [-0.02145608699115221, 3.7112315218508565], "88": [-0.005880975054399748, 3.8130231631638836], "89": [0.0045080280850135395, 3.885758703377574], "90": [0.010282532428991893, 3.9283892755684016], "91": [0.011872082857628577, 3.9404372196582287], "92": [0.009419542200448548, 3.9217934801417593], "93": [0.00274249709278513, 3.8726688328577414], "94": [-0.008609514549603698, 3.7936700124715608], "95": [-0.025188300635656174, 3.6860409803865597], "96": [-0.04734303224212447, 3.5521583907018695], "97": [-0.07478165247363272, 3.3963183328775997], "98": [-0.10613994876767542, 3.2255377030203873], "99": [-0.13892378014565573, 3.0495543154811093]}