{"0": [4.587213138600264e-06, 4.859830577829442], "1": [0.0002713309853918961, 4.825272097933627], "2": [0.0006487524110145973, 4.737426404399716], "3": [0.0003303979219478502, 4.59605736663329], "4": [-0.001978132746091796, 4.401008908986639], "5": [-0.007921247713872315, 4.152650036103502], "6": [-0.019057534379808408, 3.8531560536322855], "7": [-0.0359248601792263, 3.509714338131894], "8": [-0.056809022968783915, 3.139333067316422], "9": [-0.07766113482697755, 2.769138440025502], "10": [-0.0944102056097127, 2.4262538638032747], "11": [-0.10531294227004157, 2.1276272667760994], "12": [-0.11090498073214998, 1.8803289760443145], "13": [-0.11276083290303682, 1.686429044485527], "14": [-0.11254650591062183, 1.5462333410677438], "15": [-0.11157916141698537, 1.4595613715709435], "16": [-0.11068802365813397, 1.4261785599952166], "17": [-0.11019978241094136, 1.4459731491759746], "18": [-0.10994732844543546, 1.519019319145302], "19": [-0.10926404521503906, 1.64553031389432], "20": [-0.10698513111256094, 1.8257023778764272], "21": [-0.1015385843750059, 2.059370793141118], "22": [-0.0912789304334605, 2.3450488969218566], "23": [-0.075273454231918, 2.677347098397223], "24": [-0.05452963310214341, 3.0423161704556714], "25": [-0.032590142953974256, 3.4150159399523026], "26": [-0.01381084457785025, 3.76704114182216], "27": [-0.0006576922154838925, 4.078302171237801], "28": [0.006895912196256297, 4.339502661028821], "29": [0.010254811804033835, 4.547623829439719], "30": [0.011116930114820378, 4.702052601710986], "31": [0.010912783463218147, 4.802888799282083], "32": [0.01060517641992299, 4.850367830542473], "33": [0.010653124084055719, 4.844640796622582], "34": [0.011019995588751465, 4.785683265938855], "35": [0.011172017146266037, 4.673312888064676], "36": [0.010072967588041949, 4.507315608679684], "37": [0.006241040499107089, 4.287720471582961], "38": [-0.001998789517814837, 4.015528683883566], "39": [-0.015864435836887836, 3.6947611937873077], "40": [-0.03496385321753304, 3.3366949321985495], "41": [-0.05635817688521911, 2.9636560271804533], "42": [-0.07562961247054026, 2.6043560419005964], "43": [-0.08966446506525634, 2.281717979040013], "44": [-0.09792014811281466, 2.0075051701523625], "45": [-0.10156447812661215, 1.785907188833535], "46": [-0.10228811692414473, 1.6179402069532385], "47": [-0.10161621424718319, 1.503618807299878], "48": [-0.10063650943196799, 1.4427226626355911], "49": [-0.09993473724296542, 1.4350714295699076], "50": [-0.09959841392050063, 1.4806431640704298], "51": [-0.09921943613746015, 1.579584522077542], "52": [-0.09788645288415766, 1.7321117593452593], "53": [-0.09421757840088962, 1.9382849973974174], "54": [-0.08654878560627934, 2.1974449554293654], "55": [-0.07346608030465358, 2.50659823971706], "56": [-0.05484902436704641, 2.8567108689559313], "57": [-0.0330015912724062, 3.228206410538537], "58": [-0.012206474712122065, 3.59293344704183], "59": [0.003891534707429631, 3.925629510815182], "60": [0.014147807991922584, 4.211926197024677], "61": [0.019429225656573623, 4.446241312042615], "62": [0.02137753474515396, 4.627046178693246], "63": [0.021591395515550182, 4.754172637168764], "64": [0.02127342133555838, 4.827809334077292], "65": [0.021130099778793664, 4.848155351138562], "66": [0.02136709211033945, 4.815273982930385], "67": [0.021694913243932957, 4.729056469947251], "68": [0.021321778632829132, 4.5892952883865155], "69": [0.01896982488580316, 4.395873107808747], "70": [0.013013750060313484, 4.149208040628529], "71": [0.0019132715277615062, 3.8515281724294597], "72": [-0.014864001323586909, 3.5100371236852506], "73": [-0.035630622816197215, 3.141641096163149], "74": [-0.056393473157440484, 2.7732505352210333], "75": [-0.07311954659078904, 2.4318525723230797], "76": [-0.08406004229234584, 2.134435392917805], "77": [-0.08972452104097159, 1.888178098834528], "78": [-0.09166318168539409, 1.6952412448108403], "79": [-0.09152514577054169, 1.555991397569728], "80": [-0.09061647126786096, 1.4702891078626583], "81": [-0.08975790652398843, 1.4379271169160435], "82": [-0.08926743388572189, 1.458806900725272], "83": [-0.0889673828268021, 1.5329992120613276], "84": [-0.08817936639647317, 1.6606953233876651], "85": [-0.0857297955956797, 1.842047480059296], "86": [-0.08005022684806853, 2.0768080315637008], "87": [-0.06952720406367147, 2.363316821328384], "88": [-0.05330683720803473, 2.695835173251905], "89": [-0.032510012788662425, 3.059912554874108], "90": [-0.010734424691359653, 3.430346228267096], "91": [0.007750425175122314, 3.779084078221849], "92": [0.020619810050746836, 4.086630722039046], "93": [0.02798091034617028, 4.344041003142343], "94": [0.031250507528748125, 4.548398589462154], "95": [0.03210384225106254, 4.699088504455842], "96": [0.03193778204767624, 4.796182379386695], "97": [0.03168023206676116, 4.8398852383850475], "98": [0.0317557036334867, 4.830324097237769], "99": [0.03209180849766687, 4.767464687091818]}