{"0": [2.6752825082941145e-05, 5.241795655782387], "1": [0.0017270464108732377, 5.21226580380288], "2": [0.005665324767239282, 5.137105107097504], "3": [0.01077622849375368, 5.015843998514577], "4": [0.015192228844130871, 4.847729567206061], "5": [0.016137893407587877, 4.631455075788939], "6": [0.00993965484709322, 4.364610281911329], "7": [-0.007639882797658414, 4.04344080244951], "8": [-0.040050454832739474, 3.6653572226771267], "9": [-0.08607859299934405, 3.239867028489071], "10": [-0.13532860570486585, 2.8034669438131594], "11": [-0.17430296426013012, 2.4019272359313875], "12": [-0.19773827799881313, 2.056102774627039], "13": [-0.20767996579327022, 1.766591638642392], "14": [-0.20835499495893986, 1.5293239492441606], "15": [-0.2038192109473441, 1.3411497376032475], "16": [-0.1973056688030117, 1.2003142558211], "17": [-0.19111785964037, 1.1058863345382457], "18": [-0.18670047969836923, 1.0573290745119441], "19": [-0.1847617746940304, 1.0543689882922012], "20": [-0.18536477784708835, 1.0970093401614835], "21": [-0.18793431109831235, 1.1855290478784135], "22": [-0.191175774764673, 1.3204539457850961], "23": [-0.19295358456263575, 1.502643444181848], "24": [-0.19021139957877115, 1.7336600429024829], "25": [-0.17905163825419407, 2.016327511699769], "26": [-0.15527584015979035, 2.3545023289162264], "27": [-0.11635169262529027, 2.7486148295203803], "28": [-0.06612190234265951, 3.181604697039225], "29": [-0.017243113842188382, 3.610065254633587], "30": [0.01868643066989859, 3.994045705193772], "31": [0.03928888492843745, 4.320972526869102], "32": [0.047704651655560974, 4.592828684161057], "33": [0.04822358784205801, 4.813570333356344], "34": [0.04465963233558713, 4.98583376662928], "35": [0.03994219814649683, 5.111026691408519], "36": [0.036084041325638715, 5.1899036541765415], "37": [0.03427596532798093, 5.222894815047808], "38": [0.03500392035338376, 5.210174406540346], "39": [0.038113934477804166, 5.151644698409834], "40": [0.042786910975177644, 5.046952489898652], "41": [0.04743806853553836, 4.895492295477759], "42": [0.04960308176788835, 4.696226073584333], "43": [0.04590200420019786, 4.4472092810569315], "44": [0.0322355730737833, 4.145139637678994], "45": [0.004689008457444289, 3.78656626299135], "46": [-0.037554770348339185, 3.3755031088601344], "47": [-0.08712412770560776, 2.9394612853421545], "48": [-0.13019719711301678, 2.525407569993214], "49": [-0.15849099109048553, 2.1632701257094324], "50": [-0.17235104104631338, 1.8581314599281076], "51": [-0.17565642548446517, 1.6065087609705184], "52": [-0.17259618821461714, 1.4048843311710166], "53": [-0.16666024499910734, 1.2511742443284588], "54": [-0.16042090037161152, 1.1442950369466818], "55": [-0.15556206460736108, 1.0836552829696355], "56": [-0.15298959995637532, 1.0689379265452539], "57": [-0.1529327541727094, 1.1000797295857796], "58": [-0.1549741852562609, 1.17727783858833], "59": [-0.15799087481282834, 1.300967828928313], "60": [-0.16004159261002943, 1.471880106565809], "61": [-0.15827623083714334, 1.6913458623366127], "62": [-0.14897349314455144, 1.9618386156877772], "63": [-0.12794685351032792, 2.2870370482146876], "64": [-0.09209769520463515, 2.668655209962946], "65": [-0.04355813353158876, 3.0944702327850853], "66": [0.006508754035162873, 3.525496970163902], "67": [0.04537612143494385, 3.9181747643235685], "68": [0.06891233324830785, 4.254808796503623], "69": [0.07956046422562413, 4.535680715687124], "70": [0.08153243978648936, 4.764693007445263], "71": [0.0787577905656372, 4.944708956444847], "72": [0.07432742211116698, 5.077283615104676], "73": [0.07041244416940334, 5.163222346532539], "74": [0.06833892329157869, 5.202968340207026], "75": [0.0687008461748925, 5.196717069749762], "76": [0.07143297621930816, 5.144412763304685], "77": [0.0757992598306446, 5.045757580801772], "78": [0.08030386200961333, 4.90021234149751], "79": [0.08258119242203943, 4.7068345291228155], "80": [0.07935293515903988, 4.463834068333556], "81": [0.06659698328290449, 4.168106058572445], "82": [0.04035558578035058, 3.816193895604055], "83": [-0.0006088953146474426, 3.4110633547656644], "84": [-0.0498130891372249, 2.9776766529901937], "85": [-0.09372443838791947, 2.56225031869885], "86": [-0.12333550934622968, 2.197005991348062], "87": [-0.13840552626974992, 1.8886855750571203], "88": [-0.14263169865993622, 1.6342144804611514], "89": [-0.14019676172300208, 1.4300625887856415], "90": [-0.13463747025828826, 1.2740888901103227], "91": [-0.1285850519080848, 1.165190816035882], "92": [-0.12377792262926829, 1.1027875596314611], "93": [-0.12116348545032082, 1.0865759011122325], "94": [-0.12099645030693792, 1.1164911586630148], "95": [-0.12287034053082657, 1.1927099630136466], "96": [-0.12566298542045834, 1.3156359957187325], "97": [-0.1274300825308271, 1.4859682432648744], "98": [-0.12532122673685184, 1.7050132238903146], "99": [-0.11562641169684798, 1.975213289610908]}