{"0": [-3.33031219079736e-05, 3.8410137215953224], "1": [-0.002206475162689842, 3.8261577141544074], "2": [-0.007802050888023914, 3.788673057666139], "3": [-0.01700273482842982, 3.729183696862738], "4": [-0.03001092447737852, 3.648813306770807], "5": [-0.046914251728764074, 3.5493728820690365], "6": [-0.06751403791929547, 3.4336099541971974], "7": [-0.09116344812959265, 3.3054384428977563], "8": [-0.11670332038356362, 3.1699795070043875], "9": [-0.14258534149596291, 3.033231233577819], "10": [-0.16718031958409724, 2.901367046043051], "11": [-0.1891297455214022, 2.7799486148035593], "12": [-0.20756120105385686, 2.6734152850141837], "13": [-0.2220996585257331, 2.5849808044851543], "14": [-0.23273564550014292, 2.516808318220048], "15": [-0.23964872206346444, 2.470268835733263], "16": [-0.2430527744162569, 2.4461616736827554], "17": [-0.24308942654807902, 2.4448581770734172], "18": [-0.2397738112330413, 2.4663710232047396], "19": [-0.23299091767435826, 2.5103583563162952], "20": [-0.22254220245580758, 2.5760637443474943], "21": [-0.20824407675914125, 2.662183850876399], "22": [-0.19007551529717073, 2.766659493823579], "23": [-0.16835309141286325, 2.886420465331826], "24": [-0.1438741802715629, 3.0171912494447968], "25": [-0.11793300420664247, 3.153544771276629], "26": [-0.09213669088857068, 3.289354330220638], "27": [-0.0680655977823614, 3.418558217136698], "28": [-0.04694689192283674, 3.535895336225395], "29": [-0.029499316602044603, 3.6372948519369017], "30": [-0.015973664704956862, 3.7198777920384214], "31": [-0.006306748545240556, 3.781740180380276], "32": [-0.00029593922158722703, 3.821698199805732], "33": [0.0022591956353033966, 3.839089378551016], "34": [0.0014659099570188577, 3.833651956768201], "35": [-0.002700804383179831, 3.8054755660562893], "36": [-0.01038715265990548, 3.755015620390544], "37": [-0.021798842516589336, 3.6831735677574033], "38": [-0.03708747605889843, 3.5914519656211317], "39": [-0.056191539819428114, 3.4821824116521176], "40": [-0.0786630700822232, 3.358777318290583], "41": [-0.10355188181633478, 3.225871334009229], "42": [-0.12944481021901535, 3.089158181669451], "43": [-0.15470668897567766, 2.954824243185915], "44": [-0.1778356187595044, 2.828752944696733], "45": [-0.19774957115768388, 2.7158701014867113], "46": [-0.2138796146830414, 2.6198781774499387], "47": [-0.22608550181154757, 2.543340192153985], "48": [-0.23448786486000767, 2.4879223818642404], "49": [-0.2393001832506405, 2.4546375650048016], "50": [-0.24070161752131447, 2.444020738233104], "51": [-0.23876169928562085, 2.456227345649794], "52": [-0.2334162769253955, 2.4910632437029085], "53": [-0.22449342256193688, 2.5479514704401147], "54": [-0.2117904400607484, 2.625830799218905], "55": [-0.19520216691330872, 2.722977812073892], "56": [-0.17488875912375226, 2.836764060622975], "57": [-0.15144084212844486, 2.9634198005554095], "58": [-0.12595860675331821, 3.0979639027844925], "59": [-0.09995241090852497, 3.2344867344249173], "60": [-0.07505275625871838, 3.3668151609477692], "61": [-0.05265682272496529, 3.4893038899538062], "62": [-0.03369326047922369, 3.597386122223057], "63": [-0.018589027955922727, 3.6877200465161186], "64": [-0.007388846456078685, 3.7580374410453694], "65": [7.057035580392999e-05, 3.806889235085332], "66": [0.0040024538192904805, 3.8334192589717824], "67": [0.004558138168233412, 3.8372124249541], "68": [0.001767352710881812, 3.8182179544297914], "69": [-0.004470865671519175, 3.776738382707646], "70": [-0.014347229655783587, 3.713482222244048], "71": [-0.02804973633184102, 3.629687563153969], "72": [-0.045621576397982845, 3.5273221093981197], "73": [-0.0667882684876603, 3.4093346966917863], "74": [-0.0908084288447406, 3.279861229420102], "75": [-0.11644038349574315, 3.144205128433417], "76": [-0.14210336256321107, 3.008430917239513], "77": [-0.16620451434606756, 2.8786249025769934], "78": [-0.18747308791984532, 2.760143481758936], "79": [-0.2051365765250673, 2.6571814289362763], "80": [-0.2188989280092801, 2.5727336807168175], "81": [-0.2287952349591381, 2.5087959487215654], "82": [-0.23501738328010005, 2.4666193601719084], "83": [-0.23776847808650842, 2.446915860932037], "84": [-0.23716676589665983, 2.449986423105285], "85": [-0.23320140015448493, 2.4757771745465544], "86": [-0.22573833293033016, 2.5238715218779206], "87": [-0.21457653054468165, 2.5934172309433245], "88": [-0.19955586120947888, 2.6829799266536645], "89": [-0.18071141298015383, 2.7903229156809912], "90": [-0.15844651214652616, 2.9121557585003703], "91": [-0.1336572429099951, 3.0439758446569454], "92": [-0.10771216701934, 3.1801939534011674], "93": [-0.08223169300918116, 3.314659875744531], "94": [-0.05873947126156369, 3.4414448828834425], "95": [-0.03836350122659255, 3.555521511555846], "96": [-0.021722465428829465, 3.6530701530205105], "97": [-0.008995013375506565, 3.7314244861731956], "98": [-8.209161128414099e-05, 3.78883889597035], "99": [0.005223704460975196, 3.824242672930861]}