{"0": [-1.1462101909127536e-05, 0.8130453780906797], "1": [-0.000749192070893642, 0.8404987076080186], "2": [-0.0025452545819329786, 0.9110182821362426], "3": [-0.00515774171581321, 1.02662495331066], "4": [-0.008087929883506784, 1.1901555761877916], "5": [-0.010457778697939138, 1.4047612177046098], "6": [-0.010924885511565757, 1.6733362607490134], "7": [-0.0077717994936092605, 1.9977658043861815], "8": [0.00060386317744874, 2.377139964149345], "9": [0.014558491876597466, 2.803216293740113], "10": [0.03182545107432756, 3.2540906919701538], "11": [0.04790746286146794, 3.696338424953576], "12": [0.059103798477950116, 4.10083559407491], "13": [0.064522833354606, 4.453046229619704], "14": [0.06531593582535729, 4.7492353140788985], "15": [0.06325989325331975, 4.9903078564215395], "16": [0.05994286462219314, 5.178804195362677], "17": [0.05649878743026373, 5.317810764296639], "18": [0.05362365349179581, 5.410360971386942], "19": [0.051690701223973415, 5.458905328001951], "20": [0.050864043515315385, 5.464881725734065], "21": [0.051166931630034745, 5.428467713015274], "22": [0.05249146643360335, 5.34854849564936], "23": [0.05454855577511759, 5.22290485090616], "24": [0.05676617217653459, 5.048601637427929], "25": [0.05816772392382166, 4.822510361840878], "26": [0.05731130374025292, 4.5418952467472415], "27": [0.05244518263228647, 4.2052843554553645], "28": [0.042124017181951356, 3.814711230858443], "29": [0.026474481874883795, 3.380976217606713], "30": [0.00839926466291327, 2.929281875994741], "31": [-0.007487266630776545, 2.4936407650431613], "32": [-0.01805030266970728, 2.1002216349500227], "33": [-0.022977023067789655, 1.7605727275502976], "34": [-0.023661502183221786, 1.4769886145923543], "35": [-0.021883018233294155, 1.2480572920252246], "36": [-0.019137116141723646, 1.0710698713913003], "37": [-0.016453142175088375, 0.9429202992497188], "38": [-0.014444556197374961, 0.8606785735238193], "39": [-0.013429596611387326, 0.822105987127912], "40": [-0.013536668935279172, 0.8260487984769088], "41": [-0.014759535496667713, 0.8726376007725999], "42": [-0.016952852963970175, 0.9632673702822773], "43": [-0.01976862220331465, 1.1003585039311459], "44": [-0.02254561603631854, 1.286927934384084], "45": [-0.02419325268349552, 1.5260482832278763], "46": [-0.02316683483315535, 1.8202342552001418], "47": [-0.017711274361960204, 2.170376532026681], "48": [-0.006632181851852253, 2.5728765622181857], "49": [0.00932367471221147, 3.013692086814307], "50": [0.02660659191433419, 3.464264415595557], "51": [0.04068249091043691, 3.891030872660624], "52": [0.04912226060491462, 4.271489341818781], "53": [0.052178893706422404, 4.597035808772774], "54": [0.05143842325797664, 4.866657759990893], "55": [0.04864637125355061, 5.082207538434086], "56": [0.04518621126530772, 5.2465370997466225], "57": [0.041974539394450915, 5.3627431179496305], "58": [0.03954011847491718, 5.433611202571362], "59": [0.03814586154389433, 5.461122438934328], "60": [0.037883148405554505, 5.4461045000861885], "61": [0.03871193672750914, 5.388087790779215], "62": [0.040440512600226804, 5.285383561189627], "63": [0.04264765137238825, 5.135377960528126], "64": [0.04456503381887379, 4.935000034560292], "65": [0.0449739216949948, 4.68127845207973], "66": [0.04223255426904158, 4.3720096003704505], "67": [0.03463628446082879, 4.007137086258005], "68": [0.021370895354549713, 3.5924302997016135], "69": [0.00394279100276515, 3.145877898176365], "70": [-0.013525474518967209, 2.699006663650164], "71": [-0.0268358250740058, 2.283591754261915], "72": [-0.03436533784107385, 1.9179653176816935], "73": [-0.03688036996270826, 1.6080040887627616], "74": [-0.0360949235685588, 1.3536357226479625], "75": [-0.03368291182198778, 1.1526395731730839], "76": [-0.03089866335958912, 1.0020535139584241], "77": [-0.028541054544820185, 0.898829550278123], "78": [-0.027054430012932926, 0.8403758413166384], "79": [-0.026647220180460937, 0.8250187495623368], "80": [-0.027372302900542732, 0.8522977946253523], "81": [-0.029150077018887503, 0.9230468905032101], "82": [-0.0317309762705286, 1.03925223501067], "83": [-0.034603273699028644, 1.2037008668873501], "84": [-0.03687222574363249, 1.4194775486105726], "85": [-0.03718052022732208, 1.6893911770251235], "86": [-0.033809831570760694, 2.0151990296687425], "87": [-0.02519217018506246, 2.39573998563325], "88": [-0.011060898184542804, 2.822278466925498], "89": [0.006207886253571542, 3.272316268786014], "90": [0.02210935177312595, 3.7123596753467605], "91": [0.03306068937355443, 4.113869434632915], "92": [0.03828174780419676, 4.462862845604301], "93": [0.03896480723519983, 4.755834984175651], "94": [0.03688086105204138, 4.993734810583257], "95": [0.033596142985540846, 5.179079840147839], "96": [0.030222724674904895, 5.3149010792208395], "97": [0.02744042917193861, 5.404147484447397], "98": [0.025611713715469255, 5.449160156491649], "99": [0.02489204809381122, 5.451253240989052]}